224	81	33
769	1748	452
1270	4283	31
1268	46	70
1322	210	360
1343	579	65
354	1946	8
761	1283	5
305	453	55
1170	381	38
131	2751	33
405	2677	23
514	1014	354
466	3691	277
1767	4367	70
288	1321	54
1242	2327	106
721	15	42
1383	1503	70
1585	1210	93
863	2118	56
1655	3093	43
30	1361	72
682	69	112
50	231	10
1040	4709	284
634	215	275
646	806	107
1383	1918	309
434	4656	43
1130	2187	74
1139	3559	23
138	62	70
369	96	70
242	244	94
1710	2425	235
1163	26	306
1515	3288	33
1103	2908	189
2090	2742	69
1153	2745	136
629	3619	53
395	2636	306
1002	5347	238
845	2573	302
413	2515	403
512	1305	185
463	727	112
752	1839	55
989	31	55
2313	2661	70
783	195	88
892	144	55
1134	476	88
411	97	69
1394	352	77
609	1114	120
1275	2013	283
369	604	136
1560	776	70
1008	32	31
1344	75	88
1081	469	34
940	1546	184
1631	3363	304
1480	3838	277
893	3958	71
1232	2220	37
1795	1045	205
1543	3562	443
50	205	187
553	1975	56
798	5303	102
1861	4045	275
1569	4025	363
1271	3591	201
1681	463	91
1041	191	56
372	3350	301
2093	1188	376
1200	75	88
944	1280	42
2197	2104	184
1491	5312	363
1924	1497	114
634	5474	277
790	3168	259
806	503	56
741	5478	405
1061	2923	103
1146	1277	143
1663	4886	456
915	390	88
1379	3834	189
1171	3599	70
146	618	71
1010	786	200
1015	26	306
211	620	11
1578	3537	452
1877	173	53
512	84	88
233	26	306
92	1114	120
1013	4812	74
802	3541	184
1463	10	275
1332	977	56
290	1550	71
1130	117	43
168	0	462
283	972	115
1271	3480	212
921	3480	212
1284	2414	55
346	399	324
1744	5131	31
1743	1571	205
435	3201	81
850	841	56
1469	573	47
1497	982	56
157	1943	11
884	2475	144
1243	4344	377
1548	2652	88
1387	839	385
146	1695	88
1812	3537	452
772	1970	77
2047	120	88
1271	850	83
1368	446	180
224	161	37
338	58	32
1575	482	71
147	4303	134
1108	14	385
616	1711	70
40	227	71
1158	1090	72
18	3268	90
676	535	41
1530	87	275
1309	2973	70
1222	277	353
477	3713	56
1126	4866	69
1525	3846	385
1413	618	71
2294	1309	465
1017	517	362
215	4954	278
870	1284	2
282	604	136
2009	1108	88
2279	1090	72
179	1145	32
1469	5575	41
1402	26	306
246	1450	74
1152	2391	206
1146	75	88
2230	1631	70
919	1949	99
186	3533	88
1955	5455	41
1735	252	88
168	806	107
1607	1679	411
1065	2545	11
1780	651	332
40	315	31
535	2465	362
2191	3081	403
1454	1984	11
224	3044	40
1474	5205	63
612	1283	5
703	201	55
986	453	55
38	611	112
947	2011	56
898	2820	72
2185	3066	72
1179	228	42
919	1361	72
572	1144	94
1545	727	112
1361	76	90
1887	563	90
310	1361	72
1471	379	69
434	291	362
156	2272	42
1178	2394	275
2193	830	116
1334	3537	452
2080	67	70
652	378	208
1623	1940	285
43	1786	136
1487	4257	319
1316	205	187
1412	2444	88
800	870	42
888	24	78
1802	1389	354
1630	1072	433
1137	245	54
1197	288	55
265	1631	70
139	97	69
1379	3821	413
72	391	88
3	3426	277
1136	98	69
1350	3537	452
310	780	452
1152	1670	205
1485	2677	23
1776	1031	42
541	0	462
1750	70	71
1066	233	81
549	723	88
2210	1711	70
786	567	332
25	2336	472
1398	2277	23
1745	4410	302
933	1294	373
1560	161	37
1098	5286	414
10	17	267
1335	492	14
1409	1413	31
1756	4749	43
935	902	61
646	3955	284
549	654	88
1271	1173	144
1124	51	306
1808	3893	104
1415	1614	37
893	1715	165
983	3044	40
1810	1779	33
1379	204	69
575	411	199
1442	762	24
1624	84	88
1873	26	306
570	902	61
528	3235	31
49	113	71
1592	3215	284
1243	3426	277
1144	1459	259
1564	2565	82
511	2185	77
1235	585	11
0	3657	211
2111	348	89
1250	4007	88
1571	2126	70
728	446	180
1219	3426	277
875	14	385
1535	1358	70
331	218	70
258	1462	72
187	711	88
91	23	43
38	1762	108
650	2413	200
1309	3460	456
1480	4729	385
595	2797	393
431	2533	333
2231	927	11
1621	1451	77
1205	4045	275
1715	1578	11
886	843	39
395	24	78
1611	727	112
1137	142	315
656	2308	46
1298	618	71
509	3289	403
1130	1019	404
682	5457	106
1510	182	114
1124	34	55
416	1200	71
282	3346	78
1154	5068	87
489	1253	284
1532	674	284
748	24	78
752	329	189
1707	28	11
185	421	142
1846	488	71
830	1056	245
2131	5513	91
1055	4293	43
1501	642	363
1275	1986	71
1259	3600	70
1282	67	70
62	2743	69
831	4613	275
413	3404	336
193	878	56
1135	776	70
96	2088	11
2032	5410	54
542	1707	67
236	604	136
1215	3897	212
373	170	11
772	4716	199
1249	3392	22
722	4303	134
898	2647	470
452	67	70
1759	1853	78
774	505	214
506	266	88
615	2652	88
359	3537	452
358	2192	77
1529	5216	456
1149	4143	70
1385	4612	63
1838	5130	300
422	28	11
2231	1212	142
39	1592	284
603	3382	69
131	4615	70
131	4981	315
1021	399	324
662	1210	93
1033	227	71
1202	4907	398
915	1614	37
1216	3231	321
172	2126	70
752	271	55
1741	2789	358
399	100	306
1228	436	283
1480	1225	456
1318	4367	70
1194	1711	70
1084	4381	96
620	4611	72
924	3426	277
1020	3738	77
1137	4237	277
2316	2155	30
1175	719	53
70	103	85
1019	35	43
1340	1711	70
1301	2905	71
539	3790	70
504	914	56
556	71	70
459	521	41
1344	4948	55
1173	399	324
2197	734	452
2251	2480	90
43	2526	315
1013	5380	317
1409	3666	70
2189	1459	259
752	4635	41
496	1056	245
692	784	72
176	620	11
832	329	189
25	2280	69
1857	704	383
1647	453	55
720	359	56
446	370	72
350	339	55
340	2355	106
547	743	360
20	4375	103
1221	5500	81
109	825	42
1250	1028	10
327	137	78
1177	4650	352
331	1711	70
930	3140	317
1564	2504	64
565	1176	88
1101	5281	171
988	251	362
988	1198	55
1539	2389	88
84	894	37
331	288	55
1422	819	39
2215	435	302
960	3521	96
138	315	31
731	5430	234
51	1277	143
2006	5096	452
1202	5034	410
882	2425	235
1184	397	88
936	1973	96
132	620	11
988	5001	42
1307	1623	56
1491	392	70
1035	4432	278
809	4887	23
954	2689	11
1574	471	99
2268	2019	70
1876	3426	277
436	135	72
2007	1686	71
1756	1120	69
1227	3424	55
48	2131	32
2086	396	136
1630	3187	457
1124	2090	88
678	1294	373
1450	75	88
964	747	43
91	507	358
769	492	14
512	399	324
1244	3649	205
1264	1641	72
752	4058	70
764	4501	47
1611	4280	88
650	357	278
667	3426	277
1030	1647	238
2014	639	11
548	4404	208
1773	1408	134
786	3121	464
1404	3498	284
395	2173	13
837	126	381
1745	2996	41
1606	1547	184
1317	1978	88
2183	3915	82
1442	374	54
506	665	42
745	523	70
690	1142	294
580	4497	200
158	559	32
1866	97	69
2292	438	284
1566	210	360
1034	161	37
70	2308	46
635	378	208
1717	84	88
1922	2021	71
1299	658	302
9	1679	411
408	5132	70
380	2198	5
750	1395	425
454	4418	43
1773	3297	349
2119	1055	385
845	3172	452
978	658	302
629	768	106
479	3537	452
1752	28	11
1585	191	56
964	655	284
1250	1086	91
897	3595	184
2311	2488	306
24	793	71
222	417	306
165	399	324
1396	254	284
144	178	48
1459	2494	61
968	4871	88
265	399	324
1419	2768	56
1607	67	70
113	1321	54
269	3483	71
560	2571	94
1999	3925	109
620	199	108
79	3691	277
239	727	112
1400	204	69
1367	434	72
69	3519	395
1255	2646	275
821	2009	72
1063	2833	54
18	35	43
1071	28	11
1744	64	172
378	1284	2
1436	1319	294
40	809	42
2078	4472	294
1432	5023	294
47	2319	63
1636	1537	284
1119	692	435
1100	1153	96
622	448	452
325	804	69
906	766	77
336	78	352
1301	1830	39
1022	0	462
1168	1670	205
156	391	88
1203	5382	117
983	705	275
1372	567	332
2193	883	56
1529	1090	72
1174	808	41
1620	1212	142
777	4171	88
232	1145	32
185	1931	142
489	5510	477
361	2179	324
1643	381	38
275	605	8
12	1288	32
1095	2470	70
96	159	11
38	811	21
1392	2708	205
1497	226	102
1597	26	306
1419	3623	171
282	41	275
1158	2659	106
316	1405	69
846	654	88
1323	675	117
523	2665	225
53	2947	55
846	35	43
542	4092	87
911	1546	184
1708	254	284
744	1030	259
182	1597	69
1017	4544	360
1283	607	42
96	791	230
1132	173	53
2070	4838	70
961	4691	69
1163	215	275
1750	3355	55
1141	323	37
1743	1463	88
1576	780	452
1515	488	71
688	982	56
395	1893	240
1032	4891	43
1750	2789	358
655	2466	149
479	1559	86
536	4115	24
528	710	88
234	456	86
1068	3934	56
901	1	74
1887	399	324
264	1182	205
1387	2073	9
1065	439	9
113	1435	33
1533	1598	88
429	920	76
1137	1481	70
204	1028	10
416	2040	70
572	3420	24
549	691	88
1177	902	61
974	1225	456
1682	505	214
1309	1059	456
434	537	171
1383	4198	180
634	71	70
109	605	8
604	806	107
890	4878	136
234	175	103
847	994	284
1723	1332	63
845	1193	115
1526	98	69
1394	978	77
1639	4374	452
998	763	142
246	2354	56
256	618	71
1629	97	69
313	1998	11
865	3240	270
2269	1045	205
774	1045	205
113	1296	71
602	1209	306
271	1686	71
1485	271	55
1716	1573	284
767	1153	96
966	325	136
1172	763	142
73	4424	96
724	2209	31
452	5232	112
287	215	275
342	1479	313
1380	1894	437
54	272	88
1065	3508	88
603	1415	88
15	624	88
260	399	324
1163	298	363
1008	5	159
1636	490	237
1271	34	55
2029	784	72
1682	4252	39
947	1100	238
1709	4568	191
1432	78	352
140	199	108
70	386	200
1050	28	11
387	760	56
1209	2228	369
1573	468	294
1308	2239	239
493	417	306
1382	67	70
1328	210	360
1646	26	306
2206	28	11
935	914	56
1458	4033	284
1710	3375	275
287	2771	31
1686	255	284
255	2189	302
2093	3081	403
297	840	39
1545	317	233
192	305	71
788	3445	42
205	26	306
23	1427	384
1522	75	88
1790	854	70
1856	3614	71
158	954	30
821	1852	200
44	100	306
758	2782	78
74	1881	162
1861	1309	465
1322	180	452
1976	326	42
774	905	369
1144	161	37
472	2165	356
933	98	69
244	2637	54
808	4998	24
1021	1513	9
1419	1971	88
575	969	51
1124	709	88
797	291	362
2048	307	46
58	3588	145
1124	2391	206
1138	360	332
201	1910	53
431	1108	88
1719	4175	9
2070	732	212
1477	1277	143
1317	1862	11
1129	2329	186
701	446	180
1570	1028	10
1245	123	104
807	702	119
1338	1752	441
1228	5570	383
641	1612	212
1883	3531	56
102	3920	56
269	4451	92
1425	68	70
742	135	72
1301	2565	82
1442	3116	171
205	100	306
290	590	88
172	3021	41
1205	4171	88
837	1257	72
1566	727	112
130	1095	395
1618	2026	438
1286	902	61
1010	298	363
1371	84	88
1971	75	88
671	589	88
350	395	184
1631	2095	231
388	1326	78
1344	740	69
813	1345	88
1777	3600	70
158	3426	277
1144	525	46
574	3012	56
107	931	74
489	5350	294
1878	434	72
154	2764	55
354	4143	70
1228	2103	283
2019	26	306
564	733	88
1160	71	70
1761	983	70
243	1913	231
474	2122	70
637	2334	55
337	2166	56
813	2126	70
1332	4561	283
1657	274	464
1140	3515	212
1923	4189	183
636	2972	71
1789	569	11
1691	4706	208
79	441	337
435	560	106
307	103	85
1939	4599	313
191	1672	306
170	138	403
763	592	41
2020	4996	56
2184	1113	456
98	549	76
813	500	43
1053	87	275
629	1253	284
211	3627	88
88	4582	55
1137	191	56
282	135	72
1138	1045	205
613	709	88
1418	776	70
1847	4548	88
653	896	136
706	453	55
885	210	360
682	1858	436
1911	3215	284
1564	379	69
1792	656	184
182	1248	71
2249	1056	245
1220	739	385
553	2425	235
335	2508	427
586	341	23
40	75	88
171	3748	425
466	1331	41
536	4145	32
2088	4546	205
572	2221	87
676	158	456
722	514	40
260	979	112
1522	1877	32
190	4953	33
172	4492	247
2071	417	306
1632	5594	51
1689	554	70
414	488	71
642	3068	284
1463	3345	77
1812	389	162
201	2785	447
662	713	103
435	2862	11
442	1450	74
833	4488	450
34	1250	11
698	997	69
39	1044	56
1048	1747	306
245	1180	391
290	186	363
1025	3323	153
1298	1056	245
506	2377	425
1477	141	56
1606	4980	56
1069	3989	302
1087	2652	88
42	1778	32
1142	64	172
331	3285	137
1495	158	456
156	228	42
357	1859	88
702	4012	56
1270	4077	257
2085	3479	464
489	397	88
1380	3073	72
1600	94	55
849	584	88
28	1476	91
613	4038	277
1910	4037	72
43	98	69
789	1518	70
139	5256	31
1004	2079	91
269	4483	69
204	335	32
186	399	324
33	4997	70
67	3300	339
1496	84	88
508	833	69
1034	2294	324
1527	5491	46
1221	1332	63
541	2158	389
477	488	71
1248	135	72
388	1645	88
1334	1738	56
489	1976	86
1357	859	171
212	26	306
1396	4524	306
408	224	110
704	100	306
1243	4228	56
1316	854	70
1924	592	41
1976	1178	62
1485	727	112
1085	28	11
516	609	172
571	3419	24
587	3182	11
1745	1500	70
644	2360	103
1243	3015	111
1537	5127	129
2100	5269	205
197	557	110
1311	74	88
699	1261	116
616	70	71
1539	709	88
827	686	8
113	1597	69
239	4395	70
92	2687	70
1083	3064	386
988	357	278
1196	3426	277
954	727	112
1137	1998	11
1057	1	74
688	74	88
1008	780	452
2084	0	462
1310	135	72
1179	642	363
960	3426	277
1186	362	70
1252	100	306
470	2845	42
1146	4684	50
28	252	88
1359	4041	70
1689	2177	275
345	601	70
1057	131	144
1014	1755	71
361	2453	189
1733	1491	205
1750	2395	40
262	144	55
1189	863	259
564	4328	11
278	1950	299
1743	453	55
206	1742	69
1133	2360	103
516	4672	205
792	3756	464
496	894	37
413	3453	11
1003	4996	56
622	1550	71
180	802	42
1220	3056	88
906	1683	71
1419	3418	220
359	1397	246
888	1755	71
1263	1170	360
1142	438	284
190	1809	83
1513	569	11
1752	271	55
2081	1816	71
508	379	69
1669	5154	90
1419	3426	277
2103	646	302
129	609	172
1409	2856	32
2199	2121	91
1322	1276	43
1189	1562	24
313	851	220
998	2455	23
836	4215	277
148	660	71
305	514	40
1733	221	181
878	258	306
2125	4971	465
742	760	56
1253	123	104
942	4287	277
57	28	11
853	2582	81
1454	356	277
305	35	43
1325	1998	11
113	630	166
51	249	88
1165	469	34
91	4120	277
1815	999	88
1276	1711	70
186	333	11
1864	747	43
155	4142	56
1893	1145	32
98	1605	70
1085	585	11
1582	656	184
385	560	106
109	604	136
1595	3170	131
186	2645	354
990	228	42
1954	419	189
968	743	360
1976	139	252
597	26	306
1021	203	70
988	5059	54
1168	2378	456
385	4498	44
1211	236	70
477	3662	9
1776	727	112
1224	24	78
359	1056	245
837	815	11
686	2950	191
1640	1559	86
830	2376	55
165	1385	32
1591	1250	11
870	110	42
324	1850	40
1141	1420	8
1227	2402	83
2189	728	87
889	87	275
1579	2968	54
995	1153	96
443	411	199
1234	1450	74
178	696	56
1401	3293	257
280	838	56
757	4985	54
823	1612	212
2289	28	11
1302	709	88
434	1022	97
923	1174	414
426	28	11
845	760	56
88	2706	96
2293	3095	80
253	318	56
1198	3056	88
972	1916	88
1556	735	385
1329	2803	11
21	2663	71
961	4983	51
314	2990	70
997	213	332
1235	1742	69
78	658	302
500	2504	64
827	585	11
1185	75	88
1344	5333	346
387	3015	111
2217	1511	404
1838	28	11
366	83	189
512	1317	290
2064	2662	70
1116	849	387
1623	2021	71
2092	589	88
525	5245	358
133	164	11
1532	625	55
564	643	382
361	1272	106
282	4534	368
1365	3426	277
367	326	42
984	4778	231
1424	618	71
1644	67	70
375	2821	348
119	24	78
2259	3419	24
387	2079	91
1367	3401	205
13	542	171
835	32	31
1267	33	56
1016	2370	72
1564	5087	81
1257	634	270
548	2018	452
793	4426	405
130	2023	354
465	3852	70
1343	28	11
845	31	55
1295	3993	306
1580	411	199
1562	2989	70
1409	75	88
1314	1240	464
747	35	43
99	889	71
1861	320	189
162	492	14
172	886	304
1849	323	37
719	3623	171
2189	723	88
792	1054	88
452	1409	11
1154	2056	52
389	664	200
655	1072	433
1600	3471	32
1124	131	144
455	2134	284
1472	3527	107
1067	3971	71
1154	1852	200
1837	4856	284
947	1803	11
841	430	42
1359	385	31
1332	446	180
1562	84	88
1056	630	166
1194	4826	71
1034	100	306
129	4748	323
508	228	42
1143	1163	207
4	1515	88
547	1181	377
968	1550	71
529	2960	369
1206	5421	456
1859	1363	59
76	914	56
1741	506	403
752	4050	171
1313	1614	37
558	1230	275
813	4018	88
1019	100	306
735	297	70
2249	618	71
373	3302	70
1016	4063	12
232	1090	72
105	2825	9
1244	16	42
1560	3316	155
372	255	284
2081	1681	205
437	3904	33
1178	67	70
1136	3534	70
28	91	37
1342	1358	70
1007	4643	465
450	553	56
1791	144	55
1247	1607	77
9	834	71
1299	1191	91
298	529	11
412	469	34
1135	3462	70
211	1978	88
691	3299	71
1865	3751	304
126	2045	55
1140	3925	109
1115	4438	72
570	2455	23
1148	3034	108
681	4000	72
1029	4269	23
12	205	187
846	1814	33
351	26	306
73	3724	70
938	271	55
1213	654	88
818	995	302
1842	1953	313
1212	1195	70
729	417	306
863	313	118
1850	84	88
1781	1895	55
186	3733	108
185	702	119
716	813	445
1864	1212	142
1011	3556	11
1639	1349	205
161	75	88
1854	2415	56
1811	1401	352
192	2696	69
1132	3607	106
260	100	306
1540	4050	171
195	1007	284
1213	560	106
542	3846	385
1140	686	8
1246	2026	438
515	3646	205
118	3338	8
790	1820	42
1586	180	452
246	1797	24
51	39	71
218	2773	71
753	435	302
1897	1695	88
245	392	70
1541	572	46
582	2754	302
708	2624	363
1061	4843	56
1369	589	88
1095	3483	71
1733	2443	11
1025	3729	43
1026	1239	71
1017	135	72
1270	5276	404
1193	3757	9
173	4762	31
1750	288	55
326	135	72
813	173	53
1618	1579	208
89	1483	118
1979	517	362
411	3685	70
65	2147	136
506	1773	56
2191	4235	403
570	2604	337
2233	14	385
2204	886	304
1267	357	278
276	323	37
74	843	39
1220	723	88
1526	25	108
597	418	285
860	4162	74
430	3497	31
835	2816	56
479	448	452
1137	1120	69
880	20	1
532	919	191
1034	1839	55
1664	1557	71
1380	16	42
894	997	69
984	589	88
1069	70	71
1166	3632	63
592	348	89
761	3518	39
84	3429	56
453	2106	275
690	618	71
887	4151	277
490	28	11
334	1814	33
74	292	361
431	1027	53
512	1738	56
698	2980	209
114	2252	442
1219	329	189
1672	3921	56
1066	538	54
1209	4696	368
1013	4197	277
617	1424	29
61	843	39
1031	245	54
960	1625	71
592	5214	462
1177	4781	22
296	1458	363
1594	147	452
906	3990	89
1833	721	88
866	743	360
1644	244	94
431	135	72
1875	4759	277
368	2467	40
373	4186	56
1582	887	70
1179	135	72
1701	2949	53
129	1296	71
239	3109	56
456	2987	142
650	1199	70
282	1009	70
1409	135	72
824	1459	259
305	3173	213
912	655	284
2317	646	302
1158	2366	205
1061	3770	104
33	416	91
586	2640	41
879	3026	408
158	254	284
105	97	69
326	776	70
279	226	102
1315	982	56
755	1065	88
1301	647	43
373	1501	156
535	1660	138
279	421	142
1329	723	88
141	1395	425
682	1115	54
2184	1013	34
503	769	312
462	4384	405
593	2263	184
1285	5074	31
1643	2584	245
1647	468	294
562	4018	88
1201	1352	70
1745	5081	4
387	2914	90
1008	2572	158
1458	435	302
1855	3460	456
1142	618	71
512	3193	23
611	3920	56
409	4018	88
359	1668	31
1004	4026	88
315	1241	413
1638	291	362
68	4220	55
236	3047	190
1699	1805	96
58	141	56
655	4575	363
1135	3248	336
991	2276	64
1008	4928	56
815	69	112
1304	1423	42
592	3897	212
1280	491	11
1250	3013	219
375	1592	284
1422	911	180
752	75	88
935	5165	171
107	953	275
960	35	43
503	1072	433
39	704	383
984	98	69
1438	2197	9
916	1416	71
114	2434	27
1204	4739	9
1293	642	363
479	2251	20
619	784	72
903	5234	54
334	4432	278
1127	2328	99
1118	254	284
1182	4260	11
745	135	72
1194	662	69
1076	3548	143
1708	2941	403
1157	14	385
77	5595	172
1752	1686	71
1233	2013	283
1514	1159	358
1309	4397	363
603	2025	306
1131	4267	245
549	37	142
73	2157	88
232	1594	41
98	1027	53
369	2564	27
54	2467	40
1215	3184	205
1317	3559	23
158	1174	414
2020	1196	88
1532	3717	54
1194	1253	284
541	1909	71
1181	3073	72
1786	4680	199
639	760	56
1476	5545	284
1050	1923	403
1699	3989	302
1311	87	275
244	255	284
1928	500	43
1600	28	11
24	1528	90
1315	517	362
1671	2103	283
954	251	362
1357	2971	302
1280	3979	205
98	4899	54
547	2344	56
269	3394	70
1275	4420	284
1062	568	70
704	1173	144
1961	67	70
858	438	284
597	646	302
1299	4420	284
130	206	315
535	3142	71
845	1	74
1335	5014	330
687	2239	239
1269	1178	62
965	17	267
1236	4473	290
363	421	142
1150	4716	199
845	1257	72
1972	16	42
535	495	112
1687	254	284
144	819	39
688	4804	55
1614	970	71
666	317	233
1493	514	40
1797	14	385
790	2870	69
150	825	42
348	8	474
1249	1289	42
1221	834	71
1922	1546	184
1607	1816	71
218	1978	88
1412	1014	354
2193	1435	33
1817	469	34
367	1155	32
903	567	332
336	1199	70
1577	658	302
836	2322	74
792	379	69
269	376	53
244	453	55
901	1681	205
667	1582	72
1537	461	70
399	2616	32
158	1684	56
752	2295	11
125	1361	72
1420	982	56
466	813	445
836	1746	77
1175	1078	42
1172	2674	253
1964	2082	55
1529	81	33
91	2262	85
941	1368	55
467	1080	71
360	244	94
908	1578	11
50	4554	43
179	1592	284
1277	147	452
1815	173	53
477	1296	71
1029	252	88
870	2310	55
589	1134	229
1566	144	55
2002	535	41
905	3198	30
1297	2553	291
1780	3404	336
708	2351	257
195	282	306
1286	446	180
1080	468	294
667	448	452
2097	124	257
116	2860	106
1181	1321	54
1579	8	474
1146	1265	104
676	3081	403
938	135	72
779	1126	258
1600	144	55
786	3783	363
1445	26	306
1181	510	306
1775	567	332
1007	130	193
1797	135	72
141	249	88
1	1057	456
833	1546	184
670	615	270
1486	3200	71
698	3199	180
688	3964	104
243	3979	205
93	4250	56
315	2455	23
160	446	180
2185	317	233
1225	446	180
1636	1348	205
338	4001	69
70	287	32
2246	376	53
821	5332	43
1726	0	462
532	3426	277
1493	891	53
636	3215	284
88	294	340
1541	164	11
1137	1139	336
887	1118	88
1927	873	72
1100	1342	317
1048	2775	186
124	689	32
51	438	284
1531	1816	71
1663	732	212
1317	4803	31
2241	1632	119
2297	732	212
2195	723	88
1965	120	88
408	1738	56
352	584	88
1317	3377	55
698	710	88
51	2640	41
1406	104	5
1379	1019	404
1257	5109	191
1293	71	70
1212	3590	87
13	1358	70
733	894	37
181	2120	42
757	200	161
794	2232	164
1199	1166	205
1471	2860	106
620	385	31
1462	3206	94
366	35	43
1145	135	72
1545	347	70
1485	1183	55
1708	4215	277
482	646	302
634	389	162
79	2501	262
1406	175	103
316	2081	27
429	484	71
1349	471	99
1848	2700	136
1387	4739	9
1269	2754	302
1166	2318	63
1497	3840	278
730	233	81
514	1614	37
1168	4724	456
1585	4322	11
828	446	180
516	1470	72
964	1747	306
1469	161	37
183	3426	277
1846	894	37
1020	5577	9
1531	1665	302
1419	3460	456
1376	3146	257
543	4143	70
590	973	91
330	89	81
475	98	69
1242	591	42
365	5520	71
329	336	86
797	923	11
624	2435	348
80	753	41
627	383	78
477	244	94
1174	1044	56
557	4292	55
1208	27	46
218	1687	42
361	4457	162
1276	3768	41
713	3059	56
130	4578	69
144	2059	8
1370	244	94
1238	4939	72
411	1248	71
1117	2560	205
1910	3349	56
413	585	11
461	3233	91
450	3705	88
369	276	315
895	3083	332
524	531	72
2075	782	251
1912	2157	88
16	75	88
2185	2025	306
1102	276	315
927	1660	138
429	1488	1
968	147	452
232	514	40
229	1147	42
659	173	53
888	378	208
807	1194	88
1824	210	360
979	3969	402
1651	3885	56
615	433	72
135	730	88
2070	686	8
1614	341	23
1847	244	94
1962	1093	72
331	2734	119
478	760	56
1855	3711	374
591	2315	63
1595	732	212
2175	5533	72
298	727	112
860	5241	54
1137	2275	358
197	2987	142
1486	67	70
2050	1493	205
865	2767	349
952	3176	455
936	1276	43
1040	322	88
1712	654	88
1212	24	78
1304	1681	205
845	2700	136
388	3253	70
207	4388	56
1562	789	363
180	319	70
2193	1537	284
1112	1156	9
85	592	41
778	3581	205
779	1562	24
1475	2278	78
1023	67	70
824	1358	70
991	658	302
1719	2433	398
1231	3921	56
1545	2296	78
2190	5468	452
1209	3226	370
1221	4093	167
794	5520	71
496	4549	411
636	452	88
695	5221	300
2245	572	46
1904	1612	212
713	2970	189
524	2488	306
1979	2974	404
1850	446	180
188	1875	88
1694	1708	383
595	704	383
224	2424	368
616	271	55
153	1746	77
1175	387	401
1471	587	69
1154	67	70
876	3426	277
399	36	137
285	4245	277
743	161	37
2224	1896	43
903	148	70
1075	467	77
2205	323	37
25	1757	433
435	700	71
1485	4736	88
813	1112	88
1838	3804	141
1585	4543	24
741	3701	70
1962	5013	362
1800	473	228
1382	244	94
418	658	302
655	977	56
1925	2360	103
135	3523	77
1566	3909	56
1797	1045	205
1140	4550	368
2211	2614	365
431	3031	32
1269	4573	42
1008	2392	452
1159	3995	30
1545	84	88
587	144	55
1502	1330	456
1137	67	70
633	266	88
506	619	72
1016	1612	212
374	941	112
1081	3968	55
1252	2911	88
830	341	23
1102	5206	214
298	620	11
1784	743	360
395	820	70
1602	70	71
1217	5337	362
1188	434	72
125	3577	71
338	1044	56
1229	4770	55
453	751	43
1186	562	43
431	2817	70
1551	1273	166
1545	697	332
798	158	456
408	604	136
1263	2138	283
870	1975	56
1247	4996	56
1925	1145	32
614	4200	284
676	567	332
96	84	88
235	753	41
973	1837	71
807	2322	74
1404	3328	11
833	438	284
1061	914	56
185	2491	113
1779	4983	51
603	26	306
1819	1493	205
1208	2994	270
2035	26	306
652	4195	189
2087	71	70
316	890	136
1626	298	363
1488	4988	362
269	1564	55
1561	140	71
1101	136	134
655	488	71
131	3364	96
1676	2970	189
1217	2070	257
1122	1636	200
362	4370	9
4	1092	55
964	1718	11
1128	3691	277
1095	103	85
1103	518	70
105	535	41
706	1045	205
408	1302	70
807	1503	70
1859	3329	337
593	859	171
1244	46	70
822	635	106
1182	905	369
596	2327	106
424	2774	55
596	3144	158
105	208	31
1742	1183	55
1850	1670	205
1221	1259	259
831	1045	205
1206	28	11
316	4027	37
450	2093	70
186	215	275
1180	378	208
1626	215	275
285	358	55
1106	191	56
1875	2368	70
1769	2691	149
489	1868	88
1663	1742	69
1854	2076	464
1271	1460	4
938	3348	42
1057	750	294
1924	138	403
1299	3791	24
162	839	385
1618	958	43
229	31	55
1338	1751	452
669	1273	166
542	708	136
1167	5205	63
979	3298	337
1533	1249	11
515	1890	205
954	3602	158
1252	298	363
548	3161	285
824	4038	277
995	1419	158
2163	75	88
1131	2647	470
114	721	88
1847	1285	70
1505	1045	205
1240	4639	93
368	3128	292
1497	2366	205
1220	1711	70
2203	4109	112
2273	411	199
1006	1913	231
813	4388	56
1432	4594	231
547	1174	414
2110	1225	456
688	4491	77
18	1641	72
746	2122	70
1742	158	456
1328	113	71
369	1145	32
126	2554	456
422	144	55
332	3215	284
280	1692	56
431	1033	53
96	891	53
1764	4508	56
167	1814	33
369	4244	277
530	3054	43
179	931	74
1144	75	88
615	2931	291
1301	3305	106
565	1734	40
690	1216	337
435	4627	88
1205	1045	205
1130	686	8
1150	4166	41
278	1882	56
565	135	72
626	2949	53
550	2022	179
1473	1194	88
295	599	32
804	1085	120
373	1580	208
1210	1625	71
1023	288	55
2286	370	72
70	3801	112
269	203	70
96	906	42
628	1686	71
359	1428	212
1400	329	189
483	3090	71
508	4634	56
1102	4714	471
742	1135	302
579	1387	9
1733	4571	31
811	1460	4
688	1218	184
1681	3626	348
853	3451	71
579	271	55
1732	1621	72
194	381	38
2264	1899	70
952	762	24
1299	4115	24
1334	419	189
1727	607	42
17	1436	171
761	2541	119
1131	2058	205
1150	1095	395
1417	357	278
1489	859	171
1283	2830	55
488	2898	71
74	765	77
21	480	189
1228	2348	257
322	26	306
686	303	218
1324	499	43
340	4990	452
1400	2018	452
411	1608	9
1334	1998	11
643	16	42
110	3573	189
643	1508	309
1140	1574	269
1227	31	55
806	4725	184
1708	1546	184
634	798	88
979	760	56
528	3281	363
874	1118	88
1614	1483	118
463	2122	70
49	237	54
1051	1493	205
1582	354	71
1288	1005	285
269	1269	54
255	3015	111
326	3226	370
945	1623	56
2229	438	284
1012	4105	120
1163	593	111
1359	3181	178
1570	1132	55
1750	137	78
144	2925	11
1486	763	142
528	2126	70
52	3194	243
812	3202	189
257	776	70
1749	5036	302
759	2788	56
1264	2595	53
1529	780	452
1139	2553	291
954	4395	70
1447	37	142
1034	317	233
988	795	106
1662	627	173
677	1765	70
999	1626	231
1456	2370	72
25	2672	189
239	2455	23
793	2776	189
1130	2829	56
1220	84	88
1375	1833	31
1287	786	200
263	1244	372
9	412	385
191	692	435
1621	4652	382
1076	2941	403
1698	4321	55
395	245	54
789	414	358
2194	1449	74
1193	84	88
603	497	189
397	1686	71
1634	70	71
565	1682	9
582	3221	205
1038	455	69
255	652	440
1383	182	114
1367	147	452
686	1947	55
1219	1948	334
450	760	56
1789	654	88
1341	1853	78
950	716	235
1124	2088	11
1680	2697	135
1600	3258	70
479	1886	72
1869	959	56
1177	3843	71
1103	1787	11
1160	1070	11
983	385	31
1021	5098	168
698	872	72
1443	2986	169
70	3764	72
850	4202	72
1069	67	70
1291	69	112
595	2665	225
180	4398	103
1051	1700	171
30	3842	41
1509	4600	28
1834	870	42
276	399	324
2224	334	136
690	1034	69
789	4193	277
1092	258	306
2319	1711	70
1271	437	70
1533	392	70
783	398	212
1802	87	275
809	3939	277
342	1653	353
1125	303	218
191	4082	70
1937	4872	275
720	210	360
390	178	48
1159	366	11
482	2691	149
24	5535	43
342	4922	277
282	446	180
246	482	71
1471	3253	70
778	1143	56
811	2945	461
275	1528	90
926	2030	273
2112	660	71
604	607	42
761	2734	119
1275	1296	71
142	4023	41
991	766	77
1202	0	462
1595	4682	82
1409	2711	72
877	14	385
1831	1434	31
259	647	43
1318	3118	362
314	298	363
943	1005	285
1354	4779	71
123	97	69
871	618	71
389	448	452
511	790	70
2070	747	43
1150	3179	285
820	5379	332
1784	2177	275
1985	2455	23
2138	0	462
90	1917	433
1202	2508	427
672	3225	388
480	1056	245
687	97	69
1737	411	199
1432	1108	88
690	1996	70
246	691	88
34	1753	72
31	1427	384
1485	2621	39
246	1195	70
553	519	88
1111	3866	31
1002	70	71
515	3242	87
178	3645	71
120	660	71
1549	821	23
84	553	56
983	4215	277
1076	1406	70
91	164	11
1042	3574	11
467	4168	277
9	2646	275
1716	298	363
23	1695	88
1169	286	306
77	399	324
1252	20	1
1795	2784	204
11	567	332
717	3566	88
1551	2809	262
1044	4868	39
1217	4493	257
127	362	70
1737	2799	284
431	2330	452
1566	1460	4
1990	1851	52
331	2159	74
1471	3302	70
899	97	69
508	4225	54
40	2793	106
1188	288	55
1220	834	71
1973	4666	413
215	178	48
1389	4916	71
988	2571	94
489	163	110
648	4891	43
988	2900	443
1202	482	71
416	709	88
108	597	41
369	747	43
1112	91	37
1194	3503	70
305	4289	317
280	73	423
1136	4470	90
1502	97	69
798	1711	70
220	1896	43
1016	744	70
1486	595	163
1826	499	43
734	1898	70
1826	2336	472
1695	67	70
903	135	72
59	753	41
1235	97	69
999	1054	88
1322	446	180
389	204	69
1428	3088	231
1459	4793	277
859	0	462
408	1622	71
1201	67	70
1485	1738	56
1567	3276	98
374	237	54
558	215	275
185	1978	88
1270	113	71
227	2269	43
1675	776	70
1332	1363	59
820	4057	24
1077	3751	304
269	1055	385
316	1407	53
157	2395	40
173	1028	10
143	3582	32
1008	2177	275
2058	2239	239
312	97	69
509	1520	88
1063	977	56
998	435	302
1139	2028	157
186	4280	88
1485	1402	72
1818	32	31
2252	766	77
824	1277	143
256	1256	90
806	1154	43
194	4809	209
634	303	218
359	1583	87
1151	70	71
961	452	88
1640	2358	462
193	658	302
1209	2265	411
229	1429	54
91	247	383
921	161	37
1741	4050	171
1360	399	324
1952	2038	90
447	414	358
1895	902	61
672	1730	56
528	75	88
994	739	385
288	1319	294
1250	2304	17
1718	1196	88
312	709	88
179	430	42
647	2312	32
888	1045	205
20	293	362
821	116	306
1850	147	452
2013	4638	207
1201	1711	70
1527	525	46
451	1054	88
1064	2079	91
731	5349	39
1571	567	332
752	4731	317
1002	1486	88
316	2930	53
1133	736	385
1131	3426	277
657	1059	456
1800	542	171
679	2425	235
894	1145	32
634	500	43
1568	439	9
1154	438	284
1249	1154	43
92	999	88
1491	3293	257
344	1374	43
1270	3383	302
1008	378	208
1137	818	446
631	692	435
160	3617	317
2150	731	270
1696	179	77
40	2696	69
1359	123	104
2175	87	275
1777	3474	69
546	208	31
954	1549	42
2071	562	43
676	4846	277
2179	4769	373
1354	5155	71
1798	569	11
579	1747	306
1709	292	361
1688	399	324
193	1820	42
955	1062	456
249	2000	88
2049	709	88
68	395	184
1283	5309	275
1825	0	462
1275	2894	443
624	1382	363
338	44	275
969	3760	188
60	307	46
1130	1174	414
926	28	11
1649	1578	11
224	1513	9
1260	4516	20
1777	84	88
245	2306	415
1194	789	363
2111	4599	313
1652	2043	56
1061	907	41
1101	4355	72
70	135	72
116	649	408
1148	1209	306
1073	2251	20
845	2789	358
86	563	90
63	303	218
1643	887	70
580	297	70
373	619	72
880	3624	5
388	1341	88
2111	480	189
12	201	55
135	1248	71
348	28	11
1286	226	102
945	3179	285
945	1729	55
1232	5515	72
821	1	74
488	210	360
33	3315	456
1306	3390	273
1579	468	294
1556	407	42
128	2832	88
1169	1948	334
204	399	324
807	399	324
239	1166	205
1541	3805	395
742	297	70
140	760	56
1183	288	55
1020	2759	221
1476	2754	302
1139	5504	72
1154	3814	71
676	84	88
551	387	401
1034	4506	70
2215	982	56
830	863	259
373	137	78
1359	113	71
1085	1216	337
1357	4496	142
272	3220	115
290	3015	111
1280	5185	184
1458	4593	33
214	298	363
2209	3989	302
603	1003	302
1915	291	362
1037	1309	465
388	4164	70
326	1257	72
515	113	71
216	2997	23
1509	4229	72
587	764	23
193	1363	59
662	0	462
345	210	360
20	4334	39
1173	1562	24
682	825	42
2037	98	69
1177	3586	55
368	315	31
70	0	462
1409	1737	24
13	524	70
395	271	55
845	4346	62
18	4023	41
66	1341	88
1154	303	218
173	358	55
371	704	383
297	695	369
128	2068	56
2024	702	119
1426	399	324
1249	3474	69
1600	1650	88
769	2165	356
1450	37	142
1159	2739	31
64	1907	69
269	4260	11
960	244	94
218	1090	72
769	2336	472
596	2762	158
1066	1968	88
745	96	70
1103	1718	11
855	4593	33
1233	438	284
488	3489	71
1325	2141	257
1429	3939	277
1459	651	332
736	661	358
482	704	383
495	70	71
1014	2777	5
1086	488	71
150	474	88
676	26	306
130	4344	377
30	1952	31
239	1277	143
372	230	71
2091	1711	70
2293	1111	72
762	1059	456
107	4394	42
1269	2228	369
899	230	71
291	26	306
936	4593	33
348	1490	268
539	25	108
168	556	324
1644	1069	69
1226	35	43
93	1508	309
2247	31	55
514	497	189
2043	3511	136
871	1045	205
1560	2923	103
958	4043	69
1687	69	112
1577	1879	96
511	1312	55
1690	5202	23
2189	1670	205
748	438	284
1563	2081	27
1178	1277	143
1214	255	284
1066	446	180
1708	447	332
652	5394	275
1577	4049	171
1227	3379	72
1371	4520	465
841	823	32
739	296	72
1257	2255	467
969	639	11
704	96	70
698	604	136
436	557	110
1017	1276	43
1782	254	284
1339	1711	70
1441	3934	56
308	638	64
411	2310	55
604	84	88
1622	1530	70
1023	2735	43
1037	3928	375
357	5332	43
2145	5090	359
1735	2679	69
1179	158	456
1442	3552	112
1019	2403	55
1187	1641	72
1698	5155	71
496	1109	347
50	376	53
823	3703	266
188	2191	69
1480	3574	11
669	1324	114
173	4451	92
1259	26	306
741	2453	189
1961	3355	55
515	2238	204
1454	1635	336
448	4005	350
409	154	37
2191	1557	71
1909	3341	275
134	715	154
385	554	70
1207	209	55
282	541	395
973	1506	24
795	3540	184
1309	721	88
1268	4367	70
129	311	41
326	37	142
1205	4872	275
982	372	302
1212	0	462
92	1357	88
1463	1711	70
299	24	78
772	16	42
446	276	315
874	500	43
369	979	112
698	1540	136
954	2240	72
794	1131	71
1485	75	88
1445	2143	257
109	245	54
752	4153	95
58	633	69
1781	4029	56
760	2322	74
386	646	302
1226	4738	212
261	2779	55
644	735	385
1066	3073	72
114	1958	106
672	135	72
625	1330	456
168	2959	37
514	1907	69
1309	1246	56
878	395	184
0	944	164
1575	380	42
262	2440	137
51	605	8
2205	716	235
2287	1358	70
1299	2192	77
1497	815	11
362	1747	306
634	1153	96
1535	4016	104
968	0	462
452	135	72
2240	4540	347
1186	4643	465
806	812	158
1677	215	275
2022	1949	99
1314	4469	9
717	4398	103
1325	4685	69
70	4737	302
408	2966	72
877	905	369
90	1045	205
1007	1603	200
451	4530	69
1044	1816	71
946	1091	42
38	3669	70
1257	732	212
1602	1391	104
1418	490	237
619	244	94
845	513	403
1213	2024	88
1268	3395	55
725	75	88
443	301	70
646	1622	71
1759	1045	205
229	3691	277
2317	3426	277
752	225	55
433	28	11
1121	210	360
547	1929	403
435	3607	106
66	395	184
1427	859	171
1248	488	71
154	244	94
338	286	306
1726	1865	208
748	1784	317
1459	2101	103
996	2335	42
395	766	77
807	244	94
595	67	70
954	1984	11
1221	1205	31
1327	4370	9
1501	655	284
318	1335	47
1266	1679	411
131	485	106
158	2830	55
1277	220	88
730	378	208
1137	1275	316
1366	84	88
599	210	360
2033	1062	456
1165	991	134
436	70	71
180	3426	277
874	580	50
939	4518	71
634	447	332
1015	75	88
1471	1913	231
132	1626	231
1875	936	360
758	541	395
1537	489	158
1409	381	38
614	4115	24
972	620	11
91	3004	87
1080	914	56
1136	44	275
1044	378	208
1166	527	88
1142	5164	315
1283	524	70
1316	1726	23
1164	3963	104
906	595	163
634	4850	277
2300	1103	299
584	676	77
1269	173	53
1268	362	70
1271	920	76
1215	2708	205
1287	418	285
627	2444	88
179	378	208
169	878	56
350	84	88
353	182	114
1019	2058	205
108	1104	56
22	914	56
1295	763	142
69	1850	40
497	2264	32
1152	512	356
62	1650	88
1177	3486	55
866	2103	283
142	1800	42
273	1968	88
2247	5	159
1371	3277	448
1236	233	81
615	204	69
2028	3051	11
1283	4082	70
1137	4510	405
606	981	55
477	3338	8
774	982	56
2144	83	189
1267	1440	151
1537	2409	189
1224	937	337
1015	2999	31
2185	434	72
2087	1816	71
1349	137	78
30	124	257
2203	173	53
1250	2481	136
1257	1217	184
416	3311	99
1271	434	72
798	1257	72
1146	4665	64
1851	4996	56
1830	900	41
372	2567	31
949	2994	270
259	474	88
1248	1554	298
1458	1385	32
1710	747	43
1394	2411	42
1402	1253	284
1215	5260	464
387	755	56
59	554	70
779	1747	306
946	3294	257
752	2046	55
426	164	11
1542	791	230
807	1460	4
671	474	88
2225	378	208
66	4653	277
820	1259	259
1282	4497	200
1270	4493	257
899	1558	88
469	2222	363
1319	4949	363
686	228	42
2028	646	302
1196	1855	53
1644	1918	309
1618	499	43
1448	251	362
861	123	104
667	1267	55
1154	1357	88
1023	392	70
448	780	452
821	861	284
14	632	270
850	91	37
495	379	69
158	3376	100
2196	1502	71
1034	97	69
186	3208	42
0	3801	112
331	915	106
1449	732	212
1474	1407	53
429	1420	8
1301	1998	11
996	317	233
2111	3094	332
388	3520	32
2070	4893	65
232	3103	32
1140	16	42
945	4030	11
473	2757	43
1354	157	275
173	763	142
1020	766	77
1264	296	72
672	3088	231
542	4644	106
1206	303	218
319	182	114
1673	418	285
252	2856	32
716	206	315
490	2009	72
1465	710	88
2077	5025	102
1630	158	456
794	205	187
482	439	9
2041	2655	54
482	4517	278
1048	2968	54
2002	1060	456
759	1899	70
2082	607	42
787	1484	358
1514	987	136
2242	4410	302
1124	5167	70
43	200	161
969	3383	302
820	727	112
1233	859	171
858	5471	33
1725	96	70
1659	872	72
1002	589	88
1234	4127	208
321	1121	95
2279	297	70
1385	1197	77
1103	4632	273
1234	2721	100
156	3141	55
1471	825	42
191	322	88
1142	317	233
369	4398	103
144	315	31
899	4455	55
906	537	171
906	1700	171
1428	567	332
186	1516	31
2185	4917	303
1287	2579	258
1623	1845	162
523	786	200
161	2455	23
625	4036	72
1358	585	11
314	3567	277
1507	542	171
344	784	72
1850	1523	270
1337	4469	9
270	468	294
806	4192	278
1206	178	48
1718	1253	284
1826	3831	457
1153	1623	56
300	1145	32
140	28	11
1170	84	88
1013	318	56
1564	175	103
616	747	43
497	3783	363
257	1295	71
366	4676	88
1351	1713	353
1095	497	189
1321	728	87
61	452	88
1406	973	91
1222	262	270
1248	655	284
1822	3198	30
152	1806	76
1225	2381	11
807	1789	74
1032	4206	69
1143	91	37
1698	1816	71
1962	590	88
431	3671	302
1132	304	158
285	1310	88
1480	2614	365
1106	3375	275
109	136	134
70	378	208
759	982	56
158	1079	95
724	3056	88
613	4094	468
1382	4508	56
1136	1097	88
1233	1458	363
269	4066	55
1911	3219	340
1095	2720	87
2156	4560	277
776	2148	136
224	2263	184
1308	3678	72
1566	607	42
1577	492	14
1024	4925	452
55	1859	88
961	1622	71
1006	4076	425
1075	4050	171
558	4946	69
528	4418	43
452	3939	277
579	3232	284
899	2658	40
173	305	71
542	3253	70
1409	3427	55
979	2345	42
856	327	77
512	2587	23
229	1897	42
1643	81	33
226	2032	86
1119	1040	369
1543	5215	102
2194	321	189
186	3838	277
591	562	43
1101	872	72
1575	1899	70
1602	1440	151
37	160	46
208	2464	39
116	2809	262
402	4698	191
1471	1748	452
148	1003	302
2137	709	88
988	70	71
1543	590	88
870	2646	275
876	85	87
1364	354	71
629	4391	302
1672	75	88
791	193	332
168	244	94
1855	4658	275
849	2099	112
905	795	106
624	3996	277
2239	4205	55
1243	191	56
1583	4800	11
255	3881	303
909	3836	363
1864	1821	463
1096	4405	188
162	838	56
288	1110	69
1318	2455	23
1962	1277	143
983	3353	88
362	204	69
348	3874	53
710	3959	32
820	2472	96
1978	1935	71
435	4398	103
777	330	55
608	210	360
114	78	352
1562	1210	93
669	3537	452
66	808	41
1145	4570	334
1103	468	294
1302	3315	456
845	3863	47
367	3374	55
1125	123	104
857	838	56
656	3863	47
5	471	99
357	760	56
682	4518	71
915	1998	11
372	4824	93
1094	616	40
160	2286	70
813	2279	55
1937	743	360
1334	1653	353
87	2638	43
1273	14	385
1587	5125	70
1065	879	452
1091	819	39
820	469	34
1265	4503	110
1221	227	71
172	31	55
1680	2174	250
1299	5478	405
885	1745	77
614	3732	198
102	5294	69
1797	271	55
1342	208	31
121	673	172
2107	786	200
180	1493	205
309	952	69
269	3512	55
799	2634	56
1188	5582	478
949	4434	342
746	26	306
566	981	55
450	387	401
830	16	42
981	2239	239
1020	28	11
616	1083	9
516	1684	56
1317	2659	106
90	1056	245
191	1597	69
1193	0	462
144	607	42
1223	1636	200
0	1965	9
1027	1630	70
0	497	189
792	178	48
378	210	360
1842	499	43
770	3426	277
1287	2294	324
1898	96	70
413	3287	403
903	1578	11
1188	1496	472
1344	2549	388
1870	4091	283
1405	24	78
1598	228	42
470	4067	32
1044	3503	70
130	329	189
395	4498	44
945	1907	69
933	448	452
1461	2978	88
96	1636	200
2018	1045	205
0	4134	42
628	484	71
866	247	383
221	4644	106
1299	1936	306
689	1363	59
1187	3535	32
1744	2888	340
658	3705	88
954	522	56
564	1352	70
33	3908	30
1215	686	8
1229	4484	120
84	459	87
290	1860	55
1528	1681	205
479	5441	441
1878	4478	302
624	517	362
385	358	55
633	5049	11
1394	1188	376
1587	3931	33
1356	86	23
272	188	201
108	3037	69
1132	399	324
154	465	54
1425	442	66
1745	4341	72
765	3248	336
514	2745	136
1301	1166	205
996	1059	456
228	2789	358
1568	4151	277
1595	144	55
407	1938	11
664	1404	72
295	1710	56
318	3548	143
1614	4556	171
823	3794	176
334	2295	11
1265	220	88
1356	452	88
1357	4856	284
110	2838	90
1040	3508	88
1307	766	77
1679	4560	277
954	4155	245
1140	297	70
232	1799	55
628	3695	23
344	3902	335
1304	819	39
1850	618	71
316	534	87
1067	357	278
1137	4461	184
96	91	37
539	1033	53
983	586	86
310	276	315
1297	3005	448
1150	732	212
1004	763	142
58	1707	67
25	362	70
155	1770	55
590	5550	56
85	2643	11
126	5020	103
1167	1825	43
1564	2691	149
797	1276	43
2061	800	186
314	4811	72
988	567	332
2298	2047	216
1574	4183	60
1599	704	383
526	452	88
1743	4653	277
686	476	88
13	2446	40
860	29	70
1454	111	383
1976	113	71
248	2170	41
166	303	218
1829	395	184
1420	766	77
530	760	56
1362	2812	71
62	100	306
186	75	88
2252	75	88
1599	4078	257
1634	1565	402
1849	1358	70
1630	5240	456
347	2560	205
1662	535	41
706	1601	106
2230	67	70
516	658	302
583	884	32
1343	326	42
512	4375	103
929	1178	62
578	2656	11
1567	2075	136
1448	3541	184
1198	419	189
534	2467	40
399	414	358
676	1939	9
1313	2428	18
517	2076	464
776	36	137
879	67	70
788	1301	70
1847	4897	277
1494	4399	299
1189	276	315
1169	4495	88
1933	1201	270
1361	399	324
674	305	71
1051	1711	70
994	923	11
1259	3287	403
1399	4256	69
380	3344	270
2113	5183	95
1119	173	53
1480	780	452
1161	228	42
1231	271	55
1924	2940	403
342	815	11
793	2990	70
1418	471	99
752	820	70
1356	387	401
485	1099	53
1558	97	69
682	2628	18
1049	4197	277
1853	2157	88
1069	3855	72
219	3448	295
647	1379	472
228	4583	377
179	714	31
409	683	56
570	3603	194
349	914	56
178	825	42
1826	2829	56
1065	1065	88
758	4091	283
108	2178	32
898	24	78
186	2057	71
820	2165	356
1370	700	71
1210	497	189
628	2715	9
1442	438	284
650	284	306
1465	4877	312
1221	5595	172
1189	3287	403
597	1003	302
1272	254	284
1008	75	88
1435	1276	43
1327	362	70
2199	1450	74
40	96	70
13	4	72
1641	2040	70
190	5547	74
713	2147	136
703	228	42
650	936	360
1670	3311	99
990	1371	32
66	2728	110
1924	1894	437
13	4299	55
555	1032	72
1287	1450	74
819	360	332
1583	5288	385
1301	2443	11
51	332	31
1067	270	88
204	567	332
1325	642	363
1371	3831	457
777	1959	71
1190	3356	184
818	91	37
368	4706	208
1598	1153	96
474	1597	69
1304	1481	70
30	682	52
453	771	88
360	1807	74
1283	2958	88
1561	4398	103
360	4101	31
1025	2423	234
848	324	55
886	2239	239
1079	3741	88
1570	1978	88
636	2531	88
255	914	56
757	798	88
1417	1586	284
1959	632	270
113	98	69
1506	5207	362
55	274	464
126	428	452
70	355	55
996	3776	352
579	602	70
584	244	94
815	484	71
1235	3164	208
2306	2425	235
1244	135	72
1657	2076	464
1139	3299	71
954	5434	184
617	4085	55
1342	2064	72
388	735	385
902	3982	411
653	635	106
416	2534	136
1621	326	42
639	2672	189
2154	255	284
901	4797	284
1034	1226	317
1820	1182	205
586	1984	11
1636	663	362
690	147	452
1792	905	369
1709	357	278
1152	844	369
769	4288	331
1266	1225	456
269	3503	70
1305	97	69
360	313	118
1299	452	88
216	1129	86
828	180	452
532	2272	42
2242	372	302
2206	799	245
899	1680	55
360	431	302
612	3288	33
906	841	56
1509	227	71
286	995	302
652	1045	205
387	1294	373
1508	4384	405
806	5172	69
179	3979	205
1304	842	371
183	215	275
596	1145	32
1958	1178	62
712	97	69
529	1032	72
890	1602	106
489	227	71
840	1226	317
828	4389	315
594	180	452
1247	471	99
1017	859	171
1412	100	306
830	2480	90
296	2069	56
456	1212	142
1409	1707	67
1376	2351	257
1354	1630	70
1283	3612	88
1435	961	88
185	1906	112
1333	2567	31
1414	1623	56
1244	635	106
1587	1395	425
1983	579	65
482	2969	88
300	1974	77
1636	1868	88
566	2134	284
187	3016	136
361	1124	71
546	1817	56
1054	2022	179
564	1270	55
2230	96	70
395	859	171
1287	3439	38
376	4100	88
1317	827	275
122	2423	234
59	3041	37
1732	1092	55
1841	182	114
1610	28	11
671	447	332
1265	774	467
969	655	284
2123	469	34
39	180	452
972	719	53
887	1224	357
265	2368	70
871	1489	267
1343	4042	88
2064	100	306
1234	1983	270
27	2678	277
723	1050	31
1014	836	394
1152	634	270
517	1641	72
1215	2378	456
160	1118	88
914	3894	104
1356	2086	96
131	26	306
1252	3433	136
972	306	42
1158	4162	74
1644	2568	11
1057	4809	209
564	3421	88
386	1628	233
1502	5250	464
2016	2772	31
140	97	69
1186	4444	464
2217	87	275
1139	1072	433
1421	4546	205
360	1200	71
1344	304	158
512	33	56
530	323	37
1354	1650	88
524	953	275
1680	32	31
1096	3573	189
1841	747	43
1220	2446	40
1996	1253	284
750	4777	460
532	2891	42
752	488	71
1096	635	106
701	210	360
1324	1623	56
974	172	431
1522	2254	452
615	3626	348
1092	1109	347
2018	411	199
1281	1341	88
1459	902	61
793	537	171
1153	4343	71
1148	204	69
180	3646	205
717	3057	81
609	105	119
1471	977	56
1412	438	284
168	786	200
360	1078	42
690	251	362
70	1282	4
833	251	362
1080	2914	90
422	2360	103
634	2183	54
1	5194	467
1418	4020	278
1058	1711	70
590	3081	403
804	379	69
1235	481	69
528	4701	70
1483	177	96
193	492	14
1670	3004	87
727	300	55
1776	5507	42
535	4284	171
1409	5041	88
652	3597	54
542	876	72
532	97	69
10	905	369
360	1531	11
1616	5034	410
968	2326	212
93	1246	56
55	276	315
840	75	88
1450	3636	324
931	471	99
1065	896	136
290	435	302
1545	527	88
746	96	70
368	3954	204
730	175	103
279	766	77
547	3009	85
866	2013	283
1733	3867	240
1847	1438	33
639	399	324
818	4033	284
774	1209	306
774	1248	71
772	399	324
462	210	360
291	2599	30
1685	531	72
1583	4397	363
1051	854	70
1817	318	56
1647	3028	54
1733	3318	205
413	357	278
794	2318	63
906	4049	171
1511	26	306
1812	138	403
482	4826	71
830	1470	72
1139	299	56
786	4152	205
39	181	71
716	185	136
1343	4228	56
201	4418	43
104	23	43
1448	806	107
17	2443	11
847	1859	88
493	2182	69
1182	1453	143
264	2218	151
1025	4507	129
482	2273	53
27	2029	85
1186	2647	470
285	839	385
40	3460	456
241	3737	119
1228	330	55
232	2644	31
37	471	99
743	1655	249
118	671	123
1146	2923	103
1214	863	259
614	2886	302
968	513	403
154	3567	277
1969	1095	395
1898	175	103
830	2383	208
76	1435	33
555	1030	259
1658	0	462
327	1033	53
1215	4453	205
985	5075	369
359	647	43
1562	2804	11
1848	3	70
50	820	70
794	727	112
168	1613	39
1070	537	171
1852	210	360
586	4931	208
126	110	42
546	1045	205
1454	1592	284
1471	3369	42
433	802	42
246	1622	71
39	183	11
671	3044	40
706	203	70
1038	2294	324
1480	582	277
277	4972	23
1209	5320	369
1995	5481	31
834	2299	70
1070	732	212
1521	686	8
1159	859	171
1952	1696	54
130	1845	162
1629	2424	368
89	479	189
1158	4810	420
1058	2349	283
1021	815	11
1713	1348	205
207	1816	71
1637	12	466
2206	2355	106
1459	276	315
1037	139	252
1150	3045	158
567	26	306
1211	3668	71
503	2900	443
1096	3418	220
1408	213	332
193	3345	77
1847	2090	88
622	1637	414
1623	209	55
1135	390	88
1344	2282	151
1313	124	257
557	839	385
172	1550	71
399	3428	33
1138	1145	32
323	3691	277
1170	161	37
2242	1682	9
1691	760	56
59	858	84
1201	3180	332
952	589	88
1724	3914	103
1020	84	88
1717	1178	62
1400	982	56
2144	1911	116
723	557	110
1307	135	72
320	0	462
1163	2799	284
1164	3915	82
1349	2430	96
113	2284	43
2093	1929	403
568	3564	56
5	2244	56
793	138	403
1261	5149	455
855	514	40
1461	3159	205
130	2031	185
688	1425	56
1983	627	173
77	75	88
807	214	72
647	2245	432
695	488	71
1577	2798	302
431	2055	452
616	541	395
512	4545	88
698	28	11
1813	1227	184
2221	3829	298
697	28	11
1618	905	369
1463	839	385
596	489	158
126	4635	41
1250	834	71
587	1711	70
1170	320	189
362	271	55
2184	210	360
1089	2000	88
1753	446	180
1858	1058	71
2190	4765	351
1976	590	88
1710	4965	112
296	395	184
1321	3302	70
1693	655	284
1294	4562	466
1207	909	272
258	399	324
1342	67	70
139	2029	85
798	1470	72
413	3087	403
23	633	69
1598	173	53
2154	1222	184
157	2441	181
772	438	284
1238	1334	47
275	4977	70
1140	517	362
1689	4197	277
1154	5196	33
821	1638	171
1859	2938	33
1516	2696	69
1148	226	102
302	1045	205
743	4724	456
497	559	32
91	270	88
845	1274	141
784	1612	212
565	1045	205
140	2440	137
350	357	278
1441	4156	103
768	4573	42
1733	67	70
171	426	441
511	1063	72
1994	4522	43
922	1978	88
1723	378	208
50	3807	205
285	1314	302
541	538	54
353	4498	44
1189	5038	41
340	1814	33
253	1253	284
968	5504	72
1434	2599	30
1124	4989	71
548	2210	111
994	3074	368
1562	2380	93
1876	360	332
232	569	11
2053	3289	403
1307	4043	69
2144	5416	230
304	654	88
709	855	148
647	3743	42
2032	2408	9
70	1671	71
630	1636	200
1245	135	72
1051	1348	205
819	4530	69
1200	2644	31
1567	3682	32
387	3746	459
619	5530	291
954	328	55
206	550	66
1282	5276	404
269	1267	55
491	1095	395
1065	3421	88
1250	4467	277
1166	2155	30
1098	1653	353
1539	4120	277
1385	4826	71
1210	618	71
1137	3939	277
1188	3176	455
1678	482	71
1225	3039	41
192	977	56
1989	484	71
4	335	32
1226	4547	32
1205	320	189
1545	3202	189
520	3013	219
1689	5435	55
1061	208	31
451	1048	31
220	115	41
70	161	37
100	2809	262
359	5461	107
1070	3196	275
194	3015	111
134	204	69
2189	85	87
1588	1670	205
1009	416	91
1140	656	184
1356	5392	193
77	379	69
413	593	111
359	1808	70
303	579	65
33	1709	408
1723	3675	63
150	927	11
564	835	311
245	1854	78
1140	138	403
813	1695	88
74	287	32
507	182	114
688	3892	62
968	2635	72
35	159	11
1643	769	312
399	549	76
40	801	106
44	2897	69
1064	5545	284
446	2389	88
1324	4843	56
1383	735	385
875	2295	11
479	2243	467
776	1363	59
1466	1892	303
850	580	50
471	1799	55
1577	438	284
1374	201	55
1492	4606	267
150	4785	70
1437	2344	56
988	1045	205
791	297	70
1911	3412	362
1599	2798	302
255	471	99
1349	855	148
1773	2385	479
408	1655	249
794	5188	51
656	3255	47
2143	97	69
1325	2351	257
797	1056	245
1485	439	9
2028	625	55
43	16	42
1865	1045	205
388	1643	205
1719	648	56
1246	646	302
107	927	11
709	2426	55
794	310	124
187	2175	10
1155	69	112
290	499	43
918	660	71
1339	1745	77
1323	843	39
359	2944	291
731	2730	11
378	254	284
1614	1302	70
656	2000	88
688	2404	82
1016	5449	81
1700	2230	42
1878	791	230
730	3201	81
881	95	251
1187	117	43
1226	100	306
1463	288	55
288	3029	112
650	1925	88
1794	3596	70
1826	5517	69
279	14	385
524	93	275
540	558	23
868	3579	205
96	530	14
388	3950	69
1056	5374	284
1461	2253	467
1878	180	452
930	4410	302
377	2744	70
1633	654	88
224	3426	277
746	4102	32
411	173	53
1752	715	154
216	1908	41
1042	1198	55
791	2005	159
411	1291	3
1502	818	446
835	357	278
804	1357	88
1154	84	88
503	144	55
548	183	11
806	2011	56
1361	75	88
1804	84	88
416	1259	259
135	2055	452
1287	2455	23
503	4275	56
24	521	41
700	1897	42
1201	4735	284
99	1355	55
509	2182	69
414	451	72
913	1274	141
1847	3989	302
1730	1423	42
1297	5142	87
171	1304	444
221	5289	78
1240	1450	74
1555	1681	205
627	1078	42
746	4119	32
606	1248	71
224	1001	81
2083	1942	11
858	3737	119
765	5531	112
9	977	56
791	1438	33
692	230	71
1889	1045	205
1682	5172	69
608	2917	258
1220	1722	70
186	1989	212
1568	4193	277
382	137	78
806	4727	137
1501	3498	284
1791	1381	71
1244	204	69
1095	1610	19
136	4365	270
258	4935	405
1857	2666	313
477	1475	250
609	2073	9
395	3219	340
1442	2473	70
2289	4811	72
580	26	306
779	2095	231
1400	3368	189
1416	3502	302
1512	97	69
777	2166	56
1213	636	64
1315	3975	70
614	126	381
1129	2773	71
877	3963	104
194	990	32
1048	26	306
252	534	87
1069	1426	42
1280	4796	184
1895	304	158
93	158	456
23	3667	88
374	452	88
534	267	54
168	1377	370
331	137	78
565	71	70
194	2192	77
451	3541	184
1488	5433	362
1213	535	41
698	4579	88
208	806	107
1140	3715	184
774	3040	102
1066	3846	385
1152	2549	388
466	2120	42
2140	44	275
416	1429	54
874	2495	70
672	2954	369
681	1178	62
776	4447	55
402	861	284
1809	4197	277
778	2508	427
162	1460	4
1194	3369	42
1168	435	302
790	1173	144
1409	568	70
113	1981	332
730	618	71
1406	576	104
906	322	88
196	313	118
28	2680	31
33	2357	426
706	4410	302
1215	483	205
1704	100	306
44	161	37
827	535	41
1037	357	278
300	251	362
1278	4860	104
713	3971	71
1692	3161	285
272	438	284
1200	982	56
1186	71	70
154	2076	464
138	632	270
1193	1105	451
1875	71	70
1295	1337	357
1798	492	14
583	708	136
960	178	48
1540	630	166
352	1054	88
647	4290	206
1380	3248	336
1831	1416	71
229	2926	54
728	96	70
2296	3885	56
985	3169	87
232	1006	284
1492	732	212
1383	180	452
208	287	32
1944	3071	415
732	776	70
1798	5500	81
1847	1194	88
429	17	267
332	1688	33
1357	4960	363
375	3264	32
206	2647	470
991	1838	23
1243	2594	9
239	620	11
1188	590	88
1155	2955	70
216	993	42
1320	1283	5
632	686	8
1513	5535	43
1341	576	104
459	477	85
488	514	40
1418	1734	40
899	3974	374
1709	138	403
491	658	302
1768	1045	205
413	4030	11
1186	704	383
968	3944	88
361	835	311
1338	113	71
450	1098	448
955	70	71
349	158	456
1154	26	306
1894	5290	55
1337	357	278
252	416	91
516	3924	88
1365	1779	33
318	2659	106
256	2841	71
851	1175	88
429	81	33
1097	3647	11
1408	482	71
1727	2911	88
236	287	32
1560	2957	369
1662	14	385
50	2273	53
1095	1937	23
224	880	451
2173	164	11
1827	1294	373
1257	446	180
598	3513	248
549	450	88
192	3804	141
18	3559	23
349	244	94
628	944	164
208	161	37
326	85	87
1911	886	304
2247	2075	136
1580	379	69
1055	28	11
481	3259	56
171	1682	9
1854	1691	72
739	2833	54
850	1867	103
1282	2303	358
185	2177	275
1458	1019	404
843	1694	71
500	358	55
1536	96	70
1264	3607	106
105	276	315
1873	5477	33
855	1524	55
1249	100	306
279	32	31
410	497	189
1204	2877	284
955	163	110
1021	2046	55
133	1897	42
28	4914	55
216	5092	142
988	1831	39
145	26	306
1673	3881	303
1950	497	189
403	3288	33
459	2329	186
919	500	43
1319	4	72
1347	863	259
850	158	456
1029	113	71
125	1078	42
786	517	362
70	5002	358
334	2545	11
359	102	294
790	1199	70
1175	5014	330
39	438	284
1172	2458	70
2041	654	88
496	905	369
310	1400	68
662	3804	141
37	766	77
3	1816	71
65	1497	114
1434	5419	404
350	3390	273
1709	2188	90
813	2763	88
652	138	403
435	141	56
1269	3550	56
935	471	99
362	2261	87
780	22	273
162	341	23
1215	1915	205
634	1711	70
790	1102	91
2185	3804	141
331	0	462
723	3045	158
1139	527	88
1790	902	61
1976	1524	55
482	577	9
2252	987	136
1480	3531	56
1145	1546	184
798	2914	90
1626	1670	205
1089	1711	70
1898	90	80
994	2726	14
1991	2272	42
1318	3447	43
1090	2391	206
409	894	37
1306	618	71
726	1250	11
140	604	136
1406	2765	55
1462	135	72
1310	2343	56
152	587	69
1344	3537	452
845	3289	403
943	1084	56
1074	1711	70
293	1604	53
785	2071	55
688	411	199
1074	3553	31
1159	3939	277
789	1913	231
508	840	39
194	67	70
591	273	41
1438	4453	205
511	1841	69
655	276	315
1414	5210	86
696	210	360
1893	4536	30
966	1390	136
881	236	70
247	959	56
1646	204	69
2253	2617	452
357	4508	56
850	2988	266
288	595	163
1062	272	88
197	1012	23
1162	252	88
2022	435	302
2185	656	184
673	392	70
1107	26	306
1038	905	369
1476	4197	277
1221	983	70
107	1336	86
490	4328	11
512	527	88
88	3546	195
516	3822	363
197	1294	373
730	500	43
1124	312	420
93	1108	88
827	894	37
500	204	69
1381	2193	43
1038	842	371
617	113	71
426	4341	72
845	532	41
899	1858	436
960	2251	20
1137	2325	158
160	572	46
1010	3836	363
1612	48	41
386	1633	95
211	1	74
17	2162	284
542	113	71
775	786	200
450	2925	11
1173	4711	385
361	2094	162
234	438	284
894	513	403
2112	432	11
1699	1033	53
378	1565	402
721	5188	51
1621	4923	362
1221	113	71
1124	1929	403
1212	2028	157
778	584	88
738	760	56
389	873	72
930	291	362
1643	2395	40
39	3133	56
30	3432	158
295	4996	56
1383	1018	374
37	162	31
456	2143	257
1092	1309	465
1578	4016	104
53	145	32
603	931	74
2230	5518	332
1188	4921	332
1133	439	9
676	192	42
1498	135	72
1232	113	71
2033	635	106
388	315	31
2099	786	200
561	2326	212
0	3012	56
296	3424	55
1511	84	88
1631	2253	467
1066	4729	385
1471	31	55
982	877	72
559	399	324
135	780	452
1660	1860	55
1387	1791	240
1167	435	302
1743	737	452
1482	254	284
730	2872	32
1137	357	278
140	751	43
1925	5119	46
1200	220	88
2183	686	8
903	604	136
1102	4058	70
1124	2389	88
1419	480	189
515	310	124
803	1289	42
2184	2343	56
416	563	90
1201	5319	9
1049	3426	277
458	4398	103
2194	123	104
1443	100	306
1247	4273	70
1257	4181	184
716	4215	277
1952	1122	111
2058	780	452
672	3640	5
2025	271	55
1002	632	270
388	1209	306
357	5070	72
316	75	88
1182	1361	72
1266	972	115
338	477	85
779	413	70
935	847	368
130	592	41
120	661	358
1220	3353	88
1051	326	42
730	706	28
617	1032	72
633	2138	283
868	3914	103
1608	2894	443
1375	2407	4
1565	1273	166
1773	835	311
2083	4086	4
2075	116	306
220	4905	103
1317	1106	31
823	26	306
1395	4558	69
1473	199	108
239	1155	32
710	335	32
1212	201	55
1375	3474	69
135	1656	189
1550	4486	374
514	3581	205
511	1626	231
886	2625	324
500	3980	88
2040	687	88
1868	5092	142
1121	791	230
1161	704	383
349	2158	389
556	930	405
1025	70	71
548	1711	70
50	246	42
815	343	136
1357	4174	259
323	4226	88
1083	2352	84
783	2455	23
745	271	55
313	1508	309
435	2458	70
878	2015	262
69	2756	96
176	2989	70
1338	428	452
824	1003	302
485	2277	23
1222	4444	464
1159	2294	324
395	401	324
1657	1930	443
1743	2443	11
1122	2955	70
1773	69	112
1049	3489	71
1007	288	55
202	219	267
1481	538	54
1491	3362	302
698	113	71
892	1695	88
1103	569	11
836	2170	41
1316	2290	71
2027	399	324
634	2057	71
1750	1248	71
164	399	324
172	1435	33
1247	1261	116
1579	310	124
98	550	66
692	3537	452
158	3089	88
28	753	41
515	866	72
988	180	452
977	286	306
2055	4652	382
682	110	42
726	3533	88
2276	322	88
374	16	42
491	891	53
180	2150	263
674	374	54
1356	4286	277
806	916	164
1204	658	302
207	162	31
274	620	11
1181	3426	277
616	542	171
997	4418	43
366	31	55
1304	2804	11
698	709	88
21	3330	138
599	346	39
1221	486	106
1282	512	356
1271	3934	56
1863	3826	303
2078	3002	55
1795	3455	257
171	3731	277
1586	2560	205
1972	4977	70
1269	810	115
1158	2026	438
1369	482	71
1297	1547	184
516	840	39
1142	603	54
1354	123	104
2070	3198	30
1007	4251	28
823	732	212
625	4640	299
65	579	65
1773	376	53
402	1192	71
0	5387	41
376	709	88
650	68	70
451	4283	31
216	1553	33
541	1800	42
1483	537	171
1407	1579	208
1413	5558	450
930	75	88
690	3297	349
506	97	69
1298	589	88
1159	827	275
297	74	88
629	3052	41
1032	4666	413
1354	395	184
109	2751	33
1016	68	70
586	1986	71
598	2695	291
586	4944	11
1589	175	103
733	135	72
1130	469	34
643	1438	33
2185	541	395
331	2461	148
53	269	106
285	5558	450
2253	4996	56
287	970	71
1498	58	32
390	5330	37
746	347	70
265	1251	43
197	100	306
411	2413	200
1989	1598	88
988	326	42
1153	4287	277
253	1838	23
995	465	54
720	1537	284
193	70	71
736	2925	11
516	24	78
476	26	306
107	4134	42
1158	360	332
1301	4665	64
875	2175	10
2014	97	69
876	120	88
250	1201	270
2076	992	56
1581	378	208
614	4996	56
1323	2262	85
688	4556	171
435	4456	88
1577	411	199
670	1062	456
1828	2812	71
1388	1503	70
388	1058	71
1575	1276	43
582	2652	88
1083	28	11
1566	620	11
193	2640	41
1617	2894	443
1130	371	284
615	1194	88
1720	2019	70
1450	1680	55
1069	1296	71
286	3358	283
273	1283	5
1136	1273	166
1236	2889	268
2070	5364	71
1161	4064	277
232	2119	42
1671	2624	363
100	832	306
1267	435	302
1019	14	385
244	3383	302
557	178	48
2197	2884	88
472	3915	82
50	489	158
1212	5140	70
1324	4113	189
688	123	104
2215	655	284
1586	843	39
348	1893	240
570	780	452
1278	379	69
1076	2790	91
1628	4508	56
647	403	42
50	1689	56
2114	315	31
1188	1059	456
85	447	332
1268	4939	72
1142	323	37
1826	3593	88
596	2066	83
624	663	362
1095	2194	9
699	497	189
1103	3508	88
1288	558	23
484	1045	205
1159	4050	171
834	1347	43
1257	1237	71
711	28	11
1849	296	72
662	70	71
458	4322	11
1061	4400	370
724	2295	11
59	2181	78
392	2562	202
477	1259	259
250	439	9
1426	613	112
1206	2889	268
1308	4692	208
1567	940	32
422	378	208
1025	654	88
451	1226	317
1288	4908	11
952	537	171
754	4592	332
1333	1711	70
1140	126	381
369	2888	340
1470	567	332
1407	304	158
1069	113	71
524	230	71
246	1257	72
1081	1013	34
644	1529	270
473	2230	42
1327	2972	71
280	729	88
1194	1765	70
712	952	69
156	814	250
1218	2761	88
1498	4042	88
260	1943	11
59	2686	37
1307	1018	374
1596	1598	88
303	736	385
776	4144	23
445	2933	96
1315	99	88
518	1199	70
830	75	88
1118	700	71
392	1982	306
1568	1179	270
1301	1374	43
948	497	189
1301	4881	103
1023	335	32
1520	4426	405
498	355	55
229	3235	31
221	568	70
1291	1920	424
431	2085	54
1616	5139	385
505	100	306
586	245	54
65	2882	96
349	3911	259
367	4039	22
1522	1357	88
1441	2852	142
2289	75	88
381	1698	77
2085	343	136
2187	3065	166
465	2212	70
1910	5523	182
268	2895	362
0	2164	32
1793	2216	275
2215	3179	285
2296	4050	171
1219	3516	275
110	3383	302
431	428	452
646	3369	42
1961	1250	11
2270	312	420
1226	827	275
214	871	72
470	136	134
1536	1655	249
413	26	306
1734	838	56
1340	4534	368
1826	655	284
630	81	33
763	1660	138
20	254	284
1624	4045	275
362	4983	51
144	2899	126
1016	203	70
424	286	306
1418	2627	56
114	644	245
667	2182	69
786	4151	277
752	1890	205
1418	2563	181
1463	3969	402
598	3566	88
612	560	106
252	666	23
168	1459	259
647	5032	42
523	25	108
1140	3015	111
521	182	114
699	2244	56
1272	3137	71
843	3009	85
172	3426	277
1277	2956	423
378	1711	70
893	576	104
789	75	88
1405	700	71
1488	293	362
62	305	71
212	335	32
2272	416	91
376	210	360
1674	195	88
24	4028	43
51	414	358
65	260	11
772	28	11
1750	414	358
141	3050	41
132	423	88
229	3797	42
1212	84	88
179	2000	88
218	220	88
232	5551	201
636	67	70
256	3140	317
3	196	42
793	52	362
291	2291	259
446	632	270
670	3318	205
587	488	71
1248	3187	457
789	567	332
1246	3348	42
1991	3743	42
1739	3144	158
218	5554	72
798	2589	270
1363	4030	11
655	315	31
568	2472	96
373	1438	33
802	2278	78
1306	784	72
827	1660	138
1878	254	284
359	25	108
859	1464	69
388	565	20
514	514	40
183	839	385
1082	330	55
1412	1816	71
342	4028	43
1463	14	385
628	2719	23
331	957	43
1102	1183	55
1150	341	23
1340	1309	465
524	258	306
662	3216	71
228	3088	231
395	482	71
1019	3967	56
132	3590	87
1264	4702	72
830	3895	91
933	2216	275
1664	4367	70
1043	4446	277
1344	484	71
960	2281	106
14	957	43
507	2968	54
491	75	88
1400	1053	189
91	75	88
952	3928	375
394	723	88
1595	709	88
1409	257	70
1091	81	33
687	5440	169
74	1873	42
1309	2736	220
1459	1578	11
2252	642	363
1186	4008	464
236	3106	137
278	1294	373
1571	356	277
387	5570	383
1306	8	474
1431	1582	72
408	2697	135
1073	4933	70
717	1443	426
2160	2916	258
1048	4148	84
821	3751	304
778	1450	74
1207	379	69
561	2228	369
1219	2637	54
2094	138	403
1224	802	42
156	658	302
173	3356	184
402	3359	294
1575	3217	72
1055	2689	11
144	463	91
522	4558	69
1376	1743	315
1618	2262	85
25	85	87
1066	91	37
1348	994	284
1442	766	77
36	2530	88
845	4367	70
1317	1033	53
853	1868	88
906	646	302
1059	796	38
1485	67	70
402	811	21
1800	4982	257
18	1230	275
1206	778	142
676	1769	47
318	607	42
525	4261	358
947	795	106
834	38	142
227	2268	42
91	3329	337
739	1314	302
784	3034	108
65	185	136
813	4642	11
846	5319	9
418	24	78
763	3595	184
1914	2961	149
794	4353	31
185	1461	403
1874	2058	205
1429	4501	47
796	3808	119
968	2419	403
285	434	72
894	1901	332
845	2090	88
1226	191	56
896	3931	33
1257	4189	183
1289	632	270
616	2321	56
1234	1670	205
520	2574	117
453	3143	88
1872	734	452
96	540	96
794	1269	54
1175	1125	273
206	897	161
2175	1476	91
1057	792	43
1666	2357	426
1223	371	284
342	2272	42
1944	567	332
546	1095	395
491	4671	231
169	1641	72
1861	758	332
2273	2665	225
1416	3083	332
389	447	332
652	4050	171
515	620	11
253	541	395
158	2084	32
1049	1599	332
647	2939	297
748	323	37
1428	4592	332
1606	1239	71
644	615	270
578	399	324
349	435	302
852	5	159
1859	749	69
672	846	290
1257	3595	184
3	75	88
342	1914	355
308	679	363
416	146	55
363	1684	56
634	4237	277
902	3983	456
1468	1686	71
639	71	70
489	887	70
59	3022	88
1108	504	56
1182	857	11
1353	113	71
371	1913	231
1282	1017	374
92	410	24
1215	2829	56
1248	180	452
352	997	69
160	1887	70
183	3656	200
1125	1450	74
1795	2477	119
2076	3134	42
411	1415	88
871	2058	205
1571	1330	456
1907	704	383
1227	3503	70
5	1556	71
2229	137	78
1269	5411	157
479	2647	470
1021	2896	53
930	659	283
772	1675	72
395	567	332
1459	357	278
1150	317	233
239	210	360
1280	3508	88
1177	469	34
1533	4022	92
1181	343	136
21	743	360
823	3509	236
2058	1330	456
316	429	42
1394	841	56
246	84	88
85	208	31
809	2517	91
846	3364	96
1061	839	385
992	604	136
524	545	88
2076	360	332
997	215	275
1131	4501	47
75	1889	288
978	863	259
1573	1059	456
327	2380	93
1417	139	252
858	371	284
135	1965	9
1643	1458	363
30	130	193
1181	1578	11
1202	3770	104
1229	773	31
366	2253	467
562	1439	70
1653	4398	103
2306	4928	56
1543	5003	212
815	4996	56
1741	592	41
855	3481	88
803	2193	43
1559	178	48
53	270	88
1019	793	71
89	560	106
834	1212	142
150	802	42
988	768	106
792	2560	205
671	215	275
624	1789	74
1282	28	11
772	1674	324
1217	3168	259
1137	4903	414
1764	763	142
1585	931	74
149	166	40
85	399	324
360	1283	5
164	2947	55
845	4004	43
1311	2646	275
741	890	136
2076	3716	42
754	67	70
285	5371	456
409	1781	55
1254	537	171
1501	2352	84
1388	4398	103
1727	1573	284
454	1969	86
200	59	199
447	1711	70
1695	161	37
1621	135	72
1979	5280	362
863	1559	86
880	2691	149
636	2211	31
584	1612	212
1409	4806	315
565	5338	70
2081	3401	205
325	1416	71
53	2883	88
91	3071	415
1656	956	332
533	1300	237
1332	833	69
1233	855	148
535	946	32
880	947	32
1336	28	11
892	1822	136
1804	690	56
730	4950	88
361	320	189
1163	763	142
541	3137	71
1221	1450	74
506	1100	238
1326	2052	71
1032	1183	55
587	2779	55
565	1044	56
1352	71	70
1057	261	317
2257	658	302
1318	81	33
477	371	284
503	2216	275
772	2956	423
783	2783	42
2114	855	148
728	180	452
796	4526	184
559	1111	72
1797	565	20
1130	1129	86
1406	1476	91
882	3426	277
91	249	88
290	438	284
710	656	184
1271	621	55
595	87	275
609	3843	71
679	208	31
946	1593	41
1004	727	112
1124	2571	94
182	902	61
1032	528	251
1465	2294	324
240	1070	11
428	31	55
12	2042	363
1094	391	88
635	635	106
1902	0	462
1868	582	277
748	2213	70
442	3220	115
405	1724	41
1652	3847	56
1105	3180	332
1203	2614	365
667	4720	11
772	627	173
1126	3180	332
738	3502	302
855	1918	309
81	3734	55
190	1339	71
1225	3144	158
1391	700	71
620	2266	88
1762	3540	184
996	1722	70
647	326	42
821	4019	41
694	1121	95
2146	1752	441
512	587	69
218	3799	88
586	660	71
619	732	212
1415	14	385
1109	665	42
1166	1615	28
977	491	11
362	3473	231
520	100	306
74	1857	284
1221	2790	91
587	878	56
1340	4911	54
76	2798	302
2184	2026	438
1314	535	41
2249	656	184
2202	2900	443
1644	3664	241
1937	5438	11
1282	69	112
1114	1013	34
1896	447	332
1907	776	70
567	1533	72
1747	84	88
70	2963	99
2229	537	171
276	4487	194
1020	3765	139
65	344	136
9	4658	275
95	843	39
633	791	230
988	163	110
824	791	230
156	5542	380
240	585	11
549	1112	88
1271	51	306
260	323	37
777	5549	71
1044	1413	31
646	2198	5
806	4342	212
2048	1191	91
1673	31	55
596	711	88
1329	2906	88
495	780	452
1065	1550	71
507	3161	285
995	2067	106
1981	3870	448
1137	2661	70
673	2157	88
1295	4174	259
266	1256	90
300	1421	55
161	3465	236
193	1942	11
244	640	119
179	1115	54
1847	3924	88
728	1395	425
156	98	69
954	1568	385
1257	4790	184
278	84	88
1343	2860	106
1479	1113	456
1698	210	360
393	522	56
1325	1622	71
390	4469	9
777	4367	70
1010	4830	310
1737	28	11
110	2837	43
342	827	275
1679	3567	277
1979	4949	363
1220	3701	70
1337	4908	11
2071	1161	112
2270	2102	423
1158	743	360
906	1200	71
1475	67	70
1049	4508	56
804	2378	456
564	69	112
165	135	72
216	3764	72
613	4733	56
1234	67	70
604	1327	472
491	173	53
1141	776	70
408	2700	136
790	3939	277
2066	2763	88
1054	4360	83
45	4748	323
666	519	88
1153	2132	189
398	395	184
662	1296	71
1427	1135	302
330	4755	39
1930	2644	31
168	2328	99
9	2619	332
29	163	110
197	4508	56
1391	1225	456
288	1147	42
239	1089	70
339	1102	91
1135	4827	133
622	727	112
5	1387	9
988	1795	42
1148	144	55
1743	1346	305
1968	3061	11
1512	439	9
450	3987	72
21	72	71
1633	105	119
952	609	172
1295	16	42
1276	5197	72
1406	4380	23
1666	2022	179
847	604	136
1235	830	116
1227	3550	56
1049	1623	56
208	4279	136
996	1257	72
508	1118	88
878	75	88
1214	1063	72
662	567	332
1066	839	385
1246	727	112
435	2644	31
792	1955	208
509	135	72
1469	54	55
2031	372	302
656	1655	249
1501	1114	120
109	1472	53
928	469	34
1395	484	71
1263	3757	9
86	2778	31
811	2076	464
1042	1608	9
1848	14	385
1249	2599	30
1537	4500	159
647	4568	191
1110	1801	33
885	35	43
677	1248	71
1225	168	53
1400	4405	188
634	1881	162
1122	1017	374
1821	3080	55
691	1070	11
1805	1795	42
1234	3807	205
2193	3829	298
1649	1759	11
1222	3151	39
256	585	11
733	4259	91
628	783	56
456	1019	404
1026	1248	71
300	354	71
988	1796	49
1205	2404	82
1642	1102	91
1043	2799	284
630	4018	88
1568	398	212
938	1679	411
1349	2777	5
1066	4508	56
644	3465	236
1385	766	77
1795	726	78
1138	1330	456
899	1188	376
185	3071	415
1568	2483	72
767	96	70
1031	75	88
1336	4564	281
1501	1290	302
776	173	53
1137	84	88
38	902	61
1357	3530	284
840	161	37
1503	4804	55
70	387	401
1065	71	70
1438	1816	71
559	14	385
1392	446	180
1460	137	78
1169	2131	32
1277	780	452
781	1045	205
130	651	332
819	1225	456
1412	4996	56
1238	315	31
30	825	42
27	392	70
1854	874	72
1148	4225	54
634	438	284
1049	24	78
376	1120	69
2217	2833	54
736	3047	190
57	5183	95
779	3989	302
2105	894	37
988	28	11
1326	75	88
202	210	360
1193	96	70
2242	135	72
1422	2950	191
1969	357	278
291	411	199
619	2965	41
1112	4560	277
1187	3503	70
305	4793	277
698	852	12
1220	2652	88
303	416	91
496	839	385
1086	1532	171
1636	154	37
1741	4824	93
1127	1841	69
1064	4377	171
118	3005	448
281	28	11
269	1083	9
584	4080	189
525	26	306
242	1164	137
221	4451	92
164	390	88
931	3876	120
168	607	42
626	4165	171
248	776	70
793	2922	184
1678	471	99
1172	4198	180
421	1849	271
1280	618	71
1912	2751	33
1587	810	115
671	4326	277
413	2188	90
367	216	70
1368	912	179
169	875	56
1529	399	324
693	1937	23
604	4803	31
1343	731	270
798	4060	69
978	964	258
1477	72	71
1916	1028	10
676	878	56
392	26	306
1098	81	33
1413	1738	56
1923	1218	184
1151	181	71
1600	326	42
759	210	360
408	4667	55
33	5341	9
24	1816	71
969	1959	71
778	3654	32
284	457	73
1900	484	71
2050	3811	181
845	106	314
1390	2877	284
1877	987	136
221	1538	70
220	117	43
846	4095	77
1343	2740	71
375	2579	258
376	1556	71
752	5379	332
2208	2136	175
396	26	306
1029	192	42
615	1353	71
1454	4122	277
583	1352	70
1290	514	40
841	1029	232
334	4012	56
121	368	195
893	3336	191
344	1315	109
1130	611	112
1718	1343	136
2229	1592	284
24	815	11
888	656	184
1158	4398	103
1098	3779	352
485	1069	69
690	413	70
17	723	88
705	760	56
938	2415	56
90	217	205
898	122	138
583	823	32
902	1309	465
1480	28	11
2020	3005	448
120	453	55
394	1578	11
96	1660	138
921	1040	369
593	4738	212
1298	3385	88
564	3199	180
844	1458	363
2149	646	302
141	881	86
74	62	70
974	14	385
1115	1696	54
1945	1686	71
1247	2754	302
1314	488	71
334	4968	43
1663	2055	452
1064	4004	43
698	2788	56
859	453	55
1221	3930	74
108	3426	277
974	3613	88
1209	1711	70
2234	210	360
1662	32	31
140	1017	374
1833	2099	112
686	675	117
1314	537	171
1214	1409	11
1902	2629	70
1245	3894	104
211	842	371
185	951	69
793	438	284
1476	994	284
595	97	69
1157	844	369
2175	2209	31
708	806	107
1152	446	180
880	3838	277
179	1962	70
1505	113	71
1214	3369	42
1263	1478	96
1025	3474	69
2127	1769	47
90	1080	71
1399	985	88
805	318	56
491	1595	283
313	2086	96
440	204	69
425	1093	72
1390	75	88
1314	3458	465
1143	2262	85
968	4043	69
652	288	55
815	655	284
1491	1003	302
1356	424	56
1023	1770	55
614	1417	24
227	1343	136
776	4636	69
1710	1257	72
1301	1460	4
1565	96	70
158	4666	413
1737	3492	70
988	590	88
1810	1908	41
1343	2751	33
2069	2883	88
1671	2577	284
1145	1369	72
972	5536	55
616	4624	405
407	3806	56
1301	3669	70
768	3431	56
968	780	452
955	1401	352
1314	5181	41
564	1876	55
938	1017	374
1564	1470	72
89	2322	74
325	4004	43
1095	2304	17
2231	1435	33
2273	353	77
543	1942	11
1504	399	324
529	267	54
782	598	32
924	1614	37
31	816	225
1663	2940	403
1276	752	55
295	1088	42
559	4614	42
224	469	34
1158	215	275
723	4644	106
165	727	112
232	293	362
331	1045	205
1900	96	70
541	271	55
142	244	94
1211	843	39
1074	4721	171
662	796	38
706	2447	380
1083	26	306
1020	976	72
1682	719	53
1536	93	275
1343	4722	277
712	1199	70
671	665	42
1745	1944	171
208	83	189
564	4134	42
1023	2116	43
1148	717	106
1725	5121	266
59	197	53
752	5126	71
824	200	161
41	196	42
2175	2231	296
2014	620	11
139	769	312
988	3510	39
689	2455	23
239	5448	42
421	840	39
1158	421	142
741	955	40
2086	4203	330
1277	1330	456
598	317	233
1243	44	275
398	1120	69
1727	4049	171
1140	792	43
646	31	55
863	1435	33
1204	1665	302
1173	2954	369
910	151	69
160	2929	242
1682	2002	208
1532	3303	96
178	2146	106
418	542	171
542	264	114
792	446	180
548	627	173
331	24	78
296	5466	42
1012	1363	59
185	2394	275
416	131	144
197	4286	277
1978	2079	91
395	2833	54
1322	435	302
89	1998	11
2158	3123	54
51	985	88
1046	270	88
1057	627	173
1008	2458	70
849	1575	41
314	1907	69
1480	435	302
1795	233	81
991	1233	106
996	3187	457
99	1032	72
488	173	53
1025	4657	274
1293	298	363
700	642	363
1969	3829	298
1086	2952	395
1831	1550	71
1360	1486	88
1506	2732	275
1699	472	284
2032	2665	225
617	84	88
1095	3174	18
830	71	70
1625	147	452
76	96	70
88	898	78
1752	905	369
667	4845	117
1126	780	452
938	4887	23
1540	335	32
131	4451	92
5	3861	56
145	556	324
812	480	189
1353	1374	43
559	762	24
488	890	136
2195	4023	41
1585	1557	71
936	4441	131
1404	301	70
586	28	11
235	1682	9
935	905	369
860	587	69
41	1776	187
1157	1938	11
486	4002	8
1219	278	456
778	3650	188
761	1597	69
1263	4933	70
31	140	71
1066	4468	88
776	5174	56
392	399	324
973	4839	283
1398	110	42
857	1248	71
405	2178	32
1514	4742	391
187	521	41
1159	3661	9
1790	115	41
1752	4312	369
823	178	48
870	375	54
198	3120	83
1173	14	385
70	3521	96
1224	75	88
1569	5415	464
1142	1573	284
2184	1821	463
113	616	40
833	1062	456
821	763	142
1208	4267	245
1208	1526	56
634	1229	275
263	298	363
126	1250	11
142	152	70
622	2358	462
1439	3221	205
402	3229	72
2018	2287	150
194	992	56
85	3567	277
596	2428	18
548	2304	17
260	1237	71
817	14	385
1621	2452	362
1647	110	42
1456	276	315
218	271	55
77	1897	42
1144	1599	332
991	1	74
2171	1930	443
1348	251	362
127	500	43
769	2076	464
769	357	278
1153	96	70
973	2886	302
45	261	317
934	1210	93
1317	3242	87
1269	1296	71
652	2407	4
988	233	81
359	891	53
2188	440	404
1023	2449	70
2298	619	72
483	5557	43
1153	1641	72
1066	5447	367
542	1899	70
1686	4363	304
257	4442	72
1054	634	270
1969	138	403
698	48	41
1725	3767	23
1002	175	103
794	3895	91
2255	3861	56
472	67	70
1449	175	103
2085	3180	332
73	1095	395
488	1624	296
1515	634	270
250	2694	158
15	966	90
2142	743	360
1628	81	33
562	26	306
61	1836	71
1313	688	55
2303	626	231
204	1037	397
619	305	71
242	317	233
299	752	55
1008	3218	258
506	1691	72
1158	5055	369
1545	499	43
264	1045	205
1328	302	315
366	158	456
2055	567	332
132	500	43
672	3830	369
435	3122	88
42	227	71
1609	28	11
1063	1971	88
1244	4254	452
508	4530	69
245	655	284
530	2278	78
2283	21	273
466	874	72
244	4082	70
542	548	88
338	1674	324
772	3065	166
394	2024	88
1370	3466	236
57	1823	30
2087	288	55
1727	1284	2
350	1047	205
482	2275	358
690	5372	377
634	137	78
1578	2378	456
1345	3989	302
1645	2972	71
1168	781	43
1962	771	88
710	271	55
1313	2455	23
1529	312	420
489	5191	324
818	28	11
561	233	81
1094	5514	119
263	1240	464
1310	2036	332
418	137	78
2191	357	278
330	3874	53
581	2144	283
373	204	69
1122	3711	374
1603	2953	88
954	3846	385
204	521	41
1529	2612	205
1656	1981	332
1950	3426	277
723	1253	284
952	399	324
982	1314	302
1171	894	37
1467	1120	69
988	780	452
841	303	218
1343	2290	71
91	2515	403
70	781	43
108	1975	56
357	1435	33
127	71	70
63	709	88
375	655	284
478	2241	84
1288	1765	70
566	658	302
1065	5047	70
216	1710	56
1750	461	70
335	5312	363
139	1917	433
549	1045	205
1966	26	306
906	1045	205
467	3144	158
1577	1073	70
1064	3762	306
954	3871	30
2119	378	208
682	665	42
887	3426	277
1819	4026	88
211	2559	88
1520	28	11
1159	815	11
537	8	474
717	297	70
1283	696	56
399	1176	88
1130	3081	403
728	4777	460
752	1422	71
1902	970	71
2021	514	40
1110	4197	277
1374	16	42
422	262	270
329	84	88
1101	1425	56
2194	5292	273
265	1250	11
750	877	72
1677	567	332
5	1366	302
144	84	88
243	1325	107
446	4847	109
818	1982	306
804	1309	465
307	1732	70
1902	438	284
617	26	306
1359	1488	1
1140	1670	205
2078	447	332
1639	786	200
945	482	71
858	175	103
1566	1816	71
269	900	41
158	417	306
1243	3658	373
2115	357	278
50	1145	32
1179	1095	395
1419	97	69
1098	3776	352
1805	2022	179
147	1753	72
1382	1277	143
699	578	221
331	2322	74
1145	1090	72
909	2016	24
1607	2346	72
1016	4946	69
2209	343	136
851	2773	71
1948	14	385
435	4006	309
794	1102	91
945	3507	136
1054	446	180
938	575	62
1485	297	70
269	2376	55
568	488	71
807	3727	72
2061	569	11
1316	1005	285
214	928	54
1192	3320	116
1017	411	199
1271	330	55
412	1913	231
753	317	233
495	446	180
2235	358	55
930	3326	191
1533	1059	456
338	3426	277
1170	5032	42
761	865	72
1404	5433	362
372	658	302
807	4418	43
1004	438	284
722	2399	54
1298	2058	205
791	3859	138
1922	799	245
1100	3885	56
1532	251	362
561	1041	309
647	3744	284
1685	4135	82
1166	361	70
109	1977	86
712	2523	41
160	76	90
598	2154	187
996	4236	332
1222	1471	28
195	921	76
263	3156	96
1860	1226	317
1297	3015	111
546	3908	30
694	276	315
660	567	332
422	2074	71
1555	1253	284
769	447	332
297	2415	56
2111	4843	56
376	1939	9
135	4814	187
467	1442	88
1219	2036	332
2070	161	37
1219	1248	71
582	3493	11
1162	294	340
646	1718	11
1390	4789	362
2304	1361	72
429	1699	170
1647	1014	354
1342	1379	472
982	4071	449
316	1412	43
1016	69	112
1236	1893	240
1390	416	91
72	97	69
807	5463	332
387	4263	69
2248	215	275
296	654	88
608	438	284
973	524	70
150	120	88
1623	5489	71
1333	2062	41
224	971	42
1760	4678	257
1440	477	85
2190	1816	71
887	2137	71
369	281	56
646	329	189
482	435	302
621	2605	196
1299	67	70
254	129	417
298	2627	56
376	2085	54
706	3253	70
908	1272	106
66	276	315
596	575	62
784	2627	56
952	71	70
420	26	306
1067	2984	113
1606	4172	56
1052	4709	284
1021	4066	55
1773	1830	39
539	2316	46
92	1850	40
1335	3897	212
1081	2373	420
830	1983	270
524	3008	56
1194	124	257
1201	2439	396
1023	3691	277
376	1054	88
2301	5495	95
312	2478	88
466	1592	284
486	1551	71
1900	245	54
1136	5295	39
742	67	70
1344	4481	267
387	852	12
1169	647	43
185	4050	171
717	4347	56
1744	3969	402
2083	5262	70
139	3503	70
579	144	55
595	3426	277
207	1055	385
218	1686	71
1219	447	332
452	781	43
1678	28	11
459	303	218
776	3002	55
1199	71	70
65	204	69
752	1907	69
735	326	42
789	3655	259
2190	8	474
550	28	11
769	4724	456
1322	2573	302
589	177	96
783	2308	46
1902	399	324
507	236	70
2164	3222	204
821	4391	302
2126	2157	88
1695	3284	353
1007	1276	43
1159	411	199
777	476	88
1644	3868	70
1101	1641	72
667	574	62
1403	317	233
1016	195	88
1194	2351	257
2194	113	71
968	123	104
450	2872	32
2175	782	251
1731	4059	277
1592	3970	337
1980	2656	11
107	3006	23
1131	4398	103
1498	14	385
489	1145	32
1577	1123	71
1008	182	114
622	2064	72
899	2709	70
239	3959	32
1227	75	88
1783	399	324
901	3183	0
1394	2380	93
1418	3199	180
455	69	112
2224	4644	106
1750	2996	41
1492	5	159
1852	567	332
1084	1623	56
1171	497	189
958	135	72
1778	4103	171
1145	2440	137
318	2098	42
789	55	381
58	2045	55
1318	2564	27
887	2327	106
1205	396	136
1227	4249	306
684	955	40
1066	3618	81
69	4410	302
477	1140	24
1271	524	70
89	97	69
1325	1514	88
1069	4916	71
17	1878	77
1139	4500	159
1042	5492	269
938	2728	110
318	2315	63
142	2085	54
1149	5072	56
1153	321	189
888	3943	103
1353	0	462
539	838	56
367	2558	90
1153	39	71
915	4335	29
1565	766	77
596	4425	213
818	98	69
144	2360	103
564	753	41
1426	3202	189
1404	1003	302
96	1070	11
224	378	208
172	4977	70
412	1809	83
845	3943	103
74	409	189
1719	197	53
2217	71	70
266	1153	96
431	3566	88
1110	528	251
58	719	53
70	372	302
266	1262	72
646	517	362
135	2812	71
1145	512	356
969	2911	88
1197	3820	284
408	1873	42
514	1069	69
53	4394	42
1211	1045	205
973	920	76
1021	538	54
887	251	362
1275	2107	376
1131	14	385
1124	3441	317
68	210	360
1156	4430	75
719	4197	277
1280	5507	42
967	4018	88
969	2261	87
863	177	96
823	1614	37
103	574	62
1434	2419	403
496	605	8
359	1840	88
1396	542	171
764	5119	46
285	1308	456
422	1257	72
813	1663	55
1468	84	88
1226	568	70
2191	396	136
291	2410	42
1752	469	34
450	648	56
483	4193	277
1764	497	189
1217	618	71
1853	5269	205
1417	1913	231
1409	5228	72
690	5096	452
1833	709	88
139	452	88
706	2091	306
870	567	332
647	727	112
294	574	62
1623	692	435
835	3426	277
960	297	70
792	1893	240
140	3400	273
173	1637	414
88	255	284
615	1045	205
1689	4289	317
1647	1408	134
1492	1245	74
1169	113	71
1309	4697	450
617	75	88
162	607	42
279	1550	71
1264	1145	32
1101	2823	55
140	1845	162
1515	800	186
456	2144	283
878	627	173
619	213	332
1497	244	94
7	163	110
395	130	193
91	220	88
344	294	340
1137	276	315
752	175	103
89	491	11
49	201	55
1159	463	91
899	4431	96
237	560	106
512	1641	72
1023	1895	55
752	1409	11
1259	4806	315
496	117	43
1890	4082	70
1280	378	208
2278	312	420
1138	381	38
245	3419	24
933	3426	277
1561	1296	71
451	930	405
712	776	70
890	3106	137
407	4269	23
764	997	69
129	765	77
1522	3172	452
1394	936	360
1552	3198	30
169	1123	71
1271	732	212
637	1284	2
87	35	43
429	4398	103
1443	760	56
485	1045	205
594	100	306
1513	2911	88
899	2606	11
741	966	90
1991	210	360
904	4425	213
451	1179	270
1492	17	267
378	757	114
1087	1059	456
1406	3507	136
1902	692	435
1210	357	278
359	1503	70
1601	5077	270
1594	4072	158
1215	3305	106
549	3733	108
839	1416	71
1762	5213	274
2026	81	33
1235	173	53
617	4593	33
1335	2802	39
1177	82	12
1150	251	362
1016	1	74
369	137	78
830	3489	71
1169	3903	292
1184	262	270
745	1999	302
1084	4263	69
701	147	452
1061	2360	103
548	1647	238
1366	2144	283
325	113	71
1354	1836	71
1741	4322	11
617	902	61
929	719	53
1172	439	9
787	524	70
126	5326	456
2217	801	106
1404	210	360
2222	2665	225
24	2310	55
2104	3419	24
658	2708	205
774	632	270
361	1764	106
1101	144	55
1217	1449	74
656	446	180
975	727	112
1136	776	70
468	4722	277
1505	226	102
1471	81	33
271	1690	69
1511	2128	88
1109	5335	189
1280	2360	103
994	3995	30
405	120	88
5	1547	184
2194	590	88
44	4908	11
1220	3492	70
2230	34	55
1789	1695	88
1754	5063	56
86	207	31
698	1998	11
66	4875	294
131	4006	309
112	1801	33
153	1276	43
1696	1535	55
38	607	42
110	1469	41
588	86	23
1008	619	72
268	2344	56
642	3732	198
257	26	306
1922	446	180
1543	4656	43
1560	3222	204
380	914	56
570	468	294
1077	642	363
701	2392	452
466	752	55
693	3321	142
1277	1248	71
372	1611	14
1500	404	32
1315	727	112
1308	378	208
785	2905	71
53	2698	88
2085	1309	465
1458	499	43
873	1445	81
1325	1372	70
798	3280	69
148	787	362
114	267	54
1003	204	69
990	1998	11
1146	168	53
1606	288	55
268	31	55
1379	914	56
1742	2058	205
1085	360	332
1644	3253	70
988	4219	70
804	3152	69
51	1070	11
234	1139	336
1046	603	54
983	497	189
73	1862	11
1354	144	55
1843	721	88
730	3607	106
416	5504	72
1008	115	41
326	96	70
1175	1937	23
1158	1569	232
1567	820	70
57	1358	70
612	3620	33
622	1059	456
247	604	136
395	438	284
1575	96	70
1568	590	88
1153	1584	55
450	100	306
156	819	39
154	2838	90
752	4592	332
165	1777	55
746	820	70
1013	838	56
1630	1191	91
1979	4862	324
1075	1911	116
465	1784	317
395	1974	77
999	37	142
496	3540	184
481	766	77
135	69	112
1010	123	104
1325	1276	43
642	135	72
1698	5408	77
172	2778	31
2197	147	452
1924	4829	411
1575	5088	284
395	2025	306
2224	315	31
667	2900	443
1587	261	317
369	4426	405
1013	5220	162
1139	1908	41
1776	5469	71
989	769	312
842	147	452
752	982	56
958	3901	69
1278	3888	104
1186	84	88
1865	766	77
15	34	55
1307	2216	275
123	2286	70
489	2073	9
206	3697	56
1063	4033	284
794	4175	9
357	1553	33
227	982	56
1313	378	208
1766	16	42
1404	1413	31
1024	3718	452
1095	4421	56
1616	3574	11
706	3525	259
635	2130	97
877	123	104
526	482	71
482	97	69
1916	5	159
1311	4788	48
1065	350	88
929	348	89
1290	1967	317
625	3492	70
1394	3507	136
1023	2300	56
652	28	11
1716	2644	31
674	100	306
1151	1918	309
1962	473	228
1789	658	302
1394	313	118
245	2296	78
1325	252	88
1823	399	324
972	1765	70
988	1777	55
1795	4051	270
33	1351	56
2060	469	34
211	4299	55
713	3418	220
1364	28	11
525	2244	56
1150	709	88
647	2501	262
608	2894	443
1394	891	53
2284	497	189
285	723	88
824	100	306
1130	315	31
944	3204	97
1137	1501	156
1228	778	142
1054	4283	31
634	204	69
192	315	31
1953	346	39
1722	439	9
537	3309	452
671	857	11
1137	4670	277
1141	312	420
674	213	332
942	75	88
1638	2248	72
411	1261	116
43	1948	334
467	1899	70
372	2991	205
730	132	56
1349	100	306
1221	1333	46
197	1901	332
1538	4512	386
2187	2697	135
656	827	275
1214	399	324
1416	4937	171
1638	663	362
416	435	302
354	1505	32
1752	987	136
66	771	88
584	488	71
1007	386	200
1221	4444	464
1042	0	462
1011	1716	70
2246	1907	69
1267	864	302
91	1341	88
476	2005	159
1040	204	69
132	3728	9
1052	492	14
2185	5580	306
1278	5529	403
295	97	69
1055	1225	456
388	483	205
126	135	72
1524	732	212
1184	1814	33
1409	2826	73
1324	3665	275
412	840	39
396	478	70
1564	2309	70
503	1200	71
592	4639	93
346	4888	113
1153	654	88
988	2787	23
66	137	78
55	399	324
1449	4547	32
466	2968	54
1068	579	65
1405	1861	158
101	1500	70
1306	28	11
1144	1621	72
154	1205	31
1321	96	70
429	1335	47
614	605	8
1815	587	69
2036	1645	88
1545	1034	69
1412	3711	374
154	837	422
1227	1689	56
788	120	88
1137	3829	298
2101	489	158
369	3375	275
96	2985	171
2194	3915	82
33	1250	11
1885	4706	208
1188	2646	275
508	113	71
81	5467	302
1642	224	110
765	1811	11
225	3078	41
637	5405	96
1838	3945	33
2125	777	453
872	2632	363
132	1276	43
395	96	70
57	23	43
362	902	61
433	1824	43
63	2866	69
287	2399	54
191	2891	42
822	4682	82
520	210	360
2208	2560	205
1140	4302	56
999	4193	277
774	1247	205
2268	1	74
440	44	275
1052	806	107
1035	2937	358
2224	3081	403
603	4530	69
552	291	362
2136	4374	452
453	2687	70
2298	1333	46
360	1069	69
183	497	189
1847	456	86
997	75	88
552	418	285
981	4944	11
552	482	71
964	2061	23
1437	4650	352
488	2439	396
1567	3734	55
1428	1543	32
1959	1201	270
806	139	252
1106	87	275
483	3265	306
350	469	34
1155	1814	33
662	357	278
256	72	71
698	1879	96
1442	4536	30
631	2964	106
1810	75	88
38	90	80
667	872	72
278	1291	3
1286	1330	456
460	4738	212
486	2272	42
91	152	70
1315	658	302
1351	312	420
500	5061	64
178	2741	71
831	215	275
115	3266	88
1409	1282	4
1033	1977	86
933	4886	456
1387	379	69
166	856	56
906	135	72
635	2408	9
642	100	306
1287	2971	302
1142	434	72
1459	2766	103
814	533	42
955	1255	302
1095	382	85
2181	215	275
1950	5321	136
1685	2115	88
1320	700	71
263	1311	457
54	3404	336
1148	488	71
1545	5219	70
113	1719	23
1247	973	91
1924	3340	391
616	378	208
1158	1720	421
1469	2073	9
81	3090	71
1617	2336	472
646	646	302
639	771	88
1796	1155	32
449	28	11
860	96	70
1924	4381	96
1615	96	70
496	3700	327
381	315	31
865	97	69
340	5334	93
84	1154	43
45	1253	284
1980	75	88
1226	2665	225
1212	435	302
574	1624	296
1227	2308	46
272	811	21
935	1695	88
686	1011	71
202	647	43
1924	4099	160
1181	1069	69
1611	4026	88
421	70	71
1571	147	452
1383	839	385
2102	4197	277
1246	1964	56
682	3441	317
416	1538	70
708	26	306
1499	435	302
84	3624	5
1017	1225	456
888	4870	88
372	564	90
130	71	70
1481	3426	277
380	1045	205
483	2774	55
902	14	385
539	28	11
1441	87	275
708	872	72
512	4144	23
835	1996	70
1281	234	31
1567	946	32
171	1679	411
997	2976	294
1634	5325	332
930	2348	257
253	5076	96
1547	210	360
873	1261	116
303	1373	362
1833	4418	43
1842	1536	46
723	1193	115
45	351	32
1180	1296	71
850	1379	472
159	204	69
746	2151	214
692	752	55
255	895	55
1298	1435	33
1021	618	71
131	959	56
1494	5482	138
778	1548	42
445	3394	70
1644	3609	275
407	1767	47
2116	748	42
1077	438	284
1226	153	25
74	3635	71
748	4082	70
1378	4663	456
1418	1804	367
2050	721	88
1937	4402	70
239	430	42
1271	2368	70
202	4426	405
968	1082	66
1540	1385	32
1102	2995	443
693	1665	302
1158	4886	456
1067	2419	403
1038	396	136
765	245	54
316	533	42
1780	756	403
1152	5055	369
1220	3088	231
489	2999	31
1614	1006	284
908	2698	88
1221	3348	42
1090	4189	183
8	280	72
529	192	42
2119	1562	24
1327	461	70
1068	215	275
1025	2352	84
1237	26	306
241	2158	389
690	399	324
9	3987	72
968	4723	92
1094	828	42
482	2251	20
1455	201	55
132	710	88
2224	338	105
1106	959	56
1271	210	360
440	2794	452
126	843	39
281	1893	240
541	2156	409
1174	753	41
749	3941	184
462	313	118
108	4770	55
1044	2739	31
197	213	332
1987	2894	443
903	1899	70
1232	567	332
486	2719	23
1547	158	456
226	873	72
51	380	42
359	3085	9
1759	17	267
1157	4328	11
386	1569	232
497	3239	37
1010	4603	82
361	244	94
1439	1771	212
89	2455	23
988	3584	103
1430	801	106
614	1944	171
1950	1294	373
706	397	88
1911	2301	31
1496	395	184
45	1803	11
1808	1100	238
646	190	43
1332	4530	69
995	4072	158
37	1724	41
1212	5093	139
1020	2041	317
512	5050	26
2022	5	159
632	736	385
749	3540	184
944	902	61
145	1296	71
1853	4422	290
168	843	39
835	2200	54
608	2527	448
1487	3805	395
1632	2833	54
1310	4685	69
794	244	94
807	363	275
69	2434	27
2039	3342	70
982	3927	136
40	187	231
509	3081	403
431	2813	466
564	5104	23
167	3066	72
892	497	189
789	3671	302
564	3426	277
194	1553	33
105	578	221
613	890	136
863	91	37
813	4440	18
806	113	71
2309	2308	46
1461	927	11
1271	5426	259
1773	559	32
67	2621	39
1106	565	20
1727	4758	199
565	3393	53
349	1309	465
2105	755	56
434	766	77
542	4337	88
808	161	37
204	460	24
672	529	11
870	3427	55
2114	835	311
1361	1630	70
94	1	74
657	3355	55
157	1733	53
616	4029	56
1019	4322	11
257	3852	70
1804	3008	56
1145	4741	212
466	4167	412
1243	2197	9
1370	3447	43
2220	121	32
565	1937	23
1531	358	55
271	859	171
735	620	11
130	173	53
1732	1234	88
667	31	55
304	820	70
1587	700	71
968	1034	69
1579	2188	90
730	5050	26
1230	1711	70
1633	1974	77
1221	485	106
1402	1209	306
465	3689	467
786	2955	70
1130	3448	295
403	1913	231
249	3292	354
1532	24	78
1065	3612	88
256	285	317
255	1212	142
217	399	324
107	2789	358
145	611	112
285	4697	450
318	1779	33
982	936	360
156	1450	74
508	2711	72
224	28	11
1651	4905	103
833	4742	391
1025	402	24
169	2118	56
906	1878	77
2203	2732	275
1383	4199	346
158	692	435
1463	4531	347
1255	2449	70
1234	217	205
1466	5218	117
1990	3672	302
765	41	275
1267	20	1
977	1199	70
797	1470	72
863	161	37
1630	1062	456
374	5203	72
129	607	42
453	1711	70
995	1261	116
1101	4081	55
1364	485	106
1810	124	257
1138	2617	452
806	3253	70
1115	4430	75
1412	3758	70
1133	732	212
285	2392	452
157	144	55
1325	1359	70
491	26	306
1638	20	1
2304	1182	205
1965	5404	88
1677	1547	184
1139	2480	90
706	52	362
892	252	88
1356	399	324
1540	2978	88
806	1547	184
395	314	31
776	201	55
59	4370	9
391	2908	189
397	2476	70
1627	1694	71
91	284	306
1201	4838	70
1186	4843	56
5	315	31
778	2455	23
392	3356	184
512	2903	42
2246	439	9
1201	3175	467
1788	57	146
511	1711	70
1299	1533	72
1540	4652	382
1872	4808	453
2294	567	332
1847	3716	42
1394	863	259
157	1250	11
1853	1495	245
853	90	80
265	210	360
1146	561	39
1220	245	54
560	4298	41
1622	5452	385
1396	2955	70
160	3112	71
536	469	34
512	3125	245
297	1758	441
33	3471	32
606	75	88
840	804	69
616	3426	277
1811	2325	158
1069	4237	277
1313	571	47
449	1901	332
357	4055	56
236	483	205
1007	526	70
1480	646	302
1656	99	88
944	855	148
859	620	11
1406	1905	31
1869	1730	56
791	69	112
229	4036	72
646	1592	284
435	825	42
1041	913	352
1211	1984	11
1988	438	284
630	4418	43
66	117	43
579	2859	55
1759	113	71
332	2140	302
789	107	70
1424	3022	88
1410	3537	452
467	516	358
131	2244	56
382	1478	96
1168	288	55
160	2115	88
1078	4373	464
798	5139	385
1750	117	43
2207	67	70
1301	3931	33
1139	1199	70
386	3338	8
807	1086	91
1397	288	55
250	891	53
0	1102	91
698	3920	56
2025	843	39
497	436	283
789	3335	9
363	17	267
300	446	180
465	554	70
38	890	136
51	3385	88
1215	2563	181
629	280	72
1143	1613	39
350	1246	56
1140	905	369
1447	2107	376
1173	3381	72
2253	567	332
1154	3990	89
1739	505	214
579	438	284
797	1771	212
77	3654	32
1630	1375	462
619	1045	205
946	5329	284
1943	399	324
1334	112	70
480	2038	90
860	2712	69
1141	1754	71
1317	227	71
1310	4284	171
788	4380	23
528	4240	11
1639	1709	408
323	4586	56
653	2869	184
95	1045	205
305	4779	71
935	791	230
1121	820	70
374	5	159
869	1983	270
2136	2297	157
1791	4867	205
1198	482	71
511	655	284
1142	189	41
199	1684	56
1182	1711	70
265	411	199
975	1450	74
593	1546	184
1454	760	56
70	5128	71
1796	354	71
1828	279	119
1347	485	106
310	1508	309
798	1651	11
325	376	53
935	1544	245
1250	3520	32
1343	4508	56
829	4232	46
424	1905	31
921	135	72
434	2848	201
51	1808	70
2113	359	56
1657	856	56
1334	747	43
1170	4905	103
431	3562	443
239	482	71
596	2238	204
114	2156	409
204	2068	56
885	589	88
604	752	55
1236	226	102
952	747	43
1887	1291	3
1153	151	69
2105	4558	69
897	1154	43
516	786	200
850	4254	452
113	2408	9
690	378	208
1434	135	72
248	714	31
1268	3155	452
1859	354	71
840	1695	88
1969	4927	162
1026	1231	205
198	72	71
39	2261	87
1177	3969	402
947	26	306
1064	4110	404
265	3528	362
1692	1982	306
332	1209	306
1096	2715	9
1132	1212	142
1562	1618	39
1081	727	112
395	28	11
1052	1711	70
2196	1704	373
1515	1612	212
1849	1614	37
777	4506	70
2164	31	55
1243	439	9
1713	561	39
210	67	70
2109	288	55
845	658	302
1201	830	116
553	26	306
249	204	69
1200	766	77
435	1604	53
1034	4036	72
730	1109	347
1533	1711	70
300	3	70
1021	2272	42
1819	1145	32
1870	1619	306
269	5103	74
564	1316	88
400	854	70
1206	2810	205
870	4701	70
634	333	11
994	1045	205
169	2116	43
1768	4618	104
1419	3945	33
413	276	315
1719	569	11
1010	5215	102
59	180	452
991	3426	277
642	3918	70
2259	3900	97
2208	1436	171
1518	395	184
1397	2622	275
395	1747	306
1950	158	456
988	4843	56
1499	1259	259
434	2760	302
1321	67	70
1794	3615	56
2076	1876	55
105	582	277
582	1220	337
880	1253	284
1151	4540	347
168	1226	317
50	4968	43
106	2598	23
813	792	43
1413	1137	28
1296	469	34
604	771	88
70	1738	56
1021	135	72
833	5529	403
781	1305	185
435	891	53
2045	1868	88
1540	5151	24
500	2674	253
24	3659	136
413	1352	70
190	1723	31
730	306	42
1244	1730	56
219	312	420
643	112	70
1675	254	284
1404	1154	43
1137	1095	395
1159	469	34
813	982	56
770	135	72
1179	938	88
772	2025	306
256	414	358
402	2789	358
225	526	70
1193	439	9
1076	321	189
1149	4864	189
786	219	267
2066	4826	71
1698	646	302
1278	4233	277
1034	4441	131
580	31	55
140	754	72
390	249	88
488	1351	56
2042	1283	5
1382	124	257
516	843	39
670	3825	284
2008	465	54
643	588	88
647	1704	373
718	905	369
899	4779	71
1187	1652	83
1482	1838	23
1562	2652	88
1575	1091	42
1280	4668	369
1610	2526	315
1576	714	31
2195	3575	11
489	2261	87
1500	3624	5
1502	697	332
2047	215	275
316	3077	50
633	79	32
416	936	360
834	2542	245
1034	1028	10
1701	75	88
1436	5023	294
845	399	324
335	1858	436
2061	3773	69
584	276	315
186	447	332
840	1784	317
1469	790	70
1653	4010	367
1434	3058	157
586	3555	11
586	616	40
387	1638	171
609	4162	74
1776	1406	70
553	514	40
291	2307	95
1234	182	114
847	1018	374
2274	1154	43
28	2040	70
281	1	74
4	1519	88
416	592	41
1902	173	53
749	195	88
395	2635	72
616	472	284
1560	888	56
372	4752	11
646	4686	443
1997	1352	70
606	927	11
723	31	55
2060	709	88
1327	763	142
305	5161	299
912	439	9
368	2592	11
359	1907	69
1154	85	87
11	39	71
366	2120	42
1199	1493	205
1362	195	88
1256	4900	398
1269	826	88
305	557	110
2191	138	403
2020	1213	364
334	4020	278
43	96	70
114	1796	49
450	1250	11
430	542	171
1124	2350	365
2184	3460	456
61	1011	71
644	147	452
332	2465	362
593	4369	271
1323	1114	120
91	508	189
1152	3693	72
1208	2087	270
451	1674	324
1299	191	56
1551	210	360
586	2344	56
614	1735	24
1644	3549	112
779	2636	306
647	4573	42
1180	618	71
171	3537	452
255	2675	33
1155	359	56
1035	1341	88
990	894	37
1627	3239	37
110	463	91
140	468	294
1708	461	70
818	2143	257
2184	818	446
745	3532	62
180	1445	81
1773	399	324
1456	304	158
1752	135	72
168	70	71
1511	4641	162
1269	5044	9
185	1189	306
1142	3276	98
515	1915	205
512	1445	81
70	1006	284
1685	1493	205
1586	1225	456
2209	125	303
437	484	71
292	3088	231
671	26	306
1487	4056	69
435	5457	106
327	1277	143
2314	67	70
632	1095	395
730	555	2
1029	471	99
840	67	70
630	411	199
2	318	56
713	187	231
61	620	11
906	2958	88
850	297	70
1205	3450	64
807	2293	325
698	1544	245
2087	5218	117
768	392	70
1471	2881	70
21	84	88
58	120	88
1624	481	69
1277	4620	472
598	4407	55
1124	2656	11
360	254	284
92	1907	69
1066	1630	70
921	2897	69
609	297	70
114	5429	154
567	1712	72
1193	2560	205
1953	1248	71
1149	3294	257
609	1450	74
579	1550	71
1439	4741	212
564	3950	69
1051	1643	205
968	4173	403
1049	783	56
1139	4058	70
1561	4	72
1491	1153	96
592	3148	55
1608	3703	266
618	957	43
618	476	88
930	3607	106
1573	3312	86
128	526	70
1378	3941	184
224	1098	448
1283	4759	277
2236	1511	404
1248	173	53
1841	317	233
1366	438	284
1983	537	171
806	3492	70
546	1691	72
1309	1045	205
83	218	70
2222	578	221
1498	100	306
791	77	314
1506	3276	98
985	1843	70
0	820	70
1426	3032	294
1924	158	456
718	36	137
1745	438	284
856	4197	277
25	2069	56
1680	4277	31
930	497	189
204	75	88
1086	4050	171
628	491	11
845	180	452
35	71	70
350	632	270
241	2285	33
999	2550	56
1135	395	184
1783	2203	23
811	4564	281
1847	563	90
788	1939	9
1268	1330	456
1023	4798	31
172	932	76
1704	880	451
789	2403	55
126	467	77
1282	26	306
1442	3547	116
1579	790	70
1339	626	231
375	3294	257
2126	2166	56
1383	1358	70
140	1020	340
1727	680	302
761	170	11
542	252	88
1122	304	158
887	658	302
1816	1274	141
1167	5123	332
452	890	136
2033	1222	184
179	532	41
566	3068	284
524	391	88
99	230	71
2086	414	358
1327	1913	231
505	416	91
45	514	40
90	178	48
2127	1333	46
285	135	72
57	760	56
153	26	306
695	2911	88
688	446	180
978	2700	136
524	248	11
839	113	71
1773	4053	162
857	820	70
1410	0	462
924	1036	23
2109	646	302
1487	863	259
224	1099	53
541	1712	72
2044	453	55
560	1507	315
1515	100	306
485	67	70
1177	2056	52
1606	3033	456
2093	3456	257
1564	760	56
1301	1169	55
70	3552	112
968	439	9
1029	3430	261
523	766	77
1690	1342	317
584	1968	88
1990	67	70
168	1978	88
968	760	56
944	4335	29
495	1330	456
482	4886	456
39	210	360
1657	3934	56
1339	2141	257
1485	1623	56
33	3606	441
477	1257	72
1170	113	71
437	532	41
535	2477	119
1379	509	403
1298	1503	70
906	5120	257
988	2101	103
824	1178	62
40	1847	43
1350	2543	189
1589	1225	456
1097	1902	54
14	1767	47
827	4436	74
1492	2239	239
1012	1316	88
694	4636	69
485	138	403
1310	639	11
510	3291	206
1018	2780	72
290	646	302
813	850	83
1020	204	69
625	569	11
412	1203	458
335	1212	142
646	892	70
1338	3277	448
1140	96	70
278	1185	377
502	312	420
1654	659	283
191	5505	117
1573	1841	69
2185	3497	31
327	786	200
1177	185	136
77	428	452
1657	1665	302
1365	113	71
1094	136	134
2211	4652	382
620	5148	293
783	3677	46
1038	5084	366
1651	4489	103
260	1157	31
367	152	70
1854	1156	9
1220	3	70
194	799	245
1525	2920	184
1615	434	72
395	720	88
470	3957	32
954	484	71
2158	4367	70
456	981	55
682	416	91
1200	3	70
506	674	284
272	447	332
1138	290	379
579	3079	55
1334	2989	70
957	658	302
141	1818	358
1339	64	172
1586	1072	433
386	2188	90
256	615	270
797	3345	77
686	632	270
1944	4730	357
599	4452	72
1492	1804	367
1318	2973	70
1570	620	11
448	98	69
685	315	31
1743	2559	88
316	3858	55
710	228	42
306	2425	235
1247	5150	41
830	781	43
1282	122	138
612	1129	86
402	254	284
1150	163	110
1208	31	55
525	439	9
386	3459	162
1924	2630	392
326	2988	266
2159	1248	71
206	339	55
175	3036	284
878	776	70
258	5554	72
212	330	55
1525	26	306
647	518	70
1440	335	32
2100	2363	236
816	24	78
1491	655	284
1968	1816	71
1054	3404	336
1306	158	456
272	395	184
752	776	70
512	1536	46
1137	2012	72
625	3038	55
59	417	306
1978	563	90
298	3	70
688	1042	69
424	385	31
44	164	11
568	1532	171
160	1479	313
1567	1036	23
1327	567	332
1002	763	142
1150	2378	456
1189	71	70
1186	1330	456
1349	861	284
208	578	221
234	2056	52
1324	3877	294
944	1936	306
687	2282	151
1542	1237	71
1130	1043	16
1417	28	11
44	91	37
1834	255	284
1458	658	302
2109	67	70
1211	204	69
1467	1300	237
352	5050	26
353	5065	277
98	982	56
12	521	41
268	367	55
1382	4996	56
1242	1296	71
1630	1057	456
1288	2680	31
386	438	284
614	4358	284
697	4934	245
2108	504	56
1671	3460	456
314	1017	374
1443	702	119
1400	201	55
1449	1612	212
456	3345	77
830	4802	32
1089	3705	88
783	575	62
1134	3830	369
676	497	189
1246	5377	209
128	901	42
266	273	41
1786	618	71
1579	250	70
988	54	55
59	3705	88
80	1385	32
712	176	11
1342	113	71
548	973	91
1152	362	70
178	185	136
466	2099	112
49	100	306
2	560	106
1523	1586	284
1342	1711	70
477	1405	69
208	4728	255
227	1118	88
1344	778	142
1412	4183	60
1235	872	72
870	5053	40
586	1284	2
45	1005	285
1652	138	403
1021	2425	235
1610	276	315
730	3508	88
1065	2038	90
831	312	420
1333	28	11
1306	1421	55
571	67	70
778	4265	74
1500	67	70
821	4165	171
290	26	306
1671	1711	70
1390	100	306
310	81	33
1194	438	284
1912	3487	88
524	1855	53
1016	358	55
296	67	70
1805	716	235
92	1044	56
823	2511	296
107	2430	96
489	1162	117
1786	766	77
748	1294	373
2189	2912	307
1699	1395	425
134	60	128
617	468	294
1199	4966	267
260	1232	56
66	204	69
1300	378	208
1035	2040	70
1827	2419	403
2055	447	332
1531	210	360
1546	732	212
277	1073	70
1103	24	78
1168	1259	259
1435	5039	317
974	3895	91
1130	2799	284
968	593	111
1722	4003	33
763	1219	212
1161	3040	102
1861	4511	443
1309	839	385
1142	1273	166
1614	677	258
1450	2346	72
791	163	110
969	838	56
426	271	55
647	1016	374
300	4248	42
1716	3002	55
1052	3426	277
1205	1038	160
1186	4530	69
1956	44	275
1133	931	74
2058	158	456
2202	1257	72
933	5416	230
30	185	136
516	2763	88
1529	2560	205
1007	780	452
1847	1033	53
1061	4032	385
2247	198	55
690	1072	433
1915	438	284
96	529	11
2001	94	55
789	1314	302
113	696	56
1374	55	381
673	5422	70
642	5403	306
1192	255	284
1182	2111	324
137	1677	385
1268	1599	332
1566	97	69
247	97	69
1578	395	184
712	1232	56
1790	1398	106
655	4317	83
2193	180	452
1335	4027	37
1180	4683	204
735	3060	31
772	1323	315
1764	2546	345
2303	318	56
1560	2228	369
698	2531	88
1537	1725	90
1815	2698	88
527	4267	245
1159	5069	283
1066	4706	208
1689	1248	71
1847	3803	56
1554	1308	456
1025	1086	91
688	1913	231
2208	2524	122
1273	251	362
13	1597	69
1420	435	302
1187	3487	88
53	611	112
1133	1404	72
334	709	88
1058	500	43
328	306	42
599	288	55
1614	273	41
516	727	112
506	3137	71
553	2275	358
1614	1199	70
1812	180	452
813	81	33
406	2627	56
1119	3943	103
1103	780	452
898	2206	32
272	3921	56
1371	1311	457
616	1257	72
896	1575	41
33	1105	451
1348	1816	71
332	134	306
1522	110	42
73	801	106
191	2413	200
1229	936	360
613	315	31
580	1623	56
1471	2046	55
0	2160	8
353	607	42
1469	2179	324
646	250	70
1224	588	88
948	3032	294
1054	4197	277
160	593	111
845	1003	302
968	209	55
1428	3193	23
791	227	71
831	497	189
112	613	112
394	1450	74
741	1630	70
1277	75	88
1524	5077	270
887	2238	204
1063	3623	171
73	4253	78
1595	1803	11
1020	135	72
235	524	70
1700	3124	306
160	399	324
413	1075	414
2130	158	456
1046	3021	41
1023	2911	88
748	4180	88
0	939	41
1444	2751	33
830	4202	72
1052	3021	41
1497	630	166
21	593	111
357	185	136
1965	5453	259
1404	138	403
453	3192	88
1647	1040	369
466	2752	32
1034	2778	31
1449	60	128
809	399	324
1247	4164	70
1131	100	306
173	158	456
860	3426	277
386	613	112
1063	4008	464
1855	36	137
788	1952	31
2183	1573	284
1153	208	31
1220	1036	23
387	1450	74
263	226	102
688	1486	88
949	200	161
2203	362	70
1441	3368	189
662	1827	23
1188	96	70
1643	1054	88
1735	500	43
286	499	43
1611	2791	332
741	2803	11
1344	2988	266
1121	4626	11
752	305	71
847	5503	294
399	1114	120
1922	2775	186
1457	2709	70
1882	26	306
786	1077	389
194	135	72
426	524	70
789	674	284
1743	448	452
621	1537	284
2225	2993	269
44	218	70
1174	5310	258
1607	158	456
2001	361	70
1282	843	39
1637	2255	467
570	786	200
667	38	142
1472	113	71
1023	201	55
80	4451	92
185	2169	358
50	3980	88
2283	932	76
1647	439	9
1328	752	55
1684	5096	452
245	1711	70
1361	2954	369
412	704	383
1438	1045	205
40	4325	56
1727	244	94
1356	2799	284
869	399	324
73	869	42
1048	2251	20
262	3095	80
746	197	53
1220	2744	70
699	3350	301
1510	3319	72
1301	3702	48
185	1220	337
1224	3324	300
198	67	70
1069	135	72
1348	2735	43
1486	480	189
1233	3881	303
45	5038	41
179	2966	72
682	819	39
186	4370	9
676	303	218
388	2612	205
1382	26	306
1180	3401	205
1277	26	306
1698	370	72
298	2193	43
1587	4254	452
711	2529	54
167	1907	69
979	1249	11
1568	303	218
529	370	72
1017	317	233
1884	3168	259
1486	16	42
488	1347	43
1382	1079	95
85	2507	70
1291	2977	208
1298	96	70
39	2078	42
947	1198	55
463	3021	41
171	3085	9
516	429	42
954	5426	259
1153	514	40
609	408	71
419	2360	103
74	1419	158
1688	1907	69
1900	2721	100
316	2738	31
1585	176	11
66	1550	71
548	484	71
684	898	78
458	1596	302
1459	3897	212
1394	100	306
1037	497	189
369	1920	424
1103	1962	70
2249	4836	183
446	1174	414
241	182	114
24	83	189
873	4026	88
39	4187	106
1418	414	358
348	660	71
1349	780	452
2106	4742	391
2217	4670	277
596	1233	106
221	776	70
1018	1045	205
357	727	112
1187	2833	54
1367	362	70
550	1423	42
2260	2667	280
1535	760	56
1749	768	106
269	2903	42
1795	2942	117
2192	567	332
673	1035	31
1088	1711	70
591	318	56
769	497	189
1275	286	306
547	1233	106
1021	4393	77
381	3464	66
625	5060	71
999	5308	77
1583	4540	347
30	1982	306
2115	128	358
9	10	275
1454	3859	138
588	311	41
893	2569	192
1363	1742	69
1171	71	70
954	632	270
407	3463	23
123	288	55
2050	161	37
1158	191	56
542	1968	88
2196	784	72
1965	1936	306
1188	158	456
509	421	142
1922	1409	11
1277	416	91
667	1842	69
2059	5237	33
1270	700	71
1008	379	69
2212	180	452
1057	4706	208
372	902	61
1849	891	53
2026	2757	43
1746	586	86
427	3373	55
966	1744	77
603	3593	88
833	96	70
1421	446	180
487	556	324
1219	468	294
66	39	71
1691	654	88
1146	1614	37
845	2619	332
706	315	31
393	113	71
378	1211	177
1704	2894	443
572	71	70
51	255	284
1325	1816	71
1148	26	306
1277	3358	283
1136	705	275
489	666	23
1090	4610	184
1209	135	72
1269	1466	42
389	1623	56
639	3328	11
1352	1191	91
422	446	180
1500	1174	414
1267	2728	110
135	480	189
497	4002	8
699	686	8
359	96	70
634	400	158
369	2612	205
1805	173	53
1118	2588	10
227	3085	9
1045	24	78
160	98	69
1218	178	48
328	2276	64
1404	4268	363
369	642	363
2216	387	401
2175	2455	23
564	268	53
535	385	31
515	1866	83
0	3897	212
2085	360	332
323	4633	70
1846	2628	18
974	158	456
257	2459	45
1792	2627	56
359	1529	270
1383	159	11
1224	215	275
316	1426	42
300	776	70
1865	5501	72
1977	5202	23
1607	96	70
1565	363	275
1030	1681	205
52	1391	104
287	3206	94
874	3045	158
1202	91	37
1529	1793	418
156	4935	405
219	1045	205
1095	4781	22
1400	75	88
510	1507	315
2215	4996	56
1276	1719	23
1244	87	275
2224	4013	53
123	987	136
426	1754	71
646	3893	104
650	3751	304
1067	3390	273
485	2272	42
1067	850	83
264	613	112
1205	2589	270
1859	2285	33
1083	224	110
232	372	302
1319	1264	54
1220	203	70
1510	1713	353
1170	471	99
1585	3025	408
833	4189	183
19	45	96
761	538	54
1075	187	231
56	271	55
244	3762	306
1215	2415	56
1280	914	56
1338	5236	454
2102	590	88
431	2816	56
1247	417	306
1311	2955	70
1209	378	208
548	3748	425
33	317	233
998	210	360
1228	24	78
1364	5146	130
719	1993	230
1170	414	358
712	1303	77
107	1108	88
864	69	112
1727	2389	88
287	1318	24
1064	3108	74
558	618	71
1012	2641	306
1343	3216	71
1186	1884	264
105	2092	88
938	766	77
1512	133	200
1350	2155	30
655	658	302
395	2267	70
960	813	445
1128	1226	317
186	838	56
1420	399	324
1481	4908	11
1034	25	108
922	497	189
1588	5469	71
359	5212	467
1513	1922	420
542	310	124
1467	341	23
690	446	180
386	3725	57
1103	554	70
806	620	11
1103	727	112
968	732	212
899	4041	70
786	1841	69
70	388	414
1394	399	324
1575	562	43
960	2668	25
752	4228	56
616	1753	72
1211	3981	55
387	758	332
616	2974	404
1150	1125	273
1212	446	180
290	418	285
130	98	69
1325	1438	33
1782	542	171
2183	514	40
569	468	294
357	500	43
678	586	86
444	839	385
1275	116	306
539	3585	88
1054	2912	307
672	1274	141
1502	4632	273
927	618	71
389	180	452
1181	3153	40
105	3600	70
1072	1352	70
38	2253	467
482	2473	70
1466	2491	113
656	215	275
944	5391	31
285	1057	456
972	2327	106
1084	220	88
2022	646	302
135	28	11
107	438	284
38	1463	88
515	2500	205
1796	466	106
1235	432	11
1042	5308	77
386	1586	284
2273	4047	66
1310	1537	284
592	1773	56
84	1628	233
713	480	189
1513	1711	70
570	2647	470
465	316	88
1657	3121	464
549	376	53
1316	4377	171
542	469	34
985	51	306
182	118	21
216	518	70
352	1597	69
472	438	284
1052	1998	11
194	2763	88
584	697	332
1169	4557	56
634	288	55
1735	3152	69
1092	67	70
646	251	362
801	733	88
921	839	385
763	656	184
1198	3877	294
1136	2895	362
446	1252	72
466	395	184
743	1114	120
387	1663	55
1811	4734	46
1342	542	171
2058	1225	456
946	484	71
1108	5530	291
530	1174	414
1010	576	104
1590	3959	32
789	191	56
278	763	142
431	1597	69
41	1535	55
1337	4123	402
1536	14	385
1227	768	106
348	24	78
1422	480	189
1431	31	55
1817	786	200
902	1838	23
160	1583	87
1577	776	70
1282	1194	88
1182	499	43
1409	828	42
1406	5025	102
492	4748	323
25	28	11
512	977	56
761	4319	291
2014	1886	72
881	2039	87
1833	2873	87
255	4508	56
1008	215	275
1179	4003	33
1211	3047	190
9	206	315
1315	3360	362
395	1209	306
229	453	55
152	3311	99
234	3104	69
804	2445	88
1468	1500	70
564	299	56
1070	1523	270
690	3309	452
820	244	94
282	100	306
978	676	77
1142	3165	395
67	1900	284
1255	4490	70
190	688	55
1531	1173	144
1440	8	474
255	1134	229
1128	5067	277
537	2527	448
2253	2894	443
1629	3155	452
626	1709	408
191	935	112
90	378	208
813	1413	31
45	1707	67
1972	603	54
1247	81	33
201	1024	419
478	2239	239
116	1259	259
1643	1045	205
898	1269	54
1049	1501	156
270	2830	55
230	3100	53
632	1802	41
1436	4197	277
416	3936	55
873	2344	56
641	3040	102
930	1276	43
673	3015	111
2139	1568	385
1394	97	69
526	911	180
1352	2276	64
224	5057	207
985	3188	456
1927	2877	284
394	3302	70
680	357	278
1221	572	46
892	4029	56
1221	732	212
331	1363	59
197	434	72
1236	3159	205
1465	635	106
450	521	41
2175	44	275
451	2058	205
2314	1341	88
1269	1226	317
2252	4534	368
43	475	56
1370	2644	31
1632	634	270
278	2381	11
1688	3559	23
1815	524	70
315	590	88
28	1112	88
465	1118	88
1248	567	332
2001	765	77
340	2665	225
522	2632	363
1230	4528	54
383	2591	74
1019	2198	5
996	4931	208
1513	1409	11
531	1118	88
798	1379	472
482	1137	28
1383	87	275
76	4033	284
1812	447	332
1412	2866	69
870	830	116
1205	44	275
1724	1117	32
2192	3426	277
388	4532	408
179	4706	208
542	830	116
1625	1294	373
530	959	56
2288	96	70
1281	4881	103
2246	34	55
555	688	55
898	5496	136
462	3559	23
1250	1071	37
495	271	55
769	439	9
2231	434	72
850	395	184
789	144	55
938	567	332
426	592	41
134	2563	181
698	951	69
316	2286	70
180	3184	205
37	2691	149
525	1030	259
2044	2420	272
450	2213	70
898	3072	72
731	684	39
422	71	70
63	2509	369
860	646	302
682	4445	39
1672	360	332
1168	71	70
790	5399	88
251	1203	458
906	1858	436
1244	749	69
946	3881	303
806	820	70
2264	322	88
279	1374	43
150	798	88
952	3324	300
944	417	306
1233	385	31
440	2752	32
1653	735	385
93	4996	56
506	4037	72
1050	1711	70
598	3565	88
5	1554	298
920	439	9
27	101	220
791	201	55
1375	1575	41
2292	5467	302
1288	3499	302
580	1013	34
966	161	37
1077	422	284
1316	1078	42
1143	288	55
1345	2193	43
144	1063	72
450	1084	56
813	117	43
434	471	99
1143	1294	373
296	2997	23
675	3252	77
1859	3938	88
1234	446	180
12	776	70
1249	1010	86
1737	2985	171
1818	15	42
51	1533	72
2215	755	56
322	1423	42
1102	4912	456
1306	929	226
456	1261	116
1651	902	61
353	1199	70
193	379	69
1409	4102	32
911	4679	43
2066	3342	70
360	2903	42
0	946	32
1469	2594	9
1409	4185	42
375	2419	403
1412	4263	69
761	2320	70
667	379	69
430	1145	32
1845	150	330
2068	1429	54
126	4843	56
1150	1073	70
1447	1109	347
860	1995	56
740	2459	45
706	204	69
966	3644	136
1294	1918	309
387	4216	395
933	567	332
617	4081	55
364	81	33
690	0	462
714	3973	473
646	1670	205
1877	4982	257
809	3733	108
89	2296	78
1594	158	456
174	3638	70
1310	766	77
475	100	306
1124	1069	69
2255	175	103
2220	5237	33
1569	251	362
340	129	417
373	4328	11
634	435	302
256	1237	71
1734	1893	240
1865	877	72
1759	3426	277
2210	1935	71
713	3834	189
51	482	71
169	260	11
598	138	403
9	567	332
54	3500	88
1972	4835	299
933	776	70
2186	298	363
629	3053	23
1234	399	324
310	4146	55
1339	379	69
1876	585	11
1186	2458	70
113	3852	70
887	288	55
542	4558	69
586	570	71
1359	4007	88
564	2934	31
1035	485	106
288	2950	191
843	1045	205
840	2898	71
310	3022	88
24	1606	72
1529	774	467
113	544	161
2040	692	435
1291	412	385
1594	1225	456
1025	524	70
1731	4382	224
1051	807	23
313	5136	332
1332	158	456
1737	2574	117
1145	1547	184
2003	2771	31
1025	2114	55
166	469	34
171	1492	240
1546	3040	102
439	1245	74
41	2479	9
623	1450	74
712	4172	56
1310	651	332
1320	4460	363
1281	5403	306
1691	3764	72
890	1059	456
968	5417	453
1110	4835	299
605	4586	56
1038	4472	294
1712	3858	55
1546	3839	34
1236	446	180
408	2432	136
559	241	32
1221	3020	69
110	2980	209
1571	5164	315
680	4197	277
1159	1413	31
437	3059	56
564	3885	56
978	626	231
1289	450	88
739	584	88
956	1965	9
2016	1296	71
1236	1489	267
733	5285	261
885	1582	72
548	2058	205
171	1599	332
1262	28	11
194	589	88
1244	1829	55
1078	2076	464
988	1195	70
1125	5052	358
634	1345	88
1457	93	275
1377	2360	103
1316	3728	9
1244	399	324
804	2712	69
2203	2721	100
1965	2480	90
77	709	88
557	0	462
706	832	306
686	215	275
1737	2925	11
1196	1624	296
1317	2098	42
224	1205	31
641	1441	151
2125	1018	374
1363	4931	208
657	2367	78
1298	2366	205
408	1449	74
847	843	39
1458	2002	208
1137	3426	277
429	226	102
489	1296	71
1454	2755	284
1246	2824	14
769	28	11
411	216	70
1392	5279	66
1434	820	70
555	471	99
698	4265	74
51	4121	277
846	141	56
440	760	56
842	1307	481
558	4664	91
1168	5423	212
2053	747	43
1371	832	306
1566	542	171
40	4498	44
21	1330	456
746	5113	32
1271	323	37
1570	607	42
1252	93	275
1966	2339	302
435	1	74
2171	12	466
462	1538	70
859	3017	69
2214	26	306
849	67	70
835	75	88
653	3175	467
1084	1767	47
1803	4916	71
185	3287	403
80	5192	91
2223	4074	198
791	4028	43
2170	500	43
362	399	324
570	438	284
1783	116	306
778	3333	42
1301	4149	209
2132	2197	9
1383	1163	207
667	2875	452
380	1611	14
1336	1660	138
255	1215	88
1322	24	78
628	379	69
1366	2141	257
381	1816	71
185	3801	112
482	1184	391
1166	3271	63
1796	227	71
708	727	112
968	1296	71
297	483	205
1139	2997	23
1229	4106	70
966	3062	56
1395	3002	55
323	3426	277
748	435	302
647	763	142
778	488	71
616	3173	213
2203	3295	332
1142	75	88
1173	5139	385
318	2193	43
1135	113	71
89	2599	30
757	3380	88
12	23	43
616	4085	55
1651	2398	51
96	492	14
432	690	56
1168	3033	456
1228	1196	88
224	4395	70
1269	3370	429
807	714	31
1170	5049	11
1075	839	385
1234	2803	11
584	4367	70
587	2029	85
416	392	70
875	3426	277
2258	2058	205
1981	4886	456
1244	3581	205
621	71	70
1033	120	88
1344	632	270
1322	357	278
129	1257	72
1525	1547	184
616	138	403
1434	3709	337
358	3817	41
565	1779	33
388	799	245
395	1673	325
1533	2535	443
378	2408	9
1273	5326	456
1301	16	42
1383	902	61
906	4308	138
1205	5555	251
1487	2197	9
1008	760	56
746	163	110
1215	639	11
1373	1261	116
334	4151	277
793	4174	259
1858	438	284
138	2047	216
2216	721	88
1409	4983	51
1576	4427	245
1204	4856	284
1463	97	69
1708	2972	71
1758	2265	411
1269	1624	296
1186	755	56
192	1028	10
833	175	103
338	304	158
107	138	403
1580	1593	41
1859	2798	302
748	213	332
586	378	208
1476	4410	302
718	67	70
1602	434	72
879	215	275
96	524	70
158	4609	55
1140	4589	81
1282	1220	337
542	2136	175
373	1450	74
593	1045	205
129	1174	414
472	3142	71
1095	3670	70
846	3014	96
85	2860	106
1984	438	284
314	1356	77
1142	786	200
359	1421	55
1210	518	70
27	104	5
1331	3537	452
1299	1248	71
99	603	54
194	647	43
1564	891	53
1357	4735	284
194	2563	181
3	2036	332
859	481	69
565	4340	41
552	1747	306
1096	569	11
1282	619	72
730	567	332
1500	100	306
1239	135	72
1187	1738	56
1102	4510	405
730	313	118
1799	2027	71
1034	276	315
1192	3655	259
1357	1712	72
711	4346	62
917	1884	264
107	28	11
1983	1886	72
534	2751	33
211	700	71
919	843	39
1637	4282	275
165	461	70
1515	5488	72
364	1560	56
661	439	9
944	4788	48
1074	988	136
2078	3537	452
647	338	105
856	204	69
1698	484	71
285	3795	457
1487	3972	284
1937	5167	70
794	1557	71
15	31	55
610	439	9
30	1751	452
123	4060	69
1471	3504	70
1556	1676	385
764	290	379
1259	3601	294
1082	1309	465
1286	3606	441
540	1840	88
1841	2175	10
331	3434	176
1607	362	70
565	3	70
1889	483	205
688	3419	24
416	416	91
305	3248	336
37	605	8
986	1633	95
846	2205	77
2215	2140	302
862	528	251
2120	435	302
1420	763	142
1698	2691	149
148	2391	206
1663	4971	465
1824	436	283
673	936	360
1068	1217	184
1840	113	71
96	658	302
1456	1738	56
818	2140	302
221	1897	42
1840	567	332
1110	890	136
965	839	385
1349	517	362
548	5159	70
960	2058	205
256	1967	317
996	3426	277
1430	26	306
954	663	362
1155	208	31
530	175	103
9	1230	275
892	784	72
672	204	69
367	1719	23
535	1113	456
2230	1711	70
2125	4486	374
203	771	88
1171	329	189
655	1671	71
1529	3624	5
1012	2801	53
116	658	302
435	599	32
720	438	284
414	603	54
1058	300	55
488	461	70
1056	1134	229
13	1063	72
1520	414	358
1287	417	306
1146	1407	53
212	2229	24
62	1711	70
1476	4025	363
730	1198	55
1567	1145	32
564	1104	56
682	1388	275
1440	399	324
126	1241	413
632	299	56
185	1116	189
474	878	56
411	1010	86
1325	2636	306
1222	1203	458
24	482	71
1522	1821	463
1409	161	37
243	2627	56
466	2023	354
394	4004	43
1038	5087	81
1038	2302	452
746	1754	71
2001	181	71
1797	438	284
1939	244	94
1352	220	88
1786	2372	287
1205	1502	71
347	4887	23
1243	4469	9
1663	0	462
185	952	69
446	136	134
374	1641	72
1836	4144	23
139	1409	11
548	1949	99
1025	1031	42
154	1799	55
1925	271	55
778	3199	180
1138	341	23
107	2328	99
1597	4638	207
416	3492	70
1434	3325	403
114	1095	395
1600	3061	11
51	2723	70
245	24	78
855	36	137
1152	1135	302
1158	288	55
1307	2491	113
811	2150	263
224	140	71
538	747	43
1197	1131	71
1255	567	332
1442	266	88
847	2755	284
1021	1965	9
603	2704	88
1628	4695	404
915	67	70
1697	1297	306
496	5	159
1806	1193	115
895	576	104
146	778	142
1545	3631	88
576	2373	420
1408	1330	456
938	3129	96
972	1413	31
326	5057	207
216	3378	41
1080	469	34
1520	1019	404
564	2061	23
988	524	70
408	210	360
2249	4725	184
466	288	55
422	1885	327
1439	3595	184
133	1685	55
172	753	41
2003	3829	298
574	3427	55
566	2754	302
989	3093	43
512	3429	56
969	3096	69
1218	723	88
603	2798	302
791	1013	34
1334	5089	56
597	484	71
1246	2244	56
87	5108	55
288	611	112
2152	244	94
713	71	70
70	1367	284
1269	4509	283
1481	215	275
1801	2438	176
1566	1212	142
1814	4812	74
1643	1154	43
194	32	31
586	288	55
564	270	88
899	1929	403
939	135	72
1627	1113	456
96	786	200
1175	559	32
954	2750	212
682	100	306
105	136	134
954	508	189
1462	549	76
952	234	31
1158	1325	107
616	3369	42
1314	497	189
1181	2200	54
1969	1779	33
1352	771	88
1322	760	56
418	4407	55
485	2029	85
552	471	99
361	3148	55
960	902	61
837	1674	324
289	1049	135
2026	4428	30
1036	2308	46
582	411	199
67	1141	119
1494	2639	56
1762	4228	56
150	2261	87
271	5074	31
505	4063	12
359	2198	5
2183	537	171
57	276	315
482	990	32
1153	2458	70
1419	44	275
667	1936	306
1016	3184	205
1432	4288	331
0	914	56
1146	2443	11
1959	1045	205
158	1028	10
1032	1777	55
227	2198	5
65	592	41
1719	20	1
132	1838	23
1922	84	88
1220	26	306
227	99	88
540	696	56
91	138	403
880	2799	284
818	2718	71
2055	883	56
1268	780	452
1244	4669	56
1849	28	11
276	97	69
1534	443	71
1306	2901	452
1233	1290	302
429	97	69
1841	5534	43
1213	75	88
288	70	71
1668	4564	281
1060	70	71
462	2681	77
1307	4486	374
574	1608	9
459	2148	136
172	825	42
366	3015	111
1419	4	72
279	500	43
1048	1530	70
1896	4621	332
1180	1215	88
1750	5341	9
126	3537	452
194	497	189
340	2764	55
634	175	103
126	5212	467
346	760	56
143	2061	23
2050	735	385
1241	97	69
1691	4606	267
1394	2193	43
395	1492	240
1327	4673	71
265	26	306
1985	3348	42
1818	2512	357
733	3559	23
285	257	70
449	180	452
1640	3893	104
1859	4510	405
39	931	74
622	3592	259
226	113	71
388	752	55
2066	4488	450
373	620	11
149	4420	284
545	500	43
1930	2373	420
2157	266	88
139	1157	31
613	620	11
1409	1033	53
1383	837	422
1535	2809	262
542	712	86
1393	5078	189
978	1816	71
495	32	31
853	1248	71
1608	1145	32
386	1095	395
2215	1225	456
813	604	136
1805	3021	41
202	4843	56
21	4722	277
1574	3834	189
1733	1646	237
17	341	23
829	28	11
2246	3075	23
556	28	11
1354	567	332
334	1928	403
871	2567	31
1217	2142	257
219	2534	136
1185	589	88
1564	4398	103
266	1255	302
877	1965	9
241	244	94
286	863	259
1491	1763	302
720	4029	56
1494	411	199
2175	439	9
1668	1045	205
704	1045	205
436	1843	70
1386	3654	32
2306	135	72
598	2717	217
1485	1248	71
66	364	456
978	2669	286
1663	1675	72
1831	1433	31
1328	1516	31
2164	67	70
564	3127	467
2072	825	42
2057	411	199
964	2344	56
2254	3248	336
516	855	148
1737	1090	72
2079	4197	277
519	310	124
636	5541	33
326	695	369
856	135	72
1485	471	99
1500	1706	85
1394	969	51
1700	2076	464
376	2126	70
239	2812	71
933	590	88
968	4273	70
2031	5036	302
568	423	88
1370	2360	103
516	3788	200
1741	4755	39
1201	1093	72
1418	3426	277
2217	3253	70
1019	370	72
655	3162	232
517	3874	53
318	310	124
1130	1463	88
1327	1718	11
204	120	88
1291	2221	87
2028	3369	42
1247	646	302
1046	1998	11
803	457	73
34	709	88
1031	540	96
1140	28	11
1140	360	332
562	4410	302
414	504	56
1978	378	208
1218	4280	88
110	5027	43
115	497	189
551	2009	72
2130	210	360
524	279	119
988	1787	11
144	727	112
350	1045	205
1584	903	11
951	3940	138
272	2633	87
754	4418	43
30	2912	307
1235	1835	72
1095	3039	41
403	392	70
388	692	435
431	1399	88
1699	994	284
542	3002	55
20	64	172
1277	658	302
1580	4701	70
1394	687	88
1861	1178	62
2209	100	306
508	2627	56
1544	2105	275
950	204	69
903	3828	205
63	1182	205
735	590	88
1184	3700	327
1643	1915	205
690	1131	71
1985	901	42
1750	228	42
2119	747	43
1733	3336	191
1359	1893	240
995	1206	71
1217	517	362
565	584	88
778	632	270
1905	5018	88
1291	1574	269
1268	3385	88
1150	438	284
1965	2122	70
2050	3638	70
894	775	194
123	1415	88
1743	1296	71
478	1248	71
113	2336	472
253	2905	71
269	2493	11
524	2890	116
408	987	136
304	587	69
2047	2609	20
1998	1199	70
521	4255	42
1053	1757	433
314	2557	32
206	3004	87
2071	399	324
1854	4197	277
1209	208	31
1401	2142	257
813	618	71
813	439	9
1920	4209	257
482	1132	55
1617	180	452
1751	523	70
1373	1210	93
1465	2246	72
1607	358	55
938	1826	42
465	3044	40
809	3200	71
927	4071	449
382	1465	142
2014	1518	70
676	96	70
405	2675	33
979	756	403
102	565	20
18	81	33
256	1227	184
411	618	71
1795	1764	106
244	418	285
1643	5246	70
1336	3145	114
778	3354	69
1563	902	61
442	1009	70
988	360	332
1139	2213	70
1786	210	360
1138	147	452
1273	3033	456
604	98	69
845	1936	306
300	1296	71
185	3426	277
868	1845	162
603	3174	18
630	2159	74
1312	84	88
1065	94	55
43	3441	317
886	1711	70
1043	254	284
2161	3210	195
456	2455	23
1021	1296	71
18	41	275
1299	4986	42
804	1352	70
1647	2006	56
2203	1653	353
1083	4428	30
481	456	86
850	75	88
93	28	11
670	1900	284
264	3159	205
582	4060	69
208	1711	70
2076	741	70
361	97	69
1482	5314	260
389	771	88
776	1478	96
396	616	40
1021	996	56
1497	3424	55
899	2830	55
752	1997	55
1442	1744	77
340	36	137
586	1250	11
1978	3033	456
1371	1059	456
383	3012	56
667	37	142
949	1201	270
687	446	180
257	5303	102
1124	1701	77
875	439	9
813	556	324
386	2687	70
1924	387	401
497	3457	332
2223	75	88
2048	575	62
1580	2706	96
954	161	37
378	24	78
1054	1571	205
65	326	42
194	2686	37
1531	439	9
1158	2239	239
115	1199	70
850	3073	72
2235	2501	262
228	4451	92
1269	2455	23
538	482	71
779	2602	171
113	2005	159
118	2046	55
504	1258	70
1196	1045	205
1571	2364	212
776	304	158
1036	96	70
818	97	69
1201	5021	72
1062	173	53
1136	28	11
2185	1154	43
385	1425	56
1136	1953	313
91	814	250
1184	313	118
1282	1248	71
510	3002	55
1838	760	56
1227	760	56
429	173	53
1706	2033	9
592	2774	55
1269	3794	176
1158	1562	24
808	379	69
1924	2465	362
113	2321	56
1340	2476	70
164	1937	23
1188	290	379
1070	439	9
797	1911	116
2007	135	72
1962	499	43
107	258	306
297	161	37
634	3375	275
1310	620	11
691	2459	45
302	3448	295
1296	4502	31
1185	84	88
1004	4784	88
626	177	96
690	123	104
1359	1283	5
1138	530	14
1462	1198	55
350	2233	400
778	5	159
952	5534	43
2188	846	290
837	3574	11
1265	304	158
1106	28	11
279	776	70
952	4640	299
422	96	70
33	135	72
863	453	55
670	75	88
413	894	37
1129	201	55
968	4066	55
1950	5349	39
1273	3537	452
1171	288	55
988	565	20
266	658	302
1580	776	70
1121	2635	72
806	706	28
148	143	71
886	3926	70
1301	1195	70
1273	3460	456
71	4564	281
984	2415	56
1746	100	306
1501	3586	55
636	201	55
354	1507	315
96	366	11
674	1618	39
667	1636	200
845	914	56
179	199	108
443	4268	363
730	576	104
447	2936	363
973	251	362
216	2285	33
887	2299	70
731	480	189
922	1614	37
1623	3691	277
363	2547	294
890	2818	456
990	208	31
227	2434	27
1405	2262	85
834	1281	23
903	157	275
190	2216	275
804	4354	31
528	1623	56
424	643	382
2005	4302	56
615	3064	386
150	481	69
1232	96	70
232	2069	56
342	2781	245
777	323	37
66	75	88
114	981	55
789	3683	56
32	2840	54
588	3075	23
1294	158	456
558	2253	467
1607	2614	365
1179	439	9
1478	4120	277
2205	3128	292
172	3682	32
305	620	11
1733	4398	103
424	5410	54
1143	982	56
1722	5261	284
488	3679	71
1803	4518	71
1342	2139	31
1576	4950	88
1221	75	88
1069	266	88
529	776	70
489	2198	5
244	2189	302
1020	900	41
587	2384	71
1978	84	88
1066	1476	91
1575	229	69
1050	2955	70
147	3372	260
2	957	43
66	4242	184
193	323	37
217	2407	4
1981	4488	450
1060	2657	77
1413	2520	84
1695	1727	71
1438	4265	74
1586	1487	138
50	672	119
1722	2573	302
646	2617	452
1340	446	180
695	1572	11
639	830	116
566	73	423
796	4189	183
159	1205	31
74	1875	88
517	3082	231
159	2731	374
503	2728	110
477	4185	42
506	3171	246
1847	305	71
191	2613	33
171	2120	42
1152	655	284
1770	3426	277
697	204	69
66	760	56
304	569	11
815	4188	69
1179	700	71
1600	1145	32
1282	434	72
1739	1670	205
1227	161	37
1366	2877	284
682	5035	277
157	164	11
794	1834	71
2094	2519	403
2096	251	362
183	321	189
1560	3690	205
488	4402	70
1536	905	369
91	5593	337
212	963	373
411	438	284
684	1045	205
606	2535	443
624	901	42
230	556	324
2101	3624	5
1277	1271	42
1696	5054	171
536	2835	71
1143	727	112
1292	3615	56
1016	3909	56
1066	3408	11
161	3106	137
655	2838	90
1820	727	112
1576	87	275
652	1998	11
295	838	56
540	860	368
1564	1248	71
944	4380	23
1680	723	88
1216	4843	56
1357	3412	362
821	4856	284
402	138	403
1131	81	33
1167	2527	448
1218	4026	88
894	4254	452
1656	4674	32
25	2213	70
1144	5383	43
960	1111	72
540	4692	208
173	3002	55
389	191	56
144	1826	42
810	3805	395
359	3491	87
1798	697	332
1471	1059	456
945	3182	11
9	3985	20
1049	2922	184
174	68	70
646	4522	43
1138	1304	444
25	95	251
1515	4398	103
604	750	294
1748	1176	88
2258	2438	176
298	228	42
1084	3774	88
576	104	5
616	84	88
346	4553	42
2154	886	304
748	2394	275
1254	3426	277
847	120	88
73	3198	30
906	317	233
139	2049	88
524	167	59
386	1845	162
1849	564	90
988	330	55
1266	87	275
435	390	88
1054	2844	270
44	635	106
278	135	72
157	1438	33
643	1336	86
107	195	88
1205	3124	306
1473	1062	456
999	3005	448
247	453	55
1209	100	306
1469	4905	103
628	3009	85
503	1530	70
1154	1361	72
762	3426	277
1067	461	70
491	3025	408
2217	5486	404
536	524	70
990	4041	70
468	379	69
1361	4129	72
837	1279	22
2188	1650	88
1154	4226	88
414	2649	55
180	2860	106
1321	2140	302
2028	568	70
837	429	42
415	439	9
639	1816	71
867	210	360
1187	1321	54
582	1759	11
2208	2455	23
1582	776	70
446	2258	88
532	16	42
1345	476	88
1962	359	56
603	4566	284
776	218	70
289	929	226
135	723	88
1268	2794	452
1308	2955	70
287	221	181
390	617	71
586	1169	55
193	2681	77
39	415	70
361	2700	136
1404	284	306
865	471	99
409	2198	5
1785	1248	71
332	3881	303
1298	1351	56
90	144	55
2001	983	70
330	91	37
1323	5161	299
547	435	302
2217	752	55
184	101	220
1695	123	104
2070	366	11
512	1725	90
1461	14	385
1741	24	78
1354	379	69
1222	3530	284
2247	75	88
564	675	117
2015	5343	92
376	399	324
1907	3624	5
541	3005	448
431	230	71
736	618	71
302	471	99
432	70	71
48	3126	56
234	138	403
823	158	456
1522	290	379
516	26	306
1587	3273	332
1291	1810	205
1301	326	42
488	607	42
991	438	284
398	100	306
1410	2619	332
1294	446	180
1119	3222	204
616	276	315
1888	67	70
537	5421	456
21	67	70
1588	4197	277
51	627	173
1092	96	70
1454	4467	277
2184	841	56
1375	5007	70
489	515	40
1924	2800	9
1310	3806	56
435	2164	32
105	730	88
514	3088	231
215	4357	229
998	537	171
24	53	32
1450	2653	88
390	4739	9
1965	3020	69
2252	497	189
596	2405	64
361	1316	88
1142	1820	42
287	446	180
1394	1949	99
1732	103	85
1325	52	362
1806	411	199
90	120	88
769	75	88
1975	28	11
1109	2188	90
1025	277	353
1111	500	43
234	3426	277
433	2244	56
159	2357	426
1474	485	106
354	2955	70
2093	138	403
1804	395	184
1106	1142	294
1313	754	72
688	439	9
1143	1618	39
472	4135	82
1285	4841	72
944	399	324
1270	4555	72
599	743	360
43	276	315
1133	3686	186
1406	341	23
285	392	70
1270	995	302
160	303	218
1236	634	270
1406	620	11
885	627	173
337	3863	47
1493	138	403
1829	1063	72
1168	5075	369
1231	67	70
1205	1082	66
224	1101	28
1759	178	48
1742	378	208
395	1379	472
624	595	163
2183	999	88
542	2921	184
991	2299	70
1430	3688	88
1098	1075	414
1677	1230	275
562	469	34
2218	215	275
1158	179	77
1019	2493	11
1804	4567	88
1801	1045	205
885	439	9
894	202	315
541	1842	69
1576	901	42
299	5184	393
1395	1755	71
875	639	11
1186	3821	413
1081	1816	71
1004	2636	306
40	1690	69
302	632	270
947	213	332
1825	739	385
1576	1193	115
260	1236	65
387	5200	357
906	144	55
674	654	88
423	451	72
1103	3288	33
752	755	56
92	514	40
272	317	233
1227	5282	83
861	3894	104
1644	4914	55
269	1266	102
746	288	55
291	399	324
717	447	332
706	51	306
1283	2012	72
790	4041	70
1789	2443	11
777	1694	71
134	3426	277
37	5591	138
1273	4549	411
1741	138	403
1478	4883	275
1281	1777	55
1361	2751	33
2136	2940	403
326	1525	136
1922	4973	240
316	2964	106
597	1834	71
1727	305	71
2178	934	69
128	429	42
342	4287	277
1820	662	69
178	2248	72
1855	1081	374
489	932	76
363	1174	414
1268	447	332
258	747	43
1145	829	117
1057	229	69
782	1	74
746	1205	31
1371	5240	456
481	2266	88
1880	26	306
272	4057	24
2189	215	275
180	1348	205
1798	1276	43
1501	3592	259
109	399	324
1406	326	42
1151	4296	270
758	303	218
225	84	88
76	3530	284
2245	3009	85
1311	2803	11
1146	2258	88
144	1571	205
1707	277	353
583	385	31
482	1735	24
2119	4178	385
960	26	306
1704	734	452
9	611	112
632	2589	270
1362	2606	11
779	3911	259
1858	567	332
1712	1045	205
993	5042	237
385	4003	33
366	3884	42
1514	1711	70
1710	100	306
329	456	86
1471	654	88
406	2312	32
2026	98	69
979	3087	403
1719	1493	205
139	4018	88
144	3954	204
1624	4395	70
720	1225	456
330	2864	103
493	1962	70
315	2078	42
584	4154	42
1291	2589	270
778	974	70
30	1532	171
388	4555	72
2201	113	71
316	3464	66
1086	438	284
761	4415	87
1188	210	360
488	1593	41
140	1033	53
1232	2627	56
114	3694	87
725	982	56
743	1145	32
2169	210	360
1043	3955	284
1367	3005	448
1611	1145	32
613	1765	70
1175	4673	71
334	4383	277
435	2221	87
1404	3725	57
58	317	233
39	137	78
860	2288	88
2091	4003	33
348	0	462
1153	1383	70
1359	2308	46
1201	147	452
536	32	31
659	567	332
1623	411	199
595	3529	253
1295	2243	467
2290	1330	456
1515	271	55
2215	31	55
568	4367	70
514	75	88
1298	5501	72
553	1458	363
2183	298	363
204	97	69
1939	1962	70
29	1736	92
282	2737	28
1844	4634	56
78	1253	284
1227	622	56
1140	2766	103
2092	2798	302
790	4002	8
50	2692	430
1153	1216	337
496	84	88
735	484	71
183	2470	70
667	297	70
258	3142	71
782	3669	70
451	1156	9
1007	2618	72
537	147	452
272	32	31
691	3300	339
1406	976	72
1150	100	306
790	317	233
1154	728	87
96	4086	4
196	500	43
256	1019	404
1267	658	302
331	1250	11
1796	753	41
1383	4010	367
2269	839	385
411	1797	24
1678	215	275
1244	696	56
1277	2480	90
904	4722	277
186	3044	40
708	754	72
616	1679	411
1137	3542	184
1327	4726	296
1246	2556	456
2014	28	11
316	891	53
954	3752	88
616	3441	317
1008	341	23
62	237	54
382	1619	306
1225	654	88
1723	3271	63
340	1751	452
1186	1296	71
296	3093	43
497	2850	77
1337	3426	277
1454	317	233
1734	2238	204
2249	795	106
1844	1450	74
1149	4397	363
463	3004	87
1218	4461	184
3	357	278
1568	4656	43
172	2733	88
2191	4742	391
968	850	83
2175	237	54
1424	3010	142
1313	2237	65
802	2104	184
1281	483	205
1419	288	55
34	150	330
742	4186	56
88	914	56
1016	31	55
1136	180	452
1499	317	233
1576	2888	340
1154	2468	119
1566	658	302
211	1225	456
1816	2803	11
1065	535	41
149	620	11
512	3323	153
1171	330	55
813	67	70
316	1404	72
1306	734	452
1137	163	110
235	59	199
1569	3976	362
1175	1907	69
1050	447	332
1140	4527	212
1614	1829	55
746	4054	41
609	537	171
1877	313	118
1457	447	332
1267	117	43
586	14	385
712	281	56
778	326	42
411	366	11
1244	589	88
243	743	360
1671	3033	456
1767	1736	92
1418	5245	358
894	567	332
1012	2685	71
1051	542	171
1606	1787	11
512	3897	212
1459	1358	70
1643	5575	41
909	3173	213
1666	2810	205
287	4066	55
23	4558	69
448	837	422
830	4226	88
255	255	284
421	843	39
570	37	142
1291	1917	433
1384	4524	306
860	271	55
699	628	274
604	1102	91
1412	776	70
719	2102	423
164	1357	88
1441	71	70
271	901	42
1629	4654	136
622	3982	411
780	231	10
662	3913	141
2274	978	77
173	3729	43
185	482	71
1057	1178	62
394	5067	277
186	5181	41
1265	1016	374
988	144	55
413	2725	357
2283	973	91
318	3270	376
1305	4527	212
1515	395	184
322	1424	29
422	1330	456
1380	288	55
25	1720	421
1007	593	111
870	4435	42
1735	100	306
180	3159	205
911	771	88
930	1083	9
454	305	71
1219	758	332
326	4908	11
1643	3764	72
741	5487	96
1169	755	56
373	28	11
105	32	31
392	4469	9
357	2978	88
1844	2123	353
1462	5098	168
1038	2646	275
1374	2536	374
162	1248	71
1273	2957	369
798	778	142
1152	1592	284
1506	1134	229
641	738	453
1145	4245	277
769	1075	414
2311	1176	88
260	1070	11
2035	632	270
988	62	70
1989	419	189
1271	1086	91
1374	4743	189
1562	1708	383
845	60	128
541	786	200
1068	2647	470
1965	75	88
435	2316	46
660	3394	70
597	890	136
1456	399	324
919	2674	253
929	144	55
1751	303	218
296	294	340
1577	3568	96
1682	5019	55
635	1466	42
1789	5424	138
724	3688	88
761	669	77
831	1166	205
414	551	56
2263	456	86
192	2907	88
610	683	56
684	1061	467
1144	399	324
102	568	70
147	2426	55
305	1407	53
1585	4443	94
208	1261	116
41	1560	56
434	2854	56
215	752	55
1614	5036	302
1396	618	71
634	245	54
971	567	332
1523	234	31
1165	4902	131
160	3259	56
1861	5468	452
247	395	184
325	1189	306
616	820	70
1325	4367	70
864	3909	56
340	2254	452
797	4066	55
963	3701	70
918	780	452
761	1397	246
1069	3424	55
1556	5548	385
1315	141	56
1430	1918	309
1402	446	180
1600	163	110
1854	2359	236
562	565	20
917	1492	240
1930	1371	32
187	1645	88
2087	646	302
51	1530	70
820	1711	70
1794	1853	78
369	67	70
1827	81	33
1734	3434	176
705	173	53
162	1711	70
271	587	69
461	527	88
1542	71	70
243	603	54
382	2192	77
1395	271	55
1317	1421	55
1278	3893	104
790	4794	31
1227	173	53
245	1285	70
391	3813	425
107	399	324
863	5557	43
332	4002	8
1498	1028	10
870	2278	78
1442	605	8
34	1754	71
1301	233	81
1759	3731	277
388	1810	205
2260	3938	88
1627	1330	456
2008	1734	40
921	1045	205
1354	4512	386
204	1435	33
1225	954	30
2276	4215	277
33	2777	5
307	1968	88
1205	576	104
1450	1253	284
227	70	71
1196	2497	365
85	584	88
866	2143	257
271	1196	88
789	926	284
1232	3426	277
1806	655	284
1122	1695	88
783	1248	71
1282	4066	55
442	642	363
1186	1094	56
1216	395	184
1257	5275	472
114	1988	203
1301	357	278
626	1867	103
1207	905	369
1739	204	69
1386	97	69
192	137	78
1921	419	189
870	100	306
1246	1981	332
1598	2322	74
359	266	88
592	859	171
2093	3939	277
2308	909	272
2175	627	173
647	5231	425
1274	5317	28
313	2439	396
1577	5375	278
1309	210	360
435	100	306
565	417	306
272	2095	231
61	3070	31
1989	4120	277
160	354	71
186	1695	88
1007	1225	456
1210	3436	41
788	1559	86
1339	310	124
1283	3613	88
1064	55	381
1924	290	379
1507	5114	97
20	2342	317
1344	1248	71
1400	2254	452
762	982	56
392	471	99
71	187	231
790	1506	24
845	2682	472
1247	2429	76
194	3369	42
1268	1423	42
232	1984	11
158	315	31
2026	2211	31
479	3009	85
1623	5095	302
1371	2255	467
1359	5406	70
1227	704	383
445	4129	72
1166	4734	46
1621	1030	259
603	642	363
354	817	405
2033	1410	31
698	914	56
1454	3989	302
1024	468	294
1067	4382	224
995	26	306
794	819	39
938	1913	231
158	4090	23
247	2879	403
1179	188	201
1295	5198	405
2191	0	462
1146	4893	65
59	1829	55
1571	5245	358
168	1963	53
229	103	85
1385	1089	70
820	4720	11
1458	254	284
2183	291	362
360	2296	78
2028	87	275
656	3978	179
366	1925	88
1382	517	362
1700	5121	266
172	887	70
373	2268	42
160	1028	10
520	3230	235
1809	73	423
1211	2000	88
1275	4263	69
1428	348	89
1052	3936	55
758	781	43
1386	4752	11
1745	182	114
1838	1651	11
592	5593	337
748	983	70
954	3652	103
1827	457	73
226	3080	55
76	1450	74
1449	4853	14
1146	982	56
157	1321	54
395	1738	56
1016	453	55
1226	199	108
698	1296	71
2036	2000	88
1378	1727	71
300	335	32
1159	97	69
429	3426	277
1056	2022	179
853	1484	358
772	1418	72
194	890	136
834	2077	126
752	434	72
530	416	91
150	163	110
813	4060	69
1879	1120	69
1098	468	294
1409	28	11
1458	663	362
1168	4684	50
723	2344	56
1417	1785	56
380	5110	88
1034	478	70
1513	379	69
284	215	275
1506	0	462
1159	1686	71
1359	439	9
927	2293	325
330	1026	53
139	1625	71
310	1845	162
1422	3253	70
968	370	72
742	3627	88
405	1641	72
189	395	184
725	1065	88
1139	1870	40
639	3603	194
258	1461	403
2076	2455	23
1475	1467	71
458	4978	433
1779	113	71
113	604	136
179	850	83
1536	438	284
1443	841	56
206	1011	71
1257	2766	103
1058	710	88
1471	2653	88
598	4932	53
1137	1073	70
363	1056	245
1050	418	285
1689	5066	277
1658	2752	32
1438	1805	96
2080	1212	142
1523	28	11
523	2803	11
366	2779	55
388	3928	375
759	358	55
1459	71	70
1136	3200	71
1846	97	69
361	399	324
1224	2320	70
1728	3755	186
423	1896	43
817	877	72
1252	1660	138
1657	438	284
1187	1777	55
835	4556	171
1971	3906	32
489	284	306
311	100	306
1198	604	136
402	389	162
1966	439	9
2122	986	284
583	416	91
2216	75	88
1392	3436	41
2312	1045	205
983	44	275
635	978	77
742	3426	277
2001	723	88
19	44	275
1302	4643	465
245	1184	391
381	1617	39
373	484	71
119	766	77
350	2691	149
352	4522	43
2305	1920	424
818	655	284
1024	842	371
1143	34	55
1092	1174	414
67	2373	420
1775	1014	354
706	63	361
1359	1416	71
684	874	72
1961	1062	456
2032	4896	47
772	517	362
542	1153	96
1400	4688	56
212	1930	443
1303	4	72
1980	1162	117
1143	1623	56
1159	91	37
168	711	88
786	0	462
139	1711	70
667	562	43
1764	4093	167
2116	607	42
1390	2465	362
667	489	158
408	4340	41
935	2505	456
797	776	70
514	620	11
30	4005	350
2174	1059	456
1759	686	8
1268	3884	42
2247	14	385
1442	692	435
248	4816	222
1140	535	41
491	4074	198
1723	4809	209
1861	2026	438
1440	245	54
2215	2360	103
966	439	9
954	5262	70
1167	5337	362
246	4082	70
89	467	77
202	137	78
686	4832	72
1345	450	88
616	1858	436
33	1460	4
3	1336	86
1482	2941	403
353	1760	32
221	4763	277
1564	542	171
1271	627	173
1785	793	71
185	4033	284
682	891	53
255	964	258
260	911	180
666	4418	43
794	70	71
173	914	56
431	388	414
1744	204	69
986	3446	331
125	1641	72
898	2253	467
342	5199	77
1238	784	72
1705	634	270
705	5254	189
1400	897	161
255	1388	275
601	201	55
688	1996	70
348	84	88
1854	1799	55
1230	1347	43
2093	393	70
115	4082	70
1470	75	88
652	221	181
1016	161	37
794	494	91
1343	2712	69
890	83	189
684	1358	70
265	789	363
2002	44	275
1034	2213	70
532	326	42
1308	2058	205
1275	4226	88
540	1248	71
1229	3223	208
1334	740	69
374	1347	43
1874	2026	438
16	1415	88
300	5480	9
1079	5262	70
686	218	70
157	2373	420
1468	2812	71
1226	517	362
1993	3426	277
1177	84	88
549	182	114
176	780	452
646	1737	24
1636	5112	74
1189	438	284
113	654	88
174	2133	189
1239	3426	277
697	3548	143
302	3809	271
30	180	452
326	447	332
1050	2300	56
321	2751	33
1187	141	56
1649	1318	24
411	452	88
1015	4002	8
1130	131	144
1139	3821	413
286	1587	284
594	567	332
1969	73	423
395	2637	54
1309	1353	71
562	2447	380
832	3881	303
1251	1703	32
862	2438	176
13	1470	72
1403	780	452
216	299	56
207	120	88
1318	1553	33
1173	523	70
28	1033	53
1907	75	88
1694	936	360
1246	4488	450
1394	2019	70
577	255	284
426	204	69
387	1072	433
1354	2200	54
1058	567	332
1140	844	369
173	5535	43
106	1145	32
118	158	456
834	162	31
860	1102	91
483	625	55
899	135	72
1356	324	55
196	607	42
150	727	112
1439	3307	184
1378	5574	70
216	901	42
808	1248	71
2166	76	90
1481	1626	231
1063	4367	70
688	5133	77
521	3116	171
1265	2107	376
694	2025	306
447	1714	356
203	136	134
335	936	360
1058	3868	70
1159	5521	171
1378	732	212
730	819	39
1810	451	72
1875	1981	332
840	1102	91
702	845	56
2043	2122	70
639	982	56
950	446	180
179	4102	32
830	1582	72
1337	585	11
730	3369	42
951	3025	408
713	3391	56
402	210	360
164	2078	42
829	5379	332
911	2563	181
626	26	306
1657	247	383
43	213	332
516	3794	176
405	3897	212
1831	5489	71
2087	3643	403
49	335	32
76	1000	284
382	1622	71
109	29	70
426	1334	47
617	399	324
719	4284	171
2247	2751	33
1905	2728	110
1357	52	362
224	1100	238
2071	2769	55
495	2916	258
806	201	55
485	661	358
857	3885	56
143	1225	456
1167	5130	300
380	1353	71
285	1045	205
863	2005	159
1727	488	71
1543	3915	82
1364	2414	55
2139	1163	207
997	4390	313
1745	4	72
1912	4359	44
844	471	99
844	766	77
1188	215	275
348	618	71
262	2747	42
1823	4610	184
1359	4938	43
1096	320	189
506	813	445
587	3426	277
1781	3426	277
2028	642	363
1148	2098	42
1844	411	199
411	2403	55
813	4533	302
2231	3510	39
713	399	324
676	3255	47
540	200	161
1975	271	55
1486	4237	277
1374	3440	317
968	81	33
1540	358	55
55	3501	41
1407	3396	462
58	3697	56
114	642	363
92	1368	55
826	1026	53
98	116	306
644	3846	385
431	2647	470
458	3813	425
185	982	56
1930	968	71
1440	96	70
1065	271	55
338	4985	54
132	100	306
1089	244	94
171	499	43
2215	233	81
683	67	70
2210	1303	77
1741	4850	277
325	116	306
150	34	55
1256	26	306
0	1616	31
1222	447	332
2175	1736	92
1562	3191	69
1295	3840	278
628	3500	88
239	1158	63
373	543	11
954	446	180
1198	2132	189
55	4246	464
1566	1532	171
1130	502	56
557	2549	388
458	99	88
525	91	37
1163	935	112
1124	1643	205
2231	4412	96
2157	1	74
847	1091	42
1061	4881	103
1208	732	212
1171	919	191
1616	3074	368
422	1884	264
107	921	76
331	760	56
1485	304	158
1531	791	230
1684	1752	441
973	4041	70
1966	0	462
224	24	78
587	868	56
818	137	78
2191	2419	403
1172	38	142
1080	157	275
1025	4316	53
1115	3426	277
1243	271	55
1251	563	90
1247	136	134
1778	135	72
418	1745	77
1067	1893	240
1038	131	144
988	767	5
186	425	42
1283	2911	88
30	5484	88
1208	660	71
813	928	54
1130	453	55
1404	1250	11
1411	3452	33
269	4398	103
1520	567	332
31	725	96
2240	67	70
789	5379	332
216	2327	106
429	754	72
497	2520	84
930	5	159
1810	1253	284
216	70	71
1930	439	9
541	1470	72
1170	3584	103
224	750	294
1229	5080	390
1154	71	70
1299	276	315
1034	2953	88
239	0	462
1443	5545	284
2001	2055	452
540	84	88
2230	4056	69
791	392	70
793	1909	71
1000	658	302
835	2480	90
44	2707	66
1003	180	452
83	547	276
636	824	11
1506	816	225
845	1294	373
911	3570	369
1383	2954	369
154	2083	71
503	28	11
859	287	32
2009	2627	56
1529	2794	452
780	2670	219
769	4024	54
388	411	199
130	379	69
2210	786	200
643	616	40
1549	3176	455
548	1983	270
845	2419	403
1144	2458	70
2230	890	136
1257	1546	184
650	67	70
1654	4049	171
1798	4746	71
1209	2149	241
153	2135	72
1118	518	70
2162	1133	285
1189	75	88
1967	2574	117
1614	2880	72
354	3331	8
1708	213	332
1154	1696	54
1243	4884	355
899	1145	32
988	332	31
1276	1386	56
897	922	11
1510	4204	189
830	1739	290
657	2894	443
24	1578	11
644	738	453
1789	4225	54
1235	488	71
1602	632	270
1482	5305	302
546	1020	340
1149	1216	337
669	3211	256
1156	4197	277
2146	4643	465
264	1507	315
816	766	77
560	1891	71
107	1021	23
113	25	108
994	3245	347
640	359	56
107	421	142
1218	5498	306
528	838	56
1351	997	69
206	760	56
746	622	56
387	4754	249
247	4273	70
789	262	270
1520	5178	464
1205	3134	42
1270	877	72
409	850	83
1512	655	284
1239	1340	142
63	204	69
1400	4403	188
1703	5049	11
2215	5037	31
1458	1261	116
1540	1108	88
16	1693	88
260	3142	71
564	2378	456
1847	2757	43
979	4234	403
1566	38	142
1532	3588	145
416	994	284
687	1711	70
711	4408	111
178	2148	136
239	5331	32
1656	869	42
357	317	233
635	1276	43
634	3721	218
383	813	445
788	806	107
830	362	70
1268	3309	452
2230	84	88
418	2886	302
229	4292	55
519	1922	420
1065	935	112
708	2851	301
1081	303	218
892	1631	70
1880	886	304
369	1853	78
937	1823	30
1590	1492	240
1514	1967	317
1501	3834	189
171	1663	55
848	4450	88
674	241	32
742	3697	56
1181	5576	86
366	200	161
1338	290	379
823	3664	241
468	1098	448
1248	1455	286
488	3044	40
1465	1920	424
1621	1682	9
59	3274	9
113	625	55
387	1641	72
394	69	112
1753	2646	275
308	987	136
1879	135	72
2023	1386	56
1317	4341	72
1008	421	142
1962	4855	70
966	1788	136
933	434	72
565	317	233
938	780	452
482	3424	55
574	177	96
387	1635	336
778	3811	181
742	2514	284
608	1203	458
1986	567	332
1220	735	385
1289	4380	23
1327	297	70
566	16	42
1233	69	112
1483	4043	69
70	752	55
425	2382	119
1193	395	184
1917	291	362
1672	1604	53
310	97	69
1395	1054	88
357	4082	70
899	2299	70
1577	244	94
2185	5341	9
603	1464	69
1362	3030	136
67	832	306
1095	244	94
793	1852	200
2066	75	88
1234	4508	56
791	20	1
200	754	72
1435	3010	142
1568	1352	70
777	4595	88
570	4616	90
1590	325	136
1476	416	91
794	2068	56
1136	1653	353
856	438	284
551	453	55
1057	2045	55
1502	1059	456
783	460	24
1562	1358	70
1552	4038	277
630	4041	70
637	2208	158
621	2145	143
1019	187	231
1409	2658	40
357	802	42
1089	519	88
30	52	362
200	379	69
885	163	110
1316	488	71
1226	4750	71
67	912	179
752	3690	205
1158	945	112
240	819	39
778	399	324
1145	3084	70
4	3343	136
584	5586	251
1489	137	78
937	67	70
1127	378	208
847	115	41
613	2872	32
1185	399	324
878	4672	205
2185	1458	363
292	2019	70
608	655	284
1186	98	69
994	412	385
1404	2045	55
797	24	78
1265	4669	56
1400	271	55
994	1676	385
1579	1581	72
706	825	42
1325	291	362
1283	3777	70
490	747	43
387	2654	137
1521	3426	277
617	28	11
1725	317	233
716	14	385
1485	366	11
1643	2126	70
618	329	189
280	1302	70
546	178	48
2076	4451	92
342	3331	8
657	678	362
1858	5496	136
258	3986	275
1391	3540	184
429	2958	88
662	1761	71
2245	75	88
1243	4217	9
1016	2046	55
1158	4699	167
131	4325	56
437	471	99
1301	585	11
2295	158	456
2301	395	184
1714	2889	268
947	1418	72
347	1485	55
27	2325	158
1537	475	56
887	3295	332
205	3450	64
1170	210	360
955	2860	106
2150	604	136
1019	1192	71
1246	326	42
2006	480	189
1404	4398	103
642	766	77
665	399	324
496	4546	205
1922	137	78
1063	1199	70
300	2867	189
1719	399	324
0	4556	171
66	4535	37
1049	5097	331
1500	4355	72
1023	1707	67
204	727	112
680	2463	98
266	1258	70
2006	2106	275
873	3701	70
160	1759	11
1948	204	69
334	213	332
495	517	362
1346	727	112
39	1058	71
239	4842	42
765	1321	54
1438	766	77
1937	760	56
735	2235	106
1418	2171	404
1234	1579	208
1386	4004	43
335	360	332
458	5571	70
300	1252	72
1454	2918	282
150	1845	162
951	1210	93
688	75	88
1919	497	189
2087	3325	403
667	2829	56
285	1367	284
359	1407	53
1565	439	9
1812	3400	273
1070	1849	271
1882	3537	452
1759	1109	347
386	1626	231
656	2470	70
1208	2968	54
130	309	71
724	1415	88
1602	4673	71
845	414	358
388	828	42
91	336	86
1058	4197	277
1361	91	37
682	93	275
291	152	70
698	611	112
988	2802	39
147	1336	86
1169	116	306
1649	376	53
2185	71	70
313	1125	273
39	1316	88
704	786	200
435	801	106
1086	1253	284
387	3624	5
247	1425	56
1622	14	385
25	94	55
1193	1890	205
1010	2932	104
1188	71	70
1052	820	70
837	2225	88
647	425	42
778	1385	32
901	2415	56
1872	210	360
1449	4145	32
1598	70	71
2293	2653	88
1247	3267	90
994	4637	347
239	2081	27
1269	3989	302
987	1364	41
793	1816	71
548	615	270
1135	396	136
1342	444	425
530	1331	41
402	276	315
408	2702	136
85	28	11
489	2815	70
1140	834	71
1705	2548	290
175	1774	71
55	277	353
646	1090	72
2263	6	77
673	2170	41
1087	806	107
1050	71	70
819	2336	472
1583	1579	208
776	688	55
1299	71	70
1576	32	31
537	1225	456
119	288	55
1008	547	276
361	1538	70
156	2337	462
1750	830	116
1583	1250	11
617	135	72
193	2853	77
105	1962	70
360	1282	4
1868	37	142
462	1648	88
1356	5129	403
1806	1829	55
1055	615	270
376	4027	37
1055	44	275
583	556	324
582	4082	70
224	3092	245
626	5470	156
1299	4380	23
48	821	23
1162	422	284
1154	538	54
1137	1	74
733	727	112
1969	261	317
1386	4747	71
983	2009	72
1950	26	306
583	2777	5
1321	1359	70
2093	461	70
1756	1330	456
792	399	324
1336	124	257
646	3825	284
791	1868	88
1410	28	11
1678	204	69
778	2170	41
1753	26	306
606	3606	441
957	4084	106
1454	4139	298
1297	1838	23
247	379	69
2195	84	88
1965	1745	77
2102	4193	277
1349	2437	119
1084	517	362
408	376	53
818	71	70
238	2757	43
1367	158	456
652	1582	72
310	794	88
1507	310	124
1778	3161	285
1018	1969	86
574	965	54
2180	434	72
1531	4716	199
1146	3355	55
227	834	71
1529	26	306
1712	96	70
1427	1941	201
989	1232	56
2208	3221	205
930	4210	257
968	95	251
168	5464	37
1349	1294	373
1861	1413	31
84	1904	72
1438	2401	15
1442	2984	113
935	983	70
1756	330	55
496	75	88
1154	1254	285
128	313	118
2217	1277	143
1271	318	56
269	2708	205
185	67	70
1069	244	94
253	75	88
369	1888	55
282	2136	175
1026	4028	43
765	2883	88
1741	2609	20
997	195	88
361	3426	277
2253	2875	452
709	1626	231
216	3338	8
804	67	70
367	335	32
2220	1383	70
625	3548	143
169	1623	56
489	376	53
2261	587	69
1286	288	55
195	1006	284
1283	1345	88
275	1321	54
411	399	324
1312	215	275
207	2197	9
55	379	69
422	135	72
741	901	42
1188	2603	472
890	628	274
1324	5238	294
1186	4946	69
486	4977	70
617	1957	88
2216	5436	324
952	0	462
952	630	166
1341	251	362
598	2004	106
525	2894	443
1322	100	306
201	1025	224
1015	795	106
353	187	231
1139	987	136
1505	620	11
1663	780	452
2203	635	106
12	709	88
249	453	55
954	3939	277
87	773	31
131	957	43
1878	537	171
106	2831	23
789	4065	56
777	3076	71
63	2973	70
240	3198	30
279	1231	205
724	3434	176
870	1963	53
1930	283	55
331	92	72
335	4002	8
1450	1543	32
1470	2708	205
617	2958	88
1579	581	84
1010	954	30
2247	1514	88
788	2473	70
221	1096	191
228	942	112
1365	97	69
142	3024	200
221	2258	88
1295	1793	418
650	3544	11
96	210	360
790	1435	33
950	542	171
906	1248	71
1149	3426	277
850	1614	37
255	3552	112
1291	2500	205
1976	3863	47
813	135	72
224	5557	43
1409	2201	41
246	4004	43
654	100	306
2194	67	70
1525	3542	184
1179	4996	56
1485	585	11
1137	2888	340
244	674	284
933	359	56
1267	1084	56
512	381	38
369	1074	11
730	753	41
593	28	11
1201	3863	47
906	593	111
113	3369	42
630	917	70
236	28	11
896	2327	106
2099	1711	70
1171	203	70
2247	1694	71
1025	4705	70
1025	461	70
63	3424	55
1128	4139	298
201	1028	10
772	1423	42
789	774	467
1713	341	23
419	399	324
911	140	71
1298	3662	9
154	2908	189
1008	180	452
616	2323	96
1280	215	275
99	2327	106
31	1636	200
1313	3726	91
2186	1459	259
797	905	369
1652	3081	403
798	3027	88
34	5249	40
1678	210	360
512	1415	88
1004	5147	372
296	304	158
4	1276	43
387	3831	457
1147	5372	377
372	2658	40
411	119	32
126	1296	71
1215	912	179
373	1593	41
233	1298	306
1271	67	70
2115	87	275
1095	4197	277
1130	982	56
1533	3537	452
946	228	42
1170	5019	55
614	4409	111
360	438	284
1671	1225	456
1537	321	189
2175	4129	72
313	3090	71
366	2060	55
1286	180	452
1307	2320	70
283	4002	8
251	158	456
841	2609	20
85	1287	238
875	1095	395
1744	567	332
1291	3807	205
357	399	324
1250	769	312
221	1796	49
2197	1274	141
1346	3182	11
1577	772	170
253	3559	23
3	3207	56
1408	646	302
1166	84	88
1035	276	315
845	780	452
240	1427	384
1103	752	55
255	2129	106
446	2457	180
1344	589	88
628	1899	70
1535	3893	104
488	1690	69
1052	1770	55
1135	2762	158
2214	135	72
625	3641	56
359	488	71
813	76	90
385	2598	23
1282	1936	306
2081	1644	205
1095	3436	41
972	3953	452
332	1254	285
1242	5466	42
2007	981	55
365	753	41
1144	913	352
93	914	56
1419	982	56
506	780	452
441	2069	56
1192	2575	144
806	3426	277
1252	71	70
1463	4637	347
1656	5117	332
1299	271	55
1313	4599	313
945	4541	72
1412	1812	356
765	1266	102
1067	1033	53
1252	2013	283
160	326	42
1862	3261	88
399	1358	70
1069	1063	72
27	1726	23
1647	2252	442
791	62	70
1366	4091	283
742	1938	11
1082	1153	96
2238	16	42
601	2882	96
1849	1269	54
1878	1586	284
587	1145	32
1514	5018	88
1640	778	142
17	1697	197
733	2693	56
1545	859	171
500	338	105
1841	3004	87
919	534	87
456	2550	56
1081	4713	88
395	1617	39
318	933	467
1025	315	31
303	855	148
1804	4147	42
485	5046	42
1410	1918	309
1680	3426	277
359	1524	55
508	1232	56
438	2022	179
1837	655	284
1471	4530	69
20	3227	382
362	200	161
1067	1343	136
1750	1871	71
135	585	11
1080	4664	91
1339	4529	283
2097	204	69
413	513	403
139	241	32
768	2639	56
944	0	462
354	28	11
1232	4003	33
244	2577	284
1804	4522	43
512	3663	32
225	597	41
1235	708	136
24	1725	90
290	254	284
350	2507	70
337	75	88
530	727	112
282	780	452
275	3338	8
547	4336	325
616	100	306
1410	1352	70
310	3137	71
41	4298	41
1430	398	212
735	2480	90
978	1384	56
713	4452	72
1553	1217	184
1665	2018	452
87	2659	106
301	1095	395
1576	468	294
1049	353	77
1394	251	362
1046	1605	70
70	754	72
173	179	77
1199	4473	290
2041	708	136
252	3763	109
1234	810	115
692	1072	433
1234	1998	11
508	2122	70
1668	1670	205
2233	135	72
120	0	462
1233	964	258
56	482	71
1051	115	41
340	73	423
1450	819	39
429	2463	98
407	686	8
197	201	55
1194	4193	277
535	1497	114
1869	3975	70
1020	1487	138
54	5594	51
1790	379	69
793	2104	184
1542	438	284
179	517	362
667	1174	414
1140	1546	184
245	1010	86
688	1156	9
1021	3712	8
1868	658	302
1492	0	462
938	5317	28
1064	291	362
821	159	11
373	75	88
1962	818	446
750	1459	259
798	831	116
259	704	383
259	97	69
334	1220	337
1069	5539	302
616	1565	402
797	158	456
1673	4048	302
1442	1886	72
1579	3600	70
837	3426	277
875	1620	31
1446	28	11
458	87	275
299	276	315
1477	1409	11
1394	2033	9
1300	618	71
564	939	41
1702	3203	99
2120	4306	415
517	3390	273
860	1420	8
887	1557	71
1188	1379	472
1185	4898	56
524	932	76
1618	1955	208
1139	4902	131
736	935	112
858	2735	43
1168	81	33
497	647	43
198	28	11
576	2386	262
1177	3882	317
144	491	11
1340	1294	373
896	84	88
340	1542	55
1485	2491	113
819	36	137
1234	542	171
620	1157	31
978	618	71
1691	84	88
331	887	70
1514	67	70
1585	1058	71
2240	4482	347
422	4207	80
1489	2328	99
259	2664	420
672	16	42
57	480	189
1600	1519	88
1136	3375	275
703	455	69
924	2561	24
513	731	270
159	769	312
56	281	56
2282	1111	72
877	3297	349
2193	2055	452
280	3408	11
1480	3168	259
1267	961	88
1382	144	55
567	0	462
375	1940	285
576	2170	41
1422	175	103
1827	2247	73
1667	1550	71
863	399	324
365	459	87
1130	2878	97
630	298	363
1681	5437	218
988	3305	106
1160	1353	71
939	528	251
1590	71	70
1092	1255	302
1034	812	158
453	626	231
1291	1493	205
1152	379	69
2126	5146	130
822	134	306
1268	214	72
503	5528	251
1993	632	270
373	618	71
1214	5046	42
1144	453	55
381	3345	77
1304	739	385
252	2786	71
798	786	200
146	28	11
1180	1257	72
1021	4417	369
267	1363	59
1672	223	294
1643	75	88
1872	135	72
1361	469	34
1214	4353	31
793	820	70
818	5483	171
598	453	55
1048	585	11
169	2115	88
741	3470	32
596	1612	212
239	850	83
1207	3938	88
746	2642	325
1080	487	245
561	1612	212
1247	4327	284
2189	3694	87
1267	26	306
903	519	88
620	3001	315
78	313	118
94	1785	56
1781	395	184
988	413	70
500	760	56
1386	2591	74
615	3253	70
306	1236	65
2111	2147	136
1148	1257	72
390	3342	70
338	3282	69
185	357	278
271	287	32
302	488	71
545	1909	71
503	3045	158
339	144	55
316	1403	53
699	360	332
1118	573	47
724	3436	41
368	4604	127
1095	161	37
1448	656	184
711	2907	88
1438	1738	56
674	1788	136
1341	417	306
305	432	11
327	439	9
339	3426	277
883	3625	88
2085	3458	465
1404	1	74
1471	476	88
1051	1045	205
478	654	88
723	3755	186
1643	1681	205
970	654	88
17	3889	464
840	635	106
1459	1	74
1154	1089	70
1591	786	200
978	1873	42
366	1563	448
37	5150	41
1069	2830	55
599	517	362
813	144	55
559	5062	59
766	3565	88
455	3880	74
1583	412	385
1157	4820	388
114	496	306
660	3177	37
1510	216	70
733	399	324
439	75	88
172	3333	42
10	1770	55
1044	297	70
74	1879	96
761	2871	2
1600	2830	55
545	2899	126
616	982	56
706	28	11
856	3426	277
348	135	72
239	4504	136
1021	589	88
1404	2224	43
882	4087	56
1486	3659	136
999	1147	42
613	3935	70
386	4153	95
371	244	94
1038	443	71
542	96	70
748	1248	71
877	4550	368
269	701	55
944	4191	91
640	585	11
350	28	11
558	2336	472
270	497	189
590	435	302
1504	2542	245
11	3426	277
698	379	69
898	1753	72
1153	3152	69
1375	2005	159
1670	633	69
307	1964	56
2171	1686	71
1752	1045	205
285	3187	457
1167	567	332
1564	2355	106
244	113	71
1972	1272	106
1182	3209	109
1146	177	96
693	3320	116
2087	2373	420
1239	271	55
1221	210	360
823	1227	184
2300	1937	23
1023	4816	222
107	922	11
1049	113	71
68	4003	33
2083	5081	4
1019	5489	71
1546	1408	134
1256	298	363
746	399	324
78	75	88
1404	1097	88
2093	2956	423
1984	2895	362
1067	2391	206
37	76	90
2022	4033	284
1178	1788	136
498	1263	71
977	3863	47
335	2879	403
1226	2395	40
1137	138	403
194	3170	131
135	719	53
500	1380	28
189	360	332
278	855	148
207	474	88
1186	135	72
2087	4494	257
1189	4529	283
148	1510	194
921	2360	103
986	1854	78
1146	4427	245
255	776	70
220	1105	451
964	26	306
30	50	42
1898	1508	309
682	5114	97
1349	1095	395
1471	1632	119
669	1304	444
1599	115	41
1383	28	11
840	2095	231
1215	2980	209
1124	135	72
258	5313	56
946	3783	363
1096	1116	189
387	784	72
373	1945	27
435	58	32
1007	100	306
398	4928	56
121	1436	171
459	329	189
142	1593	41
954	3761	465
78	1684	56
1479	4551	103
748	96	70
424	1777	55
1316	744	70
1103	3400	273
774	1998	11
1376	124	257
1010	16	42
2231	30	32
2031	96	70
932	5497	284
1669	567	332
2185	500	43
2022	580	50
1525	3026	408
1925	3103	32
1314	175	103
1355	5119	46
528	2284	43
596	868	56
2086	2439	396
750	508	189
1357	135	72
951	1793	418
1691	3944	88
509	3647	11
673	67	70
259	113	71
406	301	70
431	2819	11
1774	1239	71
344	2307	95
1336	1185	377
667	1637	414
584	4954	278
637	162	31
1891	135	72
1374	4162	74
1271	3595	184
1263	1005	285
996	5308	77
438	313	118
743	4051	270
359	4197	277
142	1212	142
173	1686	71
1317	1814	33
496	1885	327
1187	1692	56
51	1828	54
1007	3525	259
91	2168	337
224	218	70
195	2873	87
1644	4254	452
239	521	41
285	1230	275
2183	28	11
253	2756	96
327	81	33
171	880	451
426	637	64
1487	2198	5
1940	3402	403
357	4142	56
1062	4407	55
1211	1579	208
1702	210	360
690	1930	443
1193	14	385
938	1537	284
22	26	306
873	1841	69
190	4996	56
954	642	363
662	757	114
1561	3064	386
1008	2267	70
778	1957	88
1928	4998	24
235	727	112
594	0	462
1228	135	72
836	3234	164
129	4095	77
1315	2357	426
331	2473	70
256	4227	212
1153	607	42
634	75	88
143	28	11
1149	3468	136
594	67	70
1120	620	11
712	492	14
973	821	23
1227	2415	56
1718	1641	72
411	2407	4
1314	3315	456
1227	1991	133
1454	3553	31
765	1953	313
919	347	70
65	1551	71
1233	255	284
2253	399	324
1159	4086	4
1167	71	70
488	5584	32
1031	431	302
491	3102	283
1267	1622	71
2123	4214	354
537	0	462
352	607	42
1731	2336	472
139	1183	55
1759	60	128
1247	2444	88
1978	1378	88
1137	1330	456
1609	3426	277
779	204	69
2193	158	456
59	5001	42
1760	379	69
1523	26	306
1140	1499	55
437	5273	153
1010	435	302
89	3239	37
1194	5120	257
938	1416	71
363	523	70
1406	581	84
1520	71	70
0	2717	217
1150	1998	11
1433	979	112
489	786	200
2139	14	385
117	650	452
1628	3287	403
1621	438	284
1671	1059	456
1543	615	270
488	1248	71
1823	716	235
256	5	159
806	1065	88
598	607	42
479	28	11
1878	2339	302
216	4353	31
135	76	90
563	1688	33
1246	1298	306
1904	3657	211
821	297	70
1361	1460	4
1573	399	324
705	5118	56
1441	4403	188
35	1758	441
1031	1183	55
497	3146	257
2096	434	72
486	4993	70
860	2793	106
1279	1072	433
639	3426	277
1571	138	403
171	2385	479
377	2832	88
1280	700	71
1187	4057	24
55	1154	43
260	1890	205
1033	2751	33
109	1827	23
813	1940	285
105	900	41
726	1428	212
614	3352	91
1274	12	466
2257	1253	284
161	556	324
1626	4592	332
1143	1145	32
1348	341	23
1427	541	395
1002	390	88
70	1352	70
634	1875	88
1125	3350	301
107	925	18
1528	3245	347
1355	620	11
938	2217	333
273	1702	53
508	1733	53
191	2397	439
1575	399	324
2213	1486	88
835	524	70
33	766	77
1295	3826	303
1409	16	42
1031	2442	23
646	1298	306
1414	1045	205
224	2646	275
671	96	70
2185	585	11
850	846	290
1537	873	72
909	4398	103
1159	389	162
171	395	184
1194	3081	403
511	3191	69
1518	376	53
431	1958	106
406	1280	42
256	1612	212
1061	766	77
311	4019	41
279	31	55
586	618	71
954	1056	245
865	0	462
1357	436	283
1193	3374	55
365	1866	83
1406	2786	71
172	2127	87
1148	3323	153
798	709	88
609	1712	72
1501	2025	306
1962	5312	363
1375	3015	111
1139	500	43
502	304	158
45	239	42
1333	843	39
328	1441	151
166	244	94
1695	5522	56
1538	4769	373
1264	872	72
716	936	360
787	2123	353
834	1248	71
1755	1	74
405	2770	31
1375	752	55
2109	97	69
988	537	171
682	3290	90
626	4050	171
1588	429	42
2289	868	56
1506	2076	464
1682	3443	70
1502	98	69
1531	4725	184
1968	954	30
405	453	55
3	1339	71
77	3424	55
678	87	275
1577	727	112
1471	982	56
497	859	171
1795	317	233
1729	3136	200
413	1901	332
2116	656	184
323	3043	360
2285	1045	205
45	5465	64
721	1578	11
1652	604	136
741	3334	302
264	1546	184
245	586	86
1448	120	88
1064	81	33
1016	2929	242
1732	379	69
99	28	11
96	1984	11
1510	709	88
1315	26	306
926	3164	208
3	73	423
1441	3861	56
809	4028	43
528	3656	200
187	3389	11
1197	4477	257
40	252	88
329	3033	456
1498	4367	70
605	5	159
482	1064	377
1267	1284	2
272	3845	31
452	215	275
503	705	275
246	4407	55
1008	26	306
1709	1173	144
1308	905	369
537	188	201
1070	159	11
975	500	43
516	1418	72
586	2022	179
482	2470	70
776	1747	306
485	1289	42
1847	3253	70
392	210	360
1199	2612	205
183	1679	411
1002	233	81
416	2953	88
387	4955	88
1848	620	11
316	3461	39
697	589	88
535	2474	436
1190	4461	184
2217	210	360
1685	2542	245
230	1336	86
1271	914	56
107	923	11
702	3062	56
615	901	42
478	1045	205
482	585	11
1927	363	275
586	2655	54
182	913	352
1511	1881	162
2055	697	332
39	1996	70
251	3124	306
1151	1869	180
1742	87	275
335	8	474
409	2129	106
215	2344	56
224	1998	11
495	69	112
2158	28	11
278	1414	96
330	3044	40
1008	4244	277
51	356	277
1058	1589	302
1244	526	70
813	3277	448
1177	512	356
1215	843	39
226	97	69
1672	2656	11
1020	4759	277
1155	484	71
168	2157	88
1498	3048	70
2244	87	275
1031	2056	52
2175	2056	52
1291	14	385
1567	4143	70
658	836	394
1124	110	42
1790	1489	267
1277	1254	285
762	755	56
806	1654	332
141	213	332
1069	317	233
614	2522	55
837	2547	294
1569	627	173
1630	379	69
458	5505	117
850	3127	467
1406	5331	32
1750	524	70
1064	37	142
800	228	42
38	2925	11
982	3036	284
1399	97	69
509	3992	90
411	163	110
752	5257	277
481	4891	43
180	2875	452
761	28	11
144	159	11
1214	3583	77
360	251	362
1691	873	72
1277	646	302
386	1627	303
285	67	70
1298	620	11
398	1277	143
804	1115	54
1663	499	43
994	4540	347
1081	446	180
35	2958	88
465	2833	54
218	914	56
1247	1837	71
1063	1902	54
386	3249	284
123	2238	204
1668	483	205
520	3559	23
1404	1078	42
1957	3666	70
1261	1113	456
541	727	112
1902	1319	294
583	297	70
579	3148	55
437	2012	72
545	3923	84
986	2170	41
107	5092	142
144	5451	11
1459	2565	82
1103	3032	294
418	135	72
481	4471	115
559	173	53
488	1996	70
88	416	91
1571	537	171
73	161	37
1536	3833	349
1086	2799	284
687	3886	237
688	471	99
2025	2646	275
1919	3134	42
730	575	62
565	3590	87
1167	3180	332
216	3150	56
830	2662	70
1226	230	71
1304	1458	363
169	5561	103
1237	806	107
1685	780	452
1564	291	362
37	166	40
969	31	55
559	2178	32
1588	1491	205
2010	3015	111
2219	1059	456
298	1353	71
670	251	362
1562	1352	70
524	326	42
1335	4640	299
718	135	72
1785	2120	42
535	173	53
547	1075	414
1343	1765	70
1412	266	88
367	1562	24
1218	1222	184
1511	763	142
105	586	86
2013	1	74
224	1572	11
1499	175	103
1672	934	69
1833	3394	70
1318	1503	70
1074	424	56
741	185	136
419	1849	271
1105	26	306
1413	957	43
834	75	88
378	778	142
1172	359	56
474	2306	415
321	589	88
227	3031	32
777	3984	55
2085	2944	291
1776	1023	97
1507	447	332
2206	136	134
586	5260	464
2220	4426	405
548	4996	56
454	2874	218
39	1543	32
365	2057	71
1823	1351	56
743	4789	362
489	3637	302
96	254	284
1295	3989	302
1289	14	385
968	3272	88
1383	163	110
667	686	8
1136	4751	93
906	1745	77
860	439	9
240	2050	93
582	1557	71
1130	5486	404
856	3677	46
1159	2055	452
481	2221	87
1739	215	275
2203	1225	456
833	3419	24
429	1245	74
1484	480	189
944	858	84
1010	97	69
2050	14	385
1714	1670	205
1531	3623	171
133	1416	71
1315	531	72
752	524	70
168	470	88
191	200	161
1283	4049	171
318	794	88
652	469	34
574	135	72
1127	1056	245
565	3201	81
705	97	69
593	588	88
1244	590	88
1383	4003	33
1644	399	324
1209	412	385
1268	4808	453
353	460	24
1773	933	467
1145	4020	278
752	1179	270
230	822	306
367	761	32
1302	84	88
846	1114	120
607	414	358
1798	1017	374
542	1056	245
2197	780	452
399	1871	71
168	254	284
374	308	63
1776	2353	65
279	123	104
1765	716	235
621	542	171
1295	469	34
1159	914	56
1187	4659	41
606	123	104
239	404	32
1317	4978	433
1685	97	69
59	5451	11
2191	4857	378
1905	67	70
1168	158	456
587	1610	19
1211	2470	70
1132	57	146
1521	4530	69
635	163	110
283	607	42
540	2501	262
43	5531	112
1257	4227	212
1511	3732	198
334	5066	277
741	3711	374
1280	3540	184
1159	177	96
1372	3963	104
218	802	42
70	1633	95
604	2890	116
1682	1317	290
1077	3383	302
1600	62	70
1065	891	53
945	1786	136
1663	2253	467
96	469	34
173	3137	71
1419	320	189
991	96	70
1653	839	385
290	1022	97
1182	4139	298
535	167	59
613	2696	69
1031	273	41
1752	4907	398
163	97	69
1181	97	69
39	1764	106
429	358	55
342	1326	78
1153	4075	99
1159	894	37
1677	1450	74
125	2719	23
139	2378	456
432	323	37
1636	2560	205
77	1895	55
774	221	181
2007	96	70
2199	780	452
690	589	88
1442	1962	70
1621	5280	362
306	210	360
405	4380	23
1317	2696	69
1269	4515	47
1348	763	142
452	2320	70
1286	158	456
458	3534	70
1441	582	277
2234	97	69
245	545	88
1719	14	385
1357	288	55
1756	3121	464
374	29	70
216	2522	55
2229	318	56
490	26	306
1586	1691	72
283	563	90
1559	3426	277
1131	4757	277
431	1062	456
418	98	69
168	565	20
1384	938	88
399	4998	24
1381	1450	74
1587	1801	33
396	2646	275
1263	4739	9
652	592	41
475	1012	23
580	1449	74
1311	9	385
482	144	55
209	247	383
30	3551	30
91	5030	378
1374	443	71
1301	634	270
1221	864	302
2193	760	56
130	2646	275
369	261	317
156	1623	56
789	758	332
2288	138	403
2110	75	88
933	1409	11
424	5263	42
1374	488	71
2105	2748	184
121	604	136
911	1899	70
981	175	103
1383	1712	72
1745	5520	71
1144	24	78
586	1089	70
745	1062	456
342	361	70
1458	654	88
1118	4929	103
960	1489	267
1934	2254	452
1138	850	83
1150	120	88
426	819	39
466	1296	71
1735	322	88
368	3478	206
832	576	104
697	217	205
1436	2987	142
1209	695	369
185	28	11
497	91	37
1611	2894	443
215	446	180
1364	396	136
1088	2068	56
779	987	136
566	1147	42
350	191	56
1340	1175	88
1585	3053	23
837	2925	11
2164	747	43
220	2735	43
1382	288	55
1323	1226	317
1785	941	112
677	2691	149
1630	1352	70
207	4407	55
1850	1804	367
827	843	39
469	3051	11
350	2067	106
104	747	43
1049	3745	374
769	4373	464
1860	4409	111
372	1093	72
130	215	275
529	1199	70
1592	537	171
857	516	358
139	4300	56
1965	1211	177
318	187	231
1007	4174	259
1523	254	284
279	482	71
1485	5365	9
466	677	258
140	2893	41
1091	4049	171
1368	1045	205
807	5243	72
33	1205	31
1057	3674	47
513	157	275
42	3471	32
931	1323	315
206	2871	2
1244	4880	55
622	872	72
1663	4616	90
2007	2953	88
886	416	91
1937	3381	72
1169	1968	88
911	67	70
1637	983	70
1708	1929	403
1153	4504	136
1743	4592	332
12	280	72
1571	2470	70
1973	4023	41
1267	4892	56
783	3934	56
1250	200	161
350	524	70
806	96	70
1456	0	462
1026	484	71
1690	2560	205
412	1533	72
119	655	284
1023	1738	56
1846	2872	32
463	1033	53
2164	517	362
482	1199	70
991	1089	70
978	84	88
1677	2756	96
416	464	11
437	391	88
5	4451	92
215	84	88
1531	859	171
902	3778	411
1323	2968	54
1792	3040	102
1168	5473	259
489	1673	325
732	2438	176
1205	2297	157
450	685	42
1396	3890	114
473	498	43
821	1998	11
1049	1711	70
1699	5047	70
843	3587	452
435	2743	69
694	244	94
700	296	72
869	2821	348
1200	3940	138
1960	753	41
1338	780	452
1125	438	284
516	527	88
375	1596	302
239	399	324
813	2151	214
1002	1776	187
713	5027	43
1367	1441	151
1707	392	70
946	986	284
515	3426	277
122	2004	106
1590	1939	9
962	3101	258
1233	435	302
813	4217	9
938	485	106
1885	3979	205
1401	438	284
232	1253	284
522	2881	70
1874	416	91
93	697	332
1139	728	87
450	2024	88
1487	26	306
978	3911	259
244	545	88
1394	5474	277
425	399	324
1307	150	330
512	627	173
305	3329	337
1396	859	171
388	1043	16
1827	963	373
548	69	112
2037	3612	88
746	1130	88
947	2658	40
947	1816	71
725	4486	374
1280	766	77
1393	1173	144
1172	582	277
1209	1377	370
1876	760	56
1280	67	70
1061	2005	159
486	1718	11
1400	2215	472
285	2978	88
1575	3918	70
260	850	83
511	4191	91
1698	2657	77
866	5573	231
951	1623	56
1745	760	56
974	3950	69
1369	2346	72
994	75	88
1753	780	452
1216	1254	285
264	2475	144
346	898	78
1850	2560	205
320	3273	332
1166	1682	9
224	736	385
287	2314	270
172	991	134
216	4801	55
1008	1998	11
1223	3136	200
319	1417	24
210	1067	332
189	1711	70
1008	1996	70
989	1647	238
1643	852	12
614	5316	284
1085	646	302
475	134	306
278	50	42
1271	626	231
804	5262	70
1290	587	69
412	2877	284
730	3087	403
2058	2076	464
1780	1199	70
270	3167	220
1314	4111	9
1161	2691	149
1171	360	332
1549	178	48
107	1076	317
326	3401	205
1496	928	54
1752	1834	71
145	620	11
1633	766	77
1130	836	394
1350	1160	162
1471	361	70
783	260	11
1386	4674	32
1808	654	88
220	838	56
1537	0	462
885	358	55
917	632	270
846	1878	77
1065	201	55
2033	3460	456
1970	244	94
1704	180	452
1186	4971	465
523	3077	50
548	1287	238
155	607	42
892	75	88
1067	399	324
826	64	172
1065	227	71
1789	662	69
1417	936	360
1244	5508	56
1583	4040	57
1068	1738	56
969	435	302
2076	4226	88
256	4725	184
762	776	70
598	153	25
91	339	55
1205	400	158
387	271	55
1954	1645	88
903	3098	42
1177	1321	54
657	1248	71
1177	843	39
1037	414	358
1824	255	284
207	1723	31
388	2803	11
1359	768	106
672	3832	370
778	1516	31
1280	1550	71
1325	662	69
1527	3256	219
285	742	71
994	3628	411
18	3445	42
1319	1253	284
833	2228	369
858	271	55
1611	360	332
105	1968	88
1805	28	11
388	0	462
1016	4676	88
1144	4407	55
682	1809	83
1790	113	71
1447	180	452
375	2577	284
387	1174	414
2023	642	363
371	438	284
988	4251	28
500	1189	306
123	654	88
1269	376	53
410	5291	257
388	5054	171
942	320	189
1565	37	142
1743	1395	425
1670	453	55
1168	4369	271
30	1058	71
983	697	332
426	4574	240
1487	2076	464
1221	313	118
388	1649	210
99	560	106
1273	1209	306
842	291	362
92	3841	138
245	2673	70
1148	3040	102
1325	124	257
1419	1248	71
474	1953	313
954	379	69
373	1579	208
667	4447	55
998	466	106
985	1330	456
172	148	70
777	15	42
236	2716	72
1854	2546	345
114	25	108
437	501	106
1094	792	43
477	1681	205
1182	208	31
1533	1105	451
1381	1413	31
587	524	70
1618	1562	24
1359	5332	43
286	1992	329
1175	26	306
978	2034	231
43	1230	275
1152	3854	171
39	1450	74
1136	468	294
316	347	70
821	438	284
946	385	31
769	2589	270
1568	4217	9
1058	4605	315
1518	4160	184
574	3729	43
394	654	88
382	449	180
364	2883	88
1175	1843	70
1790	75	88
1962	2213	70
644	446	180
769	2480	90
655	646	302
388	2615	369
873	26	306
1315	210	360
1618	5191	324
140	67	70
1309	360	332
2115	180	452
1796	2244	56
598	486	106
314	97	69
613	3060	31
500	3495	49
1476	5138	302
203	4507	129
1154	3970	337
1182	923	11
828	69	112
561	2542	245
43	1782	41
360	2733	88
916	113	71
2111	1924	401
1637	0	462
388	97	69
622	1062	456
244	1947	55
695	1816	71
1979	1352	70
2087	138	403
542	2326	212
1023	760	56
555	3858	55
1370	4444	464
320	752	55
742	982	56
296	1346	305
1310	481	69
1053	3902	335
331	846	290
782	2872	32
1025	2000	88
1613	4398	103
1334	3503	70
975	1363	59
318	2368	70
670	4296	270
488	2006	56
793	1503	70
1209	618	71
1463	1185	377
868	4356	205
778	2409	189
497	1435	33
733	1022	97
1323	4054	41
311	3818	41
524	4348	76
807	788	72
548	1163	207
489	4636	69
750	1075	414
820	1188	376
546	137	78
1494	3759	163
146	578	221
1055	1711	70
1368	4473	290
380	3447	43
1309	727	112
827	642	363
1922	2087	270
189	482	71
797	3426	277
289	311	41
1950	3236	31
1438	179	77
186	2000	88
1340	2455	23
508	376	53
1643	5507	42
477	4042	88
782	460	24
1173	3226	370
1672	3734	55
1225	3733	108
1454	2546	345
820	1337	357
779	155	88
753	655	284
193	766	77
211	2927	30
628	1415	88
575	2207	51
1280	4461	184
1342	96	70
772	3567	277
246	602	70
706	4321	55
1337	4467	277
1135	2240	72
4	1517	224
92	1935	71
1315	4228	56
387	4875	294
1177	5443	413
69	675	117
1461	2360	103
0	494	91
130	188	201
1797	891	53
528	642	363
1039	3774	88
30	4379	116
1566	1176	88
1183	2058	205
731	2423	234
359	1201	270
574	4700	230
998	608	97
1571	1743	315
1407	2074	71
798	4247	369
140	1420	8
1409	2828	86
1368	1619	306
786	379	69
488	2258	88
50	2777	5
474	2632	363
1008	2170	41
1434	4583	377
1277	1274	141
951	1257	72
924	2640	41
1140	3885	56
416	1818	358
1759	24	78
127	16	42
903	3086	456
185	1077	389
800	3473	231
1135	4738	212
1190	4725	184
154	1336	86
1461	1942	11
105	228	42
113	646	302
1158	1014	354
432	998	58
388	1647	238
710	620	11
1931	776	70
1139	139	252
1576	1978	88
606	1259	259
843	2426	55
2205	1983	270
1046	395	184
828	829	117
1190	3595	184
1054	247	383
1038	4400	370
726	2744	70
593	587	69
672	760	56
682	3559	23
299	4732	332
1415	416	91
1343	4086	4
2202	1093	72
1874	3026	408
105	329	189
310	395	184
787	117	43
1432	1392	275
1953	438	284
1803	2071	55
1216	1993	230
227	84	88
45	3112	71
1075	4721	171
143	492	14
227	151	69
1244	213	332
1175	2000	88
489	776	70
353	1891	71
129	99	88
1715	26	306
790	4498	44
657	686	8
96	2426	55
667	2682	472
954	1296	71
1403	1334	47
1275	3360	362
1213	1316	88
2102	919	191
269	739	385
1016	3509	236
512	3476	32
1124	4830	310
968	4996	56
753	1938	11
1286	1109	347
672	3297	349
1596	1724	41
260	325	136
1459	1507	315
1732	2644	31
236	2094	162
614	2382	119
105	457	73
1111	3148	55
1153	4193	277
1118	2412	70
376	1550	71
624	1462	72
12	587	69
244	1249	11
1719	2489	113
1145	4670	277
130	700	71
572	733	88
16	2652	88
1249	2470	70
431	567	332
83	354	71
947	3634	54
1763	1897	42
352	1968	88
2214	4630	370
1139	3676	46
1748	385	31
694	452	88
486	1736	92
1695	625	55
2075	752	55
1010	358	55
1859	5069	283
451	379	69
685	1682	9
310	216	70
1480	5269	205
1566	67	70
144	4944	11
1371	291	362
1902	2770	31
2002	5176	462
434	2853	77
1215	3756	464
917	2889	268
1243	5093	139
220	424	56
698	4039	22
109	3571	96
178	753	41
1454	642	363
810	1145	32
1054	87	275
1205	2646	275
1282	113	71
1806	4065	56
43	190	43
1930	1724	41
1111	1031	42
1518	3686	186
692	438	284
1313	3341	275
564	2395	40
353	2190	32
1066	4107	32
1795	252	88
1054	1250	11
1962	1626	231
954	2436	245
416	763	142
957	182	114
2087	3922	403
160	1685	55
44	97	69
603	2656	11
1515	2000	88
1101	4075	99
316	32	31
506	2647	470
1936	5006	339
342	766	77
39	1369	72
1060	655	284
1677	2749	184
1016	953	275
1907	299	56
1656	1249	11
2091	298	363
1362	5164	315
1458	814	250
1759	485	106
3	150	330
754	3227	382
1215	1156	9
570	3398	425
1021	3133	56
318	647	43
375	4328	11
1805	5513	91
1226	2803	11
261	4283	31
1271	4725	184
1723	4024	54
2066	655	284
782	1909	71
278	4197	277
282	1145	32
691	2804	11
285	1381	71
1438	4217	9
359	3045	158
226	477	85
943	542	171
482	3259	56
736	1843	70
1210	188	201
1034	5018	88
899	5435	55
1630	3296	392
777	2024	88
1811	3328	11
1175	1898	70
1266	138	403
1838	708	136
1461	5051	138
360	3349	56
5	251	362
352	1073	70
145	3605	402
512	100	306
1291	123	104
548	1149	61
1440	4743	189
806	244	94
381	346	39
445	4205	55
1382	1114	120
1566	2491	113
1442	4984	56
1439	4227	212
789	3426	277
173	313	118
472	512	356
766	491	11
372	541	395
936	771	88
794	1399	88
1998	1045	205
809	4451	92
257	98	69
1020	2909	56
1602	1418	72
1182	1296	71
1669	1028	10
1305	2104	184
656	3567	277
1847	4060	69
1644	3741	88
1350	0	462
1304	735	385
1451	1711	70
1051	4916	71
1209	3308	385
954	4157	295
1211	3022	88
1203	580	50
318	894	37
779	2357	426
1862	652	440
1235	2870	69
640	741	70
908	4310	71
767	4610	184
395	158	456
690	2360	103
1529	3127	467
326	2549	388
731	452	88
1436	5481	31
1467	4973	240
145	4197	277
1269	1078	42
1159	31	55
519	1550	71
1990	3965	82
191	2182	69
1723	4896	47
568	585	11
1310	4639	93
742	3358	283
235	3890	114
485	1604	53
330	2221	87
1067	32	31
1189	2419	403
363	2899	126
840	36	137
1623	1469	41
149	255	284
229	688	55
794	3693	72
357	478	70
1171	4168	277
855	4318	234
1832	148	70
1397	956	332
7	2699	136
1396	434	72
609	958	43
342	1413	31
1081	855	148
300	5280	362
665	75	88
1907	4848	11
387	1623	56
55	1981	332
329	3241	201
1167	1662	70
2028	627	173
676	3952	103
1212	1770	55
439	1967	317
1981	604	136
811	4408	111
1151	1045	205
383	765	77
168	3633	114
1057	500	43
1349	642	363
673	642	363
1227	625	55
1600	2651	69
988	4334	39
1322	936	360
556	585	11
1795	524	70
1069	4709	284
566	255	284
348	3307	184
1058	4731	317
105	446	180
395	2642	325
1139	330	55
606	96	70
1930	228	42
1625	3178	472
620	4028	43
2253	1809	83
1333	796	38
1807	2682	472
1145	4189	183
147	190	43
2087	4750	71
1248	124	257
185	758	332
655	5184	393
1436	697	332
820	4995	395
1656	985	88
1309	291	362
634	130	193
158	2939	297
580	28	11
1122	634	270
837	1471	28
1271	815	11
843	727	112
1453	1695	88
478	75	88
1527	572	46
820	84	88
615	1456	88
92	4028	43
1965	362	70
1773	150	330
157	4030	11
1065	606	136
789	2073	9
1905	4814	187
1262	2716	72
1991	4049	171
277	1397	246
1123	1250	11
1344	4011	369
1016	2949	53
1687	4322	11
1816	5242	88
1343	514	40
27	1730	56
1140	67	70
413	824	11
614	5261	284
1511	1597	69
1049	1653	353
853	135	72
286	371	284
2129	4678	257
2255	2584	245
634	4287	277
339	210	360
921	1382	363
442	919	191
890	3129	96
322	2192	77
90	740	69
241	514	40
269	3201	81
1054	1212	142
899	399	324
954	297	70
1641	2273	53
1058	4329	55
2041	590	88
1718	450	88
1228	4558	69
1587	84	88
1340	579	65
991	378	208
636	438	284
806	1269	54
1339	841	56
490	414	358
413	4560	277
886	763	142
2276	138	403
699	605	8
955	4996	56
1358	210	360
1186	652	440
1211	1345	88
485	378	208
2040	517	362
1847	474	88
216	161	37
1804	28	11
115	936	360
96	2381	11
1067	590	88
1471	843	39
622	1582	72
577	3328	11
204	603	54
1394	36	137
402	565	20
792	10	275
1632	878	56
806	3148	55
869	26	306
630	438	284
1215	1358	70
108	598	32
754	4957	275
596	727	112
682	26	306
306	1387	9
1652	4302	56
1568	2612	205
611	2000	88
1643	96	70
1148	4911	54
654	210	360
308	2075	136
358	645	41
894	395	184
1251	210	360
1228	1683	71
855	4028	43
1089	633	69
1246	2980	209
706	1440	151
1145	138	403
411	139	252
1616	4904	385
748	4592	332
1227	731	270
361	1660	138
485	2470	70
806	2989	70
1674	1199	70
1471	1645	88
1123	1220	337
1541	2513	9
1816	2893	41
1323	816	225
528	3248	336
1220	883	56
1383	3642	360
598	2093	70
2093	2351	257
402	2474	436
2104	5067	277
1194	2973	70
1849	760	56
1133	1227	184
1394	658	302
1246	288	55
797	1152	198
933	113	71
1381	3367	88
1295	3441	317
536	24	78
626	484	71
1271	135	72
325	1432	213
21	16	42
166	3624	5
878	1174	414
2104	392	70
1134	360	332
1419	450	88
214	3009	85
1739	3579	205
1093	399	324
91	2172	404
1238	1725	90
2222	71	70
1514	982	56
330	3528	362
850	732	212
797	3792	88
188	1977	86
548	2034	231
1487	1040	369
813	3704	56
87	467	77
1193	1415	88
562	3861	56
1056	16	42
1441	5179	294
2037	1955	208
78	3025	408
761	760	56
122	5105	96
968	2265	411
953	2299	70
372	4928	56
1578	703	82
2090	3675	63
395	4921	332
306	2605	196
885	3162	232
216	337	90
1668	1681	205
353	2304	17
1218	288	55
1131	632	270
51	210	360
687	4548	88
587	656	184
787	2470	70
764	100	306
508	190	43
75	204	69
1067	5148	293
1173	4377	171
262	1217	184
798	850	83
5	28	11
1159	2389	88
114	98	69
984	5035	277
63	326	42
1270	3732	198
863	3426	277
1264	717	106
140	294	340
584	1550	71
154	560	106
1136	1114	120
621	2602	171
197	1080	71
1660	1557	71
542	4668	369
1025	793	71
1456	774	467
1220	432	11
1323	154	37
1193	4592	332
1529	1225	456
1756	4595	88
1291	17	267
57	293	362
1641	820	70
258	4026	88
2054	632	270
1303	224	110
588	801	106
850	69	112
706	3948	362
1246	158	456
1412	4327	284
798	379	69
1139	800	186
1537	113	71
406	4559	94
742	4721	171
557	1679	411
1472	4547	32
978	3525	259
1462	1173	144
602	241	32
1475	2691	149
211	2068	56
477	4367	70
726	2695	291
456	643	382
1887	562	43
2165	1403	53
1263	5202	23
244	5263	42
49	1289	42
1394	4409	111
489	3571	96
1284	1142	294
1126	447	332
1471	4060	69
635	201	55
537	1059	456
1341	580	50
1660	760	56
588	3385	88
388	776	70
389	3084	70
1277	642	363
1778	3088	231
791	3619	53
1707	4050	171
139	2369	56
30	418	285
2110	67	70
570	161	37
1198	1462	72
1240	3586	55
1181	201	55
915	84	88
467	1907	69
434	1941	201
1233	204	69
846	5495	95
1042	492	14
1595	2082	55
1708	1928	403
179	3378	41
1983	2993	269
1065	4416	70
2052	1017	374
1348	5433	362
188	3664	241
977	1264	54
1307	3234	164
616	1321	54
730	1274	141
1299	2754	302
1402	303	218
335	542	171
310	271	55
1757	3370	429
919	1045	205
847	3623	171
1263	22	273
1502	4921	332
2128	3358	283
1298	483	205
978	1192	71
269	1907	69
1352	1978	88
679	1358	70
1065	569	11
290	1173	144
1153	3085	9
1894	84	88
1173	1670	205
1459	206	315
1130	1998	11
411	1711	70
917	123	104
1251	3031	32
451	439	9
1007	537	171
706	3473	231
1968	755	56
300	1054	88
828	378	208
143	1868	88
1281	654	88
735	434	72
1044	3426	277
845	1624	296
632	4032	385
1168	658	302
325	4936	70
1343	1550	71
954	4160	184
338	647	43
0	495	112
1055	5037	31
786	3426	277
2083	3666	70
954	1867	103
1298	4936	70
580	1589	302
318	1828	54
1495	4178	385
306	1385	32
1622	3347	31
269	3000	9
1562	1209	306
338	838	56
354	4563	278
1792	1317	290
1038	5368	245
1148	1233	106
469	52	362
66	67	70
362	1421	55
1841	4691	69
724	439	9
247	3314	200
350	4673	71
1153	834	71
646	576	104
2293	3152	69
1152	3821	413
1029	2654	137
1065	1467	71
730	3863	47
180	910	179
2082	173	53
1287	5310	258
995	4425	213
1211	163	110
972	1936	306
411	2711	72
383	3605	402
386	100	306
1719	2960	369
91	1392	275
394	32	31
580	25	108
1564	5357	88
2110	4901	72
1282	1145	32
512	26	306
1669	317	233
1238	531	72
988	579	65
741	325	136
256	628	274
1605	1142	294
720	44	275
164	852	12
737	1342	317
822	527	88
1218	1409	11
1887	4426	405
605	4085	55
459	163	110
686	3286	91
1148	399	324
861	262	270
1205	1013	34
107	569	11
1387	0	462
1085	1454	39
448	1998	11
191	476	88
565	1571	205
1776	5489	71
2026	3445	42
682	1542	55
369	4197	277
435	376	53
1234	97	69
1250	414	358
175	519	88
109	1913	231
1376	2752	32
1583	4531	347
491	305	71
733	4131	145
175	208	31
1193	2149	241
341	338	105
2198	1040	369
966	932	76
1317	522	56
1302	2862	11
1418	3829	298
1146	858	84
1295	1614	37
168	1603	200
1046	3393	53
1151	1192	71
1880	4306	415
408	5244	136
1929	5043	411
1779	3130	42
64	324	55
1096	500	43
28	110	42
774	1661	18
627	2261	87
1474	454	106
864	734	452
1177	392	70
85	3426	277
1643	1467	71
1458	447	332
1577	660	71
551	2023	354
1577	4872	275
1698	1712	72
1323	5052	358
1247	914	56
2300	1252	72
615	210	360
369	1834	71
1643	3370	429
176	2751	33
387	3401	205
514	2645	354
2059	210	360
96	3661	9
553	379	69
185	148	70
704	708	136
1611	4197	277
682	909	272
904	3199	180
1450	1942	11
898	149	71
1359	3716	42
1169	26	306
1396	411	199
429	786	200
812	3392	22
288	1264	54
141	3882	317
105	581	84
788	3076	71
698	1814	33
86	26	306
868	5057	207
181	607	42
1407	220	88
899	4821	418
1249	4380	23
1292	567	332
1500	802	42
332	886	304
310	3999	70
549	1034	69
742	439	9
701	0	462
1690	5247	405
997	3038	55
798	5043	411
899	36	137
70	206	315
1139	2048	55
1487	1460	4
87	204	69
1011	1618	39
171	2486	452
835	2909	56
360	3346	78
40	1154	43
1656	4996	56
1208	2073	9
456	4050	171
191	658	302
181	1641	72
1071	439	9
763	69	112
1771	480	189
1375	1546	184
1205	894	37
1448	292	361
240	113	71
1795	4723	92
2020	26	306
1135	5591	138
827	98	69
735	378	208
1323	587	69
1356	1908	41
396	4918	71
1152	2746	136
2157	204	69
295	1315	109
1386	3591	201
355	959	56
387	1852	200
1216	2413	200
1502	750	294
955	1078	42
1051	3420	24
2217	357	278
735	135	72
643	1	74
1257	4910	102
393	816	225
911	1209	306
361	3535	32
1069	776	70
899	113	71
1214	3623	171
542	413	70
609	2798	302
978	686	8
277	313	118
1722	4681	277
1965	886	304
1950	4254	452
269	91	37
1186	3973	473
1217	298	363
1698	1450	74
2154	293	362
1234	635	106
2185	4395	70
732	2181	78
634	1920	424
1267	87	275
440	98	69
357	1184	391
823	1267	55
845	1413	31
1516	4441	131
804	5059	54
1325	517	362
828	2872	32
1933	5101	70
1163	841	56
1313	2375	42
403	315	31
617	618	71
671	4244	277
835	727	112
412	652	440
560	556	324
1848	3547	116
1501	4391	302
1221	27	46
313	1269	54
1575	190	43
1317	136	134
160	156	70
1547	727	112
1007	1309	465
522	2105	275
743	4008	464
84	458	72
1581	1983	270
402	4231	73
285	3700	327
378	26	306
491	81	33
386	4327	284
1159	399	324
671	4197	277
1023	1593	41
516	3221	205
2148	1702	53
945	709	88
1227	2405	64
859	794	88
1436	3248	336
1158	3253	70
440	2887	70
1280	2921	184
70	675	117
680	665	42
1130	1963	53
458	953	275
174	110	42
162	395	184
735	1145	32
1191	517	362
1688	3070	31
1336	4996	56
2208	4033	284
641	3787	30
2185	100	306
1002	28	11
676	208	31
395	1623	56
402	469	34
656	326	42
1229	210	360
1626	123	104
1442	3791	24
83	455	69
285	1135	302
656	760	56
1970	1859	88
1781	4295	142
634	185	136
1267	1248	71
574	957	43
395	873	72
1063	2763	88
1647	4541	72
1089	741	70
1515	241	32
16	1515	88
726	2925	11
1978	5495	95
628	2557	32
1787	135	72
698	1449	74
600	84	88
711	3255	47
131	141	56
140	3033	456
1188	1893	240
866	5418	413
1507	44	275
586	769	312
1962	446	180
1480	3624	5
1106	4843	56
1234	14	385
70	1005	285
906	438	284
1021	3569	9
1499	859	171
1313	528	251
698	329	189
2088	1681	205
229	859	171
325	1428	212
1304	4281	39
2002	1742	69
867	199	108
1864	4584	227
798	484	71
1236	154	37
1186	965	54
275	4762	31
211	1209	306
1660	3525	259
735	1463	88
1305	124	257
1459	5294	69
959	747	43
429	1361	72
524	1896	43
592	1031	42
2145	1174	414
2146	704	383
139	620	11
1469	16	42
1155	215	275
1267	1814	33
790	1542	55
2125	3550	56
316	3856	39
158	36	137
279	905	369
51	4332	91
1636	483	205
742	1711	70
1787	1826	42
1008	2015	262
113	5534	43
116	3860	112
2188	1998	11
245	1187	180
1450	760	56
1306	1057	456
1321	1711	70
583	1364	41
194	4733	56
1358	32	31
165	654	88
568	3009	85
288	2785	447
408	392	70
1236	5077	270
1139	4050	171
1401	100	306
1342	3813	425
2296	5552	128
2085	567	332
1065	2946	23
1708	414	358
1193	632	270
1077	3424	55
1249	3844	88
1422	864	302
570	1101	28
1211	4018	88
1926	378	208
1410	3015	111
1127	221	181
604	1028	10
1133	154	37
2028	952	69
1177	488	71
1282	484	71
1671	3934	56
1293	5115	72
1733	982	56
503	215	275
1743	4686	443
1849	1054	88
1898	3460	456
1857	793	71
1159	537	171
297	389	162
1346	816	225
111	612	86
682	3426	277
74	233	81
638	3805	395
265	725	96
2183	3893	104
193	3816	18
73	227	71
542	488	71
2236	440	404
664	271	55
70	377	208
1055	4011	369
1370	4710	69
827	75	88
710	210	360
564	1755	71
1749	1308	456
2295	2603	472
720	5574	70
688	399	324
2028	4366	257
1058	3267	90
734	314	31
1410	780	452
1614	96	70
655	1834	71
392	704	383
1838	5208	318
1231	80	450
861	632	270
61	3137	71
1058	4168	277
2202	5147	372
2277	244	94
1181	572	46
2028	1696	54
139	5113	32
506	660	71
1051	576	104
530	3792	88
588	2281	106
1497	688	55
1130	67	70
1293	1712	72
1458	2779	55
1161	642	363
1578	3502	302
1824	3637	302
1247	1777	55
1562	3504	70
650	1248	71
1514	2712	69
5	399	324
673	3881	303
392	4050	171
359	1305	185
488	3441	317
1139	3793	135
1607	618	71
1909	4599	313
2033	5084	366
1210	1024	419
887	517	362
639	1261	116
2081	2980	209
746	4424	96
1588	576	104
1573	5358	171
598	2627	56
1487	432	11
1393	1099	53
1560	1612	212
14	2812	71
227	301	70
1431	1655	249
1562	1518	70
190	2856	32
171	1193	115
76	417	306
278	447	332
437	1919	205
2141	3679	71
172	2882	96
1158	8	474
1008	392	70
1024	154	37
458	360	332
1065	3731	277
336	75	88
1269	4398	103
783	5560	55
1432	3215	284
619	525	46
930	4076	425
537	1757	433
105	139	252
2246	4283	31
1150	96	70
0	948	112
1454	4391	302
735	1711	70
349	12	466
954	752	55
589	3559	23
1427	1638	171
225	1725	90
109	2029	85
1982	3714	55
386	2022	179
278	1827	23
1998	439	9
596	178	48
125	691	88
1038	556	324
1502	1981	332
542	1387	9
191	75	88
789	204	69
1367	3184	205
1409	96	70
906	2370	72
211	286	306
463	1688	33
987	1210	93
791	375	54
1158	4482	347
1141	1685	55
564	26	306
2091	4244	277
1324	1393	189
396	766	77
515	2633	87
335	806	107
1776	2891	42
1893	5162	30
305	1907	69
1329	1695	88
1339	766	77
50	1348	205
2230	4060	69
193	985	88
1448	1357	88
309	2563	181
1623	1259	259
1327	71	70
24	183	11
1406	1513	9
361	376	53
891	868	56
1193	2058	205
979	220	88
795	3703	266
713	100	306
305	704	383
1471	5569	102
1561	1551	71
1382	8	474
266	1936	306
1362	215	275
1390	158	456
1773	2646	275
392	3525	259
126	2055	452
389	468	294
496	3628	411
2189	213	332
1816	138	403
114	4081	55
282	1045	205
1352	2239	239
579	358	55
708	3227	382
717	175	103
0	1612	212
354	1269	54
249	567	332
1007	435	302
166	3431	56
99	567	332
276	161	37
114	2377	425
1267	887	70
84	1968	88
794	3961	42
1587	3750	306
968	24	78
429	416	91
637	26	306
208	2908	189
185	532	41
592	201	55
1052	175	103
5	1939	9
332	210	360
788	3258	70
178	2368	70
978	96	70
67	1546	184
988	2800	9
479	1340	142
1459	218	70
1327	28	11
431	527	88
418	1878	77
845	2515	403
18	2564	27
1420	747	43
73	26	306
175	315	31
491	4498	44
158	2698	88
332	100	306
261	280	72
1598	863	259
359	1711	70
1214	5154	90
422	1090	72
316	1127	72
113	1269	54
1546	4628	64
541	2721	100
1409	227	71
89	2782	78
1328	2078	42
489	768	106
988	3652	103
2077	3426	277
1275	484	71
1227	4506	70
394	358	55
614	1168	24
482	1838	23
175	5456	302
264	2363	236
2314	3598	87
1412	3888	104
360	4395	70
90	2389	88
114	2494	61
53	1600	96
1132	4275	56
185	785	162
234	414	358
1511	5211	56
1282	4024	54
1643	523	70
1008	384	11
1758	1330	456
1428	937	337
1382	1856	393
217	4014	132
110	3575	11
309	688	55
479	3460	456
1299	3042	24
51	1516	31
451	2951	398
954	3945	33
1325	3369	42
1317	5366	434
586	2750	212
349	5110	88
212	357	278
2138	2179	324
0	2167	112
149	747	43
1041	163	110
1797	843	39
1020	978	77
502	35	43
141	760	56
1566	1636	200
2298	3677	46
437	1612	212
1375	1671	71
808	417	306
411	2751	33
1698	5133	77
997	791	230
1827	5414	332
1454	622	56
542	3558	203
1511	4472	294
954	320	189
748	4996	56
1277	4078	257
474	2512	357
1831	962	88
263	158	456
1454	3655	259
1798	2584	245
911	208	31
548	446	180
271	668	196
1480	1409	11
776	146	55
938	96	70
79	1557	71
789	3246	413
1914	3426	277
482	1386	56
2097	134	306
1002	378	208
197	1125	273
29	115	41
316	2835	71
187	245	54
83	456	86
510	1949	99
994	497	189
2281	1330	456
1172	312	420
688	443	71
597	75	88
495	646	302
1020	3442	317
47	575	62
135	2328	99
1386	43	42
968	28	11
81	444	425
1716	1621	72
947	399	324
1137	1565	402
2210	1969	86
20	2186	56
316	1408	134
1317	67	70
2085	1308	456
1393	519	88
1518	3307	184
1752	5429	154
1854	174	103
713	3890	114
1622	839	385
1308	71	70
565	1976	86
1127	1546	184
1186	2301	31
1130	1745	77
305	3841	138
1577	1998	11
1044	2272	42
414	1711	70
500	3419	24
598	806	107
1469	592	41
614	2752	32
1575	1711	70
1220	619	72
1492	541	395
564	1330	456
506	3784	462
836	4942	41
368	100	306
381	381	38
1506	469	34
487	1536	46
1514	361	70
2221	2939	297
334	3253	70
759	96	70
472	914	56
1080	273	41
1193	3764	72
465	2493	11
798	1062	456
422	2784	204
870	727	112
1295	2171	404
25	87	275
329	1157	31
35	3454	70
1265	199	108
50	26	306
378	1609	9
1816	1019	404
275	78	352
1168	278	456
1225	2273	53
188	228	42
2014	900	41
241	4118	191
1477	4445	39
1155	122	138
1154	1993	230
821	957	43
1139	4049	171
168	2113	366
625	1850	40
2002	362	70
310	588	88
168	5062	59
1140	760	56
334	399	324
1235	379	69
213	2232	164
285	195	88
723	317	233
746	91	37
496	3763	109
995	712	86
1370	3275	176
539	24	78
548	727	112
116	81	33
1065	654	88
1081	2925	11
187	1803	11
941	852	12
2237	28	11
1424	582	277
1122	2238	204
1982	1183	55
61	309	71
258	5542	380
514	4850	277
1575	727	112
1132	1711	70
1297	210	360
1773	3299	71
1537	4804	55
96	2871	2
1229	2183	54
1491	134	306
588	560	106
2103	859	171
303	580	50
1230	1888	55
1487	567	332
647	687	88
373	1572	11
1182	317	233
1166	1492	240
130	706	28
1228	96	70
361	1354	71
361	5411	157
140	2399	54
1277	5207	362
1323	4143	70
463	2639	56
1480	5158	385
168	860	368
697	2537	95
70	1135	302
1031	2187	74
1802	3894	104
255	399	324
928	70	71
70	376	53
453	1277	143
1149	98	69
1606	4246	464
369	471	99
2025	26	306
1812	891	53
1449	4339	54
326	2331	368
206	644	245
411	642	363
553	361	70
606	278	456
1054	414	358
216	3002	55
1234	2396	208
1854	228	42
1309	791	230
1136	175	103
2270	2777	5
1600	4795	70
1472	710	88
1628	3922	403
752	4454	88
2249	378	208
1304	488	71
887	1114	120
1467	4966	267
264	1056	245
488	4241	162
1015	5247	405
1614	890	136
1066	585	11
302	731	270
954	5346	244
888	75	88
30	1309	465
692	567	332
1189	297	70
906	210	360
50	1284	2
551	28	11
520	181	71
349	210	360
480	387	401
195	2039	87
1392	1178	62
603	311	41
431	31	55
1298	843	39
1515	648	56
1796	2925	11
109	1033	53
282	567	332
635	505	214
84	3762	306
1103	5132	70
467	4779	71
378	2583	70
87	4060	69
1314	763	142
806	2202	191
1855	4921	332
1073	795	106
1850	1227	184
381	4335	29
135	549	76
541	1551	71
206	1100	238
1752	3315	456
19	215	275
1142	2	11
1278	4530	69
1595	801	106
1727	1239	71
834	905	369
99	2028	157
96	26	306
1367	1681	205
471	1409	11
1570	1870	40
1441	5562	201
1179	5196	33
70	4983	51
642	5010	171
1491	0	462
2185	294	340
845	2891	42
1265	3722	296
1347	3077	50
144	97	69
794	230	71
1830	4563	278
850	2306	415
78	434	72
1792	1045	205
1434	513	403
1323	113	71
180	339	55
1599	249	88
235	469	34
533	2282	151
313	1211	177
1080	979	112
1805	4547	32
1854	500	43
1144	2093	70
1577	2136	175
1806	3426	277
1587	902	61
99	424	56
899	607	42
277	2493	11
834	204	69
954	704	383
1222	1711	70
1338	180	452
702	3500	88
2087	4367	70
125	774	467
1362	4398	103
1480	1783	31
1273	1670	205
62	1907	69
70	1858	436
583	2969	88
330	1712	72
1795	1681	205
1418	5065	277
110	2830	55
83	1283	5
183	100	306
931	137	78
1230	228	42
669	368	195
583	2294	324
338	244	94
1609	75	88
766	4507	129
1058	979	112
807	461	70
1917	123	104
762	3277	448
352	1814	33
508	1730	56
2168	4595	88
172	2572	158
951	180	452
636	519	88
1058	4406	43
424	1028	10
530	414	358
1268	2653	88
489	1006	284
88	3548	143
2210	524	70
348	753	41
1871	4756	270
1574	2328	99
226	2006	56
375	1184	391
424	784	72
1221	3532	62
1022	209	55
1153	938	88
856	2894	443
1419	1887	70
349	320	189
335	1244	372
263	1243	415
1038	4934	245
323	585	11
147	785	162
1244	3133	56
1676	244	94
699	3584	103
2299	5573	231
258	2064	72
1850	32	31
1409	1199	70
607	434	72
633	2798	302
1313	29	70
1008	3400	273
1235	776	70
1463	789	363
741	1018	374
118	2054	441
323	1318	24
291	253	56
1266	582	277
1019	825	42
91	326	42
1058	1076	317
1215	632	270
1270	1372	70
542	5144	70
1220	1084	56
1359	5461	107
1343	1837	71
354	276	315
1213	4842	42
961	2833	54
2130	5137	404
930	3426	277
127	32	31
426	5197	72
708	3426	277
1202	3982	411
392	70	71
1860	461	70
1201	3157	467
395	1599	332
92	5513	91
93	1441	151
988	580	50
58	1728	96
1173	1209	306
818	3047	190
476	3436	41
720	580	50
1674	680	302
1533	4978	433
1566	438	284
437	3757	9
835	781	43
2278	700	71
847	453	55
2213	210	360
162	2055	452
1002	3781	244
1089	317	233
73	379	69
451	1885	327
1269	2460	148
34	5256	31
1034	370	72
1383	4931	208
1310	2099	112
398	941	112
239	3072	72
1479	4050	171
1150	658	302
892	801	106
1652	803	71
255	4996	56
946	2099	112
1407	2671	208
1035	3002	55
446	1248	71
2297	5366	434
256	3541	184
2317	2879	403
1940	1220	337
793	135	72
966	407	42
1235	528	251
265	1450	74
98	471	99
2240	221	181
777	3002	55
1051	3768	41
1693	138	403
271	4848	11
1348	399	324
2107	1587	284
983	1950	299
2164	1211	177
1182	4121	277
442	1045	205
70	72	71
1211	5220	162
1745	28	11
1886	902	61
1359	500	43
323	286	306
735	390	88
76	419	189
1271	4758	199
50	247	383
1275	435	302
431	780	452
169	1438	33
676	414	358
893	2695	291
224	453	55
1854	4263	69
1571	26	306
1912	198	55
667	1982	306
730	1466	42
2228	4115	24
1490	924	275
195	4087	56
1764	627	173
998	70	71
582	892	70
1611	24	78
2295	4777	460
2161	4226	88
968	658	302
386	97	69
1196	3721	218
1413	846	290
1211	233	81
1126	2243	467
1103	1378	88
1089	75	88
866	1979	223
664	1309	465
53	1197	77
1549	67	70
1401	4477	257
1263	4410	302
150	1032	72
909	790	70
107	260	11
541	3009	85
360	2395	40
506	135	72
1257	4765	351
2	2533	333
1262	67	70
1123	4450	88
1186	4889	464
1095	709	88
972	100	306
185	620	11
107	2568	11
911	3238	271
555	855	148
432	1040	369
1063	1583	87
1201	4060	69
1034	974	70
61	5174	56
1007	251	362
1102	1983	270
1301	727	112
1267	1852	200
917	2708	205
2032	3426	277
75	567	332
0	935	112
129	753	41
1394	2952	395
1406	305	71
673	215	275
30	838	56
2199	158	456
1438	3143	88
617	180	452
1672	411	199
1618	4010	367
2	417	306
1270	2140	302
5	2443	11
150	315	31
160	965	54
223	438	284
676	2099	112
1177	2723	70
305	4730	357
1900	696	56
386	618	71
591	2219	77
1922	905	369
1087	3168	259
368	2316	46
1281	5236	454
80	136	134
1798	1221	11
779	472	284
0	1818	358
1579	1401	352
275	4340	41
1595	271	55
1171	91	37
30	323	37
1035	4329	55
792	632	270
2164	34	55
1492	723	88
24	639	11
1275	778	142
434	2852	142
827	760	56
1608	2207	51
40	1765	70
1220	4199	346
482	2408	9
1309	5422	70
510	1689	56
266	1259	259
1067	658	302
1348	4215	277
82	5141	70
1337	5042	237
156	567	332
870	1364	41
466	1174	414
2048	277	353
869	307	46
971	2089	373
1048	627	173
250	2327	106
1013	521	41
1325	4477	257
845	1560	56
1412	1901	332
1294	341	23
1251	2190	32
1209	297	70
603	155	88
564	1887	70
1144	982	56
1075	3519	395
148	96	70
706	1154	43
2249	1341	88
1301	4130	55
1023	3248	336
1239	84	88
453	285	317
1224	2275	358
385	665	42
79	835	311
148	3704	56
497	3431	56
984	204	69
540	987	136
1699	1578	11
1498	2619	332
947	1280	42
1092	4482	347
376	2022	179
243	1239	71
1060	2636	306
960	1612	212
991	708	136
303	727	112
1412	3986	275
1789	4713	88
53	267	54
1138	2566	200
27	96	70
772	3251	41
1219	1010	86
733	1331	41
869	1044	56
2199	73	423
1928	75	88
1983	5	159
1394	32	31
1131	141	56
313	2438	176
262	152	70
1529	632	270
911	2796	349
1268	743	360
1146	5058	245
1187	1283	5
1257	2253	467
463	100	306
968	317	233
1323	2480	90
911	4809	209
96	1459	259
89	1252	72
609	3013	219
618	3774	88
1916	4559	94
74	3928	375
1906	2588	10
1168	362	70
667	3729	43
92	1969	86
1583	848	347
1295	2979	405
168	1345	88
40	3564	56
856	3284	353
146	723	88
938	447	332
1959	1614	37
267	3163	54
1227	4197	277
1285	3923	84
868	773	31
369	361	70
17	4784	88
947	1017	374
1487	1030	259
1621	179	77
481	35	43
1819	145	32
376	760	56
858	70	71
1531	919	191
742	763	142
763	700	71
667	2940	403
1409	1410	31
1271	580	50
813	4175	9
26	100	306
253	474	88
33	4283	31
91	1926	280
1102	180	452
399	607	42
735	1690	69
988	1259	259
422	1590	303
835	3073	72
797	419	189
1057	781	43
719	1174	414
1380	73	423
805	4418	43
2215	646	302
369	2719	23
1675	2858	56
1546	987	136
2246	2444	88
1246	1712	72
72	4062	55
1752	3277	448
1051	3513	248
2104	1967	317
180	1045	205
890	75	88
260	2493	11
1723	1145	32
2072	521	41
1383	763	142
1471	4299	55
1191	0	462
571	439	9
1561	2057	71
115	727	112
813	873	72
1937	1	74
1344	1955	208
1302	220	88
886	4198	180
12	1044	56
804	4795	70
1154	379	69
1537	604	136
1588	173	53
2150	3017	69
360	27	46
269	5215	102
1323	3688	88
462	1524	55
218	463	91
1816	161	37
1898	517	362
66	361	70
1065	2700	136
579	927	11
870	4954	278
369	709	88
726	1284	2
955	881	86
1321	2461	148
647	3615	56
935	67	70
93	4599	313
1379	3429	56
168	369	49
1065	215	275
1142	1701	77
236	3107	74
245	3004	87
144	3990	89
1334	2622	275
8	2211	31
1634	3081	403
1008	3587	452
1624	189	41
1535	2425	235
472	3369	42
553	218	70
153	2429	76
1251	2303	358
458	1653	353
1935	902	61
1311	2453	189
1428	185	136
834	1579	208
1459	697	332
240	310	124
1054	3586	55
1114	618	71
290	789	363
990	2893	41
193	297	70
78	438	284
336	1469	41
989	2244	56
1215	1166	205
411	3136	200
373	2927	30
1359	2442	23
628	170	11
2194	5164	315
66	215	275
866	3426	277
193	135	72
1209	1885	327
24	1383	70
373	1250	11
1415	1676	385
1925	121	32
247	760	56
1030	278	456
1135	136	134
3	3955	284
1315	4088	88
419	721	88
247	4700	230
195	3672	302
1600	1711	70
264	525	46
1297	3352	91
36	4181	184
1394	2121	91
1220	2719	23
247	75	88
431	3563	56
537	763	142
1122	72	71
1437	482	71
2185	1626	231
804	4050	171
1625	135	72
350	135	72
452	727	112
477	62	70
383	4774	42
1397	468	294
1008	31	55
698	3921	56
1842	4472	294
450	778	142
293	1073	70
1374	2772	31
0	2168	337
1776	2272	42
705	5414	332
1759	28	11
797	589	88
179	1800	42
1383	69	112
1225	1617	39
968	1257	72
1315	1823	30
359	3305	106
418	3503	70
929	78	352
334	2294	324
285	892	70
698	528	251
247	1033	53
991	1809	83
1065	2978	88
553	780	452
224	2698	88
1017	1098	448
1264	1054	88
794	804	69
434	359	56
670	1135	302
1234	714	31
625	1132	55
2172	1941	201
1200	2213	70
1894	2488	306
850	506	403
1689	26	306
139	26	306
313	28	11
120	662	69
841	67	70
985	5278	395
968	696	56
1381	76	90
172	2373	420
1555	809	42
1169	4498	44
214	625	55
234	500	43
148	484	71
407	170	11
724	304	158
1035	1014	354
1092	658	302
1823	448	452
1743	5028	114
1395	75	88
1547	286	306
0	532	41
1057	399	324
1228	4839	283
866	3633	114
1152	96	70
1393	199	108
1061	14	385
899	3600	70
252	2335	42
353	4244	277
976	4838	70
949	735	385
2155	1674	324
634	3302	70
1304	84	88
870	2925	11
1270	4721	171
1575	250	70
206	452	88
48	1803	11
1486	1812	356
596	67	70
914	123	104
173	4071	449
277	936	360
2261	467	77
1214	357	278
1479	1309	465
502	672	119
790	857	11
996	700	71
1034	3577	71
646	3215	284
248	135	72
837	843	39
553	1969	86
936	3185	141
1713	3238	271
1962	1255	302
1052	542	171
1198	36	137
1411	177	96
509	28	11
245	1064	377
572	439	9
1171	3022	88
139	828	42
1464	5107	129
690	3553	31
481	500	43
1561	522	56
523	3253	70
558	2552	332
131	121	32
1307	1352	70
1463	357	278
712	3969	402
239	3111	62
1316	489	158
735	2378	456
316	1026	53
1345	886	304
494	2668	25
371	91	37
774	1544	245
1207	2326	212
1672	1788	136
827	97	69
1426	2843	275
1246	2527	448
973	2001	88
1219	2783	42
1019	982	56
279	1250	11
50	3483	71
302	2426	55
791	178	48
1299	1277	143
754	4197	277
435	2003	106
1349	4050	171
673	1507	315
803	3426	277
871	178	48
1337	417	306
695	96	70
1527	453	55
426	525	46
647	1309	465
40	3144	158
1651	2565	82
130	247	383
1963	14	385
1861	2732	275
1492	446	180
1101	2373	420
706	1297	306
1019	3700	327
156	2262	85
1470	2812	71
1472	305	71
710	4802	32
168	620	11
240	244	94
992	1286	74
431	1908	41
1280	4170	88
1338	97	69
87	469	34
1516	1185	377
887	3939	277
1441	627	173
735	1695	88
43	69	112
1096	1054	88
1434	3529	253
1092	839	385
395	995	302
1775	315	31
405	162	31
272	2888	340
580	1253	284
624	202	315
2072	180	452
1081	5090	359
451	1455	286
802	1217	184
947	2711	72
1298	1570	205
628	4240	11
1641	3096	69
282	4323	43
1138	213	332
1249	5554	72
1491	3822	363
2167	4306	415
2193	2106	275
1838	1145	32
1498	427	32
40	654	88
1042	1309	465
709	471	99
845	3867	240
1188	1504	385
1187	402	24
395	358	55
41	1619	306
1235	1116	189
968	213	332
1680	71	70
65	342	32
313	4599	313
454	199	108
540	4299	55
964	439	9
2009	505	214
878	1226	317
164	2276	64
995	4380	23
1501	760	56
416	4639	93
1684	5441	441
667	891	53
51	3625	88
1148	928	54
841	542	171
1318	293	362
191	296	72
1002	204	69
627	3482	41
342	914	56
1854	1199	70
653	958	43
0	1466	42
1902	914	56
1578	3813	425
1777	2689	11
1158	780	452
232	646	302
1083	199	108
1866	2546	345
556	1409	11
1205	2368	70
798	4712	103
413	457	73
1341	627	173
1545	1230	275
634	2203	23
1456	654	88
434	917	70
1286	1614	37
195	1933	9
1329	743	360
1171	708	136
2083	1460	4
996	605	8
70	380	42
424	2751	33
741	2389	88
162	97	69
1537	1438	33
58	3930	74
543	1040	369
1681	814	250
898	5194	467
376	988	136
1824	273	41
234	1816	71
183	1851	52
1137	71	70
794	4010	367
1340	1841	69
1531	1532	171
1109	1164	137
626	3369	42
405	297	70
360	1395	425
412	199	108
616	73	423
1234	1199	70
451	904	369
1012	2978	88
239	3548	143
1980	1191	91
1168	358	55
50	5291	257
1680	4077	257
553	535	41
482	2746	136
65	1550	71
1705	911	180
62	26	306
2194	589	88
1061	4996	56
828	758	332
1743	999	88
1328	1622	71
108	116	306
1614	35	43
1902	602	70
416	3498	284
1373	4812	74
1483	658	302
1798	175	103
1579	813	445
193	101	220
1224	766	77
313	97	69
1446	733	88
1486	776	70
916	5143	306
2067	1125	273
2300	3032	294
1519	310	124
1066	736	385
1903	796	38
63	2881	70
1186	0	462
262	4398	103
1576	341	23
158	5164	315
727	26	306
416	2473	70
1914	3398	425
806	5185	184
1571	414	358
302	2420	272
124	3730	24
1539	2665	225
1810	1005	285
804	4187	106
395	1250	11
1205	1597	69
853	835	311
1341	446	180
1568	5438	11
1878	3896	55
909	815	11
827	70	71
1368	4481	267
59	75	88
0	1564	55
1069	1148	32
33	3587	452
1232	747	43
378	2397	439
859	3885	56
2194	4027	37
587	1045	205
1985	313	118
129	2027	71
1294	75	88
38	1330	456
779	117	43
2198	2058	205
1501	91	37
618	163	110
1909	87	275
811	5255	56
244	2278	78
153	1090	72
591	766	77
515	4398	103
1677	5209	116
1283	453	55
843	2099	112
307	1389	354
2014	2274	55
1316	1276	43
128	471	99
899	5389	69
1063	1455	286
560	417	306
586	434	72
924	1746	77
1224	1452	146
1414	67	70
1286	4848	11
389	389	162
1025	361	70
813	538	54
482	3253	70
1981	1225	456
539	3134	42
96	98	69
1141	607	42
786	3347	31
1057	1273	166
2103	438	284
1811	5135	88
658	84	88
793	646	302
303	1045	205
461	116	306
657	1713	353
634	1799	55
548	4364	347
1145	5016	277
179	4797	284
1964	885	70
30	5576	86
662	215	275
875	81	33
1291	434	72
173	4424	96
1339	542	171
1124	1045	205
334	1682	9
1812	161	37
191	4218	448
1225	911	180
545	2239	239
991	1253	284
1461	2612	205
1416	2799	284
358	3668	71
906	1591	285
983	1193	115
208	1052	136
1280	14	385
628	195	88
624	766	77
424	399	324
1301	4606	267
548	2560	205
1390	791	230
625	4260	11
1341	635	106
1577	607	42
229	856	56
500	210	360
543	1711	70
968	567	332
1047	4908	11
318	489	158
1243	36	137
326	2700	136
522	3184	205
1127	4404	208
246	3021	41
1359	0	462
1523	24	78
129	123	104
1406	1288	32
1287	1775	158
1971	3898	20
1153	97	69
467	3567	277
989	392	70
1043	468	294
1083	2872	32
988	2854	56
1491	84	88
1354	5463	332
880	297	70
823	3275	176
1139	4372	56
387	1460	4
832	438	284
1232	4283	31
1190	3514	184
1744	2665	225
1522	2253	467
40	5535	43
1253	3426	277
1327	2404	82
1434	4976	404
289	2407	4
1575	2915	42
276	3001	315
258	1859	88
78	433	72
1491	3852	70
1038	4716	199
1633	1970	77
1301	708	136
153	1450	74
65	71	70
2302	4025	363
1526	709	88
1587	3691	277
96	3338	8
395	3152	69
1759	363	275
496	3307	184
1846	413	70
1052	541	395
2103	4050	171
67	994	284
823	96	70
1234	634	270
628	2444	88
2013	1998	11
998	3347	31
33	815	11
2147	1702	53
241	3326	191
786	3584	103
2217	852	12
797	4962	277
411	1174	414
695	247	383
1378	914	56
160	3126	56
361	771	88
1409	4119	32
2014	4585	11
1109	2473	70
348	174	103
390	75	88
778	1059	456
790	4090	23
0	714	31
988	632	270
662	2380	93
63	481	69
354	5324	277
1322	585	11
899	2258	88
766	1460	4
635	28	11
678	399	324
978	32	31
1738	276	315
96	813	445
1325	358	55
1350	255	284
1712	1532	171
1811	4663	456
1773	512	356
1922	26	306
1335	645	41
1472	2045	55
733	3723	37
761	2781	245
1295	1153	96
994	743	360
1371	278	456
2146	3127	467
1617	2603	472
162	438	284
192	337	90
1058	1921	358
887	1888	55
1862	317	233
1367	2391	206
300	101	220
1264	120	88
865	2826	73
1860	655	284
2215	107	70
260	1169	55
114	1	74
38	26	306
1013	1324	114
955	210	360
162	1998	11
158	1908	41
798	904	369
2099	727	112
1820	2957	369
978	1277	143
1065	3791	24
1600	113	71
400	2899	126
96	227	71
1280	3503	70
1214	3073	72
342	3426	277
1271	4050	171
243	2328	99
382	781	43
179	4437	43
667	1470	72
1146	3151	39
1414	14	385
752	45	96
1499	658	302
786	4652	382
1394	1324	114
157	4942	41
1817	563	90
2224	100	306
51	535	41
245	2991	205
2113	123	104
986	4996	56
171	1423	42
488	3545	41
88	204	69
1394	5114	97
263	2358	462
1547	3989	302
2057	2757	43
350	612	86
917	2058	205
1850	4546	205
349	35	43
903	2841	71
2104	276	315
2014	565	20
1140	135	72
2225	2811	269
564	4843	56
1843	2166	56
30	1238	71
259	4220	55
1619	28	11
58	1241	413
607	522	56
316	900	41
489	488	71
921	1562	24
1335	4384	405
1109	447	332
1127	179	77
1354	2726	14
833	1216	337
1961	604	136
548	1152	198
2175	1198	55
728	75	88
2184	158	456
1810	2143	257
1170	346	39
1019	1239	71
1294	12	466
1140	2547	294
150	1536	46
1349	3249	284
105	1073	70
1189	567	332
1181	173	53
200	399	324
1753	288	55
1360	182	114
70	4327	284
1231	1663	55
339	1450	74
868	752	55
718	4356	205
240	332	31
901	457	73
500	1574	269
845	362	70
2037	204	69
705	1311	457
1059	1198	55
998	1210	93
1288	1054	88
565	5418	413
113	3578	39
583	1733	53
1764	1257	72
1571	20	1
720	537	171
1761	3088	231
1340	786	200
1159	658	302
539	40	54
148	2222	363
1248	750	294
272	3426	277
840	1435	33
61	760	56
688	303	218
366	144	55
1216	4496	142
1194	135	72
935	17	267
1177	1324	114
938	2160	8
1676	658	302
2081	1670	205
1952	16	42
1220	2344	56
1056	177	96
514	179	77
1015	3021	41
706	5580	306
309	3849	368
567	1418	72
1660	708	136
673	116	306
555	1800	42
1700	26	306
520	261	317
1383	304	158
349	786	200
116	3579	205
1520	1711	70
1356	4197	277
1948	5552	128
1174	1011	71
930	489	158
954	1503	70
268	195	88
1424	4698	191
1220	2528	69
821	1253	284
421	580	50
1124	317	233
145	775	194
1187	3028	54
1219	3745	374
1339	3529	253
1405	2364	212
1952	360	332
2205	2365	289
321	1291	3
661	1873	42
997	814	250
1043	642	363
567	1212	142
944	1949	99
1233	411	199
13	2239	239
1109	854	70
1169	86	23
2148	438	284
607	2735	43
135	288	55
542	97	69
1219	4288	331
479	1045	205
191	135	72
436	1755	71
2256	28	11
361	3474	69
186	100	306
1468	98	69
1757	1211	177
40	1182	205
366	4076	425
1515	632	270
1922	2929	242
1395	4784	88
156	290	379
1137	2869	184
1906	395	184
1400	471	99
778	3834	189
1699	481	69
127	28	11
1221	136	134
728	734	452
968	1276	43
207	1049	135
1685	2149	241
2171	97	69
388	492	14
1532	1121	95
564	4144	23
879	2982	304
1153	1930	443
1392	2366	205
1877	2770	31
448	2763	88
1528	3429	56
482	1330	456
735	4012	56
1211	75	88
868	3057	81
408	488	71
1268	2603	472
943	285	317
806	3600	70
741	3437	136
359	4369	271
2253	780	452
752	31	55
1789	941	112
1181	41	275
1313	1230	275
686	2451	32
500	2102	423
257	2262	85
1539	180	452
1177	532	41
1559	5016	277
789	377	208
1631	482	71
373	972	115
1060	2425	235
1419	3853	69
85	463	91
1269	731	270
1058	1507	315
61	1833	31
91	513	403
63	1262	72
835	244	94
1263	87	275
96	2805	172
1053	982	56
273	1907	69
1628	4593	33
1130	271	55
1270	5545	284
667	4346	62
1146	1718	11
1451	4957	275
1829	210	360
278	3426	277
1870	760	56
1404	479	189
329	2646	275
412	1225	456
1339	2056	52
2087	567	332
1019	482	71
968	100	306
1142	723	88
1897	3856	39
84	1793	418
113	3735	55
1252	3224	313
1817	2868	31
288	2455	23
2122	5010	171
14	3453	11
1830	714	31
1315	804	69
1867	5166	56
434	1277	143
360	1253	284
552	26	306
1427	658	302
636	1888	55
582	2088	11
1753	846	290
16	498	43
42	75	88
786	4805	464
2152	1044	56
300	2009	72
769	3537	452
2086	26	306
194	538	54
2183	3770	104
1031	1321	54
995	136	134
1335	675	117
1874	434	72
262	323	37
786	801	106
1476	3665	275
59	438	284
1659	3499	302
448	2257	91
797	98	69
472	3709	337
1232	3541	184
392	57	146
1101	1114	120
161	2702	136
1840	2647	470
369	921	76
997	2193	43
30	1399	88
1309	3388	450
1450	5251	31
340	39	71
13	4705	70
553	399	324
354	3604	32
1201	734	452
546	1955	208
1016	96	70
524	894	37
369	2854	56
897	2568	11
380	5479	259
117	651	332
1410	2875	452
482	1318	24
1950	2106	275
486	874	72
185	3549	112
336	1369	72
845	1450	74
726	191	56
515	161	37
105	583	9
1556	5260	464
260	3467	71
66	355	55
899	500	43
1021	891	53
80	452	88
1096	2409	189
1400	914	56
339	399	324
1459	3001	315
70	1003	302
1576	1612	212
88	2680	31
636	2937	358
704	5	159
386	601	70
2251	4742	391
720	461	70
547	4127	208
1149	288	55
735	195	88
1116	145	32
264	1794	70
954	358	55
1019	4469	9
2179	1045	205
1636	1896	43
1065	2769	55
1038	567	332
12	2024	88
597	1457	284
1862	1875	88
1924	67	70
314	5520	71
1008	1711	70
628	3866	31
1710	5405	96
1349	686	8
682	2751	33
1471	1466	42
925	3886	237
1273	3401	205
1299	4228	56
942	2970	189
1042	1311	457
1257	1309	465
138	739	385
815	3302	70
1560	3057	81
1140	2748	184
329	776	70
1583	1614	37
1643	488	71
90	75	88
2094	1226	317
366	1797	24
954	713	103
206	430	42
627	4153	95
1310	97	69
1726	1920	424
1034	4026	88
357	5482	138
1614	5292	273
143	541	395
1981	3176	455
1515	2360	103
1095	3935	70
647	3716	42
599	755	56
1150	4348	76
673	422	284
1858	399	324
705	342	32
667	158	456
1345	75	88
1699	5518	332
2066	1219	212
123	683	56
76	727	112
1274	75	88
1235	4587	102
720	3885	56
362	3708	55
688	646	302
850	180	452
536	111	383
1577	2138	283
302	3844	88
549	3929	142
964	1582	72
586	91	37
1469	3632	63
257	2067	106
1102	3426	277
1471	525	46
1622	2265	411
51	4389	315
360	354	71
1543	1507	315
1741	1887	70
1215	5306	206
1235	2970	189
387	1639	200
845	2357	426
1831	5128	71
851	2832	88
686	453	55
2255	632	270
777	3307	184
379	556	324
1235	1614	37
1012	1848	154
617	3426	277
655	4124	31
1319	1936	306
853	843	39
1158	839	385
2215	1489	267
91	495	112
1343	5225	14
186	101	220
1145	215	275
912	298	363
260	1529	270
1420	1998	11
1215	399	324
777	2606	11
1405	4929	103
1388	4508	56
1101	524	70
1063	4092	87
2077	1878	77
1506	73	423
91	894	37
636	3280	69
105	589	88
444	2077	126
1427	772	170
1201	2461	148
185	4354	31
191	2378	456
514	24	78
1563	4718	101
829	4301	364
1139	666	23
1410	2944	291
2064	28	11
93	589	88
537	766	77
1154	4894	6
735	2062	41
580	3953	452
1010	3472	82
1584	2296	78
85	2826	73
131	826	88
1299	747	43
1361	84	88
1813	3878	88
2115	96	70
801	4673	71
1500	1228	191
2083	2381	11
1466	2427	30
813	204	69
1295	642	363
724	1336	86
794	3125	245
1344	14	385
1370	1225	456
1577	1121	95
1475	2069	56
1442	4	72
12	1134	229
1291	3678	72
2185	322	88
206	1047	205
1224	585	11
126	3953	452
1886	131	144
258	2266	88
509	357	278
1188	1330	456
1050	506	403
650	3752	88
2141	438	284
2238	5000	209
1927	3637	302
328	1439	70
2207	71	70
1155	5482	138
185	4383	277
1688	280	72
253	67	70
1324	2259	250
698	228	42
1555	557	110
1405	1227	184
1228	4721	171
2189	98	69
367	1330	456
340	592	41
2022	1239	71
453	521	41
1577	783	56
194	488	71
1476	5433	362
236	139	252
726	5331	32
2229	541	395
1482	1940	285
172	1814	33
730	3354	69
298	138	403
1989	4547	32
598	390	88
1540	210	360
1630	3795	457
445	1325	107
1234	326	42
451	158	456
1269	3275	176
1966	1054	88
1450	70	71
514	921	76
275	110	42
102	309	71
211	914	56
1308	228	42
1640	4003	33
572	654	88
791	872	72
548	4970	456
514	4237	277
807	457	73
2215	5138	302
1301	801	106
1150	4412	96
1583	1039	88
1394	28	11
1601	14	385
361	727	112
2119	1679	411
1281	4085	55
425	2468	119
1171	1393	189
353	177	96
566	1564	55
150	5368	245
1388	1045	205
1965	3687	142
748	381	38
1487	4367	70
170	2637	54
96	501	106
821	3156	96
995	4413	72
227	81	33
1582	176	11
107	3007	34
567	210	360
1045	982	56
973	1281	23
836	2665	225
954	1289	42
564	3188	456
1916	540	96
1218	100	306
704	2761	88
190	4102	32
435	2496	65
603	2976	294
1339	201	55
51	44	275
256	1218	184
307	2374	69
722	654	88
1834	435	302
2014	4530	69
688	619	72
53	2065	11
899	276	315
110	2776	189
1207	3064	386
328	24	78
1729	2712	69
1500	5344	408
18	1624	296
1150	1632	119
1215	4419	106
1247	1675	72
1667	135	72
1069	3249	284
954	625	55
911	849	387
1530	1078	42
1622	780	452
1058	250	70
1583	1013	34
246	1198	55
221	773	31
564	1450	74
1739	28	11
154	1142	294
1677	630	166
1130	1976	86
1122	71	70
66	96	70
1773	5246	70
491	254	284
947	2048	55
436	2213	70
1325	3168	259
96	1	74
77	425	42
1399	2081	27
1474	905	369
53	2516	56
868	2899	126
59	118	21
650	542	171
806	297	70
688	296	72
1030	497	189
1187	2640	41
489	254	284
1313	4328	11
874	5271	65
1153	70	71
938	4639	93
450	1054	88
109	40	54
1228	646	302
400	370	72
1719	4398	103
528	3520	32
1150	1319	294
1621	1274	141
1276	484	71
380	486	106
761	1534	72
1860	414	358
378	1602	106
798	2182	69
388	1261	116
168	3751	304
369	1653	353
1420	2076	464
954	3777	70
1275	610	284
1583	135	72
746	776	70
1392	1268	42
1504	1209	306
96	2373	420
453	3400	273
1214	4050	171
1466	655	284
2054	1098	448
1485	2064	72
791	16	42
1418	1045	205
710	67	70
837	954	30
845	771	88
194	946	32
406	5505	117
1519	2444	88
1322	3818	41
789	3684	136
426	4132	343
978	435	302
1298	841	56
369	2920	184
75	658	302
888	98	69
1167	215	275
555	710	88
405	26	306
1204	2348	257
239	2915	42
2278	716	235
1282	2665	225
30	1283	5
2265	2729	43
2245	1996	70
528	117	43
313	478	70
1135	4975	55
431	28	11
1036	760	56
206	697	332
357	244	94
902	2737	28
459	133	200
698	4751	93
850	1557	71
1152	3215	284
373	1816	71
224	5512	136
1140	1989	212
110	1251	43
2039	4944	11
546	28	11
1046	3647	11
2317	2725	357
2005	5523	182
1662	3164	208
1142	3038	55
2060	1121	95
1650	932	76
1193	2000	88
1436	4659	41
1298	2387	72
1124	405	35
1150	298	363
1144	204	69
450	747	43
5	1114	120
781	1033	53
1038	136	134
113	3537	452
2103	2924	258
827	461	70
184	452	88
1614	1209	306
866	4539	88
936	317	233
1514	2940	403
789	936	360
1314	3426	277
63	1899	70
1162	5066	277
824	2752	32
247	1197	77
334	3868	70
1726	1887	70
682	3197	22
542	4186	56
1427	84	88
1181	482	71
39	806	107
873	5020	103
1878	5539	302
59	4514	41
1070	715	154
946	794	88
547	1636	200
444	656	184
219	147	452
373	89	81
195	254	284
818	2455	23
1953	1073	70
387	2166	56
524	863	259
761	1045	205
557	2077	126
2200	446	180
325	226	102
1264	2225	88
433	2993	269
78	432	11
746	598	32
154	4263	69
885	626	231
550	5569	102
604	1985	5
899	5443	413
2116	654	88
608	83	189
1137	430	42
506	2263	184
47	1385	32
126	697	332
269	1913	231
70	2140	302
1138	2902	452
408	2969	88
1354	346	39
482	32	31
996	523	70
690	3276	98
846	3726	91
988	2084	32
1140	1544	245
2149	2076	464
996	3308	385
511	1072	433
1002	91	37
672	3833	349
791	303	218
359	521	41
1816	2689	11
634	760	56
255	978	77
1130	38	142
564	834	71
1845	1962	70
1152	537	171
2061	5591	138
1138	760	56
1694	1170	360
2183	70	71
1124	1553	33
3	138	403
431	1645	88
9	750	294
2193	1209	306
863	3076	71
528	1524	55
1217	435	302
236	1142	294
841	763	142
59	161	37
416	519	88
357	157	275
1624	2898	71
698	182	114
791	1870	40
1577	886	304
1990	1191	91
688	2491	113
271	1074	11
24	1416	71
456	2986	169
295	201	55
1349	57	146
1576	721	88
1805	1839	55
788	4451	92
1	1058	71
2037	3005	448
186	4592	332
603	994	284
2296	580	50
869	2308	46
1390	2155	30
945	1128	56
2053	4602	363
119	590	88
525	4398	103
1221	140	71
524	28	11
1166	1114	120
172	452	88
1024	500	43
905	296	72
40	4996	56
2215	2076	464
2289	1612	212
422	1675	72
955	5454	11
1008	188	201
431	180	452
144	1045	205
2022	1192	71
1528	228	42
171	1305	185
399	287	32
1500	3883	193
564	3367	88
156	2276	64
673	704	383
1131	588	88
646	1595	283
489	3029	112
732	1930	443
508	208	31
1390	3805	395
727	828	42
1606	716	235
834	4247	369
2151	2665	225
609	2919	212
140	96	70
2	5562	201
266	2370	72
192	4956	88
938	341	23
2055	3425	313
1025	514	40
1044	3985	20
628	1036	23
2125	2052	71
273	5195	32
101	801	106
1208	2542	245
2105	1546	184
429	446	180
985	1695	88
1300	1090	72
1167	2533	333
830	358	55
330	1544	245
1431	1636	200
67	16	42
1987	2900	443
1271	1191	91
1158	1216	337
30	553	56
1229	2941	403
1480	0	462
168	1108	88
2183	4603	82
1854	3426	277
2305	3301	339
240	1095	395
1175	3776	352
1173	1056	245
1820	278	456
1359	210	360
1434	28	11
1349	71	70
565	747	43
899	3436	41
303	5134	265
479	5178	464
1841	2033	9
960	1114	120
354	1463	88
2306	1772	70
741	4872	275
715	4417	369
439	5270	193
807	1095	395
1487	643	382
1316	5581	92
874	1601	106
1910	100	306
1130	1326	78
598	173	53
653	76	90
1791	357	278
1181	1870	40
1923	3541	184
1354	28	11
1181	5480	9
1209	773	31
264	18	43
1618	4199	346
2244	2571	94
1451	2055	452
413	3026	408
1264	3198	30
1471	526	70
1919	4254	452
165	1734	40
752	1650	88
1966	4944	11
990	1365	53
815	2940	403
388	4041	70
1413	5534	43
711	4997	70
1448	3004	87
91	1450	74
279	2689	11
1130	210	360
699	1093	72
2260	477	85
924	3553	31
467	1252	72
1228	5468	452
1131	3731	277
1367	135	72
1720	93	275
1148	3240	270
2252	635	106
313	266	88
1384	28	11
50	2183	54
175	100	306
1500	835	311
50	4027	37
1681	4954	278
1321	220	88
436	1481	70
50	1814	33
1061	3963	104
1187	3059	56
256	1217	184
1451	2305	295
421	1220	337
1286	2011	56
2121	26	306
690	3229	72
1750	1935	71
988	297	70
520	1566	32
269	686	8
2091	3426	277
1752	3920	56
833	2556	456
2305	5575	41
1789	329	189
1584	395	184
823	35	43
795	2239	239
690	3295	332
770	2854	56
519	2760	302
1506	24	78
14	607	42
1316	5150	41
168	313	118
1912	2416	88
1259	2259	250
39	961	88
616	839	385
687	1893	240
1614	753	41
982	986	284
1065	1072	433
1404	2641	306
360	137	78
869	1767	47
435	711	88
1360	1711	70
1226	2492	240
677	658	302
1732	4024	54
1671	3825	284
726	185	136
1150	2352	84
1302	226	102
669	692	435
512	1861	158
221	2000	88
1990	957	43
269	484	71
669	2632	363
1798	2294	324
479	813	445
762	4620	472
448	213	332
387	4154	42
2185	627	173
552	3362	302
323	2075	136
1215	1939	9
313	163	110
1418	3009	85
1610	75	88
235	2680	31
1764	4715	168
1092	1253	284
978	542	171
506	3172	452
393	567	332
530	2449	70
1620	668	196
1158	2177	275
51	602	70
207	75	88
419	75	88
168	464	11
1146	175	103
1745	3274	9
1676	435	302
1967	419	189
1160	780	452
1048	92	72
1797	483	205
403	184	11
280	4062	55
650	4974	8
634	2265	411
1049	4398	103
1008	587	69
734	268	53
1315	482	71
996	1965	9
508	317	233
2245	4425	213
1231	439	9
1847	3981	55
331	1274	141
857	411	199
1986	1901	332
611	460	24
307	797	88
1564	2766	103
45	3477	220
1354	1354	71
1962	3118	362
1021	5310	258
2119	144	55
1037	2627	56
1366	590	88
953	135	72
471	75	88
1825	3308	385
134	717	106
1841	584	88
2287	97	69
1244	1847	43
115	1383	70
430	5523	182
448	1073	70
1052	803	71
185	2167	112
754	692	435
414	153	25
997	249	88
790	20	1
309	2434	27
777	79	32
1215	5273	153
528	1438	33
1136	1626	231
1559	4223	88
1767	241	32
1707	4283	31
1130	3361	70
494	2332	344
1483	1853	78
437	1045	205
1094	4501	47
264	1247	205
1349	4284	171
791	4367	70
911	2763	88
731	96	70
1145	2037	53
1129	76	90
2267	127	317
599	438	284
1270	4224	333
644	2055	452
1137	3015	111
1855	524	70
1150	4859	96
156	2891	42
743	2995	443
826	188	201
1004	2239	239
911	535	41
1049	1738	56
338	2655	54
542	75	88
1735	4086	4
511	727	112
977	806	107
1037	210	360
437	1315	109
1948	2126	70
313	1192	71
1315	3201	81
192	1907	69
516	393	70
840	4605	315
1319	0	462
1566	3369	42
570	1059	456
856	28	11
1450	381	38
1295	3948	362
789	1045	205
794	983	70
70	2120	42
845	3362	302
1533	2673	70
353	3065	166
820	447	332
1529	4564	281
67	5496	136
988	154	37
565	2599	30
1130	4940	191
1828	760	56
1267	1345	88
450	4713	88
360	2521	422
380	4079	70
806	1765	70
1232	859	171
650	1093	72
1286	1056	245
1140	1142	294
1244	3600	70
813	4593	33
604	306	42
906	982	56
1219	2540	332
2242	1574	269
62	3382	69
1211	4402	70
141	2102	423
658	627	173
861	110	42
5	1550	71
1652	1174	414
357	2309	70
360	4721	171
1522	816	225
1566	1856	393
1029	3426	277
752	497	189
972	1403	53
271	97	69
430	39	71
359	3426	277
236	497	189
1937	674	284
1743	432	11
342	62	70
866	2144	283
355	2266	88
1193	5451	11
115	3090	71
786	954	30
297	2327	106
638	33	56
1742	449	180
761	791	230
1610	1998	11
1703	244	94
1158	766	77
1606	2175	10
587	4582	55
1537	1395	425
817	277	353
98	552	231
45	136	134
726	762	24
451	4549	411
619	954	30
1427	438	284
1344	4398	103
613	455	69
73	2004	106
1893	2180	32
644	4698	191
1555	2017	71
1388	2299	70
1323	1	74
144	199	108
191	1059	456
752	1323	315
1193	5417	453
686	1988	203
1198	1142	294
587	2751	33
724	1963	53
1140	1218	184
300	100	306
1238	3559	23
1804	1045	205
70	640	119
1301	2066	83
2124	1675	72
623	3502	302
1271	542	171
667	457	73
1273	1884	264
897	3114	11
706	3447	43
990	3426	277
1298	3990	89
952	655	284
1271	2491	113
1966	3246	413
77	317	233
830	100	306
819	2527	448
2185	97	69
1586	2360	103
1555	1100	238
1325	72	71
450	4305	42
1064	1459	259
315	3859	138
2208	1211	177
835	3839	34
511	188	201
265	254	284
2128	2142	257
518	5544	56
1211	1523	270
892	398	212
1312	1230	275
968	1350	56
96	2800	9
930	607	42
1341	210	360
214	261	317
44	2	11
1853	288	55
1636	1034	69
91	766	77
1621	26	306
211	1070	11
143	399	324
65	1593	41
290	841	56
1138	4808	453
930	1939	9
486	3426	277
160	233	81
1431	784	72
2056	3460	456
278	183	11
18	215	275
1159	2460	148
90	2785	447
247	117	43
629	1548	42
1861	4874	63
902	5295	39
803	144	55
1435	1457	284
667	3309	452
761	676	77
1222	1589	302
646	2900	443
776	541	395
1406	689	32
1776	4367	70
743	3526	32
806	5270	193
154	2910	37
1690	304	158
1154	1154	43
911	905	369
2121	120	88
860	4325	56
806	961	88
372	1684	56
1092	1072	433
997	3601	294
1277	329	189
1244	288	55
45	910	179
1309	199	108
1084	4209	257
299	1788	136
709	2639	56
614	1911	116
1321	2987	142
1234	585	11
592	1550	71
171	814	250
1172	628	274
1807	1062	456
673	3063	284
727	665	42
873	4626	11
408	2990	70
1361	1319	294
1968	524	70
1961	271	55
656	813	445
179	3937	56
1740	732	212
2236	71	70
600	14	385
1773	411	199
1577	5150	41
1965	1770	55
999	1840	88
1634	954	30
988	620	11
264	3305	106
1552	108	254
752	1153	96
1575	864	302
1343	2298	70
1342	954	30
401	1779	33
1146	2919	212
139	1078	42
1390	517	362
606	213	332
1295	4195	189
1396	4398	103
1008	765	77
592	399	324
372	1950	299
1315	813	445
1923	3979	205
58	103	85
211	3997	72
108	2832	88
191	766	77
1181	2773	71
481	2455	23
1275	158	456
1112	840	39
361	5172	69
1124	1678	385
1571	2640	41
1888	4278	214
1221	4074	198
1422	620	11
564	471	99
686	2765	55
303	2549	388
1259	2106	275
431	3282	69
105	3568	96
830	343	136
1566	411	199
730	763	142
1153	251	362
1454	982	56
1588	4373	464
413	161	37
42	96	70
1545	1199	70
616	1738	56
49	175	103
553	2415	56
2129	542	171
192	1650	88
830	791	230
134	14	385
930	71	70
2158	4576	39
1023	1176	88
625	1459	259
488	447	332
241	2233	400
930	209	55
772	1586	284
823	2611	205
625	4386	23
642	210	360
198	758	332
282	297	70
225	2964	106
1461	5090	359
1220	3053	23
477	315	31
1335	4816	222
1586	1915	205
933	1800	42
2253	123	104
1067	500	43
359	3344	270
671	4245	277
901	4398	103
856	2409	189
66	362	70
1761	1385	32
1428	387	401
1081	2691	149
436	887	70
31	1450	74
2234	1190	56
379	2441	181
978	767	5
579	1276	43
276	75	88
978	1921	358
153	4153	95
75	4	72
1562	2620	30
1170	97	69
22	2183	54
193	1969	86
806	67	70
1268	1296	71
771	2373	420
207	2389	88
1442	399	324
1310	4193	277
2216	24	78
130	1879	96
1208	315	31
1044	2726	14
1990	289	339
2217	2886	302
2094	2419	403
1688	165	31
1300	3561	239
650	618	71
1471	1597	69
1134	2360	103
640	497	189
875	28	11
1765	1230	275
1562	2008	94
2207	288	55
1124	5236	454
777	1397	246
2007	209	55
818	411	199
1280	2228	369
1137	611	112
475	230	71
1274	950	358
2230	180	452
1643	4208	41
1301	538	54
1969	291	362
550	4398	103
334	3669	70
548	1867	103
1727	4362	71
1808	3509	236
1141	1777	55
1875	4272	373
1383	2796	349
226	1695	88
1571	87	275
564	2581	74
1799	452	88
1211	1656	189
33	223	294
246	4143	70
1339	5458	258
752	419	189
2014	769	312
1777	4529	283
353	1827	23
1689	4716	199
1168	1983	270
1227	135	72
683	2815	70
455	675	117
677	5551	201
1245	4860	104
137	2044	70
846	76	90
1828	2732	275
3	5030	378
269	4447	55
0	2950	191
517	2773	71
131	4542	85
606	2501	262
221	782	251
1399	393	70
1301	1034	69
40	2344	56
1710	3426	277
2110	4556	171
594	91	37
158	988	136
558	369	49
2224	1535	55
1327	3032	294
1751	760	56
1890	524	70
3	1488	1
105	647	43
282	2706	96
592	100	306
625	1225	456
1498	4579	88
256	204	69
761	658	302
1017	399	324
2252	846	290
340	2536	374
1438	2513	9
372	3637	302
389	5067	277
2139	632	270
1404	298	363
1356	2412	70
190	38	142
1153	2197	9
1677	28	11
354	73	423
633	182	114
1228	2141	257
833	1222	184
1857	1358	70
1008	719	53
1295	766	77
57	1687	42
647	1271	42
1003	4508	56
1441	359	56
243	2826	73
1996	1413	31
869	1182	205
113	100	306
1532	3012	56
797	1638	171
316	390	88
1177	763	142
1804	1967	317
460	297	70
899	4708	136
1937	5359	71
1436	387	401
698	3280	69
2033	341	23
405	3208	42
330	1360	81
572	727	112
509	786	200
395	1666	77
1733	2436	245
647	1582	72
1735	5571	70
482	4667	55
1239	1438	33
1754	1257	72
1680	2419	403
1450	2625	324
1709	2769	55
515	1567	205
1761	3429	56
1441	271	55
249	259	316
610	2909	56
1991	4078	257
637	20	1
811	1045	205
185	3202	189
806	4593	33
1069	4391	302
1198	2301	31
1366	220	88
1074	3053	23
634	177	96
1282	4444	464
1265	83	189
50	639	11
2201	2023	354
1592	5372	377
721	417	306
837	4761	332
66	1216	337
0	210	360
936	4498	44
1089	2151	214
656	572	46
697	522	56
1354	2238	204
1004	5498	306
748	461	70
1480	2019	70
387	2063	69
945	3734	55
936	2098	42
1906	1	74
1489	549	76
224	1103	299
1065	1622	71
298	1352	70
258	357	278
2003	582	277
1025	5189	53
1383	2852	142
257	714	31
646	5305	302
592	2773	71
587	591	42
1295	5136	332
1355	3426	277
2007	882	69
1291	3649	205
1068	28	11
365	310	124
129	4438	72
299	1634	355
995	2708	205
1540	1738	56
945	2180	32
1575	3852	70
818	789	363
286	556	324
157	492	14
1419	141	56
1026	1755	71
1614	4578	69
2007	1045	205
899	223	294
334	2725	357
752	3734	55
485	30	32
501	1977	86
1630	3479	464
658	395	184
1319	3278	41
1234	1330	456
689	3293	257
1321	387	401
1326	28	11
820	67	70
928	173	53
1409	2269	43
670	905	369
634	44	275
634	343	136
1409	2272	42
442	3162	232
1609	3666	70
280	4065	56
1138	3537	452
1304	5	159
1816	1614	37
172	4068	23
1323	2925	11
639	590	88
1025	3040	102
142	567	332
1181	2939	297
78	0	462
1031	753	41
85	339	55
2235	438	284
1244	4520	465
1158	2370	72
482	2306	415
1067	1971	88
559	2201	41
1832	1285	70
1139	1248	71
1436	4851	277
2249	1546	184
1211	5348	308
73	1033	53
1507	2419	403
389	210	360
1604	2591	74
233	35	43
1250	2685	71
947	96	70
217	597	41
1664	3624	5
604	624	88
1650	2612	205
339	0	462
472	318	56
1549	520	54
2158	1578	11
1201	172	431
170	432	11
287	26	306
2108	1217	184
2125	1589	302
1881	144	55
812	317	233
1924	763	142
1878	70	71
200	1195	70
51	439	9
394	1252	72
1194	1557	71
664	590	88
1515	3688	88
1365	28	11
612	1707	67
764	173	53
2151	1701	77
313	1401	352
1149	135	72
1073	210	360
318	3426	277
466	273	41
1220	100	306
136	1145	32
1577	4410	302
331	113	71
482	421	142
1354	588	88
1376	414	358
564	4225	54
216	781	43
1699	4383	277
1248	4	72
300	31	55
1186	4193	277
561	75	88
1685	1681	205
373	920	76
1187	203	70
1179	560	106
1968	346	39
795	1612	212
524	1701	77
1283	1330	456
772	4908	11
1298	377	208
1944	1545	415
369	144	55
1741	210	360
407	1046	56
1153	3099	88
851	482	71
144	236	70
546	3426	277
1642	482	71
93	1111	72
173	734	452
1531	3825	284
692	4969	407
1188	438	284
1412	3191	69
1845	2354	56
1939	1757	433
2085	5342	72
186	2036	332
239	835	311
1328	469	34
1236	1179	270
1784	832	306
1387	32	31
1190	1547	184
978	3241	201
907	3426	277
447	210	360
114	640	119
1272	1093	72
797	434	72
1157	2980	209
1420	1450	74
708	2143	257
300	249	88
1720	2106	275
91	4050	171
2130	3813	425
1753	2327	106
936	763	142
1149	297	70
467	2098	42
1471	2005	159
372	3378	41
845	173	53
323	1145	32
1699	5065	277
89	815	11
1144	4968	43
144	208	31
813	616	40
368	3953	452
2247	2376	55
857	1007	284
312	1907	69
59	1824	43
1317	3202	189
2109	1330	456
2103	1230	275
1318	1666	77
221	399	324
2116	481	69
360	452	88
1394	4572	406
930	379	69
1529	2894	443
118	1968	88
1410	4530	69
1049	81	33
1357	537	171
75	3426	277
1643	1269	54
197	288	55
382	2468	119
1456	2534	136
683	151	69
220	378	208
150	244	94
1991	4673	71
603	471	99
435	16	42
1722	2321	56
1345	481	69
70	3921	56
654	5035	277
1752	2647	470
1186	650	452
1564	96	70
2078	973	91
735	395	184
820	658	302
1298	67	70
1816	1670	205
730	1983	270
1149	5425	258
1937	949	358
524	4259	91
1038	654	88
1617	2682	472
214	700	71
1555	2065	11
300	2160	8
1038	4109	112
548	412	385
476	317	233
1167	1793	418
617	154	37
1471	2267	70
156	810	115
562	3834	189
332	1457	284
1417	2171	404
761	81	33
1294	3385	88
551	1294	373
688	4469	9
1752	2004	106
1481	75	88
116	617	71
1950	5417	453
761	604	136
136	598	32
131	4661	200
772	4609	55
1145	204	69
793	1546	184
2030	2130	97
805	1061	467
1922	1095	395
1785	785	162
887	994	284
1155	535	41
625	3471	32
2063	1436	171
1274	3087	403
408	743	360
1086	766	77
994	3979	205
947	1711	70
1081	17	267
1422	1069	69
553	135	72
961	3052	41
698	1116	189
547	1056	245
216	3253	70
1287	1353	71
1368	1884	264
269	894	37
73	4425	213
1229	4699	167
372	1154	43
524	1894	437
1291	208	31
1224	206	315
179	4862	324
873	1233	106
1149	4652	382
2215	2101	103
1410	880	451
827	220	88
507	210	360
625	3150	56
633	113	71
1776	1899	70
1752	2935	386
1193	2589	270
413	4314	356
1461	632	270
461	394	70
192	2130	97
542	5407	72
1066	735	385
130	527	88
360	914	56
2093	1928	403
789	5316	284
129	1913	231
202	482	71
698	1685	55
717	215	275
113	3764	72
1382	2145	143
2133	75	88
1541	3550	56
526	2691	149
999	3745	374
135	435	302
1817	3378	41
1214	376	53
1222	646	302
2201	1355	55
698	1082	66
1677	1218	184
221	173	53
621	421	142
1882	590	88
667	3413	425
1374	1171	24
26	1408	134
53	971	42
88	1134	229
1454	4120	277
999	1918	309
87	3487	88
1094	3588	145
589	1005	285
1051	3561	239
1826	4856	284
1210	2193	43
761	455	69
48	2658	40
608	290	379
646	135	72
1705	247	383
1207	833	69
285	3426	277
1608	378	208
1410	2018	452
2001	359	56
1672	4088	88
1329	75	88
1299	5088	284
988	5011	4
806	2764	55
1551	320	189
988	2253	467
171	5081	4
350	1908	41
1726	3681	70
724	4042	88
544	395	184
764	1438	33
672	844	369
1166	27	46
1667	5370	94
212	5319	9
954	360	332
1054	130	193
372	2903	42
1954	1196	88
968	4016	104
718	1154	43
1643	361	70
570	1174	414
255	3139	214
564	1748	452
1948	524	70
316	39	71
1841	3349	56
541	4062	55
2191	210	360
901	184	11
557	161	37
1617	704	383
183	5566	302
1271	144	55
1124	2748	184
1291	4597	205
975	26	306
1167	1930	443
5	499	43
301	2249	110
673	3426	277
1948	1631	70
549	3353	88
685	2668	25
1610	3208	42
803	3904	33
1584	602	70
1490	1218	184
2034	14	385
21	1198	55
2185	517	362
1623	3525	259
1463	148	70
489	1916	88
597	4105	120
195	3399	27
612	2926	54
628	2326	212
818	2798	302
1235	1120	69
1406	4157	295
1200	122	138
323	2227	56
21	531	72
466	447	332
794	2196	9
701	2255	467
1545	5246	70
787	500	43
877	1152	198
1064	1212	142
1094	1784	317
383	1165	70
1158	982	56
1634	495	112
1004	1885	327
1222	500	43
1103	3104	69
158	1620	31
1536	378	208
165	5464	37
893	103	85
684	3275	176
1201	270	88
1522	2875	452
190	2040	70
1580	3559	23
1084	4410	302
1435	135	72
392	4174	259
1380	2800	9
1169	4975	55
815	2597	302
498	500	43
232	1358	70
245	204	69
1860	138	403
103	27	46
899	2294	324
1071	3338	8
1678	439	9
1948	604	136
323	1924	401
173	244	94
1713	3426	277
1710	4134	42
1491	1413	31
1532	84	88
1148	3149	88
1959	542	171
1698	2783	42
542	4461	184
63	182	114
705	204	69
1212	204	69
1301	215	275
1148	618	71
1220	3705	88
1393	135	72
515	728	87
300	762	24
165	3754	32
1154	3043	360
1025	2708	205
1291	714	31
615	389	162
1969	3426	277
419	4086	4
1569	2952	395
332	745	302
1066	170	11
690	1318	24
422	263	267
551	16	42
763	399	324
519	399	324
978	2012	72
23	4679	43
500	3497	31
1566	820	70
899	3624	5
2185	318	56
945	3804	141
466	3418	220
342	90	80
983	1711	70
413	3992	90
1807	896	136
435	96	70
367	1033	53
930	96	70
1984	4301	364
293	310	124
106	5411	157
1145	3539	70
582	5494	233
1412	567	332
1663	4743	189
742	254	284
382	920	76
2149	38	142
50	781	43
186	378	208
1987	379	69
1442	1984	11
51	1843	70
1732	3777	70
774	823	32
677	3852	70
1218	1225	456
329	4579	88
630	1731	70
2086	987	136
811	1491	205
1139	2284	43
386	510	306
524	3839	34
1198	67	70
1911	1964	56
1653	1330	456
485	2284	43
1066	2047	216
1995	1033	53
49	3026	408
1595	1263	71
1081	1274	141
865	1692	56
395	4362	71
2260	3077	50
404	616	40
846	1879	96
646	4410	302
688	1409	11
424	1130	88
1211	3223	208
156	3419	24
1262	981	55
1095	419	189
466	1982	306
845	905	369
539	975	31
316	3198	30
1062	210	360
359	771	88
1198	4042	88
1442	1324	114
982	5329	284
166	2081	27
1447	3440	317
462	2072	200
51	542	171
552	1326	78
55	4914	55
1043	233	81
646	51	306
1759	2494	61
1440	3585	88
2089	1212	142
1019	561	39
405	2211	31
291	2409	189
334	2419	403
1437	3349	56
1695	120	88
746	239	42
767	1166	205
140	75	88
564	117	43
1364	2221	87
1727	2004	106
863	1173	144
1234	3426	277
1171	2867	189
271	473	228
1689	1096	191
2211	75	88
92	306	42
1412	1809	83
282	4475	28
909	3239	37
806	476	88
40	3741	88
146	879	452
91	796	38
221	2453	189
435	1695	88
1954	1546	184
33	281	56
1618	288	55
2024	4105	120
1339	3244	198
161	2089	373
426	5018	88
667	2810	205
460	1129	86
1636	1986	71
285	474	88
1136	187	231
1678	5407	72
168	3168	259
1019	819	39
2278	1209	306
1719	2224	43
511	4430	75
888	2360	103
250	398	212
798	4453	205
893	113	71
2114	438	284
314	1092	55
690	5349	39
1174	4954	278
369	3377	55
1379	4508	56
263	4183	60
1397	5417	453
903	1896	43
395	284	306
1307	213	332
564	2336	472
1229	4321	55
50	719	53
1588	2021	71
477	1416	71
191	607	42
722	3858	55
247	3303	96
1598	379	69
880	3866	31
1591	1658	381
325	4063	12
1014	839	385
1420	914	56
1251	3325	403
619	5292	273
1525	1341	88
2087	3247	335
650	204	69
1096	1559	86
523	421	142
566	5539	302
688	3893	104
1409	560	106
1154	295	381
1007	438	284
2037	3761	465
2254	69	112
1158	100	306
1590	3152	69
1965	667	174
1010	473	228
1233	4377	171
2028	497	189
1442	3424	55
791	854	70
1861	439	9
276	1102	91
256	4843	56
1094	810	115
131	2531	88
1103	323	37
369	1499	55
437	4206	69
1186	161	37
845	630	166
1978	4	72
1035	4331	5
1083	3420	24
835	1920	424
1085	31	55
142	675	117
757	1474	56
829	1277	143
363	3225	388
572	135	72
972	273	41
12	2570	71
899	833	69
1823	14	385
467	3696	69
353	497	189
50	2000	88
1772	1341	88
1843	2063	69
601	4096	8
1671	278	456
2108	3515	212
1221	1768	47
1965	4766	72
891	3559	23
216	5283	83
966	2296	78
485	838	56
1259	1743	315
17	727	112
845	482	71
1186	580	50
1137	2357	426
539	2345	42
524	1223	404
1219	697	332
786	71	70
270	658	302
1301	2100	102
1214	585	11
158	2425	235
1153	2133	189
1812	4182	184
229	500	43
1773	4426	405
367	1075	414
886	1884	264
1531	3036	284
526	1233	106
369	1875	88
232	3825	284
1158	632	270
113	1525	136
1906	3413	425
387	886	304
1928	4577	277
241	2307	95
875	589	88
369	24	78
95	4367	70
674	1250	11
1767	826	88
491	4326	277
388	230	71
1212	2775	186
247	3583	77
849	3096	69
1104	786	200
763	1546	184
1822	4263	69
2230	2646	275
1783	4090	23
890	469	34
1895	72	71
434	2847	39
804	98	69
996	2262	85
2194	4028	43
742	5534	43
347	276	315
1101	1058	71
471	3604	32
1539	5435	55
616	1188	376
1733	28	11
1240	1032	72
1581	3855	72
454	2678	277
1583	709	88
639	419	189
1019	1045	205
410	329	189
1334	236	70
1724	2360	103
388	3697	56
451	739	385
399	802	42
1323	4163	70
809	97	69
605	2896	53
1154	96	70
1316	173	53
630	3553	31
1520	135	72
77	4685	69
435	451	72
1145	1074	11
158	3473	231
1177	16	42
1743	273	41
300	75	88
759	411	199
977	75	88
1878	2982	304
1051	2560	205
64	337	90
830	209	55
1953	2782	78
1208	2752	32
1193	1386	56
510	2058	205
482	1818	358
38	84	88
1179	484	71
603	5162	30
1357	655	284
1827	509	403
1789	2035	69
830	905	369
360	3521	96
305	567	332
898	315	31
395	2091	306
351	1376	11
1168	4805	464
542	894	37
903	28	11
489	825	42
1325	3376	100
1434	1762	108
505	1779	33
1323	1209	306
1668	2889	268
1471	97	69
659	215	275
1366	517	362
996	1841	69
885	3213	72
348	2098	42
748	639	11
1032	1593	41
1579	357	278
553	721	88
625	2832	88
431	3009	85
375	2580	436
2061	2817	70
1470	1225	456
37	4435	42
316	2530	88
695	2880	72
1950	71	70
794	1913	231
1257	3127	467
1140	2951	398
632	2781	245
1142	674	284
926	2181	78
1704	5005	69
1745	26	306
1366	994	284
131	2939	297
274	123	104
1187	771	88
135	629	110
467	385	31
542	1964	56
630	4049	171
1531	5215	102
506	1062	456
257	5576	86
898	514	40
157	2093	70
787	218	70
710	1328	463
601	675	117
51	4750	71
766	288	55
436	188	201
191	286	306
591	706	28
1277	769	312
88	1176	88
1148	2993	269
1332	780	452
2085	4971	465
1140	4830	310
688	2812	71
1339	2143	257
693	646	302
917	1349	205
1583	912	179
1556	75	88
2256	911	180
368	2058	205
229	267	54
1146	90	80
1103	3634	54
917	3649	205
99	155	88
526	2441	181
481	3729	43
1260	1381	71
316	1409	11
1840	3057	81
395	648	56
612	3312	86
293	1328	463
2	1066	88
468	144	55
435	1553	33
5	360	332
2120	3296	392
362	2086	96
2024	2812	71
1491	1431	306
1065	4038	277
577	5455	41
1529	839	385
981	310	124
1180	1045	205
791	5073	278
742	28	11
2257	438	284
196	2772	31
1083	4955	88
279	471	99
169	113	71
1166	20	1
1611	771	88
225	2786	71
883	3426	277
1732	3004	87
1379	1942	11
1511	220	88
1153	2491	113
1157	2228	369
130	395	184
255	3548	143
1788	2155	30
1536	255	284
1973	97	69
617	78	352
1722	3447	43
1823	2494	61
316	3426	277
1502	567	332
1517	776	70
85	2763	88
1219	96	70
763	1996	70
150	454	106
1136	215	275
305	1239	71
1850	615	270
1394	1878	77
129	418	285
1577	3978	179
386	210	360
1764	585	11
2253	823	32
1308	1816	71
1585	4085	55
287	260	11
879	914	56
687	379	69
1274	819	39
194	75	88
1409	821	23
841	251	362
688	379	69
1744	1105	451
278	4624	405
1319	5079	77
541	113	71
2137	329	189
31	2501	262
954	839	385
1873	3733	108
1623	4469	9
1861	433	72
859	112	70
85	39	71
742	2911	88
305	5200	357
950	318	56
1273	739	385
1181	31	55
759	5203	72
1383	3846	385
185	511	298
1658	3572	469
746	268	53
1165	2542	245
1725	2752	32
1585	618	71
975	4229	72
187	84	88
845	469	34
143	761	32
129	2	11
1790	2600	70
1151	905	369
99	1156	9
1307	618	71
713	2806	31
1692	210	360
2302	2136	175
772	3836	363
50	674	284
241	0	462
1225	379	69
2015	5594	51
813	1815	96
178	495	112
52	265	208
128	2296	78
466	135	72
541	658	302
1757	1656	189
818	2142	257
793	3594	315
278	1967	317
434	416	91
2086	2419	403
1611	2552	332
1158	484	71
955	743	360
18	809	42
1564	3423	395
1067	151	69
596	3521	96
712	3426	277
90	872	72
960	1056	245
497	1934	56
2076	244	94
119	1656	189
882	2150	263
1362	244	94
496	2059	8
1610	403	42
92	1729	55
528	1686	71
998	1682	9
1140	4738	212
930	843	39
226	4002	8
265	1013	34
155	2713	69
1290	271	55
570	2311	18
1202	3888	104
590	1814	33
731	466	106
1887	4380	23
943	135	72
1149	356	277
2235	4976	404
830	96	70
2077	1198	55
300	887	70
354	2303	358
418	107	70
357	28	11
467	1863	158
1244	9	385
2062	4272	373
1087	562	43
124	236	70
687	914	56
2197	468	294
1243	567	332
46	4022	92
584	1953	313
33	158	456
2158	164	11
718	1098	448
1094	471	99
2117	500	43
125	2609	20
482	995	302
1694	914	56
362	565	20
1290	891	53
285	841	56
948	3059	56
1400	4240	11
216	2911	88
1885	4322	11
1512	468	294
2249	91	37
1844	4863	460
74	517	362
1304	1625	71
1356	298	363
878	3332	335
1356	1637	414
1146	766	77
998	936	360
724	416	91
1576	2646	275
1129	4469	9
331	1448	43
1205	1936	306
489	2320	70
620	2778	31
674	317	233
191	3940	138
1037	1653	353
596	3858	55
603	3078	41
566	523	70
1684	3745	374
655	776	70
1845	191	56
1133	2689	11
794	229	69
1367	0	462
612	3163	54
1325	138	403
1109	1550	71
1221	3503	70
899	4523	383
954	4693	184
191	120	88
158	1512	9
860	199	108
1137	2543	189
141	182	114
192	554	70
271	1255	302
1558	317	233
1441	379	69
1480	3849	368
153	3737	119
1688	1707	67
1332	1330	456
1937	914	56
394	4	72
568	1413	31
1357	254	284
1016	2462	380
2164	5184	393
1383	358	55
845	967	41
1248	813	445
158	228	42
1540	141	56
1422	44	275
1154	16	42
346	3303	96
856	1065	88
1233	504	56
742	2568	11
373	1070	11
1442	4343	71
318	75	88
1319	3637	302
749	3307	184
1213	1087	220
1232	1546	184
743	4772	77
1170	1910	53
620	1778	32
126	147	452
1420	4008	464
1647	605	8
178	742	71
395	2143	257
1417	5134	265
1066	1110	69
1140	5092	142
1644	1561	456
22	1897	42
806	291	362
1191	1913	231
1579	624	88
1922	1614	37
1855	1087	220
1543	780	452
887	4980	56
597	4068	23
268	3965	82
1905	3144	158
583	161	37
705	3229	72
1564	5537	56
1224	5164	315
821	1459	259
1349	4766	72
562	4996	56
849	5125	70
366	37	142
771	2516	56
468	1330	456
330	1626	231
1499	1701	77
807	2159	74
1798	1489	267
1318	3062	56
1243	3429	56
2210	581	84
458	71	70
1960	1331	41
604	1291	3
493	1271	42
1660	3361	70
435	744	70
109	1336	86
827	378	208
2226	1141	119
388	2205	77
508	1284	2
586	312	420
1253	4603	82
171	223	294
1068	567	332
1137	2663	71
797	2471	88
478	1082	66
269	4910	102
2002	3121	464
280	357	278
1382	2968	54
352	1315	109
2303	4061	102
1600	4733	56
1095	3576	56
420	592	41
1929	2424	368
376	1565	402
87	3901	69
542	896	136
1928	2856	32
959	26	306
1676	438	284
856	1241	413
200	1550	71
91	561	39
577	352	77
786	654	88
1906	362	70
1225	5061	64
1716	1276	43
735	5288	385
446	218	70
2096	4485	339
1418	215	275
156	100	306
1354	579	65
374	1425	56
2245	96	70
869	91	37
469	4649	42
1970	1	74
2201	135	72
646	1265	104
420	208	31
1802	163	110
379	26	306
341	4418	43
994	4585	11
70	5461	107
1233	228	42
779	2466	149
575	2000	88
1301	2560	205
1301	1489	267
233	100	306
258	873	72
1560	1681	205
132	2488	306
629	4797	284
565	1631	70
818	1174	414
2096	517	362
1561	5274	56
1089	252	88
798	75	88
786	1113	456
1222	625	55
1897	446	180
262	2781	245
522	2295	11
1168	446	180
93	2458	70
748	5133	77
1556	158	456
99	2807	23
1776	15	42
3	527	88
360	4910	102
689	3294	257
1196	313	118
697	505	214
1242	234	31
634	1372	70
378	1901	332
1531	135	72
1021	1870	40
1602	3472	82
1267	4355	72
491	5400	142
622	1209	306
543	3908	30
1169	75	88
320	778	142
1861	2064	72
647	4925	452
1035	67	70
1359	1920	424
1301	3679	71
1424	4508	56
235	1845	162
106	4002	8
1106	100	306
1675	2646	275
0	658	302
1173	26	306
616	113	71
534	560	106
24	317	233
1049	2869	184
374	1582	72
51	312	420
2156	1503	70
733	4859	96
306	1388	275
1554	1177	208
1380	2076	464
154	806	107
1220	3323	153
316	1145	32
1138	379	69
1152	2440	137
1380	4879	405
225	881	86
1194	3087	403
688	3040	102
451	2100	102
650	251	362
118	110	42
1387	1572	11
1454	3691	277
1297	1056	245
277	455	69
1566	1274	141
778	2239	239
1177	411	199
1691	5313	56
1	3005	448
566	251	362
118	809	42
173	4380	23
2093	3293	257
79	1969	86
2246	455	69
359	1250	11
563	931	74
310	1495	245
437	3431	56
1590	590	88
1152	177	96
1317	2193	43
1073	67	70
113	4031	233
1861	2689	11
1359	3520	32
1270	4635	41
975	105	119
1168	714	31
1816	3672	302
1420	658	302
1406	3837	31
999	1892	303
25	135	72
132	708	136
1499	1298	306
603	2187	74
1779	447	332
439	1257	72
1130	5137	404
1065	942	112
713	841	56
1888	4931	208
1837	2339	302
334	1185	377
1198	97	69
1160	806	107
869	161	37
360	5001	42
1238	5203	72
92	2561	24
1501	3215	284
229	110	42
1454	3281	363
1167	1216	337
542	2691	149
1019	81	33
870	482	71
1823	2374	69
1567	419	189
1311	4592	332
2118	330	55
1486	419	189
1261	5083	74
50	2275	358
489	4287	277
903	1252	72
2193	67	70
155	2131	32
814	2187	74
43	1907	69
367	3103	32
121	714	31
239	1476	91
1435	2573	302
625	1686	71
2255	5255	56
759	1632	119
37	2427	30
596	4815	83
1153	315	31
1228	3803	56
1936	1273	166
1421	1755	71
1211	2653	88
1325	2609	20
1239	244	94
186	87	275
244	2312	32
325	1771	212
116	485	106
1170	247	383
265	439	9
1254	2448	70
1633	210	360
57	296	72
1041	1296	71
2191	113	71
1343	2443	11
786	1772	70
18	1710	56
70	76	90
1146	123	104
360	4388	56
966	95	251
1885	1625	71
966	1154	43
1053	1551	71
561	1989	212
906	191	56
240	1600	96
1217	28	11
1314	880	451
1459	67	70
1230	1606	72
995	3198	30
1008	4872	275
269	287	32
1065	3635	71
1275	3881	303
1688	4963	56
699	1460	4
1662	626	231
2264	3406	70
171	879	452
2160	3376	100
1587	836	394
366	271	55
1796	456	86
1864	3572	469
2104	3015	111
1070	2606	11
470	2286	70
1370	4578	69
1428	3003	416
462	1695	88
1068	446	180
1315	2182	69
402	447	332
1789	122	138
1744	642	363
1494	3293	257
1101	5203	72
1657	2339	302
259	898	78
938	3275	176
1498	4502	31
835	1495	245
2197	652	440
2230	1294	373
769	1072	433
1193	161	37
1841	399	324
1026	5298	71
973	104	5
598	1251	43
313	2639	56
130	771	88
1298	26	306
248	3426	277
590	183	11
1419	2550	56
91	1045	205
1159	354	71
761	1843	70
203	838	56
75	620	11
1318	840	39
1202	3624	5
1019	70	71
1666	2058	205
482	3691	277
1781	1017	374
1833	3882	317
776	992	56
830	3775	411
903	2389	88
791	97	69
978	5497	284
752	891	53
1582	766	77
1321	914	56
1145	4722	277
2077	709	88
514	215	275
1757	3433	136
1251	1545	415
1812	5048	274
1088	2773	71
468	67	70
2106	1225	456
1286	3302	70
777	75	88
2099	893	106
562	1831	39
1928	1031	42
1476	2069	56
1790	2360	103
1727	3114	11
220	1315	109
866	210	360
395	3031	32
1561	1016	374
305	4759	277
1247	4165	171
1857	1656	189
899	3553	31
1139	4367	70
435	3868	70
539	1572	11
617	1163	207
1031	5436	324
1101	766	77
1276	2922	184
1463	848	347
217	477	85
2033	632	270
1193	3926	70
1848	2378	456
806	4539	88
1305	567	332
171	311	41
179	482	71
1764	288	55
297	97	69
350	113	71
1307	2064	72
1463	1045	205
1369	4050	171
798	2823	55
667	2022	179
547	762	24
1220	1	74
1328	1284	2
106	194	41
193	1538	70
256	441	337
107	892	70
171	210	360
1	379	69
1318	75	88
231	1194	88
1351	67	70
512	802	42
1244	3253	70
389	333	11
1614	4649	42
1571	360	332
1379	311	41
746	766	77
1486	3939	277
1542	1248	71
306	5450	90
1318	2219	77
742	696	56
783	3367	88
899	100	306
2268	4682	82
1688	1792	428
2093	124	257
362	215	275
668	3203	99
1903	1793	418
1752	2830	55
161	1870	40
1743	859	171
221	315	31
281	3254	137
797	2076	464
2225	1134	229
722	2999	31
357	3160	70
1152	2271	42
542	607	42
59	5045	31
150	3173	213
1311	739	385
1716	5478	405
44	417	306
1370	1062	456
352	84	88
752	2811	269
1694	1095	395
1618	2383	208
1440	204	69
1291	326	42
564	2057	71
1669	1033	53
1739	3757	9
357	2974	404
695	103	85
598	210	360
1818	395	184
1228	4493	257
150	1428	212
1134	135	72
1453	1546	184
1694	1626	231
1680	413	70
1547	4916	71
1186	751	43
194	2963	99
1993	67	70
812	5384	189
1067	99	88
436	2712	69
1400	1176	88
1689	2537	95
1744	706	28
1351	75	88
512	2045	55
676	411	199
471	2097	32
1606	67	70
2185	411	199
1152	760	56
1362	4020	278
336	1159	358
482	2011	56
1382	1095	395
1227	26	306
598	163	110
1804	3112	71
947	915	106
1583	4637	347
31	141	56
1366	271	55
686	2327	106
1480	26	306
742	4323	43
937	357	278
1074	204	69
1016	1962	70
1841	303	218
465	927	11
1564	271	55
1213	2654	137
153	430	42
1409	621	55
1295	358	55
92	4822	43
539	2930	53
244	1085	120
677	3858	55
1151	695	369
647	0	462
173	3552	112
49	239	42
96	533	42
1161	3643	403
96	4381	96
99	266	88
730	2520	84
625	1952	31
505	2139	31
1256	399	324
51	2641	306
1282	5489	71
1923	2419	403
502	1687	42
77	429	42
130	144	55
1010	135	72
1095	560	106
662	1289	42
512	4398	103
735	1977	86
1410	3289	403
1360	5538	42
616	439	9
1664	1628	233
878	96	70
316	565	20
140	3040	102
2184	1311	457
289	1324	114
1309	4474	369
568	4716	199
1816	809	42
2115	1294	373
823	2955	70
388	4597	205
860	749	69
192	190	43
0	1895	55
1424	97	69
516	134	306
2030	135	72
1215	271	55
1965	1557	71
1307	567	332
0	245	54
1410	1003	302
180	1727	71
192	144	55
999	3655	259
379	354	71
207	2179	324
491	484	71
818	708	136
984	1303	77
1065	2894	443
769	388	414
954	646	302
24	4498	44
997	315	31
1246	5168	56
1613	5233	204
1795	766	77
724	4283	31
1299	4915	304
820	54	55
58	1397	246
1569	4008	464
806	1219	212
1188	4094	468
162	135	72
323	288	55
366	1991	133
1713	1546	184
1062	251	362
899	2583	70
1480	3502	302
144	660	71
1002	2170	41
1306	1319	294
113	2842	198
113	997	69
58	2068	56
2218	87	275
369	2803	11
1312	75	88
134	632	270
369	841	56
2041	438	284
58	173	53
741	1250	11
171	201	55
1850	2612	205
11	1368	55
2022	817	405
21	532	41
636	2786	71
436	144	55
1334	2069	56
752	4739	9
549	1978	88
2290	727	112
105	592	41
1401	4478	302
1174	3426	277
1291	71	70
485	173	53
757	1168	24
511	26	306
1164	3965	82
514	3241	201
363	5307	200
1096	1134	229
1250	1296	71
357	3341	275
977	28	11
1168	3978	179
683	3163	54
55	19	88
1036	517	362
307	97	69
1095	75	88
1523	3447	43
114	31	55
21	77	314
1133	96	70
733	1010	86
1407	5492	269
930	4563	278
2262	3162	232
72	390	88
285	2117	56
672	747	43
2130	3590	87
1336	4508	56
1559	4201	403
458	4686	443
191	5395	11
1008	1532	171
978	1462	72
91	450	88
725	290	379
1095	1409	11
516	2107	376
1965	538	54
190	4794	31
73	1558	88
548	850	83
1025	5229	81
796	2681	77
647	2451	32
2170	567	332
1463	28	11
2292	1909	71
1011	3801	112
1533	1893	240
1582	4634	56
1091	769	312
1354	5248	56
110	1140	24
309	1336	86
929	2305	295
2109	593	111
559	383	78
603	424	56
1876	919	191
1412	4508	56
1182	1578	11
375	1102	91
954	4748	323
2022	3960	259
930	32	31
2126	454	106
1750	100	306
278	0	462
936	1711	70
945	3438	284
0	4004	43
1469	572	46
1434	1923	403
417	835	311
954	2036	332
1678	567	332
911	844	369
1208	4934	245
610	696	56
933	3015	111
1034	3160	70
1767	557	110
209	665	42
290	4988	362
1008	2563	181
176	665	42
78	1069	69
1615	358	55
2283	93	275
1701	288	55
1152	97	69
1060	294	340
380	1317	290
1861	69	112
1442	4070	88
388	4367	70
1469	575	62
1023	535	41
746	1728	96
135	2038	90
655	163	110
1885	24	78
107	2029	85
305	1134	229
894	584	88
435	210	360
1741	215	275
1856	3424	55
1776	4913	23
1096	3032	294
93	1257	72
1359	411	199
1142	84	88
66	1660	138
790	2616	32
300	4002	8
951	24	78
932	497	189
565	560	106
625	5089	56
1050	743	360
1122	1317	290
60	1769	47
33	780	452
1553	97	69
1633	1666	77
669	837	422
1368	379	69
783	276	315
107	933	467
1397	708	136
1268	213	332
1062	4435	42
1614	3137	71
911	488	71
216	3926	70
150	2905	71
618	530	14
1230	311	41
303	3261	88
25	432	11
342	378	208
1371	3176	455
1577	780	452
1827	5326	456
1773	1557	71
350	1522	37
156	484	71
2187	199	108
730	5484	88
482	1185	377
1201	786	200
597	1998	11
389	2253	467
351	1490	268
1436	983	70
5	1374	43
1186	620	11
408	3511	136
1221	5044	9
1132	471	99
12	1780	55
313	2327	106
426	419	189
1744	813	445
227	799	245
916	674	284
1965	4029	56
2032	4156	103
1414	75	88
2044	123	104
846	3310	46
1897	1045	205
1318	887	70
1831	5370	94
213	82	12
1354	760	56
1335	3430	261
1025	34	55
373	2434	27
173	359	56
388	1762	108
1568	482	71
1454	4560	277
1365	75	88
761	1407	53
1140	4630	370
1483	3751	304
1010	627	173
5	3379	72
58	267	54
662	4635	41
682	173	53
1407	776	70
64	559	32
506	158	456
489	1731	70
1473	5005	69
1514	100	306
1440	173	53
1428	3644	136
542	4530	69
1205	20	1
186	1142	294
999	361	70
947	5053	40
1054	179	77
1409	1460	4
1106	26	306
1243	1812	356
323	87	275
25	3394	70
741	313	118
459	1172	119
1151	2589	270
2074	2557	32
1427	3319	72
1544	163	110
2134	2564	27
1356	995	302
1582	936	360
1857	1044	56
307	266	88
331	2685	71
830	1163	207
1350	567	332
832	5264	258
107	280	72
483	67	70
856	567	332
724	3573	189
1308	4725	184
29	776	70
482	173	53
105	1998	11
1795	892	70
1043	3978	179
105	3567	277
1659	1590	303
938	4378	42
617	843	39
1582	71	70
564	135	72
977	585	11
706	1918	309
51	3426	277
61	384	11
547	311	41
2113	3342	70
1486	2729	43
1252	1450	74
416	3842	41
224	1107	42
1131	297	70
593	1056	245
2183	1120	69
570	734	452
1993	3035	332
917	604	136
1122	14	385
1157	1718	11
232	2120	42
1271	4840	96
173	621	55
385	151	69
1188	5326	456
1515	4060	69
1234	3509	236
1655	4843	56
1643	4834	69
1098	399	324
1520	251	362
924	4755	39
1114	4356	205
1084	3161	285
977	499	43
224	1937	23
216	556	324
319	1415	88
891	3907	56
794	187	231
561	439	9
118	69	112
604	2455	23
194	204	69
1074	2562	202
639	340	136
2255	3781	244
792	1296	71
1226	4706	208
646	2238	204
1440	1962	70
1529	1248	71
206	5352	87
128	1112	88
437	179	77
988	3380	88
185	1296	71
1280	3474	69
428	633	69
1613	14	385
313	567	332
1164	3893	104
413	3624	5
1067	1946	8
525	747	43
819	484	71
352	2907	88
2306	3288	33
2249	75	88
206	510	306
215	3055	24
797	67	70
398	525	46
188	969	51
2007	75	88
746	1535	55
1317	1248	71
369	4759	277
13	0	462
195	1363	59
1131	1060	456
354	414	358
1300	123	104
1368	911	180
378	75	88
175	28	11
369	1397	246
547	2081	27
122	5564	363
1180	1490	268
1856	4640	299
1649	3378	41
1299	435	302
1247	4946	69
1239	766	77
1205	4682	82
709	1123	71
688	2408	9
798	1045	205
303	3923	84
1651	3095	80
1283	2229	24
16	161	37
790	4998	24
682	2131	32
1454	5021	72
853	446	180
113	113	71
491	67	70
1136	447	332
1428	1653	353
598	920	76
1677	10	275
2199	1330	456
845	3137	71
1270	714	31
705	618	71
885	781	43
774	2899	126
1334	2095	231
565	771	88
2091	2759	221
263	2253	467
899	4197	277
278	998	58
1545	2074	71
2145	1812	356
1314	4236	332
1051	946	32
890	4708	136
1741	4086	4
100	561	39
1575	1031	42
302	97	69
195	1880	70
968	997	69
1213	1820	42
906	3	70
1679	4568	191
1545	1711	70
190	4136	31
972	1725	90
1961	3556	11
1090	2104	184
566	1829	55
489	2765	55
1366	4768	284
349	2253	467
412	2265	411
489	455	69
1395	226	102
1343	5256	31
1962	1732	70
1299	2129	106
507	1048	31
1812	4808	453
823	2327	106
888	161	37
846	100	306
1247	379	69
901	226	102
796	556	324
84	763	142
376	556	324
50	3068	284
1471	771	88
1529	4637	347
2146	2156	409
1790	765	77
2198	527	88
1103	2653	88
963	163	110
1050	760	56
338	4722	277
674	498	43
1407	3719	398
656	2487	452
1354	4402	70
1081	100	306
899	620	11
1311	213	332
1201	618	71
303	3460	456
1140	4221	184
742	390	88
96	536	11
1273	3707	388
413	3556	11
1323	1381	71
832	3751	304
888	144	55
2180	1741	71
1580	1433	31
1208	3271	63
1413	158	456
861	838	56
1065	75	88
338	616	40
911	2327	106
698	144	55
1275	255	284
1418	1967	317
482	3896	55
954	3941	184
1103	5503	294
395	1641	72
1418	4850	277
165	4107	32
366	469	34
211	28	11
542	5210	86
1374	3369	42
125	694	31
1545	4698	191
1937	4883	275
597	4410	302
1404	3687	142
1431	3005	448
118	5001	42
612	2751	33
339	140	71
1351	158	456
316	644	245
1074	1044	56
1317	376	53
105	28	11
1897	2844	270
1370	2126	70
1540	434	72
927	312	420
1067	276	315
983	378	208
268	2932	104
1155	3855	72
153	1058	71
1562	5328	218
1050	620	11
930	1923	403
1643	357	278
1019	4240	11
265	4708	136
1566	3426	277
1382	182	114
1211	914	56
353	4118	191
241	96	70
105	5	159
113	2480	90
742	766	77
431	158	456
1003	704	383
778	4522	43
831	2077	126
1247	1799	55
63	1544	245
114	638	64
1201	3650	188
1211	3369	42
1861	87	275
1693	567	332
667	76	90
588	514	40
1146	514	40
62	1183	55
1408	208	31
1067	4367	70
834	504	56
1252	4837	303
1354	627	173
300	233	81
1941	5478	405
74	936	360
690	5360	71
1253	2955	70
1801	2502	205
1169	98	69
2077	654	88
447	567	332
1780	482	71
866	659	283
115	526	70
2161	4016	104
512	3939	277
1441	2961	149
52	264	114
1474	1677	385
1007	2072	200
662	177	96
435	3697	56
2311	1409	11
1374	399	324
906	321	189
512	115	41
1566	291	362
245	1058	71
525	1507	315
580	696	56
1776	1726	23
1309	3508	88
1081	1253	284
1444	236	70
326	3684	136
1432	3788	200
1092	4540	347
973	97	69
919	3449	88
436	100	306
2274	600	115
533	439	9
1575	1690	69
395	2632	363
28	1735	24
1459	3045	158
211	2272	42
387	3403	88
1371	763	142
2085	180	452
5	957	43
865	2960	369
1299	532	41
1268	484	71
2176	2714	32
300	2204	31
1016	97	69
458	760	56
168	704	383
625	3119	119
450	3774	88
218	797	88
357	3473	231
1153	763	142
1725	4567	88
74	864	302
1173	175	103
515	4172	56
1015	84	88
1607	709	88
1325	1316	88
538	36	137
93	1250	11
1325	5425	258
168	137	78
524	3980	88
1442	1358	70
1406	91	37
748	831	116
989	2258	88
2201	97	69
206	5465	64
26	4082	70
1511	1172	119
849	727	112
880	84	88
577	1888	55
1685	2992	205
1130	1879	96
1622	204	69
1308	67	70
2184	1225	456
1227	727	112
349	1284	2
335	614	298
232	1695	88
898	3897	212
630	863	259
1139	2745	136
1643	2000	88
115	159	11
1317	4607	315
1734	2239	239
790	1803	11
1971	2634	56
1262	4696	368
944	389	162
241	69	112
806	3515	212
712	84	88
353	399	324
1136	2034	231
516	1373	362
48	1682	9
636	1838	23
1025	2501	262
2247	734	452
732	2213	70
1536	4474	369
1268	357	278
1092	5473	259
1008	1962	70
1387	87	275
63	1695	88
1380	358	55
1812	656	184
1472	2085	54
906	435	302
1141	26	306
2239	244	94
1252	1015	354
1269	1373	362
369	4033	284
70	1099	53
193	1239	71
264	1176	88
820	4253	78
332	3047	190
1341	2527	448
334	3685	70
51	1026	53
662	579	65
1292	100	306
616	210	360
1655	4822	43
1752	1358	70
255	609	172
631	3056	88
1938	2106	275
793	411	199
193	213	332
655	2968	54
1370	1057	456
705	329	189
1136	592	41
408	502	56
1487	31	55
211	627	173
988	199	108
2220	2674	253
1246	1330	456
667	658	302
96	585	11
1703	366	11
1159	3347	31
692	1285	70
61	315	31
1089	1653	353
318	1998	11
969	450	88
488	2473	70
944	3062	56
192	4143	70
1026	1371	32
1234	704	383
369	2563	181
1614	411	199
482	2062	41
631	1142	294
1250	567	332
53	3493	11
1362	2691	149
1301	700	71
1227	3471	32
1698	3014	96
1005	158	456
906	3118	362
1243	982	56
2185	298	363
556	138	403
557	271	55
1301	5230	209
684	399	324
615	3297	349
192	1010	86
1531	137	78
489	5175	200
378	3004	87
935	619	72
614	37	142
172	1093	72
50	801	106
885	96	70
1020	1616	31
1340	411	199
1013	1711	70
731	323	37
1485	1773	56
5	1696	54
2146	4254	452
1387	28	11
218	1089	70
881	351	32
1479	709	88
407	4292	55
1052	435	302
1310	288	55
1143	3648	88
646	1630	70
1765	21	273
745	1768	47
732	3479	464
1743	399	324
2208	4290	206
857	2244	56
1926	1748	452
395	453	55
1286	615	270
296	5439	315
313	692	435
1204	3884	42
1269	1797	24
1768	639	11
875	2022	179
1412	952	69
1635	437	70
1555	93	275
253	177	96
428	417	306
1617	1053	189
624	2181	78
353	5105	96
1468	3939	277
829	3176	455
1166	620	11
17	476	88
1737	5168	56
988	346	39
1819	1505	32
107	928	54
376	3577	71
537	204	69
135	4632	273
124	1028	10
302	620	11
1218	590	88
2184	1711	70
1796	2872	32
142	100	306
954	3302	70
129	660	71
1116	3065	166
91	1277	143
1328	270	88
644	654	88
1168	4399	299
9	157	275
876	75	88
1971	181	71
44	312	420
28	474	88
2055	291	362
1520	4444	464
232	438	284
2096	4737	302
300	204	69
1347	4396	65
1152	2993	269
45	835	311
1270	4837	303
40	5556	55
1163	418	285
1577	970	71
39	1270	55
408	3267	90
906	180	452
1139	2077	126
45	228	42
794	2614	365
794	2517	91
827	580	50
388	100	306
359	4014	132
2203	75	88
870	790	70
103	571	47
688	542	171
1380	4469	9
389	1210	93
460	3978	179
616	1592	284
860	4138	70
1214	1125	273
502	1684	56
1056	45	96
1221	4337	88
402	26	306
1144	220	88
1182	1721	70
1314	4697	450
2174	97	69
306	763	142
797	786	200
399	710	88
1127	5121	266
236	858	84
1500	965	54
2104	414	358
245	5050	26
994	3821	413
1670	3533	88
386	1631	70
475	75	88
2118	4482	347
422	2766	103
1025	3876	120
1179	898	78
1031	371	284
1883	98	69
1752	5320	369
1361	1606	72
1767	5450	90
25	278	456
1488	658	302
633	411	199
158	584	88
1138	1109	347
1656	620	11
688	359	56
340	1914	355
1847	760	56
1071	96	70
1952	1015	354
899	639	11
466	3426	277
1132	183	11
2093	1002	106
865	399	324
1485	2198	5
394	1659	69
1092	469	34
109	1296	71
858	395	184
1590	723	88
113	500	43
1841	1663	55
207	273	41
791	1293	374
467	4998	24
911	1499	55
567	434	72
450	5147	372
293	173	53
3	4733	56
1374	100	306
1250	1230	275
1516	199	108
1924	1815	96
1665	2474	436
131	382	85
40	522	56
964	2357	426
1271	359	56
1359	727	112
859	3920	56
818	2179	324
1906	2455	23
735	31	55
741	174	103
407	3271	63
194	2633	87
186	766	77
1867	4367	70
708	4759	277
1782	751	43
331	1114	120
778	3253	70
1171	3666	70
224	902	61
830	4167	412
129	3636	324
1815	979	112
1567	3537	452
546	158	456
92	3042	24
330	1557	71
372	4546	205
1471	1426	42
1171	4743	189
751	729	88
1824	354	71
1168	3238	271
1173	3424	55
769	567	332
34	3015	111
1268	415	70
1228	4130	55
1643	3022	88
1002	1771	212
224	604	136
3	199	108
115	30	32
1322	278	456
846	308	63
1602	2238	204
168	4996	56
893	120	88
73	4380	23
1134	905	369
1477	346	39
514	5247	405
106	34	55
1453	3714	55
1326	642	363
673	131	144
132	1357	88
968	499	43
113	1072	433
1133	2028	157
56	2357	426
1443	542	171
300	752	55
1461	2589	270
126	771	88
221	4470	90
1808	590	88
786	2287	150
943	1261	116
91	1565	402
224	2136	175
1346	4722	277
1840	5351	451
2150	5576	86
525	67	70
944	328	55
375	3503	70
1211	2063	69
1576	1950	299
1484	1711	70
21	2076	464
296	75	88
541	4781	22
203	200	161
482	1351	56
1343	4841	72
132	1742	69
1153	54	55
1309	439	9
2247	2444	88
474	1711	70
1951	2957	369
1677	175	103
308	420	189
360	100	306
917	61	81
353	887	70
1387	1531	11
706	2456	205
361	1675	72
1162	3081	403
1743	5398	88
1727	5315	77
816	1250	11
1643	4211	11
260	3164	208
240	1851	52
830	839	385
113	195	88
1566	2965	41
581	71	70
512	1199	70
1850	483	205
2083	158	456
1685	4508	56
1215	1182	205
1271	628	274
144	135	72
489	1891	71
148	788	72
968	191	56
1477	5334	93
3	3208	42
215	4723	92
258	138	403
778	87	275
1268	1494	72
899	2455	23
352	776	70
1459	1602	106
755	4469	9
390	733	88
489	4428	30
1450	4136	31
291	3394	70
1198	1058	71
1102	2327	106
92	4153	95
1081	26	306
1272	2968	54
733	1902	54
2037	4070	88
916	453	55
712	891	53
548	360	332
2060	828	42
2230	28	11
786	210	360
99	4002	8
2143	2336	472
930	4389	315
1226	4551	103
96	537	171
1632	2803	11
565	1078	42
65	771	88
1248	3426	277
777	4451	92
491	497	189
1656	567	332
1049	2062	41
1136	3971	71
1096	1811	11
1343	5431	312
944	2453	189
1138	859	171
565	521	41
968	1741	71
1486	4605	315
636	1931	142
616	228	42
1789	135	72
1359	3000	9
809	531	72
482	3087	403
1746	28	11
496	3145	114
863	4801	55
1413	542	171
743	3412	362
998	708	136
790	1725	90
1380	2940	403
902	1387	9
1480	357	278
371	3535	32
830	3413	425
709	2380	93
598	1352	70
1228	3168	259
898	5186	171
1173	2901	452
1418	4695	404
954	1014	354
481	5251	31
1295	3223	208
1404	2294	324
90	492	14
368	4211	11
353	1185	377
240	32	31
42	98	69
63	1843	70
1938	567	332
2251	438	284
1789	4042	88
1246	1425	56
634	4475	28
1562	161	37
1564	525	46
1406	3624	5
1877	3008	56
1042	419	189
1725	1045	205
765	5324	277
806	4082	70
833	3460	456
1271	841	56
936	1274	141
1304	760	56
1872	4052	339
1171	3764	72
524	805	56
571	754	72
1434	1998	11
714	3396	462
774	2888	340
830	1309	465
1405	732	212
2230	4921	332
1211	135	72
496	3780	411
646	438	284
1144	70	71
1566	859	171
1978	699	31
130	210	360
1223	3757	9
913	766	77
547	215	275
1531	4704	171
1150	2911	88
542	1239	71
1633	4050	171
232	886	304
880	938	88
1383	5333	346
167	1284	2
1672	379	69
704	397	88
2148	4932	53
705	326	42
0	4381	96
1866	3271	63
524	4872	275
145	567	332
53	625	55
2013	4296	270
1175	1899	70
564	204	69
239	1262	72
1360	1805	96
1456	76	90
1442	1215	88
90	182	114
567	2895	362
1849	75	88
66	4799	184
775	3085	9
1140	914	56
310	3707	388
1198	4204	189
1868	3929	142
175	776	70
70	26	306
935	100	306
1035	3426	277
909	378	208
715	1612	212
543	28	11
1404	2068	56
1198	4750	71
246	3049	70
107	5290	55
239	2411	42
955	760	56
870	67	70
930	180	452
512	1019	404
1168	4263	69
107	7	54
1772	4415	87
906	1816	71
1128	511	298
1412	3504	70
1903	348	89
256	70	71
684	326	42
706	3117	306
158	4491	77
1228	298	363
677	2248	72
1595	1650	88
359	2518	43
701	215	275
646	3612	88
1691	3222	204
1874	1792	428
804	3741	88
834	5548	385
565	484	71
488	4995	395
875	161	37
1922	204	69
1761	1867	103
911	2954	369
1021	3000	9
529	3037	69
542	2957	369
2189	5318	185
1575	75	88
271	806	107
1275	3362	302
733	1803	11
1070	731	270
1741	1933	9
99	2151	214
1675	5515	72
269	1474	56
1159	461	70
1829	1421	55
1148	1206	71
1483	4283	31
1577	5125	70
1298	2494	61
1964	4704	171
581	1683	71
516	2799	284
168	1357	88
366	2527	448
1067	1714	356
1355	4232	46
459	2455	23
742	497	189
1171	585	11
526	565	20
1747	26	306
1590	1748	452
688	2239	239
1343	1249	11
711	3674	47
857	914	56
1217	763	142
743	5503	294
2095	919	191
1516	854	70
1187	301	70
743	1842	69
1708	4563	278
222	30	32
2279	3081	403
1298	585	11
624	2569	192
1062	786	200
2060	4522	43
1272	135	72
565	1833	31
1789	5221	300
1897	457	73
520	3242	87
1917	4420	284
2298	439	9
978	4949	363
632	1968	88
797	4176	134
1134	3707	388
194	2314	270
596	1848	154
616	4121	277
2258	2627	56
706	642	363
2118	3245	347
76	1738	56
113	204	69
1246	1225	456
1405	2428	18
994	912	179
99	313	118
541	1082	66
1146	1648	88
1976	97	69
552	3359	294
422	911	180
1332	84	88
585	2104	184
639	1154	43
921	760	56
598	618	71
823	3941	184
175	1	74
1528	4512	386
830	434	72
1021	138	403
334	4371	403
1124	385	31
688	1316	88
1367	4060	69
2217	215	275
2109	1352	70
1885	1174	414
2287	954	30
520	916	164
1204	2197	9
1344	0	462
0	4818	91
1563	1276	43
710	2518	43
599	3320	116
1007	1330	456
501	185	136
462	28	11
591	358	55
1969	763	142
1703	1157	31
938	5350	294
779	4460	363
1587	0	462
1723	635	106
135	1053	189
402	1816	71
1221	669	77
793	1277	143
672	646	302
238	138	403
399	288	55
1854	2327	106
564	2595	53
945	2569	192
1924	839	385
1978	210	360
1220	733	88
5	2032	86
126	766	77
1449	2494	61
491	1711	70
159	24	78
329	481	69
1215	3061	11
135	3357	11
1335	1038	160
457	26	306
168	1030	259
1167	417	306
2014	569	11
194	1964	56
2199	2275	358
662	288	55
2166	4199	346
1454	4778	231
1345	249	88
429	471	99
243	3840	278
399	931	74
1416	75	88
583	236	70
1136	4720	11
1837	2972	71
226	781	43
1560	4831	11
632	655	284
947	642	363
252	692	435
994	1458	363
452	69	112
98	3077	50
70	216	70
977	24	78
1198	3030	136
1042	159	11
1485	254	284
1622	4462	480
798	446	180
1537	4908	11
1742	2889	268
374	2328	99
93	163	110
1186	5071	37
316	2399	54
3	2344	56
621	438	284
373	596	306
255	188	201
1562	1640	69
628	1694	71
1608	2614	365
1153	28	11
234	1028	10
807	4609	55
1854	190	43
405	30	32
1316	4367	70
551	157	275
144	546	11
1137	642	363
1194	75	88
706	4216	395
548	2626	69
2054	2811	269
1608	497	189
1131	3097	308
1130	4322	11
522	4042	88
17	159	11
497	1232	56
375	138	403
1225	588	88
2222	834	71
771	2144	283
1059	175	103
1406	379	69
1980	301	70
1312	1557	71
727	4649	42
218	2246	72
1638	834	71
1064	3426	277
1066	1090	72
1131	113	71
794	1727	71
116	411	199
387	2536	374
541	24	78
242	669	77
1027	4038	277
837	16	42
548	4910	102
653	3126	56
1187	914	56
1567	67	70
639	208	31
1535	5010	171
1796	1969	86
150	3051	11
1021	776	70
451	4790	184
116	1999	302
113	220	88
903	1320	136
1118	760	56
375	1019	404
1132	620	11
2195	271	55
708	4847	109
513	2394	275
1600	390	88
1354	447	332
1795	589	88
115	2857	70
788	4082	70
857	2096	72
1133	894	37
1215	2803	11
1902	766	77
269	586	86
224	173	53
718	735	385
761	324	55
34	155	88
110	1885	327
1130	5180	315
361	3384	91
994	3778	411
1137	497	189
1616	4328	11
172	254	284
2199	2076	464
93	87	275
2093	3922	403
712	2387	72
269	838	56
655	2665	225
373	2719	23
643	26	306
798	1623	56
2192	4459	332
19	3638	70
1851	138	403
1855	3516	275
1019	1885	327
1014	87	275
224	84	88
1168	67	70
0	942	112
1096	28	11
2104	697	332
372	936	360
1862	390	88
945	2368	70
1229	859	171
1234	1274	141
150	2656	11
183	96	70
106	1335	47
777	1829	55
197	488	71
690	271	55
984	1241	413
922	2380	93
662	433	72
1909	44	275
597	123	104
375	312	420
422	1681	205
333	446	180
188	488	71
1219	358	55
1034	1093	72
880	639	11
583	893	106
382	313	118
1226	1230	275
592	97	69
437	4087	56
194	2925	11
1466	3161	285
63	1248	71
1531	3540	184
1574	3586	55
232	3683	56
1093	766	77
827	71	70
1215	2443	11
598	2727	54
727	1935	71
818	1019	404
1034	439	9
738	452	88
750	3543	71
1080	3426	277
456	1588	258
1636	2973	70
1012	2005	159
235	5512	136
1307	1144	94
1160	4808	453
619	2833	54
59	3725	57
93	2124	354
1031	84	88
83	3088	231
774	175	103
348	1272	106
130	556	324
313	834	71
127	624	88
431	2554	456
303	1579	208
749	1547	184
450	80	450
1643	885	70
1691	2987	142
1100	538	54
239	1072	433
1842	2870	69
126	266	88
1145	4461	184
869	315	31
229	163	110
677	607	42
1583	755	56
44	4720	11
113	634	270
909	3852	70
329	676	77
225	452	88
380	1907	69
600	317	233
314	805	56
604	2777	5
1245	137	78
312	1145	32
1349	3912	55
485	4593	33
894	590	88
514	439	9
1149	2646	275
295	5166	56
330	26	306
8	4721	171
164	457	73
414	4438	72
1722	4084	106
162	5024	36
972	29	70
130	1981	332
2204	3212	284
596	71	70
1038	269	106
1304	4652	382
515	4240	11
1892	4607	315
1043	2278	78
310	2958	88
742	179	77
265	2367	78
2286	3474	69
1848	4616	90
1565	1882	56
1863	1574	269
140	763	142
2199	2378	456
1544	979	112
1477	169	65
932	2715	9
855	2751	33
1705	2560	205
135	524	70
1282	1383	70
409	3149	88
1924	5090	359
1486	3241	201
1367	2239	239
1042	1330	456
1511	4605	315
1403	1385	32
102	4130	55
797	760	56
1582	2275	358
1016	5567	88
587	1605	70
1140	87	275
2238	120	88
615	1919	205
209	532	41
495	2336	472
2210	796	38
792	731	270
1228	2385	479
847	567	332
335	567	332
535	1368	55
2255	4427	245
255	3438	284
140	954	30
1442	4083	55
1083	1873	42
1701	859	171
511	97	69
395	500	43
1626	2521	422
681	3426	277
383	2030	273
861	3269	86
11	3766	416
1159	4987	418
479	3719	398
1202	75	88
983	5534	43
167	75	88
2032	1998	11
125	452	88
627	1711	70
1289	3871	30
1269	680	302
1189	2070	257
431	284	306
939	399	324
198	2968	54
538	215	275
1418	936	360
176	1	74
1585	4555	72
272	2380	93
58	1552	92
2208	2363	236
1532	2965	41
1528	1045	205
467	2907	88
1356	26	306
1267	3062	56
1232	24	78
34	1034	69
826	3048	70
908	4044	54
2255	2751	33
39	2955	70
1768	4016	104
1071	1326	78
354	5297	11
436	568	70
945	135	72
213	3896	55
408	2044	70
957	1413	31
736	873	72
944	2467	40
506	2894	443
512	4581	42
922	4722	277
467	113	71
639	873	72
51	4506	70
2091	140	71
352	1118	88
625	827	275
1387	2889	268
969	1254	285
1350	87	275
50	791	230
1633	1160	162
442	931	74
968	2071	55
1552	4609	55
1228	2579	258
730	4636	69
2088	1890	205
731	654	88
1097	491	11
1784	3324	300
1965	3954	204
1742	3088	231
968	4926	103
500	729	88
418	84	88
1327	4620	472
172	2125	245
1375	5346	244
1244	500	43
474	2019	70
832	936	360
1694	187	231
467	4042	88
472	3894	104
1053	360	332
1225	1873	42
786	87	275
2090	1226	317
679	1635	336
131	2815	70
1522	946	32
688	4567	88
389	3493	11
733	3521	96
885	2193	43
91	3549	112
1228	1544	245
1950	2253	467
1271	26	306
1652	28	11
968	497	189
1902	137	78
818	1341	88
344	2095	231
598	2606	11
107	462	69
88	474	88
1054	362	70
1479	360	332
180	381	38
793	3541	184
989	2294	324
1902	4389	315
944	859	171
1716	1418	72
405	4428	30
89	1907	69
791	378	208
1252	87	275
763	732	212
298	244	94
277	453	55
1727	1852	200
525	3091	291
1055	846	290
73	2763	88
1579	2000	88
1329	927	11
1924	5276	404
1450	4334	39
1063	771	88
1043	5108	55
2154	656	184
741	349	136
380	233	81
1142	1670	205
1773	4396	65
1329	901	42
1062	476	88
1325	2322	74
59	719	53
1002	96	70
323	1425	56
1317	2972	71
1051	842	371
1153	297	70
512	2833	54
1813	3885	56
898	5234	54
1287	766	77
1042	1208	88
483	687	88
1152	3623	171
1268	2647	470
488	4303	134
1053	1	74
1983	642	363
1340	2274	55
919	497	189
393	185	136
1868	830	116
1195	1916	88
1065	491	11
1054	5206	214
296	3144	158
1248	2252	442
831	182	114
530	1176	88
947	982	56
165	175	103
1965	1696	54
359	2651	69
1878	411	199
2153	1064	377
360	4380	23
748	2627	56
1316	177	96
1672	611	112
123	634	270
1062	1873	42
1186	3005	448
195	1009	70
1331	363	275
51	841	56
635	711	88
229	2762	158
130	1711	70
1477	416	91
318	34	55
529	182	114
724	776	70
411	176	11
59	112	70
546	346	39
9	2614	365
0	2450	32
624	75	88
1596	1428	212
591	2463	98
350	173	53
1221	1128	56
364	139	252
2032	2707	66
309	860	368
935	589	88
803	210	360
70	1857	284
1199	2589	270
196	1011	71
467	4169	278
779	1682	9
1623	2198	5
1579	2330	452
359	317	233
1515	1310	88
1158	1045	205
629	99	88
459	825	42
710	4302	56
1569	936	360
93	2026	438
482	412	385
995	5197	72
1142	209	55
954	576	104
1309	1691	72
325	2926	54
1302	574	62
458	423	88
1085	4732	332
2184	567	332
1850	2482	264
536	341	23
40	1459	259
2115	434	72
549	1495	245
5	2631	43
1567	3868	70
108	1707	67
2192	5130	300
837	1950	299
860	402	24
1306	67	70
382	210	360
1186	4970	456
1138	3863	47
221	1084	56
314	113	71
2004	438	284
461	469	34
287	2561	24
1071	376	53
207	2220	37
1136	0	462
1429	3426	277
1666	843	39
473	2082	55
1031	383	78
977	254	284
2256	315	31
2034	2265	411
1095	4018	88
724	3555	11
1062	1949	99
676	2387	72
792	3886	237
1799	26	306
511	3053	23
477	4344	377
44	1765	70
1412	418	285
113	1682	9
716	3221	205
883	517	362
1492	1680	55
272	1297	306
1797	35	43
59	1684	56
1543	26	306
1298	4398	103
850	2731	374
331	2082	55
947	1612	212
1301	3462	70
416	2187	74
698	1011	71
1010	5433	362
1311	71	70
1044	1593	41
638	5300	56
885	139	252
1465	215	275
1614	5205	63
296	131	144
20	53	32
285	362	70
779	396	136
2240	3426	277
1210	3426	277
150	2065	11
229	1907	69
1094	210	360
821	4473	290
411	36	137
612	3895	91
387	1893	240
528	199	108
614	1253	284
908	1809	83
1057	182	114
1325	4383	277
1080	0	462
489	4130	55
830	399	324
40	28	11
1480	135	72
433	192	42
789	655	284
144	1111	72
92	100	306
1574	774	467
2310	16	42
547	1033	53
1301	2923	103
1387	2629	70
263	161	37
1380	930	405
489	620	11
1140	646	302
933	850	83
746	4730	357
1564	1	74
372	3385	88
109	417	306
1679	2439	396
616	1100	238
1396	2573	302
248	1216	337
936	216	70
777	2925	11
1008	3164	208
1653	3846	385
194	161	37
249	135	72
1154	158	456
637	2883	88
890	2574	117
239	894	37
954	2248	72
1621	838	56
387	2605	196
1142	3755	186
361	1711	70
1054	2802	39
375	646	302
2070	20	1
656	1413	31
173	4832	72
38	4677	183
1338	650	452
280	138	403
284	504	56
2222	362	70
909	497	189
107	3614	71
2215	5	159
1071	2068	56
0	1289	42
1663	158	456
1234	3073	72
361	2044	70
1490	3542	184
2198	2391	206
1571	2261	87
198	379	69
794	1083	9
885	1140	24
1511	101	220
622	3033	456
964	4962	277
1322	2407	4
191	4142	56
2207	2925	11
954	4343	71
1394	4174	259
1404	5455	41
653	708	136
382	1777	55
1601	2811	269
1261	1561	456
1326	532	41
698	2750	212
646	525	46
514	2700	136
1533	654	88
302	220	88
43	204	69
126	4281	39
1590	2057	71
2083	333	11
1052	438	284
2105	1547	184
1481	3088	231
195	177	96
51	743	360
723	304	158
748	1614	37
367	97	69
488	2194	9
574	2990	70
1545	953	275
2239	3828	205
143	2060	55
742	646	302
647	647	43
830	28	11
1341	3983	456
706	959	56
888	347	70
268	3874	53
2281	87	275
373	1045	205
1208	2770	31
1215	2076	464
676	361	70
813	1685	55
2186	982	56
231	97	69
850	4991	189
1271	1879	96
1810	421	142
1580	4627	88
718	2542	245
2038	620	11
1891	2026	438
1298	1493	205
523	203	70
412	1679	411
1009	548	88
105	588	88
1267	4059	277
1140	4011	369
241	5105	96
1435	3168	259
389	1196	88
623	630	166
1136	1237	71
1261	4676	88
0	941	112
1179	3390	273
1771	4078	257
385	243	70
1144	1963	53
1370	135	72
783	574	62
1796	514	40
1169	67	70
1016	732	212
404	3426	277
981	1681	205
788	2261	87
1131	982	56
1221	2636	306
206	297	70
216	809	42
361	113	71
465	4465	11
1518	135	72
654	1507	315
1043	179	77
1003	210	360
512	2401	15
1680	2927	30
1471	3638	70
296	1945	27
348	217	205
399	891	53
786	4149	209
216	1363	59
1488	26	306
1367	497	189
300	975	31
350	660	71
1268	3718	452
632	210	360
369	3858	55
1101	5334	93
1682	819	39
743	2799	284
818	4996	56
348	4900	398
1873	1801	33
171	4426	405
1051	3103	32
968	900	41
1367	1867	103
1232	514	40
968	727	112
307	16	42
1315	370	72
1250	100	306
85	796	38
646	2121	91
1081	3057	81
899	26	306
250	3620	33
2104	4193	277
1277	760	56
851	687	88
757	4089	88
1019	2619	332
1252	2939	297
878	1045	205
1639	2800	9
954	1420	8
245	2321	56
1095	1285	70
147	135	72
2129	3294	257
1317	2894	443
728	2341	413
845	5305	302
465	113	71
1052	67	70
1968	776	70
185	3609	275
692	4872	275
208	760	56
1369	4595	88
125	1338	136
226	717	106
604	2751	33
532	5001	42
2107	3116	171
2164	1045	205
70	806	107
845	1928	403
2194	2341	413
1177	4197	277
395	1938	11
313	1518	70
555	280	72
39	2570	71
1815	5018	88
33	3426	277
477	2757	43
363	846	290
1410	3666	70
350	1842	69
1448	4395	70
30	497	189
228	1127	72
8	2244	56
752	1621	72
196	3614	71
1368	4966	267
2016	291	362
1023	981	55
1989	866	72
1675	2069	56
278	1114	120
361	1540	136
1169	503	56
385	1933	9
331	3278	41
1502	468	294
750	3927	136
749	4461	184
373	416	91
1237	5020	103
1192	379	69
1277	708	136
619	1861	158
1630	646	302
730	2008	94
172	19	88
2246	1395	425
2089	38	142
988	4848	11
216	424	56
658	2716	72
1469	2781	245
120	677	258
686	244	94
505	1073	70
338	1472	53
382	916	164
65	361	70
984	24	78
424	1718	11
1413	161	37
1277	115	41
363	2692	430
380	317	233
354	1188	376
1560	1102	91
1067	529	11
1520	67	70
605	3701	70
850	3271	63
619	1250	11
616	2980	209
433	808	41
592	3385	88
28	763	142
172	2411	42
211	94	55
208	362	70
107	54	55
1220	412	385
475	3500	88
1244	158	456
909	158	456
662	3803	56
1139	403	42
991	863	259
776	4063	12
1294	210	360
1841	2277	23
1949	244	94
1540	894	37
99	3553	31
2105	500	43
921	1247	205
1708	4759	277
1319	4383	277
179	4508	56
1489	3743	42
1741	2019	70
1269	1043	16
2008	1499	55
562	5036	302
1576	1330	456
1428	75	88
617	3248	336
893	560	106
77	3439	38
243	262	270
247	1069	69
191	290	379
1698	254	284
492	1760	32
221	1206	71
1152	3426	277
348	1755	71
135	416	91
978	1711	70
832	791	230
171	3875	55
2188	607	42
59	1826	42
1063	2221	87
1409	1032	72
392	3426	277
57	135	72
818	218	70
1801	1695	88
833	2515	403
1571	1337	357
1060	658	302
634	1760	32
1016	4826	71
182	3559	23
646	3362	302
777	5256	31
778	1013	34
1177	70	71
1676	3443	70
84	2280	69
764	85	87
105	3851	276
1688	4418	43
972	2258	88
1536	3191	69
968	1511	404
1733	714	31
598	3754	32
1122	825	42
1457	4522	43
1459	1226	317
711	3730	24
898	4950	88
1305	2248	72
205	199	108
1443	1636	200
624	1515	88
1482	297	70
207	1620	31
750	2018	452
616	3727	72
769	585	11
1053	35	43
572	3421	88
1199	3827	205
1891	2074	71
2260	545	88
966	178	48
1586	780	452
1518	1222	184
2064	26	306
305	28	11
1475	1623	56
1704	1711	70
195	3426	277
969	590	88
1389	5315	77
2260	4850	277
779	1540	136
1795	1907	69
394	790	70
766	1691	72
197	758	332
279	1956	143
1612	2525	88
1179	4263	69
2297	16	42
813	2631	43
141	1084	56
1900	204	69
1837	5329	284
524	5009	417
1843	3296	392
1019	3534	70
658	905	369
1228	159	11
903	3460	456
911	2659	106
122	1209	306
482	1928	403
719	3879	119
634	790	70
863	3531	56
74	663	362
1382	1746	77
1700	290	379
1911	5416	230
1617	134	306
507	786	200
719	1638	171
258	476	88
254	3131	423
1687	2891	42
938	228	42
44	1686	71
489	301	70
968	1660	138
1280	982	56
264	2366	205
1479	70	71
93	399	324
1576	2831	23
1886	1458	363
1939	2428	18
227	155	88
1106	288	55
1153	461	70
375	1734	40
31	766	77
2215	3893	104
1264	1963	53
1335	338	105
1796	1145	32
71	500	43
1567	1656	189
204	839	385
667	159	11
821	3138	284
28	3938	88
1326	1816	71
1545	2216	275
1015	3004	87
774	4718	101
105	492	14
1023	1979	223
797	1246	56
1235	297	70
1507	215	275
2230	95	251
1362	1358	70
1417	3161	285
536	537	171
30	1663	55
1339	627	173
451	618	71
398	1	74
892	96	70
1089	1056	245
592	2095	231
1400	71	70
895	3769	104
1215	3033	456
662	834	71
68	133	200
1953	1373	362
252	2872	32
2109	4506	70
131	452	88
2109	846	290
894	2176	129
794	3977	100
778	4749	43
806	361	70
705	3940	138
2	3054	43
185	936	360
310	1399	88
529	1040	369
3	2659	106
1087	1098	448
316	2295	11
1855	708	136
1933	1493	205
1171	392	70
537	1307	481
758	1294	373
253	452	88
860	3800	88
1291	2062	41
1499	4226	88
1405	776	70
53	5001	42
613	335	32
33	1787	11
598	452	88
85	914	56
1246	1562	24
1885	5493	456
123	400	158
107	4848	11
1221	4530	69
1498	5201	136
1153	67	70
1008	3175	467
1066	28	11
491	1178	62
629	5044	9
988	709	88
807	5508	56
983	928	54
60	308	63
1569	4944	11
757	120	88
194	4902	131
226	503	56
1153	4469	9
548	4829	411
1065	397	88
2135	301	70
91	3607	106
827	604	136
1140	3128	292
674	399	324
1344	1037	397
845	1033	53
62	1840	88
873	946	32
2195	2751	33
863	2205	77
2213	4453	205
1690	0	462
866	2141	257
1390	26	306
1319	1842	69
1016	2500	205
790	478	70
1208	144	55
1044	1462	72
1194	749	69
2028	4556	171
1232	75	88
540	2500	205
858	3278	41
1158	3586	55
957	1297	306
1121	4358	284
718	3416	135
778	763	142
1015	2407	4
25	1059	456
1298	378	208
1595	3045	158
2183	75	88
1376	1269	54
1417	1545	415
257	894	37
1226	312	420
988	2308	46
126	1803	11
1029	3096	69
1140	5346	244
1564	1711	70
461	1899	70
548	2593	70
366	763	142
1314	75	88
863	1576	72
1210	1766	55
625	1907	69
1238	1951	23
1146	3652	103
525	395	184
954	3348	42
246	361	70
833	5374	284
1057	4362	71
1055	627	173
1924	2322	74
677	100	306
1217	542	171
18	42	32
1139	3317	158
1236	1619	306
169	4250	56
1570	1707	67
496	3776	352
2052	3426	277
949	1523	270
689	1291	3
542	4602	363
361	4092	87
95	161	37
1446	0	462
929	335	32
76	1591	285
856	4804	55
395	910	179
996	1906	112
542	301	70
1277	5473	259
687	3426	277
1270	1180	391
1317	4593	33
646	964	258
2203	182	114
912	3050	41
954	665	42
590	1450	74
996	570	71
461	518	70
357	3922	403
439	310	124
25	2674	253
1523	753	41
1480	1573	284
1159	1682	9
1374	4426	405
1610	4996	56
706	295	381
1841	3584	103
389	4349	354
109	5445	154
425	2477	119
986	0	462
1404	2751	33
492	1560	56
738	1485	55
1187	35	43
2289	98	69
947	894	37
29	117	43
1211	389	162
285	4848	11
246	1197	77
1317	2492	240
269	1464	69
1162	2771	31
1618	1340	142
244	225	55
1322	1282	4
956	457	73
1570	1059	456
353	4984	56
259	1466	42
597	471	99
799	3277	448
1271	579	65
625	2269	43
1643	1112	88
424	3268	90
1497	3989	302
947	799	245
1344	1247	205
342	2950	191
1014	1211	177
735	982	56
843	1169	55
878	576	104
216	75	88
451	2052	71
1136	213	332
208	896	136
1979	2025	306
329	813	445
797	1250	11
1759	195	88
1017	1711	70
1948	589	88
314	2757	43
706	568	70
1594	1294	373
1180	1054	88
1677	4379	116
2253	3606	441
1172	1276	43
1189	4438	72
2191	2303	358
1058	2478	88
435	2266	88
1270	3426	277
1250	315	31
1234	2981	209
1052	84	88
538	5325	332
1409	4885	72
1311	2113	366
1248	2341	413
2039	417	306
606	180	452
988	2175	10
2098	714	31
1269	4471	115
1221	97	69
1382	1450	74
39	692	435
1084	97	69
1847	1479	313
1575	5489	71
1007	26	306
1269	1070	11
1173	434	72
2298	4158	155
2087	4599	313
1286	1294	373
1536	199	108
1342	173	53
11	96	70
33	5162	30
474	2927	30
1392	1670	205
113	1593	41
1002	471	99
777	1614	37
193	2323	96
234	1998	11
2199	1757	433
1356	391	88
1664	173	53
779	760	56
285	590	88
1271	656	184
1965	1111	72
528	1535	55
283	3240	270
1459	3450	64
1077	4678	257
76	3426	277
49	5271	65
426	67	70
1372	28	11
1507	3426	277
0	943	41
204	2211	31
1964	2665	225
1654	2138	283
230	2996	41
1366	4493	257
1807	3371	56
198	312	420
434	859	171
239	1703	32
1301	226	102
411	3634	54
1174	4823	71
1709	1277	143
954	1256	90
489	514	40
1531	2072	200
1511	537	171
1707	879	452
5	2751	33
340	100	306
845	2321	56
1708	3325	403
1699	2754	302
1109	4636	69
647	3034	108
4	97	69
712	982	56
376	3624	5
536	4913	23
1568	2425	235
2143	4969	407
2083	170	11
1269	4888	113
1578	360	332
2001	138	403
630	3294	257
954	763	142
489	185	136
1025	1910	53
1694	63	361
1529	760	56
408	2148	136
1146	268	53
1430	639	11
2108	4610	184
448	4522	43
1277	1216	337
1600	3980	88
1412	204	69
628	1155	32
798	169	65
515	776	70
316	1413	31
834	310	124
2026	4679	43
1474	3950	69
980	567	332
614	1036	23
478	914	56
1228	438	284
1907	1213	364
1354	1298	306
1158	627	173
1375	5084	366
1247	4367	70
107	2156	409
1051	1613	39
1695	2700	136
279	778	142
217	2633	87
553	1191	91
886	914	56
996	1836	71
968	210	360
1392	3184	205
791	5253	88
1630	0	462
429	537	171
812	647	43
1214	270	88
997	146	55
1577	2462	380
1145	1352	70
2040	2627	56
1167	1330	456
617	1127	72
1767	1472	53
188	3002	55
954	1695	88
82	26	306
1759	786	200
574	4131	145
1956	93	275
179	1730	56
1167	499	43
990	2494	61
1138	2647	470
534	2594	9
19	1996	70
2077	1809	83
161	1294	373
413	448	452
928	2459	45
633	97	69
2107	298	363
570	84	88
1174	411	199
388	1247	205
1025	1516	31
2245	3724	70
599	4367	70
248	1276	43
218	446	180
443	2073	9
1139	4445	39
1914	2428	18
387	3951	70
148	230	71
1634	1125	273
1051	850	83
359	3200	71
153	2328	99
1463	180	452
1400	936	360
482	840	39
1323	96	70
1101	192	42
1733	2538	410
647	4321	55
1372	4016	104
282	851	220
808	467	77
1086	75	88
224	607	42
1208	443	71
1159	916	164
906	1274	141
1023	84	88
1211	4085	55
2222	320	189
790	2473	70
1655	4180	88
1500	1518	70
169	253	56
1212	318	56
1971	326	42
1238	1212	142
74	79	32
722	482	71
1969	3324	300
796	3540	184
445	2932	104
616	1185	377
450	1233	106
1126	3821	413
443	289	339
369	4325	56
1157	471	99
1220	319	70
202	304	158
2226	5099	200
269	3510	39
1310	1090	72
1840	4616	90
879	4028	43
749	2104	184
1247	317	233
813	4418	43
1103	1379	472
2098	204	69
114	1209	306
907	2458	70
1424	75	88
870	2655	54
318	271	55
489	103	85
712	588	88
922	3426	277
1680	2940	403
221	1419	158
326	3468	136
302	1521	88
1359	26	306
875	2113	366
418	2721	100
1049	3688	88
1520	4753	55
1133	2220	37
1369	4410	302
1235	911	180
1665	5057	207
386	399	324
1525	2340	184
961	2084	32
140	228	42
1652	506	403
135	204	69
1824	151	69
935	1998	11
1329	2389	88
862	1	74
974	2715	9
13	4958	11
634	734	452
1231	2046	55
158	1318	24
69	135	72
793	5162	30
1767	324	55
690	4002	8
1723	914	56
221	4428	30
837	2330	452
224	176	11
1407	4199	346
1301	3793	135
581	506	403
2255	905	369
855	5081	4
791	3149	88
725	277	353
2157	3488	88
1135	28	11
239	1178	62
367	446	180
254	73	423
1414	2516	56
392	1936	306
1474	5359	71
1227	416	91
1269	3874	53
1667	820	70
461	471	99
434	438	284
1227	5423	212
436	361	70
603	270	88
152	4323	43
580	2559	88
772	3643	403
66	32	31
1297	2378	456
1105	843	39
1685	1856	393
1438	549	76
652	721	88
1415	1357	88
514	271	55
656	1327	472
1566	2525	88
515	2306	415
548	721	88
208	4112	141
21	2440	137
96	1938	11
1847	4560	277
1444	4028	43
1928	4395	70
485	2118	56
933	1248	71
1048	3659	136
336	285	317
229	1284	2
206	324	55
2115	4168	277
657	1052	136
360	716	235
2119	5034	410
443	1277	143
614	1906	112
260	2643	11
968	3175	467
1657	134	306
408	5461	107
984	2597	302
165	2097	32
349	863	259
551	14	385
50	97	69
383	1524	55
778	3667	88
1480	362	70
1326	251	362
1230	163	110
95	579	65
730	1870	40
1231	97	69
1907	366	11
1379	26	306
1586	84	88
680	4026	88
892	215	275
481	2704	88
704	1414	96
245	4207	80
979	115	41
614	4113	189
693	3374	55
1406	4906	86
1822	36	137
1155	3426	277
69	69	112
1096	3624	5
2036	5018	88
95	2287	150
1234	2012	72
1721	656	184
1911	1816	71
1404	5542	380
327	1435	33
331	580	50
1512	4872	275
1205	87	275
173	4573	42
1393	2194	9
153	1854	78
2014	4370	9
479	2875	452
616	658	302
866	766	77
490	1188	376
1886	288	55
74	2174	250
483	2042	363
1010	1257	72
565	1105	451
534	241	32
495	4012	56
2242	497	189
411	1133	285
1502	2025	306
1080	1518	70
407	2120	42
863	1162	117
1767	640	119
814	3333	42
1124	379	69
1052	1382	363
598	5528	251
451	1045	205
370	534	87
1048	952	69
389	3981	55
102	1821	463
1139	1374	43
158	335	32
1313	2298	70
1842	4891	43
786	3059	56
473	210	360
156	820	70
1521	1095	395
1909	138	403
1194	3215	284
1522	81	33
1533	28	11
511	2712	69
1523	3227	382
325	2631	43
1283	2327	106
559	4795	70
550	144	55
662	497	189
50	3265	306
468	873	72
1216	3067	112
564	1930	443
540	1062	456
1348	135	72
1343	1682	9
1316	5587	171
368	1183	55
1280	432	11
224	3015	111
778	2531	88
742	747	43
12	5154	90
1265	1985	5
1233	607	42
137	2046	55
1723	2319	63
564	3764	72
1234	2640	41
1489	766	77
1186	2799	284
249	2028	157
551	839	385
704	3370	429
1492	2958	88
752	2238	204
1247	1996	70
186	389	162
2119	5443	413
485	1565	402
1816	120	88
70	5390	72
1002	760	56
1003	2106	275
1224	1873	42
850	147	452
1800	1909	71
954	1983	270
380	846	290
191	171	11
91	1226	317
794	563	90
1271	4433	103
1909	3196	275
302	2929	242
327	24	78
1094	4567	88
216	1045	205
2070	1028	10
1383	8	474
1522	4511	443
362	1128	56
1443	471	99
877	1330	456
135	452	88
670	435	302
704	754	72
690	4	72
1316	654	88
160	1031	42
229	1985	5
804	417	306
416	190	43
1218	429	42
61	317	233
1356	306	42
24	1975	56
26	1084	56
366	1113	456
79	276	315
719	140	71
207	1050	31
1021	1435	33
403	210	360
1980	3459	162
736	2772	31
646	1066	88
783	3768	41
500	1423	42
1753	5144	70
145	687	88
901	1445	81
1374	3337	222
542	1551	71
66	1294	373
788	1760	32
1343	914	56
156	914	56
1833	28	11
269	54	55
1602	544	161
323	117	43
1083	439	9
1713	399	324
937	75	88
616	5353	86
1888	14	385
114	1128	56
92	3906	32
845	1545	415
994	1212	142
1657	1253	284
1431	158	456
1334	1021	23
630	4751	93
1322	457	73
1096	1443	426
33	2427	30
912	3168	259
429	271	55
1247	605	8
245	139	252
2101	4263	69
168	2962	35
2006	95	251
2087	1174	414
753	1045	205
482	721	88
786	5415	464
2175	1145	32
1334	1813	70
608	2951	398
485	982	56
263	1245	74
887	1816	71
457	4124	31
678	26	306
820	835	311
1530	2869	184
1023	1160	162
802	3323	153
1394	647	43
2083	1250	11
488	84	88
443	4078	257
1497	700	71
2064	63	361
1718	806	107
244	1802	41
627	467	77
1340	1868	88
1154	1582	72
206	3559	23
957	338	105
1344	505	214
1151	4247	369
169	5464	37
1167	1309	465
1019	2330	452
1562	1194	88
1947	229	69
285	2253	467
77	542	171
303	3788	200
240	182	114
636	1030	259
149	26	306
503	1033	53
960	4546	205
1633	3900	97
564	210	360
515	819	39
179	372	302
2125	12	466
1498	2954	369
1034	2400	70
1965	5590	42
1131	3271	63
888	4662	55
1748	2085	54
1315	1186	70
373	395	184
485	91	37
497	439	9
846	5508	56
1737	3648	88
375	411	199
388	1233	106
2156	2202	191
1515	1550	71
1282	98	69
813	4	72
482	1626	231
682	1023	97
0	841	56
672	254	284
256	1219	212
497	3473	231
541	3216	71
2297	1145	32
542	3595	184
1545	469	34
1495	3319	72
156	2563	181
1723	1816	71
555	399	324
831	3808	119
479	16	42
1153	395	184
1271	4162	74
588	2586	23
296	4213	332
1423	378	208
2029	2302	452
969	5	159
1439	2285	33
2175	1696	54
864	254	284
1339	609	172
1874	2809	262
394	1199	70
172	4506	70
1038	2640	41
482	2457	180
24	2327	106
1342	14	385
321	115	41
1767	753	41
2301	5100	43
1334	4843	56
1394	5301	136
482	674	284
1515	732	212
2289	1907	69
615	2913	385
806	983	70
295	1506	24
614	1095	395
1487	2331	368
1349	4740	171
655	4055	56
899	2310	55
1247	542	171
1344	458	72
1523	260	11
1441	215	275
1337	471	99
1154	0	462
564	4886	456
399	1963	53
432	763	142
597	4800	11
865	5233	204
294	1335	47
386	1437	5
482	3878	88
91	503	56
1759	2424	368
1965	70	71
1773	24	78
240	4361	138
91	39	71
435	2626	69
516	3334	302
123	2014	39
516	457	73
676	1342	317
790	162	31
1976	1213	364
1161	4472	294
360	116	306
1621	566	218
537	399	324
132	28	11
73	500	43
1387	2564	27
1007	8	474
1613	2221	87
1491	1573	284
2185	288	55
77	1250	11
612	2000	88
1313	3426	277
938	697	332
917	3323	153
331	542	171
1230	603	54
771	2143	257
522	135	72
574	1958	106
257	135	72
55	2729	43
2249	412	385
325	354	71
1186	1486	88
1718	1	74
454	105	119
1177	5323	223
941	84	88
1359	2659	106
1244	801	106
1371	2797	393
67	861	284
257	75	88
968	2554	456
1344	1676	385
174	906	42
567	438	284
684	2198	5
684	135	72
2015	32	31
954	309	71
1637	1212	142
373	3852	70
1173	1055	385
841	3853	69
1176	658	302
1707	1269	54
28	4002	8
1173	4630	370
530	1790	11
1800	1871	71
525	660	71
1149	1054	88
1173	303	218
1234	341	23
873	4823	71
1282	567	332
1194	2348	257
211	2978	88
0	1064	377
1188	1492	240
1317	461	70
592	69	112
1618	1911	116
1413	850	83
1341	1225	456
1522	2654	137
2173	1539	88
0	604	136
485	1358	70
1412	1081	374
2119	1593	41
517	100	306
780	1552	92
1849	914	56
922	300	55
1094	4719	323
227	432	11
769	201	55
1522	419	189
2058	4444	464
2078	93	275
400	572	46
173	4197	277
1213	973	91
427	3408	11
786	204	69
112	3372	260
1138	188	201
392	37	142
2086	1211	177
1423	3164	208
1051	1145	32
357	1511	404
45	1182	205
709	1058	71
1629	709	88
1066	795	106
297	2708	205
1409	2480	90
985	1872	42
930	777	453
789	3425	313
1273	5000	209
1154	832	306
516	686	8
1667	5115	72
2126	1159	358
1103	892	70
1750	3944	88
549	749	69
51	254	284
870	4299	55
543	2455	23
1710	1925	88
1321	1450	74
192	1079	95
1566	1913	231
482	4197	277
1137	1819	71
1282	96	70
1101	4348	76
1477	2994	270
1823	4017	103
186	1488	1
592	500	43
1726	776	70
1327	4685	69
84	439	9
166	1937	23
1831	201	55
1773	2081	27
1569	399	324
1066	1614	37
1205	5031	136
135	1840	88
87	776	70
1179	204	69
2094	122	138
211	1099	53
1950	763	142
1327	3894	104
1842	4523	383
596	1045	205
1203	2640	41
438	3201	81
258	497	189
620	2976	294
1131	5442	291
364	233	81
977	3508	88
853	3050	41
1859	4571	31
65	1844	136
711	4701	70
1830	2439	396
1616	2088	11
108	310	124
1619	73	423
1402	5421	456
1621	5143	306
331	1452	146
1825	1166	205
1340	362	70
667	3746	459
122	276	315
616	1383	70
758	1365	53
1564	270	88
2176	567	332
683	1343	136
509	5142	87
1817	3441	317
1309	2076	464
19	46	70
296	3666	70
1589	3985	20
1535	1198	55
426	376	53
587	3730	24
1910	4520	465
463	182	114
1310	2044	70
735	533	42
1747	3857	126
465	3195	9
41	3508	88
1202	2932	104
102	1031	42
1271	322	88
309	3257	346
1354	1225	456
1778	4813	410
2067	1191	91
1299	802	42
334	896	136
930	276	315
1565	1013	34
798	830	116
523	4018	88
1149	1192	71
18	1843	70
1756	4347	56
822	1248	71
489	2816	56
75	470	88
1286	530	14
553	2522	55
109	273	41
346	1288	32
1158	1653	353
1374	1145	32
1164	4618	104
1692	3231	321
232	3	70
733	463	91
871	2560	205
1186	2309	70
584	439	9
619	635	106
234	75	88
11	291	362
139	4102	32
636	1415	88
1313	3755	186
1358	4772	77
743	646	302
1864	3214	144
997	1358	70
266	1132	55
1306	567	332
201	1027	53
1996	4461	184
1327	628	274
1322	96	70
1002	505	214
179	200	161
1084	3637	302
2007	1670	205
1298	1614	37
243	3646	205
1019	1913	231
40	1305	185
146	686	8
275	1	74
1462	87	275
1167	2297	157
216	1760	32
1102	412	385
1988	1274	141
448	1885	327
1404	5278	395
813	1838	23
1796	2762	158
453	607	42
873	1691	72
1308	135	72
510	1115	54
1501	995	302
783	891	53
974	1989	212
300	411	199
386	1232	56
404	592	41
1215	1711	70
1630	4043	69
73	786	200
735	288	55
1153	3325	403
954	254	284
735	2188	90
1197	113	71
44	1787	11
2077	2910	37
190	1820	42
773	36	137
246	4866	69
168	2960	369
76	589	88
573	1062	456
309	1297	306
865	3330	138
1930	3663	32
1964	1735	24
1209	916	164
770	322	88
1037	302	315
1507	4287	277
197	276	315
1742	1574	269
1314	4563	278
1085	158	456
627	2240	72
132	1416	71
1249	98	69
39	184	11
813	4432	278
752	357	278
1177	4418	43
300	658	302
943	2012	72
1459	5317	28
1322	655	284
239	1274	141
783	28	11
330	362	70
1312	3803	56
239	4186	56
94	2131	32
1584	3580	154
440	447	332
59	1385	32
999	2647	470
742	2140	302
1966	322	88
1987	3897	212
270	1072	433
860	1285	70
698	639	11
1313	1072	433
2026	1801	33
625	465	54
1536	848	347
1336	5069	283
429	3015	111
1343	2304	17
3	2469	88
1695	469	34
1409	1284	2
373	471	99
1585	1102	91
1235	1717	245
150	266	88
1231	1934	56
716	567	332
1682	3489	71
442	4723	92
1361	3460	456
190	4601	33
470	4340	41
416	4021	55
827	3801	112
1382	5514	119
1153	1503	70
482	2891	42
1291	843	39
1366	4078	257
1096	4316	53
1756	288	55
1246	4306	415
2160	10	275
367	3426	277
522	297	70
1055	412	385
74	497	189
978	1457	284
712	318	56
984	2777	5
2094	357	278
446	78	352
1254	1436	171
1406	4433	103
443	291	362
903	5129	403
192	1840	88
27	645	41
1314	96	70
554	5283	83
258	84	88
857	1738	56
722	286	306
1308	16	42
564	2972	71
616	109	116
986	1145	32
845	3215	284
278	3422	193
1139	499	43
113	1986	71
1849	191	56
1130	4448	306
1108	1983	270
710	3961	42
1086	3946	284
1149	642	363
639	532	41
770	395	184
1891	1562	24
287	2396	208
743	1826	42
1211	5301	136
1789	730	88
1012	135	72
1595	2065	11
316	936	360
2246	1163	207
1064	439	9
892	41	275
2093	2419	403
1635	2682	472
670	1095	395
275	4795	70
660	708	136
1230	2310	55
672	3756	464
1536	4043	69
969	476	88
1693	81	33
960	75	88
1637	365	475
781	3276	98
110	5091	302
1689	1559	86
358	2000	88
1134	799	245
1419	3403	88
988	3724	70
717	276	315
324	69	112
296	524	70
1252	2591	74
1980	378	208
272	97	69
952	2008	94
183	2562	202
565	624	88
1886	3901	69
2156	1015	354
1394	1460	4
462	249	88
1321	98	69
2216	92	72
1069	484	71
42	2229	24
498	1551	71
59	2949	53
850	28	11
2074	236	70
906	1255	302
96	1250	11
1925	639	11
119	760	56
1019	5253	88
1171	2712	69
482	2714	32
357	2681	77
2194	180	452
386	1003	302
224	2281	106
1779	709	88
1274	91	37
1427	1212	142
1833	771	88
1403	4634	56
682	3312	86
952	4459	332
196	267	54
332	3530	284
2247	1347	43
269	1698	77
488	2270	43
1215	2088	11
1327	2385	479
908	4146	55
496	113	71
997	4560	277
786	399	324
226	3920	56
247	3433	136
1177	796	38
144	200	161
202	936	360
608	4521	252
407	4030	11
587	874	72
1217	1253	284
25	71	70
1	4370	9
1124	2732	275
658	842	371
677	411	199
1645	1	74
1976	399	324
109	421	142
657	1978	88
1070	5160	211
1950	87	275
1577	4566	284
927	1920	424
1370	3649	205
1066	4063	12
1933	4577	277
1108	905	369
481	34	55
1400	1829	55
373	1574	269
2305	173	53
870	603	54
1314	2594	9
70	5154	90
89	3426	277
325	2455	23
74	30	32
135	5213	274
1042	2609	20
2185	52	362
964	299	56
1042	4707	271
91	4447	55
464	2996	41
220	2373	420
72	732	212
1148	173	53
514	2360	103
878	2417	262
2290	1590	303
1922	1249	11
1694	4523	383
888	1933	9
379	4508	56
2301	833	69
1135	312	420
1497	585	11
1947	587	69
746	161	37
50	3527	107
1725	5167	70
178	798	88
628	2878	97
1177	531	72
733	710	88
693	326	42
1623	3567	277
1514	379	69
616	91	37
1554	905	369
296	2036	332
1744	2916	258
551	1767	47
1247	2798	302
1623	4750	71
388	1784	317
23	1279	22
1134	2435	348
759	4794	31
182	2994	270
1730	2653	88
1851	3426	277
1961	1450	74
2118	2458	70
1866	528	251
1302	1356	77
806	3520	32
697	2668	25
110	1906	112
256	140	71
776	1183	55
1110	747	43
898	1060	456
643	732	212
185	2604	337
224	901	42
551	2123	353
1695	700	71
1158	1888	55
1520	288	55
7	914	56
1601	1804	367
612	607	42
282	1538	70
1618	2987	142
2184	700	71
813	4800	11
1741	1711	70
1269	864	302
1442	2454	56
2245	1048	31
24	3182	11
1511	834	71
955	863	259
705	2555	456
1515	2838	90
1934	3537	452
1224	2640	41
667	5044	9
1471	2532	367
690	75	88
539	4542	85
794	4422	290
1064	770	11
793	175	103
118	3163	54
108	1907	69
983	2122	70
1703	28	11
129	2137	71
63	2662	70
171	2119	42
1077	3972	284
1407	3542	184
147	69	112
616	504	56
629	273	41
1315	3972	284
1895	0	462
1377	576	104
1226	914	56
917	33	56
130	75	88
879	210	360
500	930	405
1959	2560	205
2002	378	208
1142	4748	323
946	1625	71
591	31	55
1577	603	54
613	1969	86
1545	28	11
1950	75	88
1199	81	33
2205	714	31
952	3658	373
794	488	71
1308	1670	205
542	1205	31
1015	419	189
1722	2427	30
523	1950	299
881	5481	31
1052	1383	70
872	1192	71
66	2364	212
759	1668	31
100	1715	165
1636	1670	205
1154	900	41
1322	877	72
779	297	70
362	766	77
130	399	324
790	97	69
1335	1977	86
1510	4852	88
361	363	275
375	964	258
1167	446	180
879	500	43
126	158	456
960	2382	119
1248	5069	283
1384	3881	303
686	163	110
1305	3902	335
857	1095	395
2	28	11
522	226	102
1397	1599	332
539	99	88
33	303	218
945	2057	71
1163	3301	339
1332	5079	77
240	675	117
1417	2160	8
113	1298	306
1053	3426	277
783	1435	33
482	468	294
1295	1459	259
229	3217	72
1297	1212	142
40	4367	70
1226	1579	208
240	2301	31
2232	28	11
1702	276	315
308	1656	189
997	3122	88
2039	4766	72
1354	14	385
1322	1005	285
698	3306	208
571	727	112
806	81	33
584	1116	189
65	1696	54
28	35	43
867	1226	317
1032	822	306
667	4714	471
2247	2682	472
1566	24	78
45	2296	78
1477	2852	142
647	3505	32
873	439	9
1446	2560	205
323	1909	71
1599	4060	69
1849	482	71
2230	2177	275
1291	4398	103
847	518	70
126	2875	452
305	541	395
1048	288	55
1583	4645	347
1710	4727	137
1138	589	88
658	5158	385
585	714	31
636	4380	23
1510	2292	136
1441	578	221
1962	706	28
2195	192	42
2143	4269	23
557	844	369
1390	1259	259
769	4111	9
1643	455	69
190	3667	88
6	3875	55
1740	1989	212
113	623	56
1743	5321	136
1953	5145	88
570	3415	433
1186	1059	456
1299	75	88
1285	1045	205
1633	4625	119
813	3631	88
386	2601	284
88	5424	138
282	1622	71
2075	1	74
113	628	274
2224	399	324
672	3931	33
482	565	20
1159	687	88
754	5097	331
2116	120	88
960	120	88
107	3008	56
702	841	56
367	2170	41
1462	763	142
1168	1257	72
2140	87	275
1970	4410	302
1232	1547	184
1227	4398	103
1684	329	189
2167	994	284
25	215	275
435	1001	81
861	2265	411
1101	2246	72
1031	1005	285
62	2742	69
608	297	70
399	135	72
2199	4919	456
1436	98	69
1277	289	339
1708	4234	403
894	3426	277
1441	75	88
797	1256	90
2318	1298	306
248	1681	205
1600	341	23
1159	215	275
357	4264	88
186	1913	231
1128	4038	277
1629	2227	56
759	3173	213
946	700	71
1316	569	11
1008	891	53
1	271	55
1492	1955	208
290	1695	88
555	3098	42
408	2017	71
1447	864	302
1577	3211	256
790	4795	70
323	321	189
1095	1429	54
1052	1755	71
652	4063	12
584	3426	277
107	3021	41
1322	646	302
232	727	112
1192	1253	284
996	1986	71
603	1004	302
359	1597	69
14	75	88
843	2344	56
1186	2968	54
373	1074	11
113	4085	55
405	399	324
996	1309	465
1287	863	259
1513	482	71
617	820	70
296	181	71
989	504	56
1749	635	106
1663	3542	184
1227	3985	20
1171	1984	11
650	399	324
933	2330	452
1676	4809	209
1924	414	358
1737	642	363
1448	1957	88
1205	469	34
550	914	56
952	2301	31
2062	4457	162
1412	5534	43
930	3946	284
1359	2239	239
2251	1682	9
1211	195	88
113	631	270
1959	91	37
845	2798	302
1798	792	43
1175	1341	88
413	888	56
160	379	69
1208	927	11
1849	271	55
1101	4458	72
2194	1160	162
1387	378	208
552	1210	93
1568	1045	205
1298	310	124
1010	32	31
180	222	240
698	1250	11
644	221	181
609	395	184
1515	1777	55
1283	1907	69
1084	2056	52
1618	4183	60
1642	1285	70
1386	439	9
1047	2445	88
1315	914	56
1954	100	306
1282	642	363
1671	5264	258
551	75	88
1907	678	362
636	2470	70
1217	4103	171
1166	1284	2
259	3426	277
169	1350	56
628	3654	32
497	531	72
2288	251	362
1268	135	72
765	870	42
1367	1053	189
915	1471	28
313	813	445
666	456	86
43	208	31
506	3606	441
2136	362	70
1197	4277	31
1140	530	14
2059	1174	414
1379	567	332
873	1360	81
1136	4956	88
1238	4648	31
1188	3127	467
1220	4890	385
766	74	88
1644	4030	11
1487	760	56
362	914	56
198	359	56
1442	3419	24
1925	1385	32
1585	4068	23
764	134	306
701	3099	88
185	1393	189
815	204	69
898	1059	456
999	4319	291
1193	4004	43
1342	4714	471
2089	686	8
1427	4969	407
429	1582	72
1652	2285	33
1595	1041	309
307	4418	43
1794	776	70
488	1711	70
1008	1338	136
440	2905	71
533	3873	266
911	204	69
1309	2810	205
61	312	420
178	1975	56
777	4	72
1854	1711	70
1084	403	42
2061	4516	20
541	5547	74
886	3199	180
753	3547	116
456	421	142
1034	1102	91
2175	3384	91
570	3005	448
2156	567	332
2189	3194	243
482	3081	403
51	2593	70
113	339	55
644	723	88
752	204	69
898	150	330
1461	201	55
373	576	104
2203	4863	460
1181	3271	63
96	4944	11
777	4281	39
1186	1225	456
224	2260	207
1083	4451	92
790	1799	55
1166	595	163
176	597	41
1299	1755	71
1083	4406	43
1644	4319	291
2315	3821	413
2259	215	275
1779	28	11
2009	3159	205
482	414	358
1150	2780	72
94	2360	103
1084	804	69
539	2498	186
1221	3254	137
51	949	358
1479	727	112
994	4645	347
522	3067	112
331	717	106
1735	439	9
1349	1550	71
1407	1679	411
1849	2038	90
595	905	369
2265	768	106
978	3147	257
1428	4426	405
2085	158	456
236	2081	27
252	3128	292
395	721	88
340	271	55
1014	251	362
745	417	306
1261	484	71
194	989	42
1394	5204	70
262	2326	212
288	2052	71
1710	4551	103
1235	376	53
425	3050	41
1396	760	56
1529	2347	347
548	2360	103
448	1901	332
1528	905	369
355	1749	8
1149	1248	71
224	1069	69
1160	590	88
1361	154	37
1848	2925	11
394	5573	231
667	2251	20
633	709	88
653	3762	306
614	1174	414
167	5260	464
570	3966	20
748	3538	70
617	4901	72
670	271	55
1672	1132	55
185	44	275
1293	3404	336
54	1003	302
646	439	9
1915	537	171
1741	3890	114
511	658	302
331	1154	43
489	701	55
318	341	23
260	719	53
191	1586	284
619	4010	367
1527	1028	10
248	585	11
1158	5187	72
2103	1711	70
1149	5337	362
1816	2000	88
369	3470	32
1606	3541	184
433	4359	44
279	2455	23
455	2328	99
870	2160	8
1054	178	48
109	303	218
609	411	199
930	4493	257
1463	67	70
1168	1201	270
338	1389	354
1789	5375	278
2253	28	11
742	472	284
362	2221	87
827	4475	28
1760	5120	257
509	2786	71
74	3441	317
1576	215	275
194	846	290
1802	3519	395
711	2173	13
1361	2728	110
1098	96	70
1578	2252	442
1307	2646	275
1445	3147	257
1210	330	55
687	905	369
466	1660	138
1049	4390	313
19	461	70
1442	135	72
1621	618	71
1225	850	83
644	1072	433
1805	1978	88
1061	905	369
828	267	54
1743	700	71
1143	1017	374
1222	635	106
1268	5135	88
729	2363	236
1354	904	369
1952	144	55
587	976	72
1233	284	306
1680	139	252
509	4794	31
1438	5293	9
547	3924	88
14	3686	186
968	4094	468
84	161	37
1925	2783	42
1130	191	56
69	970	71
297	1950	299
431	2904	88
73	1863	158
1051	3474	69
652	2264	32
1215	4755	39
1051	335	32
1483	439	9
841	1385	32
845	297	70
1124	98	69
2025	215	275
738	453	55
1195	1939	9
1483	5400	142
840	4370	9
1177	4491	77
132	1907	69
672	3855	72
606	378	208
1452	164	11
306	3251	41
383	2515	403
2313	258	306
1671	2877	284
81	894	37
1434	71	70
695	138	403
1451	914	56
282	2265	411
1577	880	451
1094	3177	37
21	4930	464
688	1450	74
1095	387	401
1016	452	88
1074	1636	200
113	4050	171
603	501	106
262	3336	191
570	1998	11
687	2454	56
1193	1885	327
1295	543	11
1227	1543	32
287	1145	32
481	75	88
1981	75	88
179	399	324
2279	2941	403
114	1272	106
630	4171	88
491	878	56
1140	3590	87
1089	1650	88
118	1738	56
695	135	72
395	914	56
1215	4243	106
1184	439	9
1471	175	103
59	1593	41
395	1089	70
395	4327	284
858	646	302
578	865	72
748	1711	70
734	3300	339
999	909	272
830	3502	302
1142	5317	28
1310	1237	71
1650	1529	270
340	2486	452
489	1279	22
525	4193	277
475	1054	88
369	544	161
1459	28	11
1331	215	275
1080	776	70
947	916	164
329	3581	205
269	1513	9
512	3045	158
139	1553	33
1016	656	184
411	1826	42
1323	387	401
1509	54	55
1011	891	53
741	345	136
845	28	11
135	87	275
964	3832	370
1291	3159	205
1793	161	37
2246	621	55
65	1148	32
1522	1900	284
380	96	70
1817	1548	42
247	3014	96
1876	4901	72
1139	1645	88
1038	3999	70
1222	3280	69
506	567	332
968	258	306
2201	784	72
1249	3433	136
1275	393	70
169	3773	69
1564	4148	84
1001	1182	205
1307	379	69
1764	2194	9
966	3757	9
866	2351	257
1578	2121	91
514	1205	31
996	736	385
115	5322	141
1396	2985	171
146	2426	55
510	1066	88
876	204	69
1412	603	54
1180	14	385
773	1128	56
1469	4027	37
169	866	72
239	188	201
749	3541	184
1331	697	332
1491	2143	257
1759	87	275
173	228	42
316	248	11
960	632	270
127	2822	47
34	439	9
121	658	302
350	700	71
185	4201	403
1037	1224	357
442	318	56
1634	2322	74
1158	1330	456
741	3289	403
613	180	452
1480	1580	208
2146	784	72
1220	3306	208
1137	395	184
1435	994	284
1188	213	332
820	1257	72
1071	1054	88
1625	2968	54
935	28	11
1562	0	462
179	898	78
1401	2070	257
1753	1309	465
488	660	71
366	310	124
1246	3411	306
933	3199	180
1077	124	257
677	1969	86
240	4998	24
1873	834	71
1302	3271	63
548	338	105
1922	4527	212
431	1145	32
515	3816	18
50	228	42
695	1907	69
506	3170	131
255	1653	353
246	120	88
417	224	110
885	3940	138
275	1435	33
1633	675	117
2316	71	70
823	4741	212
890	3005	448
244	3114	11
1178	632	270
899	1295	71
1979	1450	74
194	733	88
80	288	55
1568	844	369
2247	647	43
1341	1311	457
1615	517	362
858	3863	47
2009	1720	421
814	843	39
1286	632	270
1065	4843	56
381	28	11
1414	1679	411
1743	2757	43
1600	251	362
1672	1017	374
1267	5102	14
434	251	362
1094	337	90
785	1421	55
358	4138	70
229	301	70
1124	5124	337
451	2340	184
730	2602	171
1607	28	11
1585	832	306
453	173	53
1608	4153	95
1454	24	78
1386	75	88
1869	749	69
1186	91	37
383	276	315
1698	2187	74
1750	234	31
1685	1072	433
247	399	324
1186	5311	42
1573	4372	56
542	3540	184
96	1436	171
1328	4026	88
1117	1045	205
748	1895	55
1833	1463	88
1175	750	294
1008	4154	42
45	100	306
396	2902	452
1157	2052	71
395	87	275
416	596	306
1230	4330	12
484	2218	151
224	560	106
229	2720	87
1295	2328	99
1235	1102	91
845	2058	205
229	276	315
59	1033	53
2177	2605	196
713	586	86
616	3640	5
30	889	71
1936	2360	103
1004	1111	72
808	5041	88
798	1208	88
1146	2360	103
604	769	312
503	1957	88
699	28	11
1326	2640	41
952	2855	358
1667	1178	62
497	1614	37
1782	4103	171
667	610	284
344	512	356
1875	780	452
325	3075	23
2192	517	362
113	180	452
1318	942	112
735	3700	327
367	1174	414
634	1859	88
1144	3890	114
488	3579	205
718	14	385
1257	4714	471
999	1978	88
515	312	420
418	1198	55
3	874	72
794	60	128
40	454	106
1471	2523	41
1491	439	9
947	645	41
1383	2336	472
837	5388	42
294	1333	46
731	538	54
964	1259	259
1622	3833	349
1481	2306	415
1230	970	71
20	57	146
673	2798	302
489	1083	9
232	1450	74
564	2622	275
443	2069	56
743	605	8
164	853	88
31	215	275
723	120	88
786	1516	31
1361	3574	11
586	1354	71
1699	2466	149
1533	1637	414
1067	4592	332
936	3320	116
1146	4567	88
1235	84	88
813	3560	88
1847	4187	106
1412	700	71
757	1518	70
277	5001	42
176	477	85
1540	1072	433
160	584	88
1	1118	88
1113	123	104
1370	4506	70
382	2590	55
1355	3355	55
22	1029	232
1622	654	88
1948	5047	70
739	3	70
597	173	53
482	4030	11
194	900	41
1139	271	55
239	920	76
830	1459	259
1221	2522	55
379	113	71
3	1289	42
1109	1711	70
2081	1040	369
413	2169	358
741	4727	137
1136	1166	205
1840	704	383
510	786	200
734	2160	8
690	135	72
334	688	55
723	489	158
1140	469	34
1542	453	55
1457	2872	32
1067	3356	184
161	70	71
2184	214	72
107	184	11
1309	28	11
266	1261	116
752	567	332
74	1799	55
1580	2005	159
716	1075	414
167	570	71
1268	4925	452
899	3087	403
1672	4963	56
1928	3134	42
1427	135	72
1792	96	70
1317	250	70
1065	5217	71
2230	1935	71
608	2924	258
57	781	43
1577	210	360
1505	484	71
1158	3309	452
1459	891	53
1672	348	89
82	2991	205
1281	4546	205
1133	815	11
178	524	70
30	2077	126
735	618	71
1249	1353	71
514	697	332
1370	760	56
30	125	303
335	75	88
587	599	32
84	2594	9
18	1814	33
1562	5153	56
1248	2156	409
1538	3541	184
99	5154	90
1876	1248	71
1201	4766	72
528	825	42
164	2779	55
1153	4175	9
1146	2318	63
107	183	11
1770	4398	103
634	1145	32
372	3138	284
735	2251	20
1952	2894	443
1525	839	385
456	830	116
1381	1193	115
192	972	115
1227	3018	136
1497	5311	42
282	1055	385
1466	492	14
954	2371	217
2084	5186	171
1301	2359	236
1911	100	306
628	2751	33
303	957	43
1529	3385	88
1145	891	53
870	1251	43
1130	891	53
115	2855	358
881	2911	88
726	4542	85
1148	2803	11
388	2906	88
1389	2289	117
2290	84	88
600	91	37
1103	97	69
1153	155	88
1290	2022	179
930	4038	277
952	2842	198
232	605	8
1529	78	352
646	247	383
1643	5249	40
1418	2221	87
904	1500	70
516	2015	262
1511	1226	317
655	435	302
305	2165	356
74	3557	31
409	2579	258
873	1827	23
689	642	363
2095	4162	74
1533	1294	373
1867	273	41
237	2763	88
70	4800	11
472	3063	284
2103	1568	385
1880	435	302
1412	4771	69
786	32	31
497	161	37
1722	1253	284
1008	2380	93
228	1128	56
797	632	270
1349	1744	77
1841	396	136
44	176	11
861	35	43
1656	758	332
973	4833	91
1488	100	306
944	5476	28
1252	435	302
1144	4147	42
92	1095	395
1809	5459	32
1175	607	42
1206	1579	208
1816	760	56
1409	2966	72
1850	4227	212
2006	567	332
1301	2026	438
918	180	452
1255	3834	189
55	2266	88
1464	4722	277
2185	760	56
0	1126	258
845	1565	402
1189	67	70
553	5341	9
830	1330	456
1153	3113	472
367	1012	23
1232	215	275
318	1842	69
1294	843	39
1819	688	55
1623	2026	438
349	1059	456
1278	3168	259
531	1269	54
236	1045	205
945	1005	285
1019	2683	4
482	749	69
67	5085	320
1685	204	69
657	3684	136
1081	1606	72
224	4079	70
834	732	212
1671	1793	418
206	155	88
416	2057	71
307	2258	88
455	1846	55
156	1552	92
150	560	106
424	3267	90
1409	489	158
769	1062	456
698	4530	69
1176	372	302
23	273	41
911	4111	9
1293	604	136
349	721	88
218	865	72
1950	843	39
1985	4690	462
2204	2983	304
1510	3890	114
5	620	11
1146	4360	83
2057	141	56
85	1925	88
14	982	56
407	611	112
2217	3779	352
1442	527	88
1505	5020	103
232	2290	71
1221	379	69
1397	1319	294
2039	2799	284
634	1063	72
1545	2785	447
1299	3825	284
380	1295	71
636	658	302
2272	2648	358
637	4749	43
789	1457	284
1264	197	53
1755	1179	270
180	483	205
1084	3382	69
955	587	69
1213	113	71
245	3164	208
954	723	88
459	40	54
283	635	106
977	73	423
1860	642	363
2056	38	142
1038	276	315
1863	1373	362
998	5138	302
1317	2399	54
555	786	200
858	4015	63
220	113	71
436	658	302
533	438	284
1327	3888	104
1708	1545	415
1035	26	306
919	5413	56
939	687	88
480	3086	456
9	1210	93
2119	3982	411
378	400	158
491	1998	11
845	245	54
761	402	24
221	600	115
895	1599	332
40	3670	70
1568	5153	56
1798	3433	136
158	1085	120
1043	3502	302
1502	4280	88
142	78	352
185	1374	43
1064	3924	88
2099	2182	69
318	3861	56
339	26	306
169	587	69
64	1397	246
1198	5033	88
699	1294	373
1109	4656	43
2058	3221	205
1271	3515	212
1187	1044	56
1051	1670	205
1211	942	112
1890	3790	70
1545	1789	74
1226	781	43
1230	746	43
383	827	275
87	113	71
255	755	56
994	2810	205
1580	710	88
946	1237	71
161	276	315
310	4946	69
386	926	284
420	1323	315
988	697	332
1304	517	362
383	2046	55
741	3265	306
1618	1913	231
1154	2799	284
1480	3825	284
1455	4322	11
195	3099	88
271	2721	100
314	4601	33
1138	1379	472
529	2762	158
1205	75	88
1247	1906	112
62	1295	71
1571	4146	55
1257	3541	184
278	402	24
813	2627	56
1315	766	77
80	3384	91
1559	1434	31
285	3693	72
246	982	56
1438	75	88
386	1259	259
978	2987	142
1978	1045	205
1043	2389	88
129	809	42
973	4337	88
1228	2142	257
404	100	306
1096	771	88
631	210	360
1314	354	71
1498	152	70
1695	2251	20
733	1633	95
91	500	43
684	439	9
829	2024	88
1591	3881	303
200	1614	37
1562	446	180
211	696	56
9	75	88
376	3426	277
954	2244	56
165	414	358
1045	2153	232
1023	1412	43
130	1211	177
1315	204	69
932	791	230
1227	749	69
1204	3759	163
1146	3921	56
1323	983	70
1480	4396	65
1454	228	42
1065	2652	88
303	0	462
282	97	69
385	397	88
314	4197	277
564	2894	443
244	452	88
96	5225	14
1262	2304	17
1298	1761	71
690	675	117
365	5547	74
1383	567	332
1486	396	136
1356	3378	41
561	1771	212
274	115	41
1537	4263	69
413	2041	317
1007	1298	306
1638	488	71
89	248	11
1533	780	452
1270	3084	70
820	1455	286
846	2195	9
1226	529	11
1290	2221	87
224	1108	88
1741	1193	115
1612	1601	106
96	2862	11
1277	357	278
1182	1816	71
93	317	233
1	1000	284
1230	952	69
2199	2555	456
1364	315	31
61	714	31
221	301	70
1593	414	358
662	1979	223
1194	776	70
923	138	403
692	215	275
173	753	41
386	2192	77
413	3922	403
994	1503	70
1066	4585	11
1595	3616	70
350	3307	184
643	32	31
360	303	218
772	620	11
142	135	72
1963	4745	64
1523	1641	72
830	2689	11
659	12	466
1075	1365	53
207	2022	179
1152	4530	69
1023	620	11
1854	4592	332
2193	379	69
1626	1755	71
647	1765	70
2005	5063	56
1475	2841	71
1662	839	385
1259	1	74
603	1259	259
833	2104	184
262	3101	258
45	4798	31
985	3369	42
850	3460	456
262	4461	184
1286	329	189
615	3551	30
603	199	108
330	3574	11
1179	697	332
338	2484	41
1153	2744	70
357	1695	88
1290	806	107
119	31	55
560	500	43
579	5543	32
1849	24	78
464	2244	56
194	1143	56
96	4074	198
1521	4993	70
684	1845	162
3	2412	70
1004	74	88
46	399	324
1136	1706	85
636	139	252
514	4367	70
875	2336	472
1684	4234	403
697	161	37
442	1915	205
1218	1218	184
1647	1056	245
1684	75	88
426	113	71
2	1653	353
672	5351	451
552	802	42
153	69	112
960	1331	41
482	3671	302
735	3489	71
344	4862	324
1261	1374	43
746	771	88
1170	2895	362
380	5447	367
119	324	55
1243	760	56
1485	4500	159
1370	96	70
735	4035	125
1301	2690	80
563	1606	72
974	583	9
340	1675	72
1944	1296	71
1417	658	302
206	201	55
899	2945	461
1168	2495	70
1055	877	72
472	3180	332
860	103	85
1737	1944	171
1008	567	332
1241	4370	9
960	1033	53
780	922	11
1180	2238	204
1812	1411	70
990	113	71
2269	2747	42
598	2891	42
1695	4523	383
1269	5030	378
1161	411	199
232	3960	259
950	217	205
1939	1998	11
1306	3309	452
1361	2922	184
1498	4668	369
1563	2962	35
1363	254	284
761	1583	87
165	2292	136
241	388	414
954	2028	157
1833	224	110
1259	3284	353
2217	1665	302
1261	201	55
165	1736	92
565	370	72
383	417	306
1441	2453	189
1849	776	70
873	2501	262
171	421	142
969	1175	88
899	1785	56
1154	1225	456
791	439	9
726	1652	83
114	1474	56
114	635	106
813	1315	109
1259	204	69
1024	147	452
1059	576	104
386	231	10
1248	588	88
654	4213	332
274	1601	106
1395	1909	71
307	411	199
1136	432	11
243	3973	473
704	2009	72
221	2244	56
126	1192	71
1314	4517	278
1201	31	55
1051	483	205
763	378	208
1149	28	11
412	3282	69
1841	979	112
1859	4020	278
1145	3516	275
435	312	420
1146	4158	155
213	2440	137
933	144	55
1727	5514	119
2041	100	306
1149	138	403
1712	3426	277
968	481	69
182	199	108
2147	3408	11
156	4384	405
296	312	420
263	641	476
2018	2381	11
1442	3345	77
387	1214	90
616	810	115
549	4224	333
742	1592	284
2099	412	385
1876	1578	11
290	542	171
626	3506	56
617	620	11
1585	2344	56
1602	1100	238
2233	1	74
448	3096	69
807	827	275
285	3638	70
422	3213	72
860	2778	31
881	534	87
1448	2340	184
51	658	302
636	1538	70
144	1919	205
411	2712	69
34	152	70
1402	5578	467
458	5140	70
369	1379	472
376	1599	332
388	3407	53
1682	1910	53
1357	542	171
1209	1045	205
1011	135	72
1170	1167	24
1322	434	72
2155	4050	171
1352	60	128
733	1538	70
845	1072	433
2126	3307	184
783	966	90
135	439	9
911	4466	368
1274	593	111
722	26	306
1438	26	306
336	1464	69
1699	372	302
1137	589	88
1650	911	180
1390	16	42
131	2219	77
2174	0	462
517	2599	30
819	1062	456
609	2924	258
875	461	70
944	2686	37
1140	2749	184
879	56	360
1571	4989	71
387	912	179
786	2076	464
109	276	315
516	3214	144
2083	2662	70
1522	139	252
1084	5074	31
100	1386	56
647	2411	42
995	452	88
1329	1374	43
1247	709	88
1264	3481	88
1130	2888	340
1031	4862	324
688	324	55
1096	4175	9
2250	471	99
26	1268	42
617	1935	71
1098	1752	441
1124	4004	43
1862	3045	158
778	419	189
1434	580	50
234	136	134
229	1538	70
565	1711	70
3	514	40
453	3821	413
1159	3623	171
1324	567	332
229	3312	86
1293	778	142
1309	3118	362
1206	2421	326
106	453	55
2211	2945	461
701	5268	405
947	1908	41
1171	2543	189
1136	4445	39
551	1174	414
931	3376	100
809	0	462
1083	997	69
1824	567	332
605	75	88
2220	96	70
1230	4082	70
357	565	20
879	26	306
671	67	70
1427	4687	116
673	138	403
360	4424	96
1465	97	69
858	311	41
70	755	56
984	3367	88
1448	3484	381
1280	2412	70
59	1312	55
225	97	69
875	2691	149
1310	132	56
1244	330	55
2269	399	324
1583	3822	363
292	1326	78
1633	26	306
1817	22	273
14	482	71
524	260	11
30	452	88
1759	379	69
965	1470	72
830	83	189
1318	760	56
1549	1838	23
1887	614	298
509	70	71
1264	4631	39
157	26	306
160	5407	72
1952	14	385
91	3162	232
300	633	69
582	786	200
1374	2097	32
1207	2314	270
1145	3540	184
1454	1873	42
302	3238	271
724	3590	87
242	2051	304
318	1374	43
1221	5479	259
1302	575	62
1902	1653	353
555	1269	54
1308	656	184
1153	32	31
1343	2880	72
994	5034	410
1215	561	39
960	4673	71
1008	2517	91
402	497	189
1118	2308	46
1187	3930	74
126	688	55
699	580	50
221	3267	90
1182	4197	277
369	271	55
603	863	259
1221	5322	141
1419	421	142
1211	542	171
26	952	69
1698	2088	11
316	287	32
1136	362	70
388	244	94
1777	3426	277
5	1538	70
348	5027	43
172	1402	72
515	821	23
1062	618	71
794	1277	143
875	1108	88
491	2263	184
500	4310	71
2236	2735	43
1133	3503	70
1498	1040	369
560	2569	192
1602	131	144
616	1674	324
972	93	275
642	620	11
988	1106	31
514	4050	171
687	1915	205
927	135	72
1221	1374	43
93	2495	70
977	557	110
1269	3572	469
2093	210	360
162	201	55
1743	2803	11
596	688	55
983	84	88
1145	268	53
123	3328	11
1188	226	102
278	3029	112
986	1934	56
952	2665	225
748	625	55
2124	414	358
1208	307	46
542	604	136
1240	4682	82
302	2421	326
886	84	88
1222	1998	11
545	1893	240
1215	1348	205
666	890	136
1886	52	362
25	1721	70
243	1450	74
386	188	201
340	1461	403
1130	395	184
1970	1005	285
13	1454	39
172	1102	91
1328	97	69
752	300	55
334	5267	277
2071	957	43
1014	123	104
160	1650	88
353	2183	54
813	96	70
376	447	332
1752	1775	158
1743	2394	275
244	3126	56
954	4154	42
2081	265	208
1125	504	56
789	2253	467
1220	28	11
114	2904	88
216	1084	56
1759	763	142
1267	4793	277
2179	180	452
1587	488	71
1044	714	31
1502	3727	72
211	3057	81
1269	4987	418
399	4102	32
2308	1348	205
33	28	11
267	1248	71
416	518	70
193	1978	88
497	70	71
63	4956	88
2012	1725	90
2020	2612	205
1352	3166	82
1124	3290	90
1717	3426	277
1691	1489	267
1618	3572	469
31	2683	4
898	188	201
1217	438	284
2059	872	72
695	4545	88
1286	1013	34
2167	134	306
206	832	306
1344	1330	456
2041	658	302
9	478	70
185	747	43
102	468	294
1585	393	70
488	266	88
616	372	302
461	3668	71
2029	2757	43
30	3012	56
1154	251	362
1329	4828	284
1509	31	55
1792	158	456
887	3082	231
687	377	208
269	1268	42
180	2992	205
1428	4144	23
220	2899	126
1131	3540	184
1779	538	54
2050	3426	277
362	528	251
91	44	275
367	387	401
310	2627	56
53	2001	88
1067	538	54
92	1	74
2040	2659	106
620	2029	85
1491	5525	43
258	3143	88
954	170	11
930	2036	332
412	180	452
1205	91	37
1360	355	55
1871	1842	69
1874	5430	234
743	1225	456
1600	4	72
790	3688	88
1247	4074	198
832	303	218
350	1770	55
1497	2304	17
588	2719	23
1577	3562	443
2093	892	70
1423	4481	267
836	2491	113
59	2352	84
77	3503	70
185	1134	229
272	1734	40
1228	3419	24
1107	567	332
323	982	56
53	399	324
1274	74	88
1158	4382	224
482	4397	363
1228	3836	363
119	688	55
1010	839	385
833	4836	183
464	1687	42
1171	3612	88
946	791	230
1144	1331	41
2219	4480	383
583	2703	201
1322	84	88
489	422	284
667	2449	70
1759	1422	71
857	1283	5
530	2450	32
459	2996	41
1362	471	99
598	902	61
1158	2540	332
288	1320	136
1581	5336	270
329	842	371
477	217	205
1130	1832	86
1291	2614	365
923	2937	358
697	644	245
1211	1704	373
450	5255	56
888	810	115
1102	3858	55
514	642	363
2234	3995	30
1154	3772	88
2196	379	69
1207	747	43
1678	3270	376
1924	3108	74
1952	5155	71
1212	3602	158
40	1907	69
728	123	104
58	69	112
1664	1907	69
1182	620	11
671	3426	277
1416	2566	200
706	75	88
2248	567	332
1421	905	369
1937	2696	69
793	983	70
776	474	88
1226	1045	205
1309	3296	392
778	0	462
63	1681	205
548	839	385
624	438	284
91	765	77
1280	3226	370
1643	28	11
1073	813	445
1205	3658	373
833	12	466
1221	2822	47
549	2665	225
348	2028	157
1243	357	278
1887	1078	42
2228	216	70
978	1367	284
741	1145	32
58	1114	120
411	1355	55
1619	3294	257
548	2248	72
185	516	358
211	3058	157
162	849	387
1244	1056	245
389	504	56
1098	297	70
1340	1225	456
1847	432	11
1961	2603	472
211	3062	56
31	139	252
458	4945	56
392	52	362
37	932	76
973	3380	88
366	278	456
1799	100	306
832	1127	72
474	2598	23
1139	32	31
330	370	72
1174	907	41
1439	3515	212
1094	2925	11
998	655	284
748	363	275
1412	330	55
96	3496	259
1341	288	55
822	26	306
539	1975	56
45	1801	33
1980	1164	137
157	2752	32
179	2671	208
1043	863	259
408	1689	56
1635	2182	69
837	1101	28
1145	5080	390
462	176	11
497	3495	49
1309	1561	456
582	75	88
619	2299	70
517	379	69
1137	3051	11
1221	1225	456
613	3816	18
1382	2151	214
1566	2606	11
1201	191	56
383	3752	88
1537	419	189
18	1631	70
564	760	56
1217	4678	257
140	952	69
1707	4843	56
583	1998	11
761	739	385
1780	2419	403
1699	276	315
1241	4175	9
1663	17	267
2130	2036	332
1244	1631	70
255	1892	303
2248	1379	472
1859	2193	43
343	144	55
1614	3217	72
1205	2305	295
1006	215	275
1272	3923	84
1069	210	360
1871	584	88
672	530	14
352	1524	55
1657	642	363
1138	28	11
2215	28	11
184	5182	218
1336	4078	257
350	419	189
1180	2803	11
1307	1497	114
216	2410	42
436	204	69
1308	3595	184
1013	4305	42
690	137	78
1167	1225	456
2306	1536	46
1545	113	71
536	96	70
1613	4647	369
45	964	258
246	135	72
2236	3426	277
592	1913	231
307	5050	26
33	492	14
946	757	114
1579	660	71
466	5418	413
1037	3902	335
645	360	332
1153	2803	11
1317	5259	315
1258	3009	85
1130	135	72
331	120	88
753	766	77
1450	190	43
603	5305	302
468	1841	69
30	70	71
135	914	56
1643	1221	11
1566	2183	54
24	28	11
1154	3566	88
1271	1056	245
123	323	37
904	1473	304
1747	2866	69
898	3436	41
232	3737	119
967	4201	403
204	117	43
670	959	56
334	825	42
676	276	315
1182	1250	11
1819	3953	452
285	3388	450
1930	825	42
548	9	385
514	2703	201
67	4367	70
157	687	88
224	227	71
1475	397	88
1727	4060	69
1743	1907	69
173	2571	94
353	162	31
190	4119	32
2146	2745	136
566	3989	302
1797	2560	205
481	69	112
1324	329	189
1220	4347	56
50	188	201
1194	696	56
422	1955	208
346	4996	56
1386	1182	205
2087	2940	403
386	418	285
1196	1907	69
365	2046	55
643	563	90
2091	75	88
1244	1045	205
516	820	70
216	4186	56
1084	4982	257
114	3813	425
1576	1153	96
1273	1059	456
491	1030	259
509	809	42
1409	665	42
1917	1248	71
546	14	385
902	497	189
1116	4910	102
17	288	55
827	346	39
872	133	200
1629	727	112
348	339	55
719	1944	171
1051	4964	205
2087	5372	377
1148	75	88
1675	859	171
1698	760	56
234	612	86
33	3100	53
282	3679	71
495	3509	236
2314	3039	41
2137	379	69
730	912	179
813	4709	284
59	1827	23
670	635	106
1226	4375	103
760	3056	88
359	178	48
1811	667	174
1008	1173	144
1194	4960	363
106	1825	43
285	3681	70
652	2251	20
759	105	119
1023	326	42
114	1989	212
1545	721	88
255	4216	395
57	144	55
731	637	64
515	2925	11
1294	16	42
394	729	88
1247	1686	71
463	1470	72
411	421	142
1179	4921	332
1826	733	88
835	3841	138
2210	771	88
185	1901	332
512	378	208
912	2022	179
1053	780	452
906	1868	88
1269	315	31
461	312	420
86	4243	106
1900	2370	72
1058	4004	43
954	976	72
243	91	37
1511	1102	91
1233	2035	69
870	914	56
509	4996	56
522	3426	277
207	1084	56
1559	654	88
846	633	69
366	4026	88
1042	28	11
482	2987	142
349	1216	337
482	723	88
1675	276	315
1268	1072	433
2089	2575	144
1066	2506	369
318	94	55
1234	469	34
1409	2679	69
512	197	53
1274	3426	277
1409	1734	40
1298	1681	205
1042	3426	277
1025	2440	137
857	2740	71
1216	438	284
288	556	324
1165	771	88
1158	4728	255
2039	2025	306
278	75	88
388	3580	154
1237	491	11
564	2551	32
783	4480	383
1861	2055	452
911	14	385
1130	5411	157
1436	2712	69
433	3201	81
1390	2491	113
1635	312	420
1481	700	71
606	1636	200
1865	760	56
357	1296	71
1566	1277	143
1477	2752	32
515	3164	208
1008	2490	331
780	1153	96
500	5403	306
804	2647	470
1070	24	78
761	1632	119
1568	5217	71
300	2833	54
777	2290	71
107	1814	33
875	735	385
577	2372	287
1094	4823	71
1812	651	332
44	3201	81
169	5365	9
846	531	72
1954	28	11
122	677	258
122	5076	96
1123	4976	404
968	5517	69
1151	14	385
1106	1695	88
696	2272	42
1132	4743	189
1613	399	324
1307	1755	71
778	2012	72
845	271	55
206	98	69
368	2493	11
58	2244	56
77	998	58
1221	3699	46
1313	4355	72
354	4197	277
1677	1227	184
332	411	199
767	1711	70
1422	2646	275
620	1284	2
165	76	90
394	402	24
1392	3828	205
1124	147	452
1038	4197	277
1335	3776	352
1072	96	70
634	4066	55
1461	4904	385
346	2422	32
788	1021	23
952	60	128
1651	1438	33
1617	3033	456
1034	2122	70
131	1347	43
338	914	56
1308	1100	238
983	567	332
411	2	11
1155	2322	74
497	1913	231
211	407	42
1479	4682	82
110	1707	67
586	4398	103
2198	3401	205
820	466	106
549	5355	55
1263	1607	77
1065	5504	72
394	4626	11
550	630	166
565	1021	23
1193	75	88
674	1641	72
2184	96	70
837	1747	306
786	1258	70
662	4112	141
2302	4534	368
890	476	88
935	215	275
1859	4038	277
77	620	11
436	665	42
1362	401	324
1271	1219	212
168	898	78
778	2659	106
1580	1283	5
655	3036	284
241	177	96
2137	96	70
2095	3801	112
1234	590	88
794	69	112
1226	67	70
880	182	114
434	1730	56
692	137	78
590	2765	55
1198	3834	189
1419	4156	103
978	4077	257
1465	3899	294
1077	3281	363
746	233	81
1049	697	332
454	1435	33
1425	2328	99
243	2784	204
1048	297	70
74	220	88
535	1253	284
1812	719	53
155	1284	2
1471	1843	70
10	15	42
86	4655	115
170	2967	55
1880	438	284
988	4451	92
875	2002	208
1148	704	383
1317	1142	294
211	839	385
91	2789	358
917	3703	266
1699	4313	277
1178	2019	70
387	3537	452
44	4809	209
480	5021	72
1464	97	69
121	1255	302
113	3577	71
347	75	88
144	4086	4
61	535	41
1130	2120	42
558	2592	11
1035	2068	56
512	1597	69
98	379	69
1020	4283	31
933	1752	441
392	5436	324
1752	26	306
205	3045	158
836	658	302
1700	1298	306
37	197	53
195	1008	259
790	3217	72
245	1181	377
1798	334	136
988	3046	42
96	4556	171
359	0	462
360	4033	284
866	75	88
558	173	53
1461	178	48
897	3223	208
764	14	385
868	123	104
1649	1237	71
331	4397	363
868	4955	88
255	786	200
1796	1593	41
1171	1069	69
304	1732	70
1186	5493	456
1506	4216	395
1015	4495	88
1312	1080	71
450	75	88
1410	650	452
843	959	56
511	2143	257
1663	4461	184
206	1044	56
192	1248	71
673	421	142
1824	4490	70
1172	3426	277
814	891	53
325	1427	384
390	1395	425
1094	205	187
194	4411	55
603	371	284
1680	2070	257
559	1641	72
1186	1696	54
340	2487	452
1664	316	88
1202	2265	411
386	432	11
282	147	452
813	2244	56
628	4375	103
619	135	72
1529	4714	471
527	1709	408
954	97	69
880	2573	302
458	1092	55
736	784	72
1243	504	56
1587	1779	33
1066	70	71
1019	416	91
354	833	69
1144	2261	87
300	254	284
348	1032	72
511	642	363
1280	4017	103
383	260	11
672	4011	369
936	113	71
1381	315	31
227	2045	55
1563	554	70
1657	5573	231
1280	530	14
1673	1287	238
363	2156	409
1012	3379	72
521	288	55
607	32	31
695	2704	88
1887	416	91
1917	1459	259
523	901	42
698	595	163
65	54	55
797	132	56
2097	1225	456
224	276	315
1762	3595	184
461	14	385
1158	87	275
55	2730	11
50	776	70
340	2875	452
1469	760	56
2268	3302	70
1498	2796	349
255	985	88
156	109	116
922	414	358
1166	2308	46
797	147	452
1067	539	8
1140	4586	56
431	453	55
109	91	37
232	4069	302
389	569	11
96	532	41
158	4689	97
437	1649	210
1343	4367	70
1198	344	136
347	2251	20
25	2243	467
548	1059	456
1860	75	88
267	1028	10
866	3265	306
132	1692	56
1643	3134	42
1186	1045	205
776	399	324
754	784	72
1192	3293	257
374	26	306
1562	4739	9
821	1911	116
966	1053	189
400	3160	70
178	1724	41
1814	618	71
1035	651	332
51	2179	324
91	3426	277
1415	1529	270
239	97	69
1233	4662	55
777	4060	69
1954	3762	306
434	2654	137
191	100	306
1272	1253	284
114	1450	74
434	2850	77
536	0	462
516	872	72
1049	588	88
2158	1435	33
706	384	11
1308	1227	184
59	2470	70
1354	4060	69
404	854	70
1146	3688	88
672	32	31
791	203	70
315	3734	55
413	1984	11
529	1801	33
1027	1858	436
606	5430	234
1788	4	72
2177	655	284
1579	3918	70
1352	1298	306
1727	5281	171
1958	3460	456
338	1419	158
451	147	452
2202	855	148
528	1285	70
652	2751	33
316	3261	88
888	453	55
906	69	112
418	3327	31
291	947	32
1664	1963	53
2252	4766	72
2155	863	259
1995	1099	53
501	333	11
1796	1780	55
288	4470	90
892	914	56
143	220	88
91	760	56
866	2573	302
1186	4302	56
1608	1682	9
1354	203	70
1759	848	347
916	497	189
2099	615	270
613	4594	231
1428	5478	405
269	4589	81
676	1174	414
524	4848	11
429	2916	258
86	1580	208
84	914	56
611	3553	31
1898	4480	383
1304	446	180
899	2038	90
892	206	315
1961	987	136
1567	524	70
425	3438	284
2078	267	54
439	3709	337
503	180	452
1815	3021	41
530	1045	205
330	5569	102
389	3408	11
154	1847	43
1643	3467	71
520	560	106
823	1217	184
565	869	42
1221	841	56
713	4388	56
5	71	70
1220	1667	324
1579	5231	425
1234	4398	103
175	113	71
1131	2244	56
1962	1984	11
1208	4427	245
1847	3426	277
1139	3209	109
1010	175	103
696	3426	277
1420	210	360
886	2665	225
113	2370	72
672	1	74
705	158	456
216	26	306
1172	4784	88
1086	4327	284
969	5110	88
129	2691	149
656	135	72
1515	1695	88
789	1537	284
243	4594	231
1298	204	69
450	982	56
734	298	363
2216	2530	88
909	766	77
725	604	136
2056	3832	370
51	1342	317
127	2470	70
1228	251	362
323	83	189
354	790	70
1588	84	88
552	5425	258
924	91	37
722	163	110
262	1056	245
535	453	55
1586	3700	327
1170	776	70
709	1022	97
316	210	360
1292	138	403
3	1338	136
429	3214	144
944	5251	31
930	288	55
786	497	189
1243	1599	332
413	3622	11
1185	1253	284
845	1382	363
401	2067	106
1831	475	56
579	5454	11
440	3426	277
548	4155	245
1958	14	385
698	1310	88
616	593	111
503	4883	275
37	171	11
740	4572	406
55	2733	88
104	1102	91
834	4690	462
1227	3691	277
1580	335	32
858	2360	103
1134	914	56
1092	4637	347
1329	654	88
1417	2419	403
536	3426	277
1562	3553	31
1819	215	275
1572	97	69
1311	326	42
873	2920	184
1025	3503	70
65	567	332
1110	78	352
93	4623	112
659	84	88
809	4197	277
1023	243	70
1180	1100	238
1689	2171	404
1484	4172	56
334	3289	403
1802	1850	40
211	894	37
1102	12	466
1137	16	42
171	1939	9
1226	3733	108
239	176	11
1660	2455	23
626	1835	72
1407	4767	346
375	3003	416
944	5527	81
472	210	360
880	589	88
459	4458	72
983	3426	277
752	174	103
287	2586	23
50	439	9
1671	3686	186
706	5542	380
442	567	332
1021	688	55
2085	987	136
1644	1518	70
1201	5254	189
57	26	306
552	271	55
383	2595	53
673	4249	306
1364	987	136
1451	1	74
331	468	294
678	2336	472
1010	4460	363
837	3200	71
1142	763	142
1235	752	55
571	1794	70
592	2455	23
264	3158	289
1798	1681	205
906	288	55
482	4041	70
1909	4558	69
84	3957	32
731	4252	39
1854	2302	452
930	2143	257
194	358	55
1907	832	306
364	1276	43
1131	4027	37
1415	2980	209
1021	3772	88
465	28	11
1463	1109	347
1186	492	14
1420	179	77
1044	1938	11
1810	252	88
1043	4426	405
1520	618	71
1922	4189	183
1583	1676	385
2168	204	69
969	4928	56
1	624	88
113	553	56
1780	3709	337
1182	399	324
954	3040	102
1311	446	180
1065	500	43
1486	75	88
1418	1545	415
774	4199	346
1039	524	70
1516	392	70
279	476	88
622	3035	332
766	492	14
2275	1421	55
1227	1539	88
650	1020	340
1623	3138	284
443	5094	362
453	763	142
884	0	462
525	100	306
1215	3700	327
1341	161	37
1491	1743	315
724	1341	88
1797	2567	31
30	320	189
1132	2078	42
823	4527	212
1413	1374	43
138	737	452
510	1793	418
207	773	31
818	1943	11
997	2000	88
1595	28	11
862	3693	72
551	2540	332
537	2647	470
1876	1226	317
1732	4895	129
57	438	284
1161	4722	277
988	1844	136
107	1975	56
2084	1450	74
1046	1464	69
1894	4365	270
1579	2059	8
650	1054	88
1316	1284	2
692	4459	332
730	161	37
1082	4374	452
63	3509	236
458	5566	302
565	2357	426
830	708	136
430	1957	88
229	1336	86
653	1296	71
1092	471	99
1154	330	55
1146	2800	9
1281	4597	205
850	1045	205
65	675	117
303	1056	245
960	1947	55
2114	244	94
1018	656	184
1919	1821	463
366	2469	88
123	3598	87
1034	481	69
392	97	69
647	1820	42
467	4050	171
1511	2000	88
256	1263	71
285	535	41
378	607	42
418	3369	42
789	5422	70
1244	3318	205
986	28	11
1173	695	369
2044	3240	270
952	213	332
2031	4370	9
1576	4640	299
348	1246	56
357	1510	194
2255	1056	245
144	3509	236
1409	4310	71
1049	894	37
1410	567	332
813	399	324
988	161	37
966	1553	33
451	2957	369
2249	5423	212
1	5512	136
619	28	11
1463	480	189
662	87	275
2219	1930	443
765	2784	204
1166	4232	46
776	24	78
218	776	70
1118	859	171
1537	2316	46
1633	239	42
104	201	55
1057	4152	205
2077	850	83
1215	5347	238
674	5581	92
2032	2968	54
493	4996	56
485	2286	70
1810	752	55
793	163	110
496	1989	212
644	1045	205
598	244	94
300	1156	9
1474	3344	270
263	2048	55
1418	1991	133
2111	758	332
1174	304	158
37	1916	88
1294	1330	456
430	411	199
150	3607	106
285	361	70
185	3324	300
1764	3185	141
1154	100	306
1441	4943	201
1653	412	385
338	1315	109
276	412	385
1813	14	385
904	747	43
1143	5187	72
1376	142	315
344	835	311
1116	466	106
1376	1234	88
436	1169	55
1016	1268	42
1527	97	69
50	3447	43
1298	1325	107
1509	1908	41
1220	97	69
688	1982	306
1035	4330	12
99	914	56
114	75	88
368	667	174
911	2295	11
1830	2022	179
185	2229	24
1043	760	56
380	5573	231
324	1426	42
286	57	146
845	3059	56
1139	297	70
772	330	55
399	3056	88
1600	4956	88
1094	313	118
887	75	88
2154	2983	304
348	771	88
885	613	112
845	755	56
2197	297	70
1010	4571	31
1580	2820	72
507	254	284
1349	4704	171
395	54	55
192	873	72
959	1342	317
1243	3087	403
1207	1251	43
93	500	43
1008	3616	70
154	1679	411
109	280	72
1095	5419	404
74	135	72
17	1212	142
2103	4843	56
174	173	53
22	79	32
435	1045	205
526	2434	27
698	4280	88
232	864	302
595	4551	103
485	491	11
955	890	136
1089	727	112
1349	131	144
1136	4921	332
1023	1635	336
189	1045	205
1002	747	43
1455	453	55
395	481	69
1301	2237	65
936	1212	142
1491	2112	259
1965	1182	205
860	220	88
81	780	452
514	4002	8
1109	2995	443
883	135	72
1158	4843	56
96	655	284
96	75	88
1153	982	56
1175	322	88
1902	2076	464
1060	26	306
833	158	456
1098	954	30
774	1489	267
1671	69	112
107	156	70
171	1083	9
782	3267	90
1843	378	208
437	121	32
1220	556	324
187	1759	11
514	2803	11
842	4165	171
885	1911	116
515	173	53
1911	1841	69
1698	627	173
909	36	137
2193	776	70
707	517	362
437	2853	77
583	5140	70
61	143	71
1249	3704	56
1479	4306	415
1222	747	43
512	634	270
282	87	275
1273	982	56
1453	1352	70
171	2195	9
82	5089	56
1498	1248	71
684	3278	41
1543	3472	82
1789	71	70
748	1257	72
224	1626	231
64	1210	93
343	883	56
598	500	43
158	1063	72
815	447	332
435	1044	56
1381	2563	181
436	504	56
2065	120	88
1052	914	56
126	2480	90
1502	4724	456
154	3426	277
1394	334	136
1250	2832	88
1968	288	55
1860	1545	415
708	3116	171
304	791	230
1055	658	302
1562	1978	88
562	1380	28
960	2612	205
232	4018	88
451	271	55
697	2130	97
130	1019	404
856	215	275
175	435	302
1767	269	106
102	569	11
1154	4450	88
1383	4767	346
303	1375	462
253	84	88
1935	2373	420
1831	1663	55
290	1325	107
1362	2181	78
96	3068	284
899	1209	306
741	28	11
1254	3783	363
791	1583	87
617	518	70
742	832	306
246	3393	53
1063	137	78
37	168	53
15	74	88
899	1549	42
85	3461	39
382	30	32
398	28	11
246	1998	11
968	484	71
392	655	284
269	4881	103
33	468	294
296	4033	284
765	3310	46
2043	486	106
1795	75	88
935	3656	200
1860	1745	77
1306	276	315
1061	3894	104
968	3025	408
91	511	298
1129	465	54
1565	4810	420
1021	2395	40
244	3112	71
203	4303	134
1453	4694	49
1467	4110	404
332	786	200
729	135	72
564	3389	11
1968	2174	250
1268	482	71
480	1722	70
1891	75	88
1546	620	11
1058	5403	306
2273	1003	302
207	26	306
1059	399	324
96	982	56
1448	658	302
1065	820	70
1621	251	362
1201	0	462
1163	71	70
1312	2646	275
979	900	41
1130	75	88
2219	2136	175
436	152	70
316	69	112
1922	832	306
1376	1367	284
632	5139	385
278	979	112
359	654	88
1323	1967	317
821	2799	284
1467	3775	411
1564	2271	42
1172	87	275
373	2500	205
2252	3426	277
999	278	456
995	399	324
2100	3646	205
1249	2388	32
2182	4718	101
1454	511	298
165	2830	55
349	1715	165
1406	2062	41
334	4418	43
1054	1226	317
1865	481	69
1786	1120	69
1244	562	43
542	2695	291
132	635	106
1226	2444	88
1420	517	362
705	2094	162
2003	360	332
114	637	64
1409	71	70
777	3348	42
1614	3426	277
313	1612	212
698	928	54
1311	1059	456
435	2192	77
772	4789	362
1527	801	106
1145	100	306
1873	4843	56
850	357	278
1295	3087	403
566	1814	33
139	2045	55
422	75	88
1361	2712	69
51	1412	43
1371	71	70
823	3652	103
954	69	112
416	2011	56
748	1901	332
954	796	38
1277	1940	285
368	26	306
1139	4842	42
5	422	284
1375	545	88
807	1063	72
1428	3126	56
647	1241	413
996	4141	88
1442	113	71
1741	75	88
409	2085	54
451	483	205
332	115	41
1234	1233	106
507	81	33
1390	435	302
1443	565	20
1648	3635	71
206	2308	46
866	435	302
887	537	171
1426	1572	11
285	1311	457
1647	2170	41
1411	1630	70
2043	424	56
450	1062	456
1458	3419	24
1173	2026	438
1858	1950	299
84	727	112
1004	3500	88
1795	587	69
1315	233	81
173	1079	95
1585	4898	56
1177	3896	55
1170	3673	46
367	1095	395
629	4833	91
1902	635	106
806	2559	88
1955	151	69
1343	2606	11
192	96	70
1049	3342	70
508	3183	0
45	233	81
1179	750	294
609	5069	283
1985	228	42
1216	954	30
1413	135	72
2194	1507	315
2228	1543	32
1244	0	462
160	2583	70
997	161	37
200	103	85
1102	1901	332
1436	2533	333
98	1009	70
793	1217	184
375	3084	70
511	437	70
215	1078	42
875	1045	205
1485	2455	23
644	2363	236
1043	747	43
1310	662	69
414	0	462
110	4929	103
705	339	55
496	2494	61
228	26	306
1306	97	69
349	2505	456
1628	4197	277
592	3708	55
670	2810	205
1317	4681	277
880	876	72
224	1913	231
417	294	340
954	1045	205
387	1936	306
1432	1419	158
1034	24	78
105	887	70
195	2195	9
2243	796	38
1869	716	235
1155	618	71
2217	4695	404
285	4320	332
37	161	37
1310	69	112
2313	26	306
980	4237	277
125	2489	113
669	3050	41
285	914	56
935	81	33
1182	3902	335
2143	484	71
956	81	33
246	1011	71
950	378	208
1097	603	54
100	834	71
315	399	324
465	2341	413
1582	654	88
789	2980	209
1816	457	73
1865	1711	70
115	1996	70
332	2466	149
363	5033	88
1043	4090	23
2240	3768	41
1329	4401	88
411	1829	55
1404	4564	281
1008	411	199
1614	2763	88
139	1387	9
37	1282	4
974	2712	69
303	91	37
1800	658	302
1051	1915	205
1515	484	71
1952	2124	354
1453	437	70
1454	417	306
105	620	11
1585	4716	199
658	1435	33
91	414	358
2083	3453	11
913	135	72
989	1009	70
599	137	78
1215	2494	61
59	4136	31
887	776	70
268	944	164
257	769	312
1135	1502	71
1584	3590	87
0	342	32
1847	2525	88
138	2048	55
1676	2646	275
431	4893	65
1056	3161	285
369	587	69
552	2193	43
787	399	324
1366	255	284
459	1868	88
2110	542	171
1315	878	56
1606	5381	184
459	3312	86
1017	3989	302
514	3956	298
399	1706	85
1776	3535	32
655	659	283
392	4832	72
1226	2645	354
735	1725	90
952	67	70
307	1102	91
281	4398	103
96	531	72
1409	1520	88
39	75	88
269	2606	11
246	161	37
902	839	385
194	1036	23
1673	1212	142
1585	3082	231
1054	2360	103
1118	5491	46
2284	786	200
1350	1053	189
70	2558	90
1859	2663	71
536	5196	33
1180	760	56
354	816	225
1085	830	116
0	937	337
283	3009	85
994	839	385
2003	3426	277
297	3223	208
376	1124	71
395	1671	71
2184	2627	56
1968	806	107
1327	593	111
1463	535	41
988	4585	11
30	1739	290
960	3071	415
192	1306	438
386	179	77
655	1162	117
91	3015	111
806	62	70
302	3091	291
1359	2553	291
891	5485	31
172	4775	284
946	5399	88
1590	84	88
1082	2396	208
309	188	201
2050	3540	184
669	3415	433
388	3222	204
772	3989	302
603	2573	302
486	819	39
1466	627	173
1322	861	284
1644	1715	165
1329	2652	88
723	1686	71
1849	2181	78
162	3426	277
746	1686	71
1207	2272	42
815	1660	138
1229	5478	405
564	4919	456
1236	632	270
1299	5036	302
1877	191	56
1375	3635	71
420	3989	302
87	465	54
1959	67	70
1510	5448	42
1428	815	11
828	491	11
1437	4893	65
179	1154	43
845	567	332
1448	1227	184
1198	325	136
1327	781	43
1091	709	88
537	704	383
531	245	54
1004	590	88
144	2606	11
420	669	77
1398	776	70
710	2194	9
564	3390	273
1450	399	324
1034	2402	83
1522	846	290
1127	1276	43
1275	111	383
359	1248	71
2222	100	306
1653	4724	456
539	2828	86
474	2925	11
488	2735	43
813	2698	88
1616	1317	290
356	4265	74
46	4717	256
698	4965	112
1960	3052	41
1213	1	74
597	866	72
1109	4451	92
2134	3649	205
1102	158	456
532	4800	11
1393	2887	70
1129	236	70
502	4639	93
1841	5340	55
1885	3084	70
2020	1431	306
693	135	72
989	4996	56
1310	760	56
1973	2955	70
936	647	43
40	99	88
69	4381	96
547	2526	315
1101	3214	144
2093	1630	70
634	4358	284
762	4945	56
334	75	88
1257	5194	467
876	1199	70
1361	3710	271
1243	2110	284
154	206	315
587	4843	56
352	928	54
753	658	302
59	1424	29
793	26	306
1564	2285	33
536	3900	97
269	1272	106
938	1211	177
1662	849	387
1035	62	70
1052	2624	363
33	26	306
1126	4813	410
1121	776	70
253	4558	69
1412	4592	332
1294	5226	273
1367	780	452
1211	24	78
1025	4609	55
1406	323	37
316	3262	87
1968	3574	11
1246	446	180
1454	700	71
1348	1674	324
1621	138	403
437	377	208
482	3567	277
1404	1395	425
1310	2313	72
1095	838	56
679	2675	33
524	1578	11
1015	276	315
224	1183	55
608	180	452
62	1431	306
978	143	71
1840	5224	275
865	2	11
1274	816	225
628	2862	11
1752	0	462
2269	1309	465
1161	1144	94
488	651	332
14	572	46
1148	2360	103
1646	911	180
988	4910	102
1362	3537	452
122	5281	171
150	417	306
2112	399	324
1252	4652	382
1480	288	55
1231	1248	71
1025	3737	119
1962	4982	257
90	70	71
818	3567	277
366	3373	55
1190	2532	367
875	399	324
1199	2100	102
430	3446	331
1409	2122	70
1153	2741	71
31	144	55
359	732	212
140	2056	52
641	1045	205
93	321	189
692	2086	96
1522	5	159
1966	2533	333
906	94	55
1409	892	70
1067	3152	69
794	4824	93
1084	1814	33
1057	326	42
1476	251	362
973	857	11
618	5148	293
270	1770	55
818	4078	257
679	3081	403
826	3799	88
153	766	77
48	753	41
516	5436	324
329	1186	70
328	1213	364
75	415	70
907	204	69
1533	3813	425
2240	2723	70
1797	1937	23
1512	276	315
483	4564	281
1220	2587	23
574	81	33
741	3659	136
109	3021	41
1530	277	353
1750	2141	257
1666	1179	270
318	1902	54
1798	185	136
395	4603	82
137	2045	55
160	1768	47
167	1868	88
919	4822	43
698	4353	31
1560	2560	205
646	1409	11
1691	450	88
1720	73	423
1341	3795	457
347	1487	138
721	1074	11
1483	1436	171
51	258	306
1227	3039	41
713	500	43
1826	5015	462
154	3268	90
682	4039	22
875	2606	11
2185	484	71
1281	1647	238
342	3149	88
1092	3420	24
57	1092	55
276	4473	290
107	3971	71
1173	1298	306
667	575	62
422	1213	364
1614	2839	284
245	4809	209
1023	2244	56
615	2954	369
314	4663	456
1139	4894	6
1102	1439	70
507	1650	88
710	3960	259
28	113	71
1261	300	55
453	628	274
472	4603	82
657	1630	70
1507	2344	56
1323	199	108
1286	1317	290
1423	1045	205
614	3015	111
1551	3935	70
488	67	70
1655	1	74
1148	715	154
1752	1711	70
396	1518	70
1016	204	69
699	0	462
1049	215	275
742	5498	306
522	3246	413
1379	514	40
1970	1152	198
488	4094	468
686	3858	55
1817	1474	56
572	1581	72
413	2455	23
1643	4402	70
845	55	381
340	320	189
1073	96	70
659	297	70
443	2876	56
376	2857	70
1137	4431	96
988	36	137
2148	2455	23
954	2104	184
612	2710	31
1659	317	233
225	2125	245
1484	212	189
1234	317	233
27	2438	176
1222	288	55
786	1225	456
348	5563	205
1632	228	42
1549	2498	186
1861	2614	365
2013	1538	70
984	760	56
1186	87	275
1142	457	73
581	2689	11
49	0	462
853	1063	72
155	2710	31
182	1045	205
1243	14	385
346	1950	299
353	966	90
973	3485	381
1406	161	37
275	1285	70
2199	3415	433
2022	835	311
954	781	43
2087	1180	391
114	152	70
1842	266	88
1428	1036	23
211	1127	72
954	4498	44
325	1544	245
598	732	212
718	2047	216
624	710	88
1352	318	56
742	2126	70
174	521	41
1619	4522	43
688	24	78
833	615	270
150	1910	53
45	210	360
677	1193	115
1868	646	302
1575	5267	277
2320	104	5
102	2821	348
1215	3857	126
2214	4617	349
1210	144	55
543	894	37
173	28	11
1010	760	56
818	2700	136
814	1	74
1145	798	88
1671	288	55
387	326	42
316	1385	32
1660	1657	147
1609	2731	374
587	439	9
1193	735	385
516	3036	284
49	1142	294
1600	204	69
399	2659	106
1264	452	88
1550	1016	374
1323	4876	43
185	935	112
1394	340	136
1234	760	56
533	3281	363
2081	1045	205
154	3089	88
730	346	39
1576	4043	69
741	4371	403
1989	113	71
2064	1291	3
1861	2536	374
278	97	69
2184	2055	452
1576	5147	372
409	254	284
1065	69	112
1820	2925	11
194	1171	24
684	3127	467
765	4106	70
1301	911	180
993	894	37
748	67	70
1875	4884	355
1110	4505	23
1008	100	306
667	484	71
1686	372	302
1224	3426	277
1276	395	184
1948	3419	24
1922	517	362
2313	2140	302
323	916	164
444	123	104
1083	227	71
1217	1084	56
1752	635	106
129	701	55
1115	1675	72
1527	1178	62
1889	2733	88
1562	4460	363
1699	4173	403
1864	1582	72
1712	138	403
1176	3989	302
1531	576	104
879	1196	88
1189	696	56
1566	1450	74
24	4370	9
318	697	332
1434	1967	317
547	3426	277
1052	5219	70
179	322	88
625	5300	56
1123	4454	88
197	26	306
186	1614	37
1676	2360	103
110	2440	137
1129	1641	72
522	2424	368
1221	100	306
2205	1233	106
1139	1897	42
617	96	70
1158	848	347
1168	1883	103
1057	4963	56
1055	60	128
1212	1255	302
309	3063	284
224	1104	56
1677	24	78
1058	210	360
561	806	107
776	460	24
1442	5509	72
628	173	53
1907	2682	472
982	4301	364
887	1220	337
808	5203	72
1196	3045	158
1043	2878	97
2208	1248	71
186	3426	277
1226	113	71
2091	4981	315
1390	658	302
387	297	70
160	439	9
2144	147	452
2263	136	134
28	2639	56
1676	1152	198
1038	2553	291
1857	1090	72
798	2496	65
1295	958	43
1718	251	362
930	4361	138
1372	1666	77
368	1955	208
196	445	55
264	3322	42
893	4380	23
806	993	42
483	3426	277
1335	2266	88
1660	5138	302
134	2034	231
307	106	314
1180	1093	72
63	98	69
1443	4050	171
680	4028	43
688	3364	96
300	1962	70
278	1817	56
1585	284	306
1373	469	34
643	1686	71
864	182	114
1258	3809	271
426	4848	11
1193	204	69
614	3473	231
1402	4033	284
667	1072	433
282	1670	205
2301	2285	33
372	686	8
553	3534	70
840	604	136
861	97	69
1311	395	184
906	3691	277
124	1550	71
291	914	56
1646	100	306
115	2507	70
1560	3509	236
1322	4960	363
2095	1248	71
66	288	55
752	3909	56
506	1758	441
653	1541	111
619	26	306
1752	3	70
1576	4605	315
1309	364	456
236	296	72
500	2091	306
295	914	56
670	1225	456
873	488	71
1352	1674	324
876	313	118
92	210	360
1759	1913	231
332	4003	33
1139	3860	112
1246	896	136
1520	1675	72
72	28	11
1008	3108	74
66	2748	184
518	349	136
618	4838	70
293	35	43
733	3262	87
2296	26	306
1334	3689	467
2083	4724	456
2071	654	88
936	28	11
997	2640	41
1381	743	360
2085	656	184
2084	179	77
885	122	138
1739	1163	207
1889	1649	210
100	484	71
927	489	158
1186	2893	41
158	2259	250
1791	4462	480
1592	2511	296
1286	731	270
482	4759	277
475	97	69
1562	4439	88
780	1369	72
1693	438	284
13	3213	72
1215	5415	464
215	3711	374
898	3471	32
372	2423	234
1420	3426	277
118	100	306
976	973	91
1483	1937	23
598	2453	189
524	4675	405
989	213	332
1383	2563	181
806	2000	88
513	3197	22
1459	4017	103
683	456	86
845	565	20
1070	31	55
318	2446	40
1857	3893	104
763	3073	72
1094	454	106
257	5593	337
1015	589	88
865	3297	349
830	1248	71
255	4410	302
2061	635	106
405	1799	55
477	2611	205
412	34	55
154	2109	70
114	4895	129
564	2816	56
91	3241	201
906	26	306
603	5085	320
769	360	332
497	81	33
1103	220	88
752	2803	11
997	2045	55
106	1660	138
390	100	306
745	2943	46
603	3072	72
240	737	452
2086	75	88
1458	2799	284
967	419	189
419	1233	106
839	447	332
1175	454	106
1186	928	54
1257	4461	184
408	3852	70
1976	288	55
1506	5532	330
1218	450	88
491	4398	103
1211	922	11
1056	370	72
1114	1232	56
542	605	8
524	4661	200
495	1191	91
1286	469	34
1308	398	212
745	446	180
60	1274	141
451	517	362
63	3816	18
706	3652	103
86	1104	56
1096	161	37
894	3228	91
646	3881	303
1234	4546	205
614	254	284
1763	1707	67
630	658	302
1286	813	445
667	1173	144
972	3689	467
1008	620	11
566	2513	9
748	28	11
469	4310	71
1205	3915	82
1491	294	340
150	1655	249
2104	3324	300
2280	791	230
1707	3175	467
1396	1276	43
1234	1816	71
1876	138	403
1980	1248	71
1382	3426	277
1542	5155	71
2274	4259	91
1206	686	8
50	1135	302
1416	28	11
93	585	11
1033	1962	70
552	3357	11
628	1605	70
216	4414	30
180	632	270
625	4410	302
1471	4304	189
647	239	42
730	4960	363
1672	276	315
1878	3180	332
298	1864	31
1924	1818	358
767	244	94
2210	1742	69
1905	2300	56
1021	2568	11
1910	2156	409
249	271	55
917	1163	207
2197	714	31
44	620	11
1085	2076	464
1613	35	43
1802	204	69
376	323	37
841	28	11
516	4377	171
359	1525	136
1864	37	142
50	1806	76
1234	75	88
1841	620	11
1890	692	435
211	565	20
1050	1556	71
1672	70	71
478	117	43
495	2419	403
508	2310	55
7	492	14
510	1200	71
1939	447	332
752	48	41
425	2119	42
74	91	37
1428	2941	403
1439	5284	183
287	1276	43
1404	4485	339
735	4163	70
804	399	324
1378	1546	184
1697	3398	425
150	161	37
1524	3197	22
579	719	53
58	548	88
784	485	106
1562	2059	8
389	215	275
1008	859	171
1515	1801	33
2009	1182	205
1644	113	71
380	310	124
1268	4479	42
211	188	201
467	702	119
1466	1277	143
655	312	420
649	5362	112
1499	255	284
1540	5094	362
1197	2602	171
1217	4074	198
1036	3196	275
232	3248	336
1153	3503	70
501	135	72
105	577	9
936	1257	72
359	228	42
508	150	330
2229	3825	284
1950	1330	456
1244	2166	56
285	5326	456
41	193	332
193	2513	9
1962	3376	100
1466	4781	22
361	2507	70
1645	3253	70
1301	5283	83
1418	3929	142
1050	987	136
24	5203	72
239	1339	71
112	2069	56
1310	4710	69
1466	116	306
162	1142	294
65	328	55
158	3239	37
351	1681	205
165	4355	72
1095	4255	42
789	93	275
1578	4897	277
81	210	360
2210	84	88
1161	3265	306
790	96	70
1264	115	41
813	4367	70
1002	5211	56
695	166	40
716	3331	8
1352	1266	102
899	1385	32
364	2961	149
1409	1963	53
562	1373	362
1394	3471	32
2139	94	55
1343	5188	51
300	366	11
1371	51	306
12	1686	71
291	3454	70
1559	3613	88
839	2816	56
482	358	55
1096	390	88
898	93	275
1215	158	456
1582	1396	114
1231	2538	410
416	2541	119
1886	5119	46
2202	1711	70
570	2894	443
854	780	452
409	3503	70
1212	3234	164
1146	195	88
9	215	275
1424	760	56
1116	1718	11
557	5	159
894	737	452
1226	379	69
1863	1308	456
153	137	78
35	919	191
847	2439	396
2201	732	212
2050	887	70
1384	75	88
1861	3665	275
1181	1743	315
392	3822	363
1862	2829	56
1231	1045	205
970	175	103
26	26	306
2195	2068	56
1965	191	56
548	686	8
1291	3579	205
520	113	71
387	469	34
472	5163	104
606	1460	4
376	1248	71
2216	67	70
1196	439	9
450	2958	88
1562	4656	43
1406	2228	369
96	863	259
484	2282	151
181	510	306
512	3688	88
1158	1499	55
1247	4993	70
1668	2923	103
1450	646	302
1233	3672	302
2292	618	71
743	298	363
1173	2584	245
549	1066	88
1434	4759	277
1244	952	69
986	1062	456
1540	763	142
1743	533	42
1476	438	284
1135	173	53
1895	100	306
945	3365	259
402	71	70
1232	2251	20
1522	1596	302
1764	839	385
606	1425	56
1767	1114	120
24	2381	11
171	769	312
1497	492	14
660	5406	70
906	3932	112
2119	1663	55
655	1450	74
1008	4658	275
1648	2275	358
1039	2000	88
1394	855	148
1155	288	55
482	2485	452
1834	3033	456
342	556	324
1116	138	403
870	135	72
601	1451	77
1150	488	71
1291	0	462
24	1722	70
1016	312	420
1063	2093	70
1135	489	158
1486	2646	275
411	1090	72
553	233	81
642	3972	284
1853	961	88
1260	1296	71
392	2322	74
256	1771	212
629	2514	284
2098	3366	234
562	0	462
1138	150	330
1946	2531	88
88	1356	77
2026	3763	109
647	2253	467
1280	84	88
2005	1755	71
869	632	270
1404	98	69
552	179	77
23	258	306
357	1543	32
849	3291	206
259	5047	70
1286	4489	103
1562	642	363
1209	2073	9
369	4079	70
1577	3339	317
181	4131	145
1215	4444	464
547	2575	144
914	4016	104
1139	1361	72
373	399	324
769	780	452
1394	389	162
1066	1821	463
596	1466	42
1643	840	39
1647	2930	53
180	484	71
1575	3814	71
1215	135	72
752	658	302
2222	321	189
525	4040	57
818	4132	343
1020	532	41
50	214	72
2255	654	88
643	0	462
769	5260	464
938	4143	70
1139	3791	24
988	560	106
1207	4162	74
375	816	225
1767	31	55
564	28	11
96	64	172
1513	1720	421
947	1	74
1206	2751	33
687	438	284
927	277	353
1244	1330	456
384	113	71
1358	6	77
479	1816	71
90	490	237
135	359	56
1214	709	88
1140	1319	294
77	825	42
1049	1276	43
1225	4017	103
1854	2768	56
353	4806	315
1125	1619	306
1115	2244	56
45	354	71
604	2599	30
380	5344	408
2274	1780	55
185	372	302
829	2332	344
1230	2128	88
884	3426	277
1007	3645	71
1648	4860	104
1081	779	456
330	2384	71
20	63	361
47	574	62
2	700	71
589	609	172
1471	839	385
1795	3239	37
34	264	114
53	271	55
1353	163	110
1102	1179	270
1417	1626	231
667	1466	42
860	1907	69
1074	786	200
1124	841	56
1689	4237	277
168	928	54
797	100	306
487	560	106
269	1084	56
646	3063	284
1564	5047	70
30	1250	11
94	1088	42
1383	3780	411
512	70	71
40	910	179
158	1707	67
384	1178	62
1007	2251	20
1950	4596	472
1159	1006	284
195	2198	5
1394	2295	11
830	3053	23
340	1653	353
1066	135	72
2100	3871	30
711	914	56
880	784	72
1454	471	99
94	4628	64
664	1017	374
688	3153	40
2171	2647	470
43	285	317
176	654	88
2106	446	180
730	4375	103
2247	3537	452
1962	2344	56
786	2262	85
1007	3760	188
2133	84	88
1805	1276	43
1100	3426	277
1412	4378	42
495	2055	452
244	3512	55
1124	2614	365
870	1985	5
1546	1796	49
1465	284	306
1636	1961	63
114	1990	85
690	8	474
365	317	233
17	1698	77
1087	1045	205
1521	138	403
446	548	88
1209	354	71
1104	756	403
935	5330	37
808	1284	2
1052	2144	283
1359	2990	70
702	321	189
1499	0	462
168	3518	39
413	1675	72
272	3001	315
1291	1670	205
171	0	462
1098	2252	442
1153	1422	71
855	3149	88
153	59	199
1038	890	136
914	576	104
482	330	55
80	442	66
998	4306	415
548	1893	240
540	905	369
947	1312	55
1471	2387	72
723	5105	96
1001	378	208
1511	4060	69
1297	469	34
1158	3159	205
405	1814	33
1183	3893	104
278	1297	306
598	2697	135
204	692	435
1291	632	270
667	1911	116
1846	148	70
1458	2755	284
1189	5040	69
160	915	106
449	3838	277
752	3002	55
1010	288	55
359	400	158
779	627	173
485	225	55
239	3505	32
1359	161	37
379	301	70
399	3999	70
459	120	88
1466	786	200
1544	567	332
465	152	70
569	254	284
491	642	363
643	4519	32
67	2048	55
512	2008	94
1020	360	332
1424	1701	77
633	3424	55
1372	3769	104
1357	2923	103
2195	801	106
646	366	11
186	1599	332
955	24	78
1618	1679	411
1351	210	360
1956	4367	70
109	4689	97
1321	271	55
1325	379	69
721	1463	88
2175	453	55
670	5	159
1225	1321	54
1244	776	70
395	255	284
1042	399	324
1227	632	270
1965	1022	97
845	2647	470
1049	139	252
103	1961	63
544	4197	277
92	3168	259
1334	3176	455
1849	392	70
1663	3537	452
1428	817	405
114	639	11
1661	398	212
778	2670	219
1443	1225	456
935	554	70
1016	379	69
1278	4912	456
488	1722	70
1391	4461	184
1228	4678	257
51	204	69
1447	1941	201
813	443	71
0	919	191
358	2516	56
1053	1072	433
2278	488	71
682	333	11
413	1470	72
1459	585	11
232	1829	55
406	3112	71
288	3154	71
1394	5524	9
627	806	107
1886	575	62
568	284	306
391	3077	50
3	3920	56
59	182	114
1845	753	41
1804	75	88
454	4484	120
1180	363	275
1051	3159	205
391	775	194
723	4682	82
245	1183	55
372	760	56
194	987	136
1239	4326	277
375	2960	369
1232	4538	427
1737	766	77
1753	87	275
182	914	56
262	395	184
991	4398	103
1449	2455	23
1752	2770	31
185	3067	112
343	92	72
1003	841	56
1231	1330	456
605	1093	72
1387	1605	70
232	1135	302
99	34	55
811	3558	203
789	5088	284
902	1330	456
610	98	69
221	3198	30
369	4508	56
679	28	11
1463	3426	277
1234	2811	269
582	1114	120
369	522	56
885	97	69
1491	284	306
2194	4990	452
340	554	70
921	3061	11
2219	144	55
2164	1605	70
1714	1045	205
1335	773	31
1511	475	56
361	204	69
1054	2543	189
2199	4157	295
1153	24	78
1023	3062	56
272	4928	56
2139	2218	151
906	220	88
278	2430	96
318	36	137
647	5275	472
1187	115	41
2208	295	381
1642	4380	23
640	357	278
577	1435	33
380	1040	369
1515	1814	33
1299	1145	32
1395	5109	191
1130	100	306
715	26	306
1387	228	42
1281	1070	11
903	500	43
305	1220	337
2060	1115	54
491	914	56
1244	1350	56
160	1696	54
1454	3589	72
1546	4765	351
569	482	71
798	1176	88
1797	26	306
840	399	324
1796	1421	55
496	3778	411
1744	2877	284
752	1183	55
1136	348	89
92	692	435
1180	326	42
946	372	302
316	1410	31
45	1289	42
354	776	70
614	658	302
1644	2280	69
1273	0	462
1795	100	306
1357	3759	163
700	1638	171
1583	4404	208
1096	392	70
405	2676	42
448	399	324
134	1815	96
653	2647	470
194	3053	23
1049	5431	312
96	5081	4
1244	1920	424
1222	2036	332
625	4483	69
1776	250	70
1520	3033	456
1031	67	70
1626	97	69
269	311	41
909	2668	25
1308	4530	69
233	1682	9
1169	898	78
2093	2143	257
155	1975	56
1427	3854	171
2149	3821	413
1293	2603	472
1154	4031	233
306	2129	106
1405	14	385
612	3621	41
871	1090	72
236	1145	32
1203	1028	10
988	482	71
1091	3067	112
1132	514	40
150	1154	43
1910	1093	72
1747	0	462
216	2122	70
1007	215	275
850	567	332
679	1939	9
718	632	270
769	3745	374
1364	618	71
945	646	302
1405	4398	103
2111	3974	374
512	1357	88
200	675	117
1310	1273	166
1372	144	55
1134	484	71
1472	179	77
2193	84	88
1827	87	275
1419	75	88
674	2894	443
1621	766	77
168	236	70
113	1623	56
1353	201	55
1530	3162	232
1063	117	43
625	4648	31
279	1182	205
951	1681	205
603	2514	284
1623	1252	72
862	73	423
1745	2999	31
297	3222	204
146	3205	480
1179	271	55
667	2054	441
565	4936	70
179	2779	55
728	113	71
413	4695	404
1833	1998	11
687	190	43
1182	535	41
297	696	56
1735	276	315
375	2827	11
1194	1188	376
407	204	69
435	2957	369
1023	359	56
135	3305	106
1845	3426	277
241	522	56
1853	1871	71
869	2318	63
1299	642	363
1382	2395	40
175	379	69
1019	3577	71
51	1129	86
1585	399	324
542	1252	72
1845	1808	70
160	786	200
2175	341	23
375	2129	106
778	1154	43
945	942	112
369	97	69
477	3847	56
404	47	41
2008	1860	55
426	135	72
2002	157	275
369	3811	181
672	1608	9
559	2856	32
1209	905	369
647	3319	72
109	144	55
1665	3914	103
741	3728	9
2234	1248	71
506	734	452
830	727	112
1074	358	55
598	399	324
1432	2089	373
1645	414	358
1574	2689	11
1277	73	423
2111	3425	313
316	2473	70
1638	1907	69
264	1231	205
229	2281	106
340	834	71
435	333	11
1941	3088	231
1234	137	78
1174	1413	31
2073	1161	112
332	783	56
1197	4740	171
33	760	56
1317	4636	69
1264	1193	115
613	587	69
2213	1154	43
315	1999	302
1546	88	88
458	4349	354
988	1764	106
927	3460	456
1500	4305	42
221	890	136
1122	3137	71
240	1109	347
387	2495	70
1521	295	381
215	4411	55
1132	460	24
364	4317	83
1483	3667	88
2199	5117	332
1745	815	11
153	1094	56
1567	747	43
1829	5035	277
394	28	11
1618	271	55
1301	1475	250
1849	806	107
871	3916	137
364	1559	86
706	1248	71
614	70	71
1362	210	360
705	4397	363
503	2332	344
876	2592	11
1442	5209	116
258	4042	88
451	2102	423
1062	26	306
690	193	332
239	2269	43
705	979	112
77	524	70
1819	0	462
345	3554	32
1622	4765	351
1278	4263	69
2298	2663	71
309	228	42
1407	839	385
628	4998	24
187	469	34
682	5490	39
500	3152	69
2188	395	184
2002	215	275
160	419	189
489	3723	37
560	276	315
332	3151	39
671	1156	9
160	4593	33
568	3556	11
736	941	112
96	1745	77
225	616	40
669	2984	113
818	3426	277
634	96	70
1180	4546	205
309	2700	136
572	341	23
728	2327	106
968	4538	427
1438	5131	31
1136	556	324
26	163	110
1229	743	360
1154	517	362
968	3903	292
1132	581	84
899	1846	55
1803	2043	56
1238	163	110
1097	1538	70
227	330	55
667	26	306
945	1006	284
1189	604	136
257	137	78
2274	521	41
1360	1544	245
1171	500	43
407	492	14
741	3078	41
1045	471	99
597	1777	55
1023	4407	55
2083	4226	88
1313	329	189
944	538	54
59	4986	42
1459	3860	112
1804	320	189
1096	542	171
1462	2849	229
179	1784	317
579	2564	27
158	786	200
1173	3953	452
91	1707	67
1825	438	284
1863	1330	456
1653	446	180
1171	5067	277
725	138	403
672	2227	56
1084	524	70
318	28	11
752	4759	277
646	3212	284
1601	589	88
1580	481	69
445	806	107
206	812	158
1362	399	324
1086	890	136
1063	1102	91
335	2070	257
1313	4067	32
1795	620	11
1038	719	53
1342	71	70
986	135	72
414	113	71
868	446	180
1840	2253	467
376	3728	9
555	2098	42
971	178	48
684	3938	88
1277	135	72
1459	1967	317
1008	2634	56
258	1116	189
1965	173	53
1168	631	270
1535	604	136
586	437	70
1600	75	88
1025	4207	80
326	210	360
124	227	71
408	1142	294
1310	1485	55
847	2126	70
1180	10	275
2111	3508	88
1688	100	306
1158	3291	206
761	3072	72
1361	774	467
515	1796	49
673	5534	43
1780	5393	54
331	455	69
88	213	332
23	1	74
325	3917	5
829	1062	456
1335	2862	11
1228	4216	395
34	381	38
935	1830	39
1259	2395	40
1268	500	43
139	3243	42
408	72	71
361	820	70
416	3552	112
1383	446	180
832	1941	201
955	5149	455
1450	5402	325
1530	3576	56
695	28	11
1607	2255	467
1264	1798	72
156	185	136
461	3	70
678	697	332
26	620	11
1044	567	332
655	1277	143
539	1693	88
2112	3044	40
1261	4553	42
1538	1377	370
525	863	259
255	2546	345
1138	180	452
726	645	41
1541	100	306
376	2845	42
1197	820	70
1249	3815	56
94	526	70
634	38	142
698	4699	167
1068	8	474
598	4642	11
52	262	270
70	2754	302
1055	1090	72
1361	395	184
1059	579	65
855	231	10
830	3352	91
1907	365	475
171	1450	74
411	4435	42
158	5151	24
363	3784	462
313	113	71
762	2527	448
584	535	41
439	210	360
44	3276	98
1144	2844	270
1131	3040	102
465	5212	467
2065	3021	41
20	3426	277
1180	4613	275
1268	481	69
1978	5558	450
1856	776	70
435	3129	96
1533	880	451
275	471	99
412	2419	403
1211	3390	273
2133	905	369
1247	210	360
1360	1331	41
921	699	31
571	2758	407
380	3500	88
935	487	245
1052	251	362
1491	2013	283
1086	655	284
318	3051	11
821	469	34
1689	4703	11
1234	2445	88
1063	857	11
2274	1952	31
1590	4208	41
326	760	56
628	1801	33
135	1787	11
475	246	42
1585	4918	71
1563	4046	277
2193	642	363
845	448	452
1021	248	11
860	1980	70
652	3776	352
1231	70	71
1268	873	72
772	52	362
603	2057	71
46	1692	56
2008	2324	186
612	2729	43
1382	71	70
300	3233	91
1227	315	31
332	658	302
1432	774	467
705	708	136
1066	341	23
434	36	137
821	1255	302
1933	3426	277
187	4138	70
1324	1401	352
113	2360	103
1096	586	86
1534	2503	42
2116	3596	70
361	3932	112
879	3679	71
1148	4171	88
898	2327	106
777	73	423
1454	179	77
1298	2977	208
367	1374	43
1442	4508	56
947	1341	88
37	100	306
1144	4858	88
1849	959	56
405	3837	31
1021	1282	4
988	167	59
1343	3426	277
98	551	56
193	2911	88
130	2328	99
2261	3123	54
431	4060	69
535	97	69
1140	3572	469
850	2253	467
0	983	70
265	627	173
1291	3184	205
564	1226	317
494	1	74
222	2166	56
307	3426	277
1747	1538	70
331	786	200
2109	793	71
1585	815	11
245	2975	377
842	1470	72
772	766	77
817	981	55
1106	67	70
1185	2400	70
12	4191	91
113	135	72
1044	4351	31
1643	3039	41
564	4467	277
178	1682	9
1727	28	11
34	225	55
496	2360	103
354	1937	23
1456	567	332
350	75	88
781	4333	70
783	571	47
514	471	99
256	3693	72
1567	708	136
1227	4120	277
1267	2157	88
426	1352	70
810	3764	72
1854	370	72
636	500	43
700	67	70
2098	2238	204
359	894	37
1081	2383	208
622	100	306
1789	1017	374
1048	3750	306
549	2470	70
1942	395	184
984	1607	77
549	982	56
827	446	180
1084	1253	284
2113	271	55
1114	898	78
1723	75	88
1392	2777	5
2116	4147	42
917	446	180
139	4100	88
310	804	69
1190	4392	184
520	286	306
255	517	362
1395	97	69
1643	2456	205
1847	4313	277
1213	1680	55
218	2245	432
402	2664	420
1556	3700	327
1249	2029	85
1512	1159	358
44	709	88
59	1438	33
625	1470	72
1220	4939	72
25	89	81
778	1673	325
1187	474	88
59	304	158
686	81	33
405	61	81
1027	250	70
77	187	231
1133	1933	9
706	655	284
1035	59	199
300	1519	88
28	4367	70
1653	435	302
1069	1090	72
761	313	118
405	3173	213
114	96	70
1370	3064	386
408	200	161
1371	158	456
1143	1079	95
845	1713	353
453	2090	88
140	84	88
1271	170	11
1054	1216	337
1400	4777	460
169	1145	32
794	120	88
96	171	11
239	817	405
1327	5527	81
359	152	70
1670	694	31
850	4273	70
842	542	171
1560	1711	70
558	4924	433
1785	1011	71
1134	1660	138
973	5036	302
246	305	71
786	251	362
1557	4666	413
197	2052	71
890	471	99
1458	2674	253
1342	4322	11
429	1470	72
143	772	170
1065	2147	136
269	505	214
78	1373	362
1096	1393	189
1953	4063	12
374	1361	72
1174	4581	42
245	603	54
1813	135	72
164	854	70
1393	3762	306
909	762	24
91	4353	31
228	654	88
610	1341	88
1894	3934	56
1250	2842	198
1173	780	452
66	1222	184
1103	1630	70
1608	1918	309
660	70	71
1019	84	88
77	1896	43
614	1506	24
1224	414	358
239	2551	32
1630	5138	302
2183	642	363
533	3282	69
998	4190	94
1633	618	71
790	1030	259
96	5192	91
389	936	360
752	4018	88
553	622	56
1349	3977	100
279	3473	231
1325	97	69
138	746	43
28	556	324
392	642	363
968	3003	416
1566	763	142
63	4042	88
506	161	37
1171	5078	189
2298	3748	425
1590	2746	136
338	3071	415
759	1171	24
437	3064	386
813	2444	88
1205	1388	275
472	658	302
1374	3705	88
2280	2773	71
1125	2322	74
2181	161	37
1540	2951	398
1137	747	43
403	2667	280
321	399	324
1876	1249	11
1450	1090	72
1841	1753	72
2179	589	88
140	71	70
107	1074	11
37	29	70
1137	411	199
765	782	251
1265	3812	480
33	96	70
194	2720	87
1129	224	110
1459	81	33
1465	672	119
1699	252	88
640	582	277
193	765	77
1504	2022	179
2158	158	456
1143	1682	9
888	1166	205
1948	213	332
1710	3851	276
791	888	56
911	216	70
921	333	11
1287	4410	302
489	2114	55
554	175	103
1145	948	112
1491	113	71
853	2500	205
1358	135	72
1320	96	70
2100	5162	30
1745	3426	277
1527	1038	160
1349	2662	70
820	2925	11
1100	261	317
777	5257	277
17	981	55
1952	137	78
456	38	142
1348	26	306
894	28	11
359	3127	467
1051	1810	205
1522	4686	443
1440	556	324
1643	399	324
899	4384	405
1309	3360	362
586	5144	70
1325	3373	55
1076	747	43
1416	997	69
1359	28	11
930	1297	306
43	202	315
182	1859	88
1180	1681	205
921	3541	184
845	1209	306
1196	768	106
1795	5544	56
778	71	70
1307	244	94
1038	1495	245
1965	2438	176
1227	896	136
1315	859	171
1286	1623	56
611	1930	443
1190	3540	184
400	2360	103
667	802	42
265	453	55
1341	2659	106
92	228	42
1464	215	275
1083	1086	91
524	676	77
644	3257	346
1242	3896	55
1088	5406	70
778	330	55
2260	1816	71
5	243	70
927	3035	332
472	3276	98
1318	114	112
91	1932	300
777	208	31
605	786	200
711	5409	11
429	3560	88
1404	1021	23
880	658	302
245	1294	373
1045	2322	74
361	4628	64
1034	3040	102
1293	4536	30
821	2107	376
636	2016	24
1570	75	88
1727	3436	41
1343	2380	93
1587	2580	436
1623	87	275
1520	3253	70
667	2383	208
114	3478	206
560	3691	277
1139	3006	23
283	1095	395
1825	1888	55
1124	3426	277
973	721	88
1234	836	394
2202	727	112
1391	3720	184
1634	2427	30
1254	642	363
1650	299	56
1776	1091	42
303	2957	369
922	4517	278
860	602	70
3	1998	11
1310	982	56
1456	3133	56
1278	4016	104
1682	4206	69
70	1164	137
402	1713	353
778	4644	106
429	2076	464
2129	763	142
1323	97	69
661	491	11
1021	467	77
612	163	110
1127	406	103
85	3010	142
2121	786	200
1069	2140	302
1618	0	462
256	841	56
1268	28	11
500	637	64
31	2963	99
1136	843	39
1202	1557	71
102	1122	111
489	2382	119
813	3754	32
1214	3517	302
1157	839	385
2028	71	70
1058	5018	88
1442	4464	88
732	469	34
478	3703	266
1610	360	332
21	439	9
272	96	70
620	215	275
195	1003	302
899	2955	70
1438	672	119
1295	73	423
1103	469	34
80	131	144
1487	399	324
1153	5187	72
1461	312	420
1372	576	104
1833	241	32
298	3229	72
667	4567	88
954	1179	270
361	416	91
1220	159	11
692	1907	69
899	524	70
331	1634	355
208	2627	56
1335	4824	93
658	2954	369
806	809	42
1217	4923	362
2076	2727	54
1130	1695	88
482	1719	23
1364	1125	273
178	2147	136
150	532	41
109	1230	275
1471	936	360
93	1045	205
1267	199	108
129	702	119
813	4058	70
1338	1174	414
1474	2425	235
1753	9	385
1480	3249	284
2251	655	284
1316	182	114
1501	1152	198
1091	1984	11
1130	286	306
748	1018	374
2203	780	452
1343	1248	71
815	271	55
107	1363	59
761	2283	74
1510	0	462
1618	421	142
885	1636	200
979	3426	277
1422	2106	275
2201	398	212
1131	471	99
724	761	32
1202	634	270
892	1319	294
2057	3042	24
2100	5412	32
623	1941	201
391	28	11
644	3159	205
653	1626	231
1065	1118	88
232	177	96
395	1537	284
107	3009	85
1379	2419	403
1217	642	363
878	763	142
962	3425	313
978	1090	72
1019	5018	88
0	4695	404
1914	1427	384
1287	489	158
426	35	43
1667	34	55
1366	1537	284
803	28	11
1049	317	233
416	1126	258
1398	456	86
360	1868	88
609	732	212
1205	3375	275
766	5143	306
1175	3084	70
1710	341	23
1196	1998	11
1483	438	284
481	796	38
288	1322	54
140	982	56
1973	117	43
135	3202	189
695	3439	38
1269	1182	205
1212	5109	191
1218	3069	48
944	24	78
564	67	70
794	2868	31
2183	2130	97
164	782	251
70	5517	69
587	1252	72
1084	1248	71
752	1118	88
667	4823	71
706	915	106
784	179	77
1175	1233	106
392	100	306
22	834	71
887	1450	74
779	1941	201
1675	5089	56
2083	67	70
1150	5159	70
23	26	306
2107	34	55
821	324	55
1434	3087	403
1638	1841	69
247	1636	200
604	519	88
1180	1441	151
798	1250	11
20	55	381
2235	760	56
1792	180	452
1715	518	70
1691	98	69
677	1548	42
899	4367	70
330	3250	39
51	593	111
2249	732	212
158	1042	69
150	398	212
1252	447	332
1010	646	302
109	2717	217
2156	3001	315
1499	1911	116
194	3100	53
973	3204	97
1487	3597	54
1571	697	332
235	151	69
140	18	43
1137	5237	33
1757	1859	88
1207	1989	212
633	1919	205
2270	5344	408
988	2281	106
374	1958	106
881	4226	88
467	4004	43
562	446	180
916	3346	78
1737	4636	69
1865	658	302
158	1278	96
239	1641	72
51	590	88
1016	488	71
72	389	162
1841	5577	9
92	1110	69
193	723	88
1791	3426	277
924	642	363
1327	69	112
885	3549	112
2019	84	88
387	1675	72
453	2968	54
269	2121	91
411	1459	259
1486	646	302
2210	5304	72
179	971	42
670	191	56
2280	2157	88
778	175	103
331	1276	43
2246	1965	9
1218	2560	205
43	212	189
1015	2360	103
1021	3335	9
757	1145	32
806	359	56
777	966	90
1699	1351	56
646	361	70
876	3354	69
1269	2691	149
643	2150	263
170	395	184
682	215	275
543	161	37
1834	10	275
245	816	225
1008	4035	125
1304	5548	385
2218	3617	317
326	1377	370
1221	488	71
833	3426	277
216	1210	93
625	2077	126
489	133	200
840	4997	70
53	4891	43
357	1368	55
711	3038	55
1789	497	189
619	34	55
903	3426	277
1182	585	11
1269	4760	302
706	3068	284
1189	138	403
1349	2731	374
888	2466	149
2175	369	49
66	200	161
374	1583	87
394	529	11
2281	4819	166
375	2575	144
872	70	71
4	1257	72
1140	97	69
204	1797	24
239	42	32
1863	1498	456
1341	147	452
112	139	252
65	3510	39
193	3670	70
342	3476	32
1295	4043	69
911	635	106
1168	615	270
143	763	142
16	721	88
752	3247	335
1289	67	70
615	1530	70
551	2532	367
1094	3378	41
2240	250	70
599	3989	302
1370	461	70
1049	3058	157
1374	2431	87
286	4716	199
1587	2888	340
1004	1917	433
557	905	369
1306	5144	70
1152	1274	141
97	2928	226
905	603	54
1412	4828	284
1865	4250	56
806	1772	70
483	1017	374
907	1711	70
201	3270	376
221	163	110
1965	5248	56
1362	259	316
1657	4444	464
1227	2281	106
49	227	71
331	1449	74
862	75	88
978	1909	71
1133	1045	205
360	3068	284
1308	5303	102
669	3546	195
2170	3511	136
763	32	31
386	1537	284
451	3720	184
208	2242	140
1632	469	34
369	395	184
2109	1561	456
1926	1017	374
96	3239	37
1490	3540	184
505	4522	43
1480	1579	208
1065	482	71
952	2677	23
557	1399	88
1181	399	324
135	5480	9
1644	482	71
126	699	31
174	891	53
1211	883	56
1136	769	312
1137	3228	91
1041	3885	56
710	16	42
1024	180	452
330	3040	102
2020	1544	245
113	2048	55
831	26	306
730	2742	69
200	94	55
416	3511	136
1225	2405	64
1004	1100	238
966	1960	136
1415	3344	270
1849	32	31
71	24	78
655	3136	200
1636	3159	205
1063	3568	96
1697	180	452
2315	290	379
1416	2013	283
690	3643	403
741	2086	96
1217	5521	171
144	325	136
1020	618	71
329	1051	189
813	2238	204
1585	4864	189
216	762	24
1359	668	196
888	3942	369
392	438	284
859	4996	56
1031	1695	88
1643	1321	54
342	921	76
287	1677	385
1327	32	31
741	867	72
726	3494	106
1233	315	31
373	546	11
387	20	1
221	665	42
688	730	88
330	1056	245
150	1888	55
2195	135	72
2285	1677	385
256	2344	56
1308	3092	245
1734	1670	205
520	204	69
194	988	136
162	379	69
1502	2795	136
5	1949	99
1336	4426	405
1810	1251	43
107	5427	426
1211	84	88
614	2411	42
516	1054	88
423	303	218
788	2969	88
969	1659	69
92	24	78
87	806	107
265	766	77
1068	3541	184
1336	4471	115
221	602	70
193	3002	55
1839	446	180
1670	4264	88
194	2328	99
505	176	11
70	452	88
639	135	72
1480	2091	306
1208	1870	40
1950	567	332
2197	5126	71
2214	3833	349
588	26	306
1930	119	32
1163	642	363
1685	0	462
171	2095	231
51	141	56
272	806	107
560	625	55
320	3274	9
1961	5275	472
746	376	53
114	4806	315
38	226	102
1224	210	360
1409	347	70
368	2283	74
516	2754	302
901	1295	71
634	1160	162
1182	2301	31
114	2108	88
634	360	332
279	322	88
1678	3865	280
1633	3523	77
603	2301	31
50	4642	11
1644	2640	41
1849	2854	56
99	399	324
1770	1546	184
39	4880	55
957	560	106
899	1011	71
741	1637	414
130	123	104
146	1821	463
1469	399	324
1735	4418	43
2057	1735	24
1544	75	88
1431	2358	462
783	173	53
238	1147	42
240	1738	56
818	438	284
1168	4061	102
444	2913	385
1744	2472	96
960	4593	33
330	1686	71
793	73	423
670	3216	71
375	3962	302
1235	2866	69
650	2911	88
70	3614	71
830	2251	20
6	894	37
2090	704	383
118	2373	420
885	3593	88
144	767	5
65	1385	32
340	3050	41
1560	5347	238
24	115	41
1321	1277	143
275	1408	134
468	1936	306
1206	2383	208
90	2998	71
1623	995	302
2089	605	8
846	1178	62
988	503	56
1325	123	104
244	4797	284
89	471	99
1733	1575	41
257	1321	54
204	682	52
456	541	395
406	252	88
2042	1416	71
1367	1309	465
402	3678	72
113	620	11
1070	1715	165
1103	137	78
80	1675	72
1530	2820	72
1025	572	46
1016	1425	56
1867	5113	32
862	782	251
2096	438	284
297	2310	55
767	656	184
1188	3101	258
1394	914	56
1173	5288	385
1153	646	302
1074	1238	71
1514	5137	404
2228	2182	69
15	29	70
1123	2712	69
477	3174	18
1096	2763	88
1581	3770	104
978	3365	259
1613	2884	88
1211	1315	109
90	834	71
110	210	360
1194	1763	302
701	5385	444
1049	177	96
148	492	14
592	26	306
971	28	11
263	1242	449
402	816	225
1543	446	180
1880	2918	282
247	3118	362
1587	466	106
828	1969	86
1491	3288	33
2066	3221	205
1308	846	290
1621	1054	88
106	379	69
1137	482	71
501	161	37
780	5197	72
1267	3423	395
33	1358	70
761	625	55
542	1547	184
94	3554	32
1665	734	452
907	2646	275
126	96	70
1017	4050	171
637	25	108
107	1976	86
1193	3537	452
761	687	88
604	4975	55
2306	24	78
973	1690	69
2193	3426	277
845	3413	425
1608	4996	56
2255	567	332
98	4289	317
988	1485	55
1268	734	452
692	5338	70
2283	4681	277
1257	4449	212
1101	927	11
1035	1953	313
1533	1389	354
1011	2464	39
602	4605	315
627	3452	33
998	1102	91
899	2627	56
485	1759	11
1796	4798	31
63	70	71
1570	2287	150
820	271	55
215	859	171
488	994	284
279	1263	71
1501	579	65
1087	3214	144
2199	593	111
628	4599	313
563	173	53
1271	435	302
1067	814	250
1357	175	103
475	439	9
1647	1062	456
449	4605	315
1312	4883	275
169	957	43
1140	4508	56
255	3667	88
89	182	114
1840	134	306
712	1518	70
2083	28	11
1600	16	42
196	199	108
9	1677	385
1853	3057	81
769	3508	88
759	467	77
1689	2580	436
684	84	88
107	2557	32
1502	4419	106
1652	760	56
1637	1309	465
1630	435	302
1404	482	71
598	1860	55
542	656	184
44	560	106
818	2924	258
1011	1696	54
586	5045	31
705	392	70
215	312	420
1410	1899	70
1233	3825	284
993	2455	23
1456	389	162
1400	708	136
1722	3937	56
685	3594	315
1643	2780	72
278	288	55
1841	3	70
268	2374	69
1086	646	302
1189	2510	390
74	1877	32
507	1968	88
59	439	9
1464	2700	136
1003	435	302
383	3394	70
1080	894	37
361	4888	113
818	372	302
161	5592	30
1052	1983	270
142	5099	200
105	453	55
634	3409	332
1560	1182	205
1629	945	112
1432	3284	353
1780	84	88
342	982	56
1802	357	278
1249	1774	71
245	2026	438
1058	62	70
1182	5097	331
1419	527	88
275	1145	32
1501	271	55
1463	1660	138
1383	4486	374
334	620	11
1105	1174	414
1672	110	42
1902	1272	106
1866	2308	46
1243	4168	277
1149	5035	277
1173	1330	456
579	1663	55
1743	607	42
366	287	32
1373	2660	141
1704	3426	277
257	1925	88
259	1387	9
1198	3583	77
794	5253	88
1221	5573	231
616	2447	380
39	182	114
2296	3934	56
774	446	180
408	1206	71
752	2296	78
1630	3537	452
331	3010	142
1531	3426	277
1450	1691	72
1950	1562	24
1051	2910	37
435	3015	111
1081	1636	200
1840	1544	245
1143	2088	11
1534	1859	88
435	2763	88
1214	2491	113
66	414	358
887	620	11
2157	4407	55
1459	4682	82
407	1769	47
646	4188	69
938	28	11
1747	1057	456
1357	1459	259
373	184	11
171	1064	377
1247	979	112
2198	120	88
416	2713	69
717	387	401
1349	411	199
178	2188	90
592	4428	30
53	136	134
334	3239	37
477	1614	37
361	3267	90
2128	4982	257
845	1019	404
1485	3085	9
833	100	306
40	199	108
1801	75	88
887	67	70
287	135	72
2086	173	53
435	286	306
2226	2832	88
1083	4018	88
759	1420	8
720	67	70
524	5297	11
66	4434	342
1795	920	76
1908	872	72
668	1636	200
1344	446	180
373	358	55
221	548	88
491	618	71
1447	506	403
366	1212	142
1138	435	302
813	1521	88
1367	1898	70
74	1004	302
108	2163	191
1890	813	445
331	1260	96
1464	2455	23
229	2258	88
1478	488	71
330	2186	56
1448	4906	86
1261	100	306
903	67	70
17	3768	41
1135	67	70
1029	1073	70
559	2312	32
150	1336	86
549	2527	448
300	517	362
830	172	431
9	2647	470
14	1253	284
614	766	77
1209	75	88
375	2242	140
1016	2925	11
1682	2812	71
671	5016	277
1271	786	200
310	185	136
247	669	77
72	392	70
1945	4894	6
54	273	41
1189	646	302
1618	5333	346
909	1593	41
1196	5042	237
592	609	172
706	1619	306
231	1288	32
131	3520	32
1744	994	284
547	3352	91
376	1736	92
1843	139	252
1533	180	452
637	1891	71
2070	3426	277
305	3847	56
1451	2666	313
746	3596	70
1432	2343	56
226	914	56
64	4748	323
1418	3466	236
2170	26	306
1500	506	403
763	416	91
1828	1143	56
169	711	88
1901	1037	397
1447	1254	285
824	1353	71
282	1142	294
1206	776	70
51	3441	317
465	148	70
107	3492	70
1465	1319	294
1106	3433	136
382	4818	91
1332	137	78
835	5507	42
731	1711	70
638	504	56
1623	5479	259
2045	1300	237
191	3426	277
1260	262	270
884	100	306
604	0	462
944	1870	40
1450	1949	99
911	2478	88
45	232	291
655	1174	414
988	1409	11
1359	922	11
1042	842	371
323	116	306
1698	5496	136
991	1248	71
1268	4771	69
1135	1183	55
1950	535	41
1406	1410	31
1916	103	85
1425	163	110
1150	453	55
846	3129	96
1937	1199	70
139	3414	56
1554	1816	71
1985	2122	70
1545	4956	88
1298	731	270
552	859	171
668	3204	97
1545	1102	91
232	143	71
934	137	78
1389	3808	119
761	978	77
2278	3426	277
376	5168	56
1311	5034	410
772	295	381
1289	4933	70
947	28	11
699	1581	72
1025	2690	80
96	825	42
2236	1935	71
482	1250	11
1245	28	11
688	3568	96
1218	97	69
1261	1031	42
1545	1841	69
603	4768	284
603	1178	62
798	3069	48
2037	435	302
399	654	88
388	2898	71
318	1365	53
244	1036	23
126	1968	88
1278	5001	42
1568	1909	71
1065	3122	88
587	4046	277
649	658	302
1810	135	72
636	4996	56
64	456	86
424	2458	70
698	5401	136
688	535	41
409	1	74
1425	2277	23
850	1565	402
772	2021	71
783	492	14
1476	4355	72
1955	1087	220
1643	2980	209
491	227	71
2217	2646	275
1238	2587	23
1890	4914	55
1980	1579	208
745	1239	71
1552	4816	222
244	1167	24
2185	1576	72
1752	5024	36
373	4398	103
1533	122	138
736	760	56
1139	1415	88
194	4421	56
30	3059	56
48	602	70
446	709	88
477	0	462
1910	4677	183
232	2204	31
1219	395	184
617	1285	70
817	312	420
1752	2945	461
21	4263	69
105	753	41
1383	773	31
1220	1504	385
1354	1330	456
365	196	42
646	180	452
2146	204	69
886	667	174
1119	1346	305
401	96	70
1153	271	55
813	2813	466
1301	4027	37
998	3623	171
1400	2894	443
742	2313	72
161	839	385
647	3749	42
870	5100	43
424	1620	31
673	1573	284
503	1248	71
20	240	106
250	1796	49
1171	1886	72
132	709	88
1866	1395	425
1643	271	55
1186	3831	457
2287	323	37
1501	435	302
1322	2294	324
830	2265	411
898	4619	163
2244	1309	465
1165	96	70
527	3719	398
1192	4584	227
1048	1056	245
1487	1253	284
1800	135	72
334	1654	332
316	35	43
834	98	69
1344	1145	32
1317	2299	70
311	210	360
486	22	273
672	98	69
384	2236	234
908	2860	106
1341	542	171
870	618	71
1954	378	208
297	2399	54
1461	113	71
228	3529	253
1850	634	270
741	1248	71
2139	1045	205
1529	4825	347
1969	71	70
1289	230	71
1055	3296	392
367	2647	470
1491	4704	171
30	129	417
382	499	43
157	2183	54
1189	2665	225
2280	1073	70
733	2008	94
630	2756	96
479	1443	426
821	3	70
1242	1544	245
991	642	363
913	1744	77
1238	241	32
131	587	69
1311	5452	385
997	271	55
598	137	78
2115	138	403
1531	4284	171
161	900	41
1272	3568	96
120	1044	56
424	1029	232
1373	2591	74
989	3509	236
277	603	54
833	3033	456
96	1156	9
482	438	284
1224	4307	279
1205	1450	74
361	500	43
3	2410	42
2087	5235	337
1142	1257	72
1792	4367	70
1532	620	11
940	1218	184
1383	3257	346
1752	315	31
1342	2392	452
667	1711	70
1058	142	315
584	618	71
450	4616	90
866	218	70
3	1633	95
1601	4365	270
269	4679	43
954	4315	332
352	1154	43
1682	1837	71
2151	4430	75
714	497	189
249	205	187
1786	4524	306
1208	3630	103
272	5140	70
1130	4223	88
878	1220	337
1794	1043	16
431	220	88
9	304	158
1234	3895	91
611	2967	55
743	4410	302
1201	1346	305
173	3507	136
1499	1959	71
350	1765	70
51	626	231
1851	889	71
468	781	43
131	2072	200
1851	39	71
1068	4799	184
1362	5287	70
1432	3032	294
158	2083	71
1330	2904	88
2191	529	11
1146	2559	88
916	195	88
2187	2099	112
357	776	70
1062	1033	53
1602	4702	72
113	1044	56
1083	654	88
269	809	42
1237	0	462
1652	2069	56
1564	1163	207
587	1416	71
2014	1296	71
2244	179	77
609	655	284
701	1014	354
583	2310	55
1070	1893	240
533	5345	191
1	1695	88
488	2310	55
1545	262	270
954	1218	184
488	413	70
509	1199	70
899	826	88
468	4633	70
516	2925	11
1383	4616	90
1185	4321	55
328	116	306
191	5149	455
845	1806	76
790	245	54
2002	2253	467
368	764	23
342	4909	167
431	3553	31
1756	2123	353
954	860	368
1234	1896	43
2208	1056	245
1099	4695	404
944	3272	88
752	372	302
40	189	41
5	1415	88
833	8	474
1148	1024	419
1067	3940	138
1526	58	32
495	3135	70
1922	1523	270
1220	2258	88
82	4508	56
1357	251	362
952	4071	449
65	201	55
863	3637	302
1169	188	201
361	497	189
371	305	71
61	305	71
1325	3426	277
1419	93	275
844	1711	70
1020	3916	137
424	99	88
512	4977	70
1325	434	72
1012	1176	88
1425	1910	53
1132	753	41
388	2225	88
388	1013	34
1145	482	71
941	303	218
477	5176	462
1130	4862	324
880	2097	32
629	5182	218
863	3738	77
369	179	77
165	4332	91
2009	2747	42
1357	1582	72
431	2501	262
604	236	70
1521	4976	404
815	3759	163
1966	3439	38
1395	1045	205
92	371	284
440	67	70
1997	4151	277
604	1399	88
1135	4723	92
1145	3801	112
144	26	306
334	4286	277
266	891	53
413	3081	403
1051	859	171
1002	4398	103
1315	2763	88
1202	26	306
2222	2160	8
763	4508	56
559	100	306
1274	3298	337
1578	180	452
73	233	81
1898	1225	456
12	310	124
2064	186	363
1961	97	69
608	135	72
13	3460	456
1007	760	56
59	5270	193
903	439	9
1327	4843	56
793	791	230
1685	3810	328
65	339	55
93	2700	136
1924	3426	277
1638	524	70
1229	69	112
1907	1379	472
793	708	136
1343	117	43
375	905	369
1089	228	42
386	113	71
1585	762	24
1855	2305	295
1227	4628	64
794	4177	9
218	3895	91
1456	69	112
1383	541	395
1699	518	70
706	2239	239
346	1484	358
1792	839	385
1830	1385	32
352	312	420
152	1633	95
1637	1695	88
482	1101	28
399	28	11
943	3426	277
142	2927	30
1667	5558	450
1249	163	110
846	765	77
1154	2861	393
1151	3091	291
1239	1450	74
1371	180	452
798	1272	106
1849	69	112
662	580	50
551	953	275
1267	716	235
245	912	179
1366	1248	71
314	5564	363
1201	4584	227
296	210	360
31	480	189
1301	1233	106
2015	4609	55
755	878	56
1316	1935	71
2052	5170	332
1118	70	71
950	135	72
1064	2419	403
1268	2271	42
1689	3590	87
130	421	142
68	2986	169
1205	5474	277
1402	2116	43
558	1309	465
1228	1626	231
510	3704	56
2223	527	88
258	204	69
514	709	88
798	1059	456
1155	1296	71
798	2421	326
968	5039	317
1057	1536	46
105	3115	9
853	3318	205
371	1470	72
1406	338	105
62	317	233
1560	411	199
690	4534	368
81	1826	42
1061	1899	70
1965	4174	259
1151	4398	103
409	2150	263
1515	565	20
45	500	43
1706	1104	56
436	2865	56
206	3317	158
18	3183	0
2146	880	451
435	3703	266
652	336	86
2007	1893	240
2158	1474	56
172	3436	41
690	734	452
899	5129	403
1816	4084	106
1684	447	332
78	4833	91
758	665	42
1745	5540	7
1211	766	77
793	3989	302
86	3198	30
2007	28	11
352	1378	88
1583	4767	346
1131	482	71
295	100	306
68	5175	200
1136	4900	398
1184	4691	69
1464	763	142
676	81	33
1465	195	88
302	0	462
234	1019	404
70	462	69
1002	1349	205
1435	658	302
1172	1144	94
409	31	55
700	124	257
249	3763	109
1058	1010	86
514	688	55
1965	4395	70
1891	14	385
1559	1596	302
1193	2671	208
1450	434	72
334	4557	56
1575	5005	69
41	192	42
653	1546	184
652	3427	55
70	1705	71
1289	5567	88
659	3174	18
1562	46	70
227	1505	32
1426	2789	358
247	67	70
5	434	72
332	642	363
1221	3584	103
1217	1793	418
789	4900	398
1156	766	77
1239	1274	141
1063	2327	106
485	2833	54
28	190	43
1354	1838	23
1442	1712	72
1338	4792	452
731	1233	106
1431	872	72
2249	5288	385
33	2036	332
1567	1289	42
116	1003	302
794	3699	46
906	1324	114
66	4763	277
833	4775	284
1502	131	144
2003	2573	302
628	809	42
1672	1803	11
1351	1081	374
776	3355	55
768	776	70
264	1217	184
614	335	32
841	766	77
411	1259	259
92	1731	70
266	1069	69
946	413	70
285	3537	452
1413	3040	102
1269	5210	86
497	2352	84
1805	414	358
1218	3391	56
1562	3085	9
224	4508	56
293	271	55
613	3426	277
849	3869	178
1469	401	324
2043	362	70
1146	3345	77
968	113	71
1154	5356	75
298	187	231
1159	766	77
141	1180	391
636	4833	91
619	323	37
806	1518	70
686	2874	218
1789	24	78
1611	1809	83
1229	517	362
1585	3167	220
1216	1657	147
488	3167	220
699	1221	11
1948	697	332
245	914	56
1666	158	456
1324	96	70
988	2014	39
1409	4	72
387	4226	88
570	1454	39
13	1166	205
1549	446	180
30	4398	103
868	2572	158
902	3780	411
1409	4573	42
1804	249	88
898	2455	23
284	158	456
1962	1254	285
1144	3749	42
493	780	452
98	2606	11
70	140	71
634	1901	332
1133	2081	27
1136	71	70
1643	785	162
435	4542	85
1431	3176	455
399	411	199
37	843	39
206	333	11
2312	656	184
78	2140	302
194	97	69
2287	1668	31
45	1795	42
865	4407	55
944	315	31
1343	113	71
1730	3071	415
887	529	11
1501	4050	171
1710	389	162
2014	1696	54
286	2395	40
668	3205	480
1193	263	267
564	2743	69
1249	607	42
269	4027	37
1798	67	70
1056	4410	302
360	1447	43
359	1415	88
1569	4150	464
2109	4912	456
1469	2565	82
586	4573	42
1256	2591	74
853	902	61
1401	417	306
361	2027	71
1461	3979	205
342	2488	306
548	123	104
845	193	332
2096	70	71
1093	3024	200
194	3979	205
362	203	70
2246	98	69
1577	696	56
1008	972	115
1912	1408	134
638	697	332
1562	5336	270
28	771	88
1795	4018	88
788	3205	480
855	620	11
1773	1056	245
549	3928	375
514	91	37
1035	891	53
44	894	37
40	2611	205
443	484	71
1029	567	332
1231	158	456
1363	1	74
249	354	71
954	3189	212
758	1044	56
690	2251	20
1186	3888	104
1349	585	11
1396	175	103
1316	2677	23
91	4667	55
51	170	11
1166	182	114
1693	124	257
1308	1848	154
1523	609	172
357	115	41
255	1209	306
1436	2550	56
1158	1670	205
676	859	171
1509	3427	55
1472	2067	106
482	5124	337
913	2193	43
1876	1635	336
1191	438	284
1320	97	69
762	312	420
627	29	70
1410	3606	441
174	585	11
845	5431	312
1208	158	456
942	2559	88
1366	4366	257
1393	67	70
2118	2440	137
698	267	54
707	484	71
216	1296	71
655	570	71
1699	3083	332
155	452	88
23	709	88
1622	1225	456
1112	276	315
1220	4066	55
828	4367	70
1283	2198	5
216	4055	56
1723	322	88
1356	1416	71
906	97	69
1227	795	106
1600	161	37
1298	3426	277
722	1693	88
1620	4721	171
579	658	302
698	3338	8
1189	711	88
1166	572	46
705	2411	42
1030	2058	205
528	4362	71
748	567	332
331	1695	88
245	898	78
997	3801	112
1006	3426	277
1351	700	71
599	188	201
1308	1612	212
2206	138	403
258	16	42
435	4932	53
1187	1733	53
1479	1173	144
1474	3702	48
1188	580	50
350	67	70
1442	3895	91
498	3148	55
1301	3159	205
873	1056	245
1246	2218	151
1168	3756	464
813	627	173
201	4891	43
1466	4856	284
1420	4800	11
1400	1711	70
48	110	42
1395	2022	179
525	75	88
1187	2523	41
204	2229	24
1295	5268	405
1419	416	91
1485	210	360
511	4	72
407	999	88
1182	4035	125
1515	2978	88
1186	278	456
912	438	284
1837	1450	74
572	4129	72
1841	3029	112
246	5536	55
1854	1867	103
1233	359	56
411	182	114
1038	2114	55
1397	417	306
823	1450	74
1008	4462	480
627	453	55
51	1226	317
326	3687	142
618	357	278
503	358	55
2184	780	452
204	825	42
1073	1365	53
1360	2185	77
1111	1249	11
954	175	103
165	224	110
1211	5242	88
706	550	66
70	1856	393
186	1901	332
1513	1199	70
1448	4221	184
114	24	78
778	2543	189
409	1780	55
736	2240	72
171	2426	55
735	3816	18
961	2076	464
2030	411	199
860	2187	74
233	832	306
1850	2421	326
1577	2281	106
2113	4618	104
1470	4593	33
96	568	70
954	1227	184
332	862	259
1731	87	275
93	274	464
418	2013	283
524	2568	11
58	389	162
2155	330	55
1336	67	70
1214	540	96
1002	721	88
883	2990	70
2183	1072	433
1505	28	11
2204	3215	284
1201	467	77
105	1660	138
1734	2691	149
670	3823	363
411	355	55
1812	3548	143
1638	1276	43
217	354	71
1108	317	233
194	758	332
952	1059	456
655	3608	32
586	1358	70
1453	84	88
523	4440	18
252	894	37
820	843	39
653	1470	72
89	2328	99
232	435	302
332	2464	39
1153	1675	72
1170	326	42
616	24	78
1357	2313	72
2185	1090	72
1432	2455	23
1812	153	25
429	421	142
257	24	78
489	3757	9
316	531	72
1653	537	171
1826	1240	464
139	588	88
10	697	332
1299	1378	88
616	2978	88
1842	228	42
564	5197	72
1157	618	71
1089	1125	273
1262	732	212
63	1039	88
1209	215	275
2120	1309	465
1540	2720	87
952	1612	212
1037	2327	106
1089	2221	87
866	294	340
1257	656	184
1913	16	42
2002	2042	363
1038	2068	56
1529	4370	9
479	135	72
1361	1711	70
476	2058	205
331	1209	306
880	2266	88
179	2238	204
185	950	358
91	4722	277
1269	5022	42
477	1621	72
1282	461	70
1672	4038	277
1406	4783	166
1049	3180	332
333	1531	11
269	1922	420
587	748	42
646	4217	9
392	3940	138
984	3345	77
300	383	78
1621	684	39
1644	3437	136
404	2306	415
61	2086	96
574	1768	47
285	3645	71
313	75	88
269	812	158
1541	191	56
1295	4215	277
1796	3253	70
393	97	69
2130	2508	427
1130	5048	274
1276	62	70
278	890	136
574	3119	119
78	914	56
570	3385	88
945	905	369
1344	3719	398
1122	844	369
12	965	54
255	28	11
880	1457	284
208	987	136
1454	1336	86
677	3568	96
70	1854	78
396	1870	40
929	1981	332
1804	271	55
185	244	94
1092	898	78
1291	3308	385
1257	4160	184
297	492	14
1243	3691	277
818	4872	275
1477	2687	70
1137	1738	56
5	1545	415
1221	188	201
171	883	56
1213	4502	31
819	2989	70
2083	84	88
107	2719	23
1847	97	69
13	100	306
454	5540	7
362	1614	37
901	14	385
542	2712	69
813	2299	70
1577	5369	88
268	3280	69
1567	2327	106
221	97	69
1691	490	237
279	606	136
1168	4694	49
754	25	108
386	887	70
1794	4632	273
1130	857	11
1577	75	88
1159	213	332
1483	766	77
632	4890	385
387	2612	205
1639	2665	225
1372	438	284
1271	2081	27
1808	2494	61
1950	446	180
1896	590	88
43	1783	31
162	67	70
1406	4717	256
1265	336	86
693	776	70
692	2181	78
596	747	43
1989	2473	70
1154	1747	306
549	843	39
1485	36	137
618	687	88
1741	830	116
754	758	332
1580	4074	198
973	2473	70
1833	2705	23
1389	2657	77
416	809	42
316	3015	111
1539	271	55
1138	3049	70
598	26	306
712	2300	56
973	4491	77
344	4460	363
627	602	70
1159	1210	93
160	574	62
1617	508	189
408	5050	26
96	1726	23
356	2514	284
583	1747	306
674	618	71
1138	936	360
20	3239	37
1549	26	306
51	215	275
1315	1043	16
818	3383	302
610	380	42
1077	138	403
1418	96	70
2044	75	88
1325	271	55
1243	213	332
1978	2368	70
717	2336	472
1786	2546	345
1469	4635	41
114	324	55
38	1789	74
90	488	71
964	4844	335
257	984	51
1719	2075	136
37	891	53
963	3746	459
2296	5585	344
630	766	77
211	719	53
1594	582	277
1486	276	315
1268	1711	70
1098	379	69
947	4885	72
255	886	304
529	1336	86
1947	5432	136
334	4287	277
2125	278	456
1454	674	284
957	814	250
2236	395	184
1733	208	31
2226	100	306
153	210	360
277	710	88
1807	1964	56
1140	3040	102
1526	4438	72
109	603	54
460	5001	42
845	3460	456
2175	1102	91
1483	1841	69
1647	587	69
2197	3548	143
1371	4886	456
307	233	81
310	497	189
113	1479	313
860	411	199
1367	2358	462
911	2228	369
1569	5462	338
130	784	72
362	3367	88
2143	28	11
1453	618	71
388	4062	55
164	2296	78
2185	530	14
88	74	88
1878	255	284
150	4084	106
1202	1711	70
1622	4630	370
1503	395	184
662	2099	112
1847	1963	53
1678	2165	356
1152	658	302
829	195	88
2253	75	88
2215	4659	41
869	4501	47
1372	71	70
1336	3293	257
510	2388	32
616	646	302
2086	251	362
833	3541	184
125	693	299
2235	378	208
783	843	39
1154	1020	340
1725	519	88
368	1154	43
1244	490	237
951	100	306
1293	1277	143
116	1595	283
2174	3319	72
674	3386	42
1567	273	41
1115	675	117
1418	1491	205
2111	514	40
1354	2989	70
1271	3960	259
1315	327	77
18	4047	66
633	2799	284
806	434	72
1569	3281	363
1151	4651	347
727	5390	72
2158	781	43
947	732	212
155	665	42
2122	568	70
2238	378	208
887	1492	240
2313	766	77
1714	1247	205
1955	828	42
912	5260	464
603	3743	42
996	3697	56
579	1682	9
791	75	88
1369	4960	363
93	2791	332
253	97	69
125	3254	137
628	4506	70
791	3768	41
497	2594	9
2004	1250	11
748	4355	72
1159	2344	56
113	503	56
459	855	148
1053	3415	433
179	791	230
376	4554	43
1750	956	332
813	4456	88
1061	835	311
1360	2472	96
833	4235	403
2046	1040	369
369	1821	463
382	297	70
1812	363	275
247	1755	71
2185	346	39
1380	818	446
1386	4547	32
1631	372	302
50	542	171
1494	1660	138
2149	500	43
925	1109	347
1226	911	180
391	304	158
500	31	55
615	2395	40
671	110	42
868	5	159
263	419	189
489	658	302
231	5557	43
1301	2455	23
227	335	32
1291	535	41
98	891	53
614	3843	71
875	2494	61
102	1959	71
192	980	72
18	1021	23
502	2659	106
1074	1114	120
194	3303	96
988	16	42
673	983	70
1332	96	70
185	1102	91
1486	2897	69
1222	2955	70
1721	100	306
1286	2548	290
970	2756	96
1647	3998	90
431	914	56
845	1757	433
1244	1276	43
1146	358	55
1205	2693	56
271	771	88
381	1109	347
1153	91	37
1501	3989	302
2014	567	332
713	2293	325
662	244	94
1025	891	53
988	922	11
705	642	363
2224	702	119
565	1673	325
87	1102	91
1458	3088	231
173	1174	414
1025	796	38
1031	2162	284
2003	2123	353
1315	1914	355
1623	2195	9
1116	2149	241
88	2832	88
2188	1893	240
1632	3890	114
1413	446	180
1062	3360	362
767	3834	189
909	233	81
2107	1699	170
916	1524	55
1400	362	70
1136	4288	331
1876	215	275
662	514	40
263	1276	43
1937	87	275
1445	439	9
553	1409	11
385	5046	42
1352	1681	205
45	1968	88
1021	1875	88
553	175	103
1965	1199	70
185	1818	358
1045	438	284
1687	210	360
2014	658	302
488	928	54
1450	120	88
1201	1429	54
946	20	1
1911	508	189
1317	4089	88
835	1274	141
1792	1227	184
1530	734	452
1012	961	88
107	932	76
148	603	54
204	895	55
676	5427	426
387	1045	205
770	2239	239
1068	204	69
234	271	55
1299	1285	70
846	26	306
850	2124	354
352	802	42
2189	378	208
1641	5357	88
549	359	56
957	974	70
528	700	71
291	3202	189
960	2802	39
1257	902	61
1472	3382	69
1112	4108	28
173	290	379
1847	1732	70
1146	4589	81
1211	4367	70
743	1373	362
604	834	71
506	75	88
116	3961	42
1501	360	332
572	335	32
779	855	148
1379	3829	298
1750	3294	257
1565	215	275
242	28	11
789	472	284
710	3017	69
1268	2055	452
309	14	385
2217	485	106
150	1814	33
497	541	395
344	654	88
1223	1171	24
570	3995	30
2316	2076	464
1434	3426	277
154	3866	31
382	1833	31
26	1361	72
841	4165	171
367	1250	11
260	3550	56
422	288	55
1049	4738	212
1861	1090	72
138	741	70
1395	3225	388
50	270	88
528	113	71
96	1943	11
1576	98	69
13	2363	236
1301	981	55
186	914	56
2101	1574	269
1338	4408	111
1978	1248	71
86	3398	425
1093	4412	96
1028	976	72
594	1014	354
655	1836	71
790	4762	31
1859	827	275
147	1835	72
388	3649	205
585	4526	184
1838	1838	23
1947	1794	70
221	640	119
114	1992	329
107	2545	11
743	274	464
272	627	173
1354	362	70
767	3613	88
1437	654	88
435	2304	17
861	1873	42
1343	1988	203
1583	0	462
1930	4435	42
1126	446	180
1142	4758	199
106	2998	71
232	3554	32
1523	3306	208
679	3328	11
1295	2540	332
1049	228	42
390	517	362
1343	3327	31
1019	1032	72
334	3015	111
24	2308	46
1475	709	88
672	500	43
182	5108	55
171	4462	480
425	1853	78
2125	760	56
2080	1329	456
528	2278	78
1044	620	11
1489	2112	259
482	2177	275
1566	1225	456
28	1154	43
1145	4173	403
1205	1503	70
1918	3631	88
435	4998	24
969	67	70
1140	2058	205
1338	956	332
587	4887	23
968	519	88
1065	2163	191
603	390	88
9	2645	354
93	3319	72
1068	1241	413
232	599	32
426	1755	71
798	4636	69
158	241	32
1409	3030	136
336	972	115
1168	2256	464
511	3192	88
845	936	360
329	3946	284
44	1789	74
847	87	275
1008	1209	306
1205	2691	149
1672	773	31
1616	541	395
1349	1826	42
1176	517	362
1071	4090	23
1264	526	70
354	3691	277
59	881	86
340	28	11
1727	210	360
24	71	70
627	660	71
376	218	70
1776	4885	72
303	26	306
1207	652	440
39	4033	284
945	771	88
818	5	159
421	1865	208
2201	4060	69
1585	1036	23
1480	936	360
1043	411	199
185	4473	290
650	4915	304
1268	529	11
1403	2455	23
296	697	332
458	708	136
1849	4332	91
1234	3421	88
1575	3355	55
422	3294	257
332	1133	285
1158	1711	70
500	1695	88
42	404	32
530	304	158
2006	44	275
1710	3507	136
684	3277	448
1577	5525	43
115	71	70
255	210	360
859	529	11
169	2729	43
1445	2141	257
1021	468	294
1495	2265	411
819	1330	456
1644	1695	88
357	650	452
1799	5105	96
441	205	187
1621	3168	259
640	146	55
1680	816	225
562	4089	88
114	1553	33
1142	3416	135
1271	2458	70
525	247	383
586	3069	48
1084	3825	284
229	1650	88
639	497	189
542	2069	56
1257	4158	155
341	300	55
1335	1972	114
1523	417	306
458	3437	136
1413	381	38
1038	825	42
498	1178	62
437	2068	56
630	1363	59
1294	4912	456
1225	3790	70
171	4197	277
1177	5405	96
258	482	71
1312	2106	275
1549	576	104
1959	987	136
952	1592	284
1031	2413	200
690	846	290
1316	5272	259
647	3243	42
522	5210	86
2117	5237	33
1565	1911	116
617	3374	55
2185	4949	363
1158	1507	315
1350	4048	302
988	1830	39
512	529	11
530	2690	80
216	1250	11
632	1045	205
1737	1296	71
597	677	258
996	1981	332
1419	1316	88
321	2557	32
139	5249	40
1307	1016	374
1267	1274	141
1152	2783	42
19	1931	142
202	235	47
1565	1682	9
2083	2300	56
373	2771	31
115	3402	403
179	3637	302
954	1547	184
341	1509	231
1233	3548	143
322	336	86
1021	4004	43
1326	1608	9
310	633	69
1571	16	42
1271	2721	100
1848	28	11
953	1454	39
2002	1059	456
1008	3426	277
1374	1423	42
1158	4172	56
909	1036	23
798	839	385
183	919	191
757	3582	32
327	3215	284
497	4561	283
1803	1397	246
1334	3259	56
1795	747	43
1130	3053	23
1043	471	99
900	4970	456
1331	3813	425
667	654	88
1995	744	70
827	4086	4
89	137	78
353	439	9
660	447	332
1354	16	42
1615	1045	205
245	1182	205
352	1963	53
380	4996	56
68	173	53
2119	4817	385
847	642	363
1691	5107	129
902	32	31
497	1550	71
39	914	56
551	0	462
590	658	302
1309	2256	464
316	2443	11
1121	0	462
2084	4026	88
1289	1069	69
326	144	55
861	3775	411
1532	135	72
946	1979	223
1031	317	233
333	1416	71
1865	1645	88
1647	4636	69
1064	1409	11
495	4214	354
1135	2728	110
448	556	324
1211	1001	81
107	3081	403
1808	1056	245
1782	1691	72
73	1466	42
1454	2439	396
1131	180	452
2185	96	70
1450	2293	325
424	4140	43
832	2480	90
1224	1210	93
1485	1984	11
952	4367	70
1010	1277	143
326	4496	142
686	1144	94
1400	5005	69
1359	3483	71
1151	4647	369
76	414	358
1023	5534	43
194	425	42
1384	4363	304
1550	3711	374
345	2990	70
894	1916	88
1058	3427	55
894	4197	277
162	686	8
1612	446	180
1142	1805	96
4	895	55
733	589	88
804	2277	23
1956	297	70
558	439	9
507	2706	96
611	2045	55
147	784	72
1428	2231	296
1193	696	56
1282	158	456
887	543	11
514	96	70
609	727	112
282	1615	28
1484	28	11
157	100	306
1556	2771	31
1716	3426	277
580	4856	284
1795	2883	88
1442	439	9
2194	1413	31
205	850	83
868	3963	104
1623	435	302
1434	2480	90
1232	2665	225
1491	1459	259
906	1353	71
1271	4398	103
244	1170	360
426	482	71
224	1276	43
2236	843	39
1217	610	284
2089	859	171
1286	1374	43
1008	618	71
1227	642	363
1697	387	401
733	2289	117
2217	1365	53
1197	1532	171
232	469	34
240	3551	30
616	2981	209
1213	317	233
823	14	385
246	3913	141
847	802	42
91	3574	11
455	2592	11
373	1597	69
73	1507	315
1019	210	360
658	1109	347
1186	4562	466
1062	790	70
1966	2022	179
96	5011	4
509	1597	69
229	3426	277
360	4292	55
797	914	56
175	803	71
141	2	11
96	1945	27
1752	760	56
1310	642	363
564	364	456
1029	3890	114
208	3701	70
1157	84	88
1394	616	40
1139	3659	136
644	4597	205
2183	1460	4
388	3426	277
38	96	70
1349	877	72
604	1156	9
898	4343	71
395	2639	56
1685	4199	346
1684	4254	452
2118	4865	347
1214	3968	55
1715	239	42
190	2178	32
359	1045	205
392	361	70
618	3647	11
1738	202	315
624	679	363
40	2692	430
204	2845	42
1225	1352	70
1566	4050	171
191	4847	109
223	1098	448
815	1487	138
1227	2299	70
158	4009	87
510	276	315
1861	656	184
1051	766	77
101	2836	42
1230	3	70
1534	1140	24
1137	447	332
730	144	55
735	1907	69
1317	1852	200
968	2483	72
1605	135	72
1029	3329	337
1178	1	74
1152	1681	205
1289	5559	136
752	584	88
637	1121	95
486	1183	55
213	2129	106
1838	564	90
1106	982	56
2020	2421	326
845	1964	56
92	117	43
625	1301	70
1355	5491	46
564	992	56
286	259	316
0	5565	306
383	4096	8
646	4603	82
748	620	11
479	3813	425
823	446	180
794	434	72
1307	531	72
1947	2258	88
1473	2253	467
334	144	55
346	1	74
570	3786	443
1390	399	324
2087	4110	404
88	4050	171
525	1259	259
2154	5305	302
1173	378	208
473	1583	87
1936	69	112
1317	4439	88
982	788	72
655	372	302
218	727	112
1008	734	452
325	1049	135
2236	915	106
2184	4863	460
671	3224	313
899	4416	70
2066	1722	70
967	2613	33
376	616	40
451	138	403
622	75	88
2301	123	104
1275	226	102
558	1248	71
1139	2700	136
363	1450	74
1502	1358	70
5	210	360
113	1486	88
1052	1879	96
1406	727	112
408	3443	70
946	1638	171
191	2079	91
1322	1941	201
1038	4083	55
1941	354	71
485	828	42
616	1663	55
794	1108	88
1182	627	173
996	135	72
253	4471	115
388	795	106
1105	2358	462
904	4146	55
1792	806	107
1331	298	363
856	793	71
808	16	42
887	1247	205
1227	944	164
1576	2536	374
551	2536	374
1215	1579	208
1790	4418	43
479	158	456
1614	615	270
642	4162	74
1096	2066	83
1103	1125	273
171	738	453
1299	438	284
31	1551	71
806	3342	70
1135	3540	184
685	1137	28
786	4150	464
798	779	456
1733	4800	11
1343	1385	32
1139	708	136
1412	1306	438
1644	1785	56
168	1293	374
1566	416	91
481	201	55
1329	1110	69
265	1249	11
135	4278	214
1359	5193	277
1313	4986	42
151	1814	33
1786	317	233
1632	3552	112
1459	417	306
542	1090	72
388	525	46
636	5204	70
892	396	136
448	113	71
1095	3424	55
285	80	450
450	2092	88
454	492	14
903	4572	406
722	121	32
783	16	42
1135	3774	88
902	204	69
2222	70	71
1453	5077	270
1124	5132	70
1691	218	70
435	330	55
668	1545	415
1789	3369	42
1035	922	11
187	795	106
1408	180	452
1405	315	31
885	542	171
63	902	61
635	728	87
791	67	70
482	1730	56
107	1511	404
24	5438	11
1178	714	31
1533	5355	55
968	618	71
890	3176	455
76	1894	437
1375	5038	41
2028	288	55
1023	26	306
1062	816	225
132	1653	353
539	3312	86
1037	2419	403
789	710	88
1095	2757	43
1758	3775	411
1235	2653	88
603	3691	277
1023	54	55
340	1072	433
93	4226	88
599	789	363
2211	721	88
1143	3578	39
439	3426	277
216	4699	167
1664	3241	201
1158	936	360
70	384	11
547	2025	306
307	2261	87
1759	4825	347
549	526	70
2093	4500	159
395	2049	88
233	1138	435
482	312	420
1178	4028	43
1672	1331	41
418	655	284
804	765	77
694	298	363
1625	1226	317
540	1748	452
1121	1550	71
90	100	306
2003	2622	275
1793	752	55
2022	863	259
70	3259	56
691	1934	56
1233	4828	284
860	1950	299
140	607	42
952	615	270
348	776	70
1738	113	71
1145	4197	277
2304	4554	43
1261	4496	142
392	298	363
2026	3198	30
804	5270	193
1167	2368	70
485	3426	277
1872	28	11
1310	1093	72
246	163	110
286	4787	31
91	1922	420
348	2497	365
1796	1692	56
1295	389	162
1517	4281	39
1282	2025	306
798	1606	72
792	802	42
116	28	11
1882	626	231
51	4605	315
1722	3249	284
216	4144	23
1471	2000	88
313	25	108
466	2665	225
789	512	356
945	3101	258
204	1355	55
1271	859	171
933	4792	452
632	1376	11
870	215	275
398	4857	378
576	28	11
1719	2803	11
355	378	208
87	84	88
59	840	39
1780	175	103
1759	615	270
846	3858	55
776	4271	55
624	3797	42
528	2068	56
552	44	275
911	2922	184
37	522	56
179	471	99
673	298	363
1017	1277	143
988	4281	39
246	1696	54
1354	4668	369
375	3744	284
517	180	452
285	567	332
705	1330	456
1529	704	383
1057	378	208
1234	3222	204
2113	57	146
839	3228	91
378	602	70
1416	138	403
2013	482	71
1530	4871	88
1371	5326	456
378	1078	42
1383	4535	37
39	3373	55
1367	326	42
909	488	71
835	601	70
1582	4060	69
542	2954	369
1148	221	181
171	2377	425
1419	3593	88
1571	5051	138
157	620	11
2201	75	88
1551	760	56
890	497	189
486	1538	70
667	2018	452
395	596	306
1033	31	55
997	3017	69
51	2091	306
58	210	360
38	3426	277
2091	2045	55
2247	1330	456
1227	639	11
1474	2957	369
488	887	70
951	1098	448
1809	656	184
1309	278	456
735	4800	11
1575	2085	54
606	113	71
426	1269	54
251	4663	456
1442	2061	23
1767	932	76
1145	4244	277
360	1667	324
1002	1449	74
794	527	88
847	75	88
634	2743	69
1211	5019	55
672	4707	271
1186	12	466
1469	2272	42
1487	28	11
1912	4260	11
467	360	332
1993	14	385
1598	123	104
1482	1003	302
1341	4924	433
156	2306	415
688	2076	464
1167	5117	332
1840	5147	372
1360	642	363
791	135	72
1494	1882	56
2229	4069	302
1057	872	72
1325	5379	332
191	1962	70
1427	1340	142
331	175	103
389	1269	54
908	3208	42
424	826	88
59	728	87
1220	116	306
821	4709	284
495	542	171
250	3123	54
139	1396	114
316	1870	40
525	3459	162
1689	3437	136
1708	3426	277
1579	180	452
1008	3098	42
285	658	302
253	2019	70
17	390	88
1194	4678	257
1167	75	88
633	2712	69
130	1923	403
1275	188	201
996	419	189
2215	446	180
1067	302	315
1234	5589	41
917	2022	179
1989	5461	107
1531	1227	184
2079	4490	70
988	84	88
1394	417	306
1151	1935	71
66	3595	184
450	229	69
139	4307	279
2083	1017	374
896	453	55
1350	215	275
1238	3917	5
134	2668	25
173	4359	44
1168	5377	209
411	1682	9
794	3586	55
731	4631	39
113	532	41
229	2323	96
853	418	285
368	2832	88
514	4233	277
1365	96	70
1099	825	42
591	5543	32
1268	2120	42
1034	3755	186
2070	195	88
1208	5429	154
1086	757	114
1268	2022	179
293	2357	426
1048	97	69
1267	4880	55
161	416	91
646	2140	302
581	723	88
1316	67	70
79	647	43
120	1669	283
2169	247	383
1064	1095	395
119	1532	171
512	28	11
489	646	302
731	3723	37
1131	2455	23
512	709	88
844	582	277
290	1209	306
750	123	104
50	2033	9
1228	5261	284
1144	290	379
458	4196	221
323	1959	71
1356	163	110
564	2020	456
278	4605	315
1193	1011	71
676	315	31
713	2866	69
2177	422	284
777	1506	24
2200	9	385
2122	609	172
1396	247	383
1355	2318	63
2242	5	159
361	1539	88
1319	1295	71
723	1397	246
1899	894	37
73	1636	200
733	1028	10
516	471	99
1010	24	78
1180	446	180
988	2098	42
2281	1225	456
1996	658	302
953	1691	72
658	4718	101
236	3737	119
1595	4906	86
647	652	440
279	75	88
635	1531	11
672	446	180
1841	2360	103
1561	880	451
995	2866	69
3	2120	42
1357	5337	362
698	2866	69
451	357	278
813	2344	56
42	1801	33
2016	663	362
228	1126	258
1137	202	315
1018	4010	367
1138	1941	201
451	2627	56
1417	743	360
552	293	362
159	827	275
1563	2494	61
1356	4690	462
426	4515	47
1187	4498	44
2193	3324	300
606	914	56
1200	39	71
833	356	277
399	1	74
988	561	39
1336	5190	294
25	378	208
646	26	306
167	1858	436
1874	1154	43
1427	3165	395
758	199	108
95	322	88
58	471	99
1968	620	11
628	1841	69
243	3040	102
898	890	136
193	75	88
1140	4024	54
1277	1225	456
1098	312	420
93	360	332
65	351	32
128	2023	354
1691	3830	369
952	2763	88
362	2864	103
1344	4127	208
431	4065	56
947	2467	40
731	1809	83
1154	708	136
1280	4910	102
1419	357	278
536	2431	87
197	379	69
383	3959	32
1877	2154	187
549	1812	356
692	1304	444
461	1205	31
1317	688	55
1295	0	462
375	677	258
1853	839	385
1161	1518	70
1180	5201	136
1708	1740	403
547	1250	11
435	3680	106
1630	780	452
95	2496	65
655	1045	205
244	5072	56
1841	170	11
1499	75	88
2210	3075	23
564	2068	56
835	210	360
1933	4051	270
154	2909	56
458	2283	74
1299	5047	70
240	890	136
449	1	74
1232	5581	92
500	390	88
359	957	43
1334	393	70
392	2922	184
114	806	107
2092	251	362
184	3956	298
1712	2357	426
2034	4398	103
1069	403	42
1008	537	171
1732	768	106
282	399	324
445	852	12
1155	2099	112
1261	2627	56
2028	2867	189
722	3112	71
512	624	88
156	4036	72
1081	1941	201
1215	914	56
2091	4607	315
218	3716	42
1353	3081	403
1087	4418	43
625	3036	284
2261	315	31
1644	4144	23
5	191	56
691	4979	54
1512	363	275
907	5239	70
1441	3284	353
786	635	106
348	514	40
3	2411	42
106	2751	33
564	2888	340
1169	2950	191
752	936	360
180	3421	88
156	16	42
598	1908	41
120	273	41
390	204	69
368	1100	238
255	1313	302
172	3312	86
1097	1199	70
1270	4410	302
388	3673	46
2188	5493	456
389	1383	70
1471	481	69
1193	4418	43
52	1810	205
893	244	94
1340	535	41
2022	3168	259
1127	2239	239
15	1692	56
115	2299	70
593	133	200
211	2643	11
645	5006	339
88	4329	55
1355	2819	11
677	97	69
1520	1330	456
630	4498	44
1280	1739	290
712	3968	55
96	474	88
2	977	56
185	500	43
334	317	233
1476	642	363
603	4033	284
519	1263	71
1418	2425	235
1492	1459	259
357	161	37
2294	1479	313
1456	471	99
742	1892	303
1810	5477	33
1538	1218	184
1982	100	306
211	763	142
157	5565	306
2083	96	70
1462	1225	456
361	161	37
1145	2493	11
179	0	462
677	3343	136
1564	90	80
467	489	158
1349	4287	277
399	3452	33
5	469	34
614	3762	306
1566	778	142
1340	1176	88
1623	1366	302
1807	1261	116
1569	658	302
468	3784	462
349	1225	456
2266	1752	441
560	2147	136
1643	4800	11
1412	3884	42
702	3426	277
1562	5033	88
57	289	339
1412	113	71
712	361	70
1105	1098	448
1480	4482	347
213	1997	55
1334	92	72
2028	1195	70
372	1551	71
126	161	37
326	2914	90
296	838	56
1453	204	69
794	942	112
1228	3161	285
1098	4666	413
1718	3390	273
2063	386	200
179	2991	205
1479	288	55
1050	517	362
553	1829	55
45	1791	240
1281	1880	70
264	123	104
426	1816	71
479	3606	441
1675	210	360
245	4426	405
1385	467	77
453	75	88
17	0	462
488	5524	9
1350	447	332
1136	2645	354
1334	1034	69
71	2647	470
1741	2085	54
1364	100	306
98	105	119
87	466	106
688	4055	56
669	3821	413
1144	4728	255
673	902	61
1369	379	69
779	655	284
966	987	136
1349	24	78
1247	2573	302
1327	60	128
1647	1033	53
598	3201	81
1310	2512	357
411	115	41
1160	1358	70
260	1840	88
260	492	14
1846	1842	69
536	535	41
1031	411	199
363	1544	245
87	920	76
1159	3105	250
113	1276	43
1252	2480	90
389	690	56
489	2681	77
564	4089	88
350	2818	456
1823	484	71
488	2309	70
288	317	233
1522	1636	200
301	347	70
1155	3913	141
30	378	208
1943	646	302
989	1718	11
1371	5443	413
1257	774	467
902	446	180
1614	766	77
388	785	162
293	4464	88
741	1390	136
437	1438	33
1223	256	302
1497	3167	220
1143	3444	39
252	2126	70
1907	36	137
310	4042	88
582	161	37
293	4926	103
369	4605	315
560	793	71
1364	26	306
1520	2419	403
1074	5407	72
388	1071	37
1084	4801	55
224	1109	347
1450	39	71
1209	14	385
783	399	324
1417	4235	403
1704	124	257
29	2306	415
331	898	78
240	620	11
144	4585	11
625	5593	337
743	886	304
1623	901	42
962	1081	374
1154	1438	33
1295	378	208
758	210	360
1750	3716	42
724	4996	56
799	161	37
1750	32	31
1136	204	69
599	1454	39
822	500	43
353	3327	31
1816	4852	88
1861	697	332
166	2068	56
798	1679	411
1682	1293	374
1630	760	56
1482	326	42
1173	2624	363
295	1145	32
1349	1	74
1583	3426	277
510	587	69
288	2692	430
372	2349	283
1274	357	278
359	1521	88
1443	951	69
478	2242	140
2119	3846	385
706	3703	266
1723	3674	47
903	2686	37
938	110	42
579	4428	30
389	734	452
1404	517	362
2184	4766	72
1463	9	385
968	4843	56
1576	75	88
890	1053	189
113	4996	56
173	288	55
1073	3940	138
1290	2297	157
1519	4338	122
58	188	201
1422	367	55
197	311	41
887	1192	71
177	162	31
483	24	78
693	658	302
1573	2709	70
1409	1628	233
1280	846	290
1221	3437	136
1325	2973	70
413	1635	336
767	14	385
374	1488	1
1035	469	34
458	716	235
485	729	88
1004	360	332
1773	911	180
1275	3281	363
1514	204	69
63	474	88
1476	766	77
649	2581	74
1267	4305	42
1069	296	72
674	4254	452
820	2629	70
2249	395	184
1059	70	71
716	1968	88
1298	2156	409
1647	2055	452
1522	1367	284
1395	322	88
941	2337	462
646	654	88
253	120	88
186	567	332
298	1605	70
1194	1518	70
1031	1535	55
380	1145	32
885	1506	24
848	2515	403
1442	2660	141
2261	1745	77
742	75	88
1522	1561	456
1048	75	88
2123	766	77
1228	1543	32
1146	585	11
651	3121	464
1187	810	115
1857	4924	433
635	323	37
226	1324	114
890	3426	277
1031	210	360
974	2033	9
1226	1248	71
1089	1033	53
2014	784	72
1144	4528	54
1487	1045	205
1354	1059	456
246	70	71
346	26	306
1614	1078	42
1513	500	43
1647	2925	11
1652	2507	70
1221	135	72
1514	2879	403
1263	228	42
2175	1043	16
2035	51	306
1180	2988	266
1140	161	37
255	2627	56
24	2194	9
1224	675	117
334	2244	56
168	2395	40
797	1744	77
1936	2481	136
779	2687	70
1850	3319	72
652	2677	23
85	497	189
1130	176	11
1406	5152	55
603	1674	324
507	642	363
543	786	200
919	161	37
1751	1212	142
793	1989	212
616	5247	405
73	3481	88
1384	3362	302
634	1755	71
367	2465	362
1177	1413	31
2028	4049	171
340	2055	452
450	270	88
937	760	56
1366	491	11
1446	416	91
1491	2579	258
465	1930	443
520	161	37
993	139	252
1638	360	332
2014	3453	11
2255	615	270
1965	1457	284
85	204	69
618	853	88
673	3823	363
40	4689	97
338	4426	405
516	4740	171
1038	1953	313
1298	4597	205
229	1937	23
827	2062	41
2219	888	56
1896	1174	414
474	868	56
1910	204	69
388	163	110
850	84	88
1710	69	112
2311	3537	452
1443	4253	78
906	4840	96
96	3616	70
2246	3173	213
1726	5156	70
797	2811	269
221	2733	88
745	158	456
90	2783	42
2019	1045	205
1244	446	180
2085	138	403
1354	2225	88
344	1	74
1154	2447	380
1877	1538	70
148	2	11
643	210	360
366	1841	69
2078	2328	99
1511	136	134
1245	1546	184
748	1017	374
1007	468	294
82	4028	43
387	2958	88
258	2117	56
277	1288	32
742	1153	96
1296	2308	46
1574	4619	163
402	2722	358
486	1899	70
1684	5321	136
1669	135	72
878	97	69
548	911	180
1228	4270	77
116	251	362
882	3473	231
408	271	55
2218	2843	275
2283	500	43
96	1513	9
1137	2858	56
1333	2165	356
1892	457	73
269	16	42
1135	1343	136
241	3254	137
916	4021	55
1168	4008	464
92	560	106
1375	1145	32
1317	868	56
1370	981	55
207	577	9
115	67	70
1134	97	69
735	4764	240
1081	754	72
511	96	70
344	830	116
1578	1034	69
1732	2473	70
129	3517	302
491	1641	72
2033	1620	31
374	1977	86
1180	75	88
482	2493	11
1052	2088	11
1655	4240	11
955	1239	71
81	180	452
754	3406	70
1177	4094	468
1071	1111	72
899	1672	306
724	3697	56
33	1379	472
0	2604	337
448	3587	452
114	1397	246
420	3838	277
1606	739	385
1810	499	43
307	1342	317
1015	163	110
340	3546	195
1493	100	306
253	399	324
1227	1232	56
633	622	56
617	1458	363
1485	1173	144
892	97	69
434	368	195
2234	28	11
978	537	171
1691	4149	209
1267	434	72
1175	916	164
1134	115	41
458	317	233
33	2684	464
834	14	385
282	625	55
236	902	61
998	4165	171
1485	438	284
360	786	200
1159	688	55
197	1330	456
4	67	70
735	1678	385
130	2880	72
1419	1814	33
352	176	11
129	3208	42
1449	2242	140
1133	1445	81
868	4545	88
1840	3760	188
191	438	284
335	1226	317
297	1454	39
551	1142	294
961	1705	71
950	954	30
616	3138	284
647	2230	42
392	1658	381
1189	97	69
1069	1789	74
1186	2803	11
375	2162	284
562	5056	29
1016	4472	294
496	2028	157
522	14	385
1541	28	11
31	26	306
1052	5533	72
1153	5118	56
161	3658	373
846	2756	96
1354	288	55
158	210	360
690	763	142
339	3895	91
1565	1274	141
51	1198	55
216	625	55
1439	4461	184
1159	3552	112
721	2751	33
1136	4991	189
541	806	107
1298	723	88
171	2121	91
482	75	88
1441	3854	171
902	5162	30
259	297	70
73	5283	83
1193	484	71
1879	382	85
1719	923	11
535	1033	53
1175	2763	88
1159	28	11
92	625	55
833	2088	11
180	434	72
97	3068	284
1289	5020	103
634	658	302
2030	2461	148
1227	4838	70
1187	2300	56
1501	471	99
890	215	275
1116	484	71
1139	2395	40
35	1757	433
482	1927	403
507	2888	340
636	562	43
178	340	136
636	522	56
1038	1978	88
247	1209	306
1343	1144	94
2228	982	56
570	556	324
598	304	158
289	719	53
2110	3540	184
171	157	275
1369	4789	362
743	1296	71
1461	1930	443
1243	967	41
1495	1679	411
651	2026	438
2141	1253	284
1379	360	332
726	2658	40
338	538	54
508	75	88
158	3198	30
1240	482	71
873	204	69
629	4547	32
378	1607	77
88	411	199
840	3020	69
1310	1711	70
2287	395	184
639	159	11
603	4174	259
1474	2627	56
390	2574	117
2018	3714	55
1265	1045	205
1269	153	25
899	4281	39
995	100	306
432	3570	369
539	4298	41
1962	5094	362
92	3788	200
1529	5158	385
1129	4388	56
316	1045	205
584	2606	11
979	138	403
1847	1907	69
343	471	99
84	2166	56
593	2775	186
216	69	112
1385	4074	198
808	776	70
139	1072	433
988	2659	106
379	2786	71
1349	1210	93
78	1901	332
1222	5476	28
264	482	71
883	1816	71
765	4001	69
656	213	332
1135	3469	158
945	1634	355
1840	3009	85
1406	1399	88
25	84	88
1058	3975	70
347	3705	88
806	2973	70
416	753	41
290	642	363
1038	497	189
767	490	237
1594	343	136
1295	2368	70
313	3851	276
452	1582	72
1015	96	70
1373	3404	336
2	96	70
67	1711	70
197	3348	42
287	776	70
265	790	70
156	890	136
359	1577	213
59	3075	23
1186	3537	452
158	4977	70
1111	1414	96
477	484	71
361	4315	332
249	2395	40
1158	1983	270
1293	32	31
1638	752	55
1813	1426	42
767	84	88
2273	4105	120
1338	734	452
431	1963	53
1048	4369	271
1466	765	77
318	2968	54
786	357	278
307	4800	11
489	1276	43
527	1489	267
1064	4276	245
809	5340	55
272	3878	88
1310	1207	436
581	1409	11
1931	5116	88
1261	3447	43
318	363	275
1585	488	71
657	1460	4
248	3321	142
1058	1967	317
1545	1507	315
564	2587	23
1215	1441	151
229	727	112
1333	4911	54
72	3524	162
2003	2543	189
477	1907	69
2249	1711	70
1018	4199	346
1718	5152	55
1752	2290	71
2210	5330	37
1723	1045	205
1061	175	103
45	1796	49
863	424	56
1487	1062	456
1924	4426	405
554	632	270
845	5359	71
1270	84	88
623	4162	74
429	1644	205
1545	2026	438
633	1942	11
497	2663	71
735	1045	205
1577	964	258
49	242	72
1220	91	37
1672	4730	357
131	1448	43
1180	84	88
823	137	78
1924	5	159
2226	587	69
2185	482	71
1146	1445	81
564	438	284
991	3432	158
1965	4567	88
1858	144	55
1042	4193	277
901	1227	184
245	1186	70
2067	1845	162
1269	910	179
385	1560	56
515	3918	70
741	3473	231
766	2981	209
1267	251	362
929	173	53
1301	2239	239
1214	859	171
698	3801	112
690	2374	69
766	3222	204
683	919	191
135	540	96
790	1033	53
846	179	77
1502	3032	294
90	483	205
890	4113	189
730	1768	47
1394	2746	136
2100	1841	69
1165	4154	42
611	469	34
57	646	302
591	4996	56
1095	806	107
972	915	106
1557	2252	442
264	339	55
581	1193	115
194	723	88
1150	91	37
1248	2714	32
2020	1691	72
281	75	88
1961	2747	42
529	3241	201
1317	97	69
552	4430	75
1965	4967	205
630	3382	69
564	5067	277
1762	4398	103
1270	859	171
1390	438	284
378	1601	106
988	845	56
186	697	332
596	2029	85
450	38	142
978	1532	171
1298	4452	72
1767	914	56
1863	2076	464
519	312	420
342	954	30
429	3561	239
1084	214	72
758	1539	88
541	576	104
1067	1188	376
627	4491	77
1409	1048	31
612	116	306
123	208	31
1394	4554	43
914	446	180
89	273	41
682	4679	43
514	276	315
617	161	37
156	525	46
2060	1416	71
402	1159	358
272	26	306
605	204	69
1363	672	119
118	3171	246
1441	1053	189
528	832	306
2183	3281	363
1409	4762	31
1455	628	274
1262	500	43
271	254	284
368	3952	103
968	84	88
1236	89	81
1146	71	70
1058	414	358
1850	1909	71
704	4050	171
1235	416	91
991	497	189
1643	1166	205
41	3397	86
1211	271	55
476	4021	55
172	28	11
1029	5124	337
482	315	31
1441	357	278
371	19	88
1330	3977	100
829	397	88
654	3497	31
1267	627	173
244	310	124
647	3698	112
1304	288	55
1173	3843	71
849	3426	277
1095	4891	43
899	1998	11
1130	4426	405
1144	527	88
757	86	23
647	1203	458
173	5256	31
625	901	42
1432	3722	296
562	2646	275
1043	1095	395
1632	1045	205
1340	1653	353
437	474	88
350	140	71
1357	3342	70
361	1239	71
1365	1885	327
478	2784	204
175	461	70
2085	87	275
162	842	371
1307	5197	72
482	2210	111
45	399	324
1144	602	70
280	4059	277
1698	5469	71
1973	3602	158
482	914	56
618	327	77
314	3691	277
97	24	78
269	392	70
449	75	88
28	1686	71
1057	983	70
1148	1095	395
876	2593	70
402	4426	405
1794	2589	270
901	815	11
952	1950	299
1210	73	423
1158	14	385
1972	271	55
497	1793	418
305	93	275
1431	2808	294
372	2138	283
1726	753	41
524	5103	74
131	184	11
546	24	78
1197	2495	70
508	5554	72
62	268	53
1220	67	70
688	522	56
1222	4530	69
325	1154	43
833	2894	443
159	4254	452
662	760	56
1798	2768	56
1214	4162	74
1318	3471	32
1170	1677	385
521	4021	55
51	891	53
489	226	102
394	2493	11
2201	1612	212
2076	4027	37
919	4535	37
790	1550	71
2018	4241	162
130	2984	113
1264	4676	88
1566	71	70
156	2258	88
269	4106	70
257	642	363
21	2978	88
576	1264	54
1491	766	77
413	3071	415
1845	113	71
2185	26	306
1016	3613	88
114	177	96
1291	2056	52
1153	1711	70
761	3548	143
561	801	106
699	1670	205
485	120	88
296	361	70
1212	419	189
636	195	88
352	232	291
43	2967	55
1721	1218	184
2056	95	251
1008	842	371
1334	320	189
1206	1056	245
1081	255	284
221	1097	88
1948	1845	162
834	982	56
1878	2665	225
174	2131	32
1902	3163	54
1691	755	56
239	1145	32
1158	291	362
1308	2784	204
968	138	403
1055	4637	347
515	89	81
1153	3202	189
530	554	70
1359	1117	32
285	1695	88
1069	3426	277
1634	447	332
820	1853	78
1038	14	385
753	3211	256
792	4418	43
1138	4478	302
1122	1622	71
921	4461	184
1950	1655	249
198	4120	277
147	317	233
819	3785	462
70	354	71
626	5010	171
661	843	39
777	3940	138
2203	97	69
1404	4104	77
587	47	41
244	1114	120
1174	3436	41
93	708	136
2110	1586	284
1845	2258	88
640	1682	9
684	2473	70
1226	620	11
2114	3920	56
791	5232	112
657	100	306
537	75	88
232	2291	259
1133	3893	104
2199	3557	31
316	592	41
1368	378	208
2269	381	38
246	97	69
1316	455	69
843	903	11
256	752	55
521	96	70
1335	417	306
670	135	72
564	1296	71
1412	3152	69
1830	2812	71
158	460	24
702	135	72
2128	3294	257
673	472	284
2224	801	106
1378	297	70
306	1212	142
380	2935	386
1103	215	275
204	760	56
1298	4905	103
1991	4241	162
2214	2980	209
17	1922	420
2249	161	37
1049	1853	78
1048	115	41
1309	4218	448
669	3210	195
2296	96	70
1577	2538	410
1139	4814	187
482	2498	186
102	727	112
609	576	104
512	4126	24
1244	2026	438
1865	2987	142
999	1291	3
635	4662	55
723	2295	11
76	841	56
2088	3815	56
1038	313	118
2197	67	70
586	917	70
996	1603	200
27	2625	324
1823	627	173
202	620	11
1083	443	71
683	152	70
1170	1034	69
282	1082	66
1614	2473	70
832	864	302
685	3284	353
908	1421	55
1111	620	11
966	5450	90
793	1003	302
1269	2175	10
187	161	37
1229	4675	405
1441	3342	70
92	3551	30
1741	4082	70
2138	399	324
1824	3426	277
45	1429	54
92	1759	11
1342	4396	65
1164	3888	104
759	541	395
899	312	420
1356	3743	42
672	2076	464
426	538	54
1352	4190	94
1055	435	302
367	1117	32
1140	4473	290
1293	1018	374
58	1819	71
479	278	456
288	3163	54
1271	1674	324
806	3938	88
1840	855	148
124	2873	87
447	1250	11
258	2267	70
230	1026	53
1191	936	360
1664	370	72
743	5036	302
61	429	42
746	2329	186
598	750	294
39	1837	71
171	2769	55
1699	4771	69
1142	4806	315
107	1578	11
1044	699	31
1391	4621	332
1980	936	360
1419	220	88
84	3328	11
512	1141	119
1857	3180	332
1218	4551	103
275	1282	4
378	310	124
1735	14	385
1840	1821	463
1162	1048	31
399	2301	31
530	75	88
652	4593	33
87	3426	277
150	2000	88
560	2111	324
1189	414	358
850	2068	56
1756	5415	464
604	3001	315
1718	3508	88
1779	2247	73
1533	2055	452
90	3207	56
14	2275	358
107	1978	88
1348	517	362
788	1408	134
2028	3134	42
1029	1461	403
1600	714	31
615	4026	88
2103	14	385
899	190	43
1587	447	332
314	4244	277
426	843	39
302	3575	11
1474	2325	158
1795	2399	54
1407	1037	397
1579	692	435
1597	597	41
730	452	88
690	70	71
897	1219	212
282	1748	452
2240	392	70
2152	399	324
1424	363	275
1142	3179	285
505	1913	231
1887	227	71
1271	288	55
1463	2645	354
1621	2621	39
804	177	96
120	1253	284
456	1133	285
283	75	88
1343	605	8
776	1631	70
2260	3923	84
1269	995	302
846	3738	77
1192	2691	149
1479	3005	448
326	417	306
1118	4033	284
1202	4016	104
1045	1	74
1739	576	104
667	1357	88
616	855	148
742	4283	31
1433	4664	91
221	1907	69
1514	1352	70
1144	139	252
1047	152	70
361	325	136
1432	3424	55
1050	73	423
144	492	14
1204	115	41
828	1593	41
617	202	315
871	32	31
798	4970	456
5	1553	33
1835	146	55
140	4472	294
1307	67	70
1710	213	332
1924	1019	404
338	285	317
156	2933	96
497	843	39
1965	658	302
375	438	284
1339	2602	171
305	399	324
386	658	302
1834	3665	275
1137	4570	334
1208	5259	315
447	370	72
1145	113	71
735	3487	88
1219	604	136
610	3601	294
61	3506	56
2131	5485	31
995	2224	43
1096	170	11
2268	135	72
362	771	88
629	210	360
733	1283	5
1229	3161	285
1087	4037	72
1044	1742	69
1110	621	55
1329	4418	43
635	1853	78
1426	1	74
682	1073	70
375	210	360
160	28	11
629	1908	41
1140	123	104
1271	5357	88
334	28	11
1257	3309	452
954	4461	184
1385	179	77
1879	4096	8
1021	905	369
332	75	88
302	4259	91
1861	2521	422
1138	2076	464
366	3002	55
422	124	257
1373	562	43
1008	560	106
176	635	106
1073	1660	138
1158	590	88
1789	200	161
1247	960	79
1389	1745	77
12	1689	56
1614	4018	88
162	848	347
860	1345	88
1034	2082	55
1169	208	31
1024	3746	459
269	514	40
1854	716	235
880	1255	302
491	1999	302
345	4143	70
1282	1967	317
267	1264	54
1218	3786	443
1026	3148	55
287	1417	24
1538	3595	184
1247	2952	395
813	3753	24
1084	419	189
1208	1863	158
340	3587	452
1912	2929	242
326	2075	136
1533	4924	433
126	210	360
1317	26	306
742	620	11
740	806	107
73	5271	65
1186	5171	475
70	144	55
1292	399	324
1564	91	37
1592	4157	295
1214	215	275
1140	326	42
1750	124	257
1461	5121	266
38	1562	24
407	1199	70
407	2677	23
1356	1760	32
1750	317	233
142	4259	91
1549	2459	45
47	2617	452
200	1793	418
828	1128	56
574	2116	43
1083	4101	31
630	182	114
657	743	360
1737	107	70
313	1711	70
171	4996	56
789	3762	306
503	2028	157
676	2675	33
2089	842	371
500	416	91
285	4562	466
1642	1582	72
840	2665	225
930	2875	452
935	1985	5
1492	1755	71
1374	4329	55
53	635	106
422	438	284
113	1294	373
395	1876	55
63	1102	91
1097	625	55
779	1374	43
1383	1294	373
1571	1784	317
676	620	11
468	3617	317
1357	4358	284
387	709	88
1419	215	275
354	5035	277
1583	3226	370
442	2070	257
1020	1653	353
783	144	55
1441	2371	217
2099	5070	72
1126	1809	83
1081	766	77
2221	582	277
329	554	70
473	26	306
375	3989	302
1055	3342	70
1484	3524	162
248	433	72
12	4012	56
1231	490	237
316	1048	31
1879	3537	452
1990	254	284
323	2655	54
1287	1589	302
1318	532	41
579	97	69
1169	5122	332
1466	1257	72
823	719	53
1170	4530	69
30	863	259
1260	4957	275
515	2032	86
1487	1330	456
2239	2784	204
1179	5503	294
978	1259	259
517	144	55
887	54	55
1971	963	373
288	4916	71
1486	266	88
232	97	69
489	4673	71
553	4292	55
228	460	24
1688	597	41
268	2077	126
827	796	38
171	3457	332
119	87	275
1571	1218	184
726	84	88
1084	84	88
206	239	42
361	3288	33
477	439	9
256	326	42
2076	1780	55
1743	4479	42
272	1650	88
991	2659	106
485	1553	33
474	1200	71
384	803	71
1221	81	33
1510	202	315
644	2809	262
624	1130	88
1280	2954	369
130	1899	70
259	1311	457
157	3354	69
1532	1472	53
205	3537	452
1812	317	233
1139	1519	88
1359	3725	57
47	1346	305
297	749	69
160	3355	55
1205	4761	332
375	2578	340
834	1093	72
1369	627	173
1187	597	41
109	1978	88
647	635	106
139	2891	42
1296	809	42
1220	531	72
31	920	76
491	1044	56
2254	26	306
1539	161	37
91	1196	88
562	96	70
1088	4824	93
1950	32	31
40	1248	71
264	1272	106
515	1534	72
388	3581	205
331	1162	117
636	300	55
961	1551	71
686	901	42
535	1114	120
1531	4438	72
1316	828	42
1417	261	317
1221	308	63
107	469	34
713	4337	88
845	1210	93
255	3772	88
113	296	72
467	4201	403
196	100	306
587	1663	55
679	81	33
448	4454	88
1973	67	70
1501	439	9
255	654	88
2166	1816	71
933	96	70
1698	434	72
1463	2925	11
1354	3645	71
1314	3276	98
1234	28	11
392	1358	70
1339	4077	257
822	1519	88
1173	251	362
1682	2589	270
974	1298	306
1438	2599	30
1569	517	362
582	1744	77
353	192	42
1384	658	302
741	2898	71
255	100	306
1126	2653	88
1559	315	31
1250	1276	43
1476	298	363
853	1867	103
361	935	112
479	2254	452
265	2455	23
789	37	142
55	72	71
497	2350	365
524	921	76
1228	3281	363
1691	1045	205
1268	71	70
614	2657	77
783	567	332
1186	2629	70
245	1176	88
1220	3369	42
482	416	91
1343	2301	31
395	1668	31
241	230	71
503	2634	56
496	3040	102
297	3217	72
16	313	118
996	1198	55
930	4077	257
789	38	142
358	355	55
402	2165	356
73	1305	185
1029	3254	137
1096	2776	189
2211	1854	78
535	727	112
1579	2299	70
1706	3989	302
215	2933	96
1248	4971	465
1685	457	73
198	1018	374
96	2798	302
376	379	69
821	1140	24
124	4085	55
435	258	306
162	4800	11
1577	1696	54
171	1050	31
96	534	87
972	601	70
966	3477	220
405	2269	43
447	976	72
232	1838	23
1328	647	43
2152	3624	5
1817	1975	56
1961	438	284
58	1597	69
485	96	70
139	748	42
2191	1253	284
524	3223	208
559	3774	88
1055	4540	347
214	1076	317
239	2057	71
925	330	55
1313	28	11
250	405	35
846	31	55
1813	84	88
1435	96	70
2237	113	71
96	435	302
78	3989	302
40	914	56
1291	312	420
1035	1065	88
1389	1985	5
1057	4940	191
1299	173	53
1167	195	88
1856	204	69
666	116	306
548	2095	231
1008	96	70
1064	4183	60
1405	4782	184
1226	71	70
252	3529	253
239	833	69
216	3277	448
190	3214	144
1462	1711	70
250	795	106
1602	2584	245
1696	3583	77
1130	28	11
593	399	324
382	4646	408
1054	2691	149
484	1435	33
1532	3672	302
871	4746	71
1357	1470	72
156	28	11
676	3848	357
1428	239	42
468	3426	277
2066	67	70
385	4848	11
1179	1017	374
625	1478	96
463	305	71
388	773	31
446	4002	8
1227	5470	156
1139	3009	85
1844	1711	70
541	36	137
486	1073	70
1395	2379	349
994	2499	205
1315	392	70
1989	213	332
398	244	94
1614	1573	284
1298	5	159
1058	4607	315
1148	603	54
641	902	61
622	658	302
1450	299	56
705	538	54
1052	362	70
968	4410	302
360	680	302
1387	1614	37
207	739	385
628	2082	55
2242	887	70
327	2624	363
1491	4049	171
1699	4990	452
66	4790	184
1327	4944	11
129	1115	54
1059	3106	137
1689	2259	250
711	2365	289
1249	4440	18
1413	3417	28
285	4121	277
137	2751	33
935	727	112
1218	1722	70
389	147	452
1374	4593	33
724	399	324
1463	2360	103
1922	5318	185
981	3509	236
808	710	88
628	5004	24
1824	1711	70
632	67	70
1196	1686	71
387	277	353
443	186	363
870	1074	11
1282	4513	399
823	3624	5
314	1605	70
1562	4175	9
1232	4951	41
326	505	214
508	391	88
1246	3325	403
2104	4307	279
639	226	102
1049	708	136
883	179	77
1290	2501	262
1178	84	88
1771	2094	162
741	556	324
381	542	171
1633	2876	56
17	2475	144
2094	1660	138
1359	2812	71
1264	2082	55
382	4039	22
434	2620	30
1606	1227	184
1051	3738	77
1165	3624	5
2198	161	37
2216	727	112
2198	925	18
516	4458	72
954	2356	113
467	341	23
129	618	71
1900	192	42
76	321	189
352	1677	385
1361	686	8
1819	1757	433
359	3172	452
1539	4219	70
395	1959	71
1131	1070	11
564	3002	55
2159	4375	103
1056	1930	443
230	26	306
1718	723	88
1187	3192	88
1367	2794	452
1562	5106	70
1291	446	180
387	776	70
1928	24	78
2192	3440	317
390	2620	30
1577	85	87
1905	75	88
773	315	31
91	1740	403
1383	1793	418
706	2476	70
140	4514	41
2084	75	88
903	3813	425
1971	1248	71
2199	180	452
847	3362	302
1677	4393	77
1930	2375	42
893	1086	91
915	161	37
1374	5247	405
1678	96	70
1272	72	71
58	75	88
467	1321	54
1239	983	70
846	4688	56
350	839	385
777	980	72
730	381	38
72	96	70
282	4265	74
249	891	53
794	2790	91
323	696	56
1443	1260	96
1630	416	91
692	135	72
579	31	55
1137	914	56
1602	2747	42
604	1134	229
300	5312	363
1614	4143	70
5	135	72
83	3904	33
793	3169	87
972	3631	88
395	1462	72
1174	966	90
974	399	324
155	4407	55
402	91	37
195	2328	99
820	213	332
1933	819	39
227	741	70
722	556	324
552	64	172
997	3624	5
724	1410	31
1008	191	56
1354	2741	71
2199	3426	277
741	4380	23
451	5341	9
389	26	306
247	936	360
1789	419	189
711	5056	29
1977	100	306
1200	135	72
1814	3534	70
179	1206	71
348	3305	106
2295	3175	467
1396	763	142
1328	1961	63
908	2071	55
548	26	306
1161	3609	275
1370	3465	236
949	1529	270
159	417	306
542	5018	88
1016	337	90
234	1851	52
5	69	112
769	76	90
1219	288	55
616	4028	43
702	2440	137
1271	4527	212
64	336	86
1865	1915	205
192	3171	246
877	2360	103
69	28	11
1192	5	159
500	3087	403
253	721	88
1471	358	55
1037	3548	143
954	5003	212
1025	1977	86
858	2574	117
1525	3541	184
1169	2277	23
1257	4620	472
2298	2594	9
1427	317	233
490	416	91
2246	144	55
850	4274	72
130	705	275
243	3274	9
1485	627	173
1971	4430	75
39	439	9
690	1180	391
593	1	74
1010	5173	363
926	456	86
452	3788	200
793	954	30
192	1352	70
1318	2037	53
1938	1250	11
1317	3614	71
861	446	180
662	1090	72
596	3009	85
548	2396	208
100	868	56
644	483	205
125	3585	88
1411	3144	158
290	1467	71
605	982	56
782	117	43
316	1431	306
172	4153	95
37	4699	167
1828	3088	231
405	1680	55
307	3051	11
1857	71	70
76	2877	284
646	2700	136
1306	4621	332
1672	2099	112
482	1118	88
1637	1379	472
1485	4554	43
1627	3111	62
1122	1711	70
51	749	69
1287	1639	200
1623	28	11
1052	1447	43
954	497	189
1454	1382	363
777	84	88
1789	67	70
1656	2368	70
116	2708	205
1453	481	69
614	3068	284
1537	500	43
160	150	330
972	2586	23
798	797	88
1599	5039	317
1226	3705	88
1364	0	462
1073	3560	88
1176	4410	302
411	1397	246
142	482	71
132	5465	64
1829	769	312
1575	500	43
1440	3796	42
1320	4397	363
1504	5365	9
586	1166	205
1642	979	112
1008	1575	41
1307	760	56
2223	135	72
97	3013	219
307	1704	373
258	2157	88
472	8	474
1752	1174	414
592	5536	55
131	727	112
159	828	42
314	4785	70
1299	1711	70
972	4018	88
17	1700	171
870	3441	317
783	4134	42
2222	2672	189
1066	203	70
1308	1884	264
255	4721	171
1361	26	306
1414	3426	277
1186	2059	8
790	3055	24
1948	1747	306
2093	5218	117
1745	4086	4
373	4370	9
1213	2300	56
1773	1247	205
590	421	142
2103	1666	77
729	416	91
1021	2422	32
792	2383	208
1232	1248	71
511	3713	56
1359	5569	102
1364	2718	71
788	474	88
1289	4968	43
853	982	56
482	592	41
807	2029	85
761	1365	53
1267	3369	42
1732	1776	187
538	1388	275
1059	26	306
1269	5150	41
730	251	362
1793	1899	70
422	1670	205
729	2425	235
140	2244	56
342	2489	113
662	1413	31
116	3241	201
701	2995	443
813	75	88
778	2570	71
196	1538	70
1140	190	43
1409	317	233
1804	4328	11
1575	169	65
464	3031	32
1538	2925	11
2080	2357	426
682	417	306
172	883	56
255	4832	72
2264	2740	71
1131	75	88
447	354	71
815	71	70
1236	489	158
346	3904	33
197	3896	55
619	567	332
1150	310	124
730	1250	11
1137	298	363
2259	1450	74
91	496	306
1175	2559	88
712	3970	337
991	123	104
1685	3846	385
482	446	180
710	24	78
1243	2510	390
378	454	106
338	4234	403
1395	1377	370
1188	147	452
916	1993	230
1874	5525	43
331	3571	96
0	674	284
1130	3484	381
317	1206	71
57	1450	74
1736	4690	462
2272	4399	299
598	271	55
821	1623	56
70	173	53
1055	3245	347
666	988	136
1381	1377	370
1564	1557	71
742	4049	171
765	1202	56
719	5547	74
388	4703	11
1021	3730	24
634	3553	31
1371	4558	69
72	394	70
298	2640	41
968	509	403
1149	75	88
1131	2897	69
1576	541	395
260	1250	11
1304	98	69
267	5401	136
1400	1372	70
1692	3355	55
135	5319	9
1289	3075	23
875	26	306
866	71	70
1383	2527	448
489	317	233
899	3342	70
1809	3289	403
1577	642	363
1474	469	34
224	587	69
131	35	43
794	532	41
625	3053	23
234	1500	70
1343	3874	53
394	154	37
459	3261	88
130	3004	87
1152	1595	283
429	1590	303
1150	655	284
1948	1321	54
166	921	76
598	324	55
1058	2045	55
191	1358	70
603	1316	88
243	514	40
1202	3894	104
1680	3840	278
435	2525	88
1357	2079	91
1967	5588	321
278	766	77
998	5165	171
206	4701	70
861	468	294
1438	84	88
1398	2892	71
1170	1276	43
845	1192	71
655	3350	301
313	1193	115
720	2684	464
1119	1546	184
1453	75	88
497	3767	23
1379	4996	56
1219	639	11
166	2294	324
953	752	55
476	100	306
269	771	88
2183	2265	411
669	4231	73
1152	2424	368
2205	318	56
548	5087	81
1185	1003	302
569	627	173
1862	98	69
1091	78	352
2094	1462	72
634	970	71
850	1989	212
701	1984	11
148	2064	72
53	4223	88
179	2653	88
107	322	88
1351	1838	23
983	2012	72
2260	2035	69
662	370	72
305	2904	88
1623	472	284
83	26	306
1215	4554	43
559	103	85
1844	0	462
107	271	55
1344	13	397
1008	16	42
2247	604	136
93	723	88
391	1661	18
2032	4464	88
360	3348	42
394	1163	207
285	2619	332
690	3324	300
2048	572	46
1180	982	56
952	1626	231
65	332	31
266	1013	34
400	2925	11
300	135	72
1171	75	88
1842	4367	70
807	3726	91
1717	982	56
224	70	71
597	1805	96
2185	16	42
1017	1460	4
376	482	71
1321	1879	96
2199	1927	403
1448	399	324
334	1330	456
2152	1845	162
1151	2944	291
1652	26	306
55	1821	463
742	1591	285
91	187	231
1153	3426	277
583	4634	56
1506	138	403
1577	769	312
548	1113	456
1049	8	474
1436	3359	294
1656	1994	55
1293	255	284
348	2990	70
976	1331	41
1965	195	88
39	945	112
362	2793	106
1390	52	362
1427	4216	395
1171	590	88
369	1017	374
1233	3508	88
395	311	41
1252	4197	277
555	1296	71
307	4337	88
945	654	88
1645	877	72
2089	4165	171
1929	2228	369
58	297	70
1173	2379	349
1125	471	99
699	2376	55
508	28	11
1820	2020	456
2227	3173	213
66	357	278
120	96	70
1371	14	385
1744	2294	324
1114	2899	126
1773	4776	355
552	3365	259
841	1216	337
1038	1758	441
2197	2255	467
1261	2773	71
1199	3184	205
1536	1989	212
873	1276	43
545	505	214
954	2981	209
491	411	199
1717	67	70
383	1013	34
944	4027	37
2279	2187	74
924	3360	362
91	1435	33
1214	4447	55
113	1230	275
1145	71	70
522	768	106
61	1090	72
1789	84	88
1073	1194	88
1390	294	340
667	769	312
88	3977	100
134	336	86
1491	4646	408
1261	1873	42
1639	411	199
257	4532	408
549	2724	375
196	2310	55
135	3267	90
1190	1677	385
584	3476	32
642	417	306
1103	3897	212
130	84	88
92	519	88
286	1313	302
495	1045	205
1602	96	70
1451	4599	313
1037	2076	464
705	340	136
922	1226	317
677	1296	71
565	4341	72
582	1962	70
1418	128	358
510	1539	88
627	2119	42
162	542	171
793	5185	184
86	199	108
511	94	55
1054	96	70
1704	2336	472
51	390	88
562	4050	171
83	230	71
1294	80	450
644	2287	150
1311	590	88
1019	0	462
947	4474	369
346	3447	43
761	5182	218
454	1972	114
1587	4197	277
70	75	88
1859	4996	56
229	760	56
1043	603	54
592	3473	231
850	446	180
779	1939	9
1043	1253	284
2183	541	395
191	278	456
562	3350	301
1636	2612	205
21	379	69
207	522	56
1365	306	42
1833	1306	438
1650	2058	205
91	512	356
196	385	31
2115	3325	403
768	1518	70
1760	124	257
1708	1017	374
968	1112	88
1599	747	43
28	3471	32
996	2525	88
1379	5117	332
1269	3393	53
66	354	71
908	4542	85
1172	483	205
271	335	32
1356	313	118
388	3567	277
2043	3436	41
612	43	42
919	4445	39
515	1250	11
1741	113	71
1212	317	233
1194	4493	257
1451	318	56
899	2041	317
1343	1971	88
1144	914	56
1427	4050	171
1582	720	88
277	4451	92
954	16	42
20	51	306
778	1248	71
1137	1248	71
432	843	39
351	3040	102
1275	4687	116
5	887	70
310	73	423
906	181	71
2070	639	11
262	5459	32
1184	4817	385
1586	323	37
1515	419	189
93	605	8
172	301	70
1031	5095	302
1244	981	55
387	727	112
1132	3723	37
717	497	189
1623	271	55
978	1886	72
1851	878	56
156	3204	97
1692	2129	106
978	2674	253
614	2166	56
524	324	55
400	727	112
310	2925	11
847	4268	363
694	97	69
1387	846	290
619	771	88
407	379	69
350	69	112
354	1572	11
69	744	70
96	708	136
1268	979	112
214	1074	11
27	1414	96
1059	580	50
114	210	360
1441	654	88
1869	15	42
2242	435	302
1487	4534	368
1530	4345	9
236	1661	18
357	1565	402
1119	395	184
1481	2076	464
616	2387	72
1699	1153	96
825	1003	302
91	46	70
92	59	199
1007	3162	232
1152	358	55
938	3441	317
1352	4489	103
613	1604	53
1483	1941	201
70	977	56
1689	96	70
515	2972	71
1042	1487	138
1841	143	71
1054	91	37
305	835	311
735	708	136
1303	3173	213
1144	35	43
830	2527	448
1962	1343	136
381	530	14
809	604	136
191	4097	69
1392	587	69
1492	891	53
8	1017	374
1295	5091	302
1034	173	53
1816	5018	88
303	1204	131
1621	2483	72
766	60	128
1802	930	405
1058	1450	74
204	4081	55
1878	743	360
1483	379	69
248	315	31
158	2667	280
1618	1655	249
1535	1135	302
772	75	88
22	2253	467
389	529	11
873	2455	23
1614	379	69
1535	4050	171
1554	399	324
1571	291	362
340	32	31
479	2548	290
1634	5080	390
603	3592	259
1247	182	114
239	902	61
232	2455	23
93	271	55
1182	0	462
491	3138	284
1710	276	315
818	2300	56
2220	3701	70
408	567	332
85	3200	71
65	1343	136
997	567	332
1524	1145	32
2227	2865	56
821	1145	32
1465	1950	299
752	446	180
1841	2735	43
12	4553	42
1187	2790	91
260	639	11
546	905	369
893	3747	315
2175	75	88
1691	763	142
187	3183	0
1368	5121	266
508	166	40
1221	1373	362
657	298	363
1471	1248	71
42	287	32
1614	36	137
2087	4257	319
86	1429	54
988	1421	55
1194	585	11
1207	1054	88
69	609	172
1131	158	456
1294	215	275
1177	1200	71
647	4418	43
669	704	383
1351	1572	11
1349	3270	376
409	753	41
771	2227	56
76	2370	72
253	3129	96
1143	4855	70
855	3875	55
1857	360	332
360	482	71
844	1638	171
1323	4997	70
1154	642	363
515	1869	180
690	1858	436
746	803	71
486	1935	71
1816	2663	71
1063	750	294
116	210	360
1283	2652	88
1366	322	88
908	2182	69
282	67	70
228	943	41
1158	357	278
1232	1734	40
1744	4025	363
964	914	56
1234	4809	209
368	1577	213
1512	288	55
1525	763	142
332	986	284
1926	481	69
138	4365	270
977	4367	70
2014	1859	88
1017	1153	96
868	176	11
1938	10	275
1058	4932	53
450	2096	72
1698	2443	11
595	1257	72
1333	138	403
1759	576	104
865	439	9
916	915	106
1458	2843	275
1327	1070	11
194	2696	69
2249	5000	209
676	484	71
496	406	103
1809	357	278
309	769	312
255	645	41
1317	1701	77
692	4951	41
1718	399	324
1668	4398	103
1007	2647	470
1166	2803	11
1270	3989	302
1708	2691	149
1402	378	208
1234	2560	205
546	3920	56
1158	697	332
1052	1852	200
1383	1466	42
1825	3050	41
995	313	118
1568	2954	369
409	723	88
1034	4977	70
1334	3608	32
725	26	306
229	1633	95
1474	639	11
201	822	306
1759	613	112
1732	218	70
1521	854	70
1029	769	312
1244	3638	70
282	2183	54
533	3579	205
272	199	108
1937	2862	11
954	139	252
711	620	11
834	753	41
1822	1968	88
1035	514	40
1857	3127	467
1143	1816	71
506	348	89
720	5317	28
1114	686	8
335	1565	402
2254	3176	455
2012	500	43
1525	1253	284
998	105	119
307	1193	115
1546	1208	88
1310	4215	277
870	2696	69
331	2458	70
1828	2700	136
1097	5191	324
779	2895	362
165	2249	110
96	387	401
1601	1525	136
673	504	56
1263	2086	96
861	1037	397
2016	4997	70
697	3828	205
1357	2339	302
1366	1900	284
372	696	56
1477	554	70
508	3004	87
1480	2238	204
789	2470	70
435	528	251
366	3663	32
426	3143	88
1200	4824	93
1486	4197	277
1139	236	70
1884	3360	362
359	2520	84
503	2305	295
798	1695	88
149	864	302
1212	3354	69
271	3355	55
302	74	88
1145	5284	183
338	581	84
1152	4071	449
1407	1385	32
1366	1458	363
1357	67	70
570	2056	52
784	3776	352
1275	776	70
1747	2473	70
429	1747	306
1140	2364	212
1315	3265	306
2146	84	88
482	2519	403
1248	4197	277
91	323	37
903	4605	315
375	2685	71
682	120	88
198	1246	56
221	913	352
201	399	324
1010	251	362
144	1939	9
1359	5105	96
619	3239	37
482	4268	363
1427	3788	200
1202	3965	82
660	3387	467
982	864	302
290	1127	72
612	3763	109
1345	709	88
1383	3534	70
1577	2011	56
248	3275	176
1249	773	31
1294	1311	457
208	2221	87
988	538	54
938	3084	70
297	1890	205
468	312	420
924	3107	74
667	3812	480
1471	3935	70
1256	1031	42
1115	890	136
474	113	71
245	1772	70
2272	2070	257
516	4283	31
1146	376	53
2028	5538	42
583	3620	33
1583	4651	347
2071	26	306
630	4050	171
1634	210	360
2245	1557	71
1495	1166	205
542	2803	11
1110	4623	112
676	2790	91
535	616	40
150	526	70
1644	554	70
1962	1212	142
2183	646	302
133	2375	42
1576	567	332
1202	4549	411
246	3553	31
1208	4512	386
2194	481	69
1212	5502	69
1527	4719	323
413	1812	356
82	4398	103
1217	359	56
1442	5028	114
512	1910	53
672	5289	78
2032	135	72
2022	834	71
688	1703	32
1770	1711	70
2014	5106	70
92	3198	30
2175	1093	72
298	1095	395
1523	4728	255
1792	2955	70
2102	3933	55
916	399	324
269	561	39
1287	3015	111
1199	60	128
754	3947	121
1184	806	107
279	2344	56
66	2619	332
30	4144	23
89	2160	8
2183	859	171
178	3229	72
77	347	70
793	5434	184
564	3083	332
129	626	231
345	28	11
1481	3444	39
983	4349	354
947	113	71
1534	1938	11
1704	147	452
394	288	55
1632	5018	88
1052	2	11
1854	760	56
1233	1841	69
1076	456	86
353	3328	11
359	2326	212
215	1538	70
1196	1183	55
186	1384	56
114	4515	47
367	3951	70
717	2653	88
2009	135	72
1039	1059	456
972	1321	54
196	4002	8
1481	387	401
1023	873	72
37	2845	42
639	2625	324
2220	392	70
1595	1976	86
678	4350	205
2000	2151	214
698	4809	209
577	3338	8
586	1233	106
536	760	56
388	2360	103
692	766	77
1286	2026	438
662	5360	71
289	776	70
367	1045	205
996	1638	171
1527	3393	53
109	2081	27
1477	796	38
1020	2606	11
1168	4973	240
239	914	56
89	1261	116
1199	158	456
1664	474	88
1031	187	231
360	2798	302
528	216	70
1245	3771	104
1019	113	71
133	439	9
682	821	23
968	1294	373
698	67	70
204	221	181
179	1276	43
1538	1250	11
1615	579	65
945	192	42
898	257	70
1077	143	71
1302	1984	11
1374	4257	319
947	395	184
901	466	106
974	2506	369
1084	317	233
1436	2743	69
154	4451	92
1175	3487	88
875	234	31
1806	885	70
1271	1259	259
310	1233	106
1594	567	332
44	691	88
412	346	39
1567	4578	69
635	672	119
1867	982	56
1935	4175	9
1268	288	55
1552	800	186
1311	3777	70
1639	28	11
218	135	72
1440	435	302
1114	786	200
874	2268	42
1480	4235	403
1597	4418	43
185	1051	189
1498	3533	88
946	28	11
1548	3082	231
1833	4914	55
434	2851	301
1541	358	55
1221	1248	71
1208	173	53
796	1173	144
520	4039	22
1532	841	56
300	207	31
129	2344	56
974	28	11
1471	675	117
1140	91	37
859	257	70
817	26	306
676	887	70
1476	179	77
954	2719	23
1298	1296	71
172	5148	293
954	4694	49
726	1086	91
1115	3801	112
1203	4848	11
997	4398	103
359	220	88
743	16	42
96	834	71
1824	2070	257
342	244	94
671	178	48
1743	563	90
1310	2227	56
372	1573	284
1065	3661	9
1759	902	61
1469	538	54
988	3417	28
156	3339	317
2217	2665	225
1922	615	270
211	1578	11
1544	4405	188
2071	2157	88
1016	1045	205
380	1234	88
899	4020	278
298	28	11
811	5534	43
2184	135	72
901	2612	205
91	1924	401
1840	786	200
1966	294	340
1158	763	142
939	100	306
394	2412	70
853	732	212
458	3537	452
458	1084	56
73	605	8
1773	688	55
1719	1383	70
834	1508	309
25	326	42
114	1968	88
1962	4060	69
580	271	55
1357	678	362
175	2103	283
1644	1381	71
1638	453	55
1435	2453	189
1454	3567	277
1057	2369	56
1789	416	91
448	97	69
329	1645	88
129	1443	426
539	755	56
1299	4856	284
985	855	148
2032	936	360
369	1205	31
938	1222	184
549	2530	88
796	4799	184
1066	1072	433
1854	1206	71
969	709	88
31	1746	77
423	609	172
2184	1330	456
1530	961	88
713	3088	231
1468	151	69
1298	1644	205
1454	517	362
488	1226	317
1589	5082	357
1245	911	180
1326	4370	9
2232	2884	88
1043	626	231
1663	362	70
1404	803	71
508	2803	11
514	1045	205
1021	874	72
116	300	55
793	1259	259
1264	110	42
866	100	306
107	711	88
1521	1	74
186	204	69
1845	4418	43
749	2922	184
584	1998	11
1308	686	8
105	1206	71
1045	1636	200
890	764	23
1533	834	71
357	152	70
912	310	124
1133	4453	205
1130	1086	91
514	1230	275
1440	1363	59
543	859	171
236	572	46
282	2616	32
1	318	56
510	2922	184
1180	178	48
748	161	37
688	3571	96
1113	3964	104
973	729	88
1438	5356	75
1438	982	56
845	3864	319
565	2878	97
258	4467	277
1144	268	53
1200	97	69
552	838	56
954	3930	74
1739	417	306
1568	2661	70
1769	2157	88
1667	87	275
1054	363	275
674	199	108
868	2439	396
421	204	69
271	174	103
1943	255	284
1644	378	208
1049	1978	88
135	720	88
542	5274	56
1490	3541	184
1289	370	72
1343	2426	55
1377	3226	370
694	471	99
1530	1501	156
318	84	88
1246	1294	373
686	4928	56
2037	2555	456
807	191	56
1063	100	306
59	120	88
1643	236	70
1991	399	324
1067	100	306
249	3755	186
688	2933	96
1034	3926	70
1630	1059	456
1324	4661	200
1816	135	72
726	454	106
655	471	99
565	3143	88
192	84	88
255	1208	88
435	4468	88
586	1579	208
32	146	55
236	581	84
1257	3316	155
926	563	90
1072	1346	305
1234	362	70
743	399	324
1143	378	208
614	3362	302
788	2627	56
1233	244	94
1357	1711	70
653	2253	467
575	2627	56
95	2136	175
1098	271	55
1461	5310	258
786	642	363
1847	453	55
1295	677	258
1924	493	358
2029	2743	69
1221	3255	47
1064	4797	284
477	1978	88
2103	1113	456
400	717	106
813	3575	11
1867	28	11
1678	3892	62
711	4653	277
988	2655	54
746	605	8
1084	4055	56
555	3631	88
745	500	43
467	545	88
387	4616	90
110	1741	71
1138	5582	478
19	2894	443
898	859	171
1480	995	302
1565	567	332
54	1820	42
1434	414	358
465	2213	70
1294	2646	275
1468	1525	136
1394	2669	286
1103	1248	71
1877	1284	2
339	1738	56
106	595	163
243	771	88
1481	1225	456
968	4925	452
182	2633	87
1797	719	53
914	1330	456
1165	3125	245
1225	915	106
548	14	385
686	4997	70
1511	620	11
1838	3398	425
287	1618	39
922	69	112
0	1737	24
909	2946	23
1148	721	88
109	1976	86
1800	2754	302
794	1409	11
85	5248	56
1187	2727	54
1122	2571	94
1212	2325	158
2014	67	70
288	1799	55
2199	200	161
2249	4072	158
1246	1209	306
912	1473	304
411	138	403
2227	3278	41
17	537	171
1704	1464	69
1215	928	54
323	4343	71
1604	2131	32
1319	120	88
1717	766	77
24	802	42
62	3259	56
283	276	315
1448	417	306
868	837	422
470	2904	88
1145	1045	205
1069	1314	302
540	4838	70
741	100	306
389	2488	306
38	2327	106
193	249	88
743	471	99
599	616	40
325	204	69
628	3447	43
710	25	108
1741	4426	405
491	5095	302
1140	763	142
847	1141	119
797	1111	72
113	251	362
890	158	456
126	696	56
241	2304	17
193	792	43
944	2864	103
193	2296	78
373	2283	74
1122	627	173
215	709	88
328	110	42
1598	1656	189
1143	1938	11
845	2595	53
876	721	88
53	1042	69
521	778	142
1323	361	70
1228	3456	257
823	851	220
1643	1623	56
1503	1910	53
773	1095	395
1101	2677	23
1001	2399	54
1339	147	452
51	4050	171
2184	204	69
139	3906	32
1317	3553	31
244	1005	285
232	4998	24
1140	1465	142
1133	399	324
841	1089	70
866	244	94
1439	3715	184
1310	261	317
411	469	34
55	191	56
2154	5337	362
1135	1557	71
1317	456	86
1020	5193	277
999	1563	448
1450	1340	142
1841	830	116
187	3018	136
194	3114	11
935	3597	54
302	483	205
1564	5318	185
27	3001	315
1269	4410	302
610	2303	358
1392	4996	56
1332	1711	70
1843	1912	51
828	215	275
954	3505	32
0	16	42
1015	1507	315
968	188	201
1530	2139	31
1735	1040	369
927	2378	456
1728	61	81
113	1913	231
39	500	43
2278	1859	88
836	71	70
2264	592	41
429	3245	347
1342	1017	374
713	1234	88
692	476	88
1289	96	70
1319	2093	70
797	3623	171
1747	3326	191
1666	75	88
1858	1273	166
1808	399	324
916	3687	142
1301	204	69
742	1409	11
1795	5215	102
1608	2656	11
1049	395	184
1064	1470	72
1364	5179	294
974	905	369
650	1250	11
338	2046	55
1167	1293	374
653	3639	161
1064	4256	69
1348	944	164
120	75	88
1351	2378	456
752	4756	270
1631	3825	284
30	5454	11
2029	75	88
988	914	56
1819	1711	70
861	31	55
1412	379	69
1145	3150	56
38	3458	465
2317	1592	284
767	2781	245
686	3721	218
185	87	275
1492	3821	413
371	1572	11
629	3535	32
788	4012	56
2236	2171	404
163	851	220
11	1551	71
1172	905	369
216	2473	70
416	434	72
204	14	385
1585	2299	70
1172	69	112
646	3472	82
943	4556	171
1052	5466	42
139	761	32
1232	4545	88
1301	1330	456
535	1454	39
1062	2958	88
954	3441	317
833	204	69
790	3852	70
1371	2253	467
2040	457	73
2220	1772	70
1623	3195	9
412	1660	138
1640	5024	36
1143	3426	277
5	32	31
416	560	106
1397	360	332
1315	3163	54
143	2310	55
67	1623	56
1475	4418	43
218	2372	287
1155	2440	137
1507	1967	317
1227	806	107
411	865	72
1621	5249	40
1269	4807	296
1926	905	369
724	2888	340
272	1036	23
1075	567	332
1789	2212	70
126	3155	452
1299	3426	277
264	3540	184
482	535	41
562	138	403
2205	3635	71
86	581	84
258	1470	72
1291	28	11
845	70	71
1789	395	184
887	1045	205
849	2780	72
1096	96	70
1406	4153	95
149	1814	33
482	2975	377
1236	204	69
1677	1207	436
1252	4560	277
1796	2472	96
232	75	88
1243	3013	219
2253	1274	141
474	1078	42
1215	3159	205
1092	5570	383
636	2082	55
788	3627	88
139	838	56
1010	3893	104
1271	3656	200
911	654	88
416	1936	306
1588	137	78
1137	5489	71
246	98	69
256	375	54
777	3872	136
1385	1692	56
1515	75	88
193	983	70
1031	117	43
635	1868	88
0	785	162
701	4931	208
1396	288	55
1366	2452	362
846	3338	8
1744	3383	302
1684	417	306
983	4522	43
790	190	43
37	1538	70
1349	1332	63
389	2619	332
227	2151	214
957	521	41
2230	604	136
1575	2182	69
791	4974	8
365	519	88
1010	244	94
974	91	37
1476	655	284
354	1417	24
1953	2665	225
1177	1162	117
2042	825	42
596	466	106
968	476	88
1647	1438	33
1394	2185	77
129	75	88
395	204	69
846	2278	78
1289	135	72
912	5453	259
1274	843	39
1108	839	385
329	1444	72
983	1284	2
1295	87	275
2203	360	332
1185	210	360
134	84	88
617	894	37
329	210	360
1273	841	56
239	4800	11
246	525	46
0	1413	31
667	2455	23
2098	590	88
246	484	71
414	4578	69
1362	447	332
1427	4569	341
40	276	315
2249	4125	349
158	271	55
1110	185	136
973	1352	70
24	67	70
1953	2971	302
871	446	180
2178	750	294
1124	825	42
227	3088	231
1708	244	94
67	1590	303
369	1571	205
373	14	385
2300	4277	31
90	567	332
387	3404	336
2040	298	363
162	4367	70
1205	567	332
414	139	252
319	1418	72
1065	345	136
139	519	88
1838	2700	136
489	602	70
150	2067	106
2177	1537	284
633	28	11
429	2339	302
1177	743	360
1267	981	55
190	3666	70
839	3899	294
13	1670	205
255	5310	258
1205	3472	82
2117	3934	56
1227	2436	245
239	4690	462
647	3031	32
743	3530	284
367	315	31
1226	5377	209
1236	517	362
109	3572	469
372	567	332
1802	97	69
327	3320	116
439	1911	116
515	3201	81
1256	1499	55
752	1879	96
1298	3650	188
1635	537	171
535	1417	24
91	4151	277
582	2827	11
1404	696	56
817	3771	104
503	75	88
1147	697	332
1902	1045	205
51	297	70
1400	5180	315
807	3487	88
1571	2662	70
192	113	71
823	3040	102
1980	100	306
1227	4959	245
1487	2000	88
2098	2150	263
0	940	32
1311	4038	277
583	16	42
1149	5193	277
2245	3426	277
1187	4407	55
1383	1152	198
24	809	42
1139	146	55
1359	3527	107
947	201	55
1925	3466	236
29	806	107
768	4143	70
1375	75	88
258	979	112
1107	417	306
1653	4982	257
1862	987	136
2011	861	284
157	2278	78
1440	1534	72
2071	2837	43
337	3367	88
1154	660	71
1068	2968	54
1208	1445	81
789	2300	56
24	3834	189
2015	4359	44
2110	5216	456
1734	98	69
1271	2371	217
1947	523	70
523	282	306
1167	1142	294
1143	1198	55
1355	1593	41
165	3426	277
1938	3409	332
1468	4710	69
1316	57	146
903	3009	85
349	1438	33
409	416	91
38	317	233
1316	70	71
981	446	180
232	5540	7
835	446	180
648	4882	71
1288	680	302
902	399	324
503	2124	354
1125	2465	362
372	4508	56
1816	843	39
1492	819	39
58	70	71
615	2798	302
224	67	70
2301	271	55
1199	911	180
1002	4764	240
2199	585	11
1862	2288	88
1406	4274	72
1301	5058	245
545	378	208
1907	567	332
489	749	69
390	2621	39
1868	4844	335
1437	1801	33
1650	2542	245
988	514	40
221	675	117
130	1355	55
122	610	284
193	500	43
1591	577	9
519	1450	74
1275	1253	284
599	3523	77
1485	497	189
113	603	54
204	633	69
2093	4357	229
1217	1245	74
70	563	90
1436	2459	45
423	780	452
411	1319	294
1136	807	23
380	1612	212
545	2238	204
1187	1358	70
1236	2100	102
2106	469	34
1409	236	70
1846	457	73
1722	791	230
724	4100	88
503	140	71
1066	434	72
1900	2011	56
850	1631	70
1903	3553	31
778	3870	448
1573	4240	11
70	1514	88
1188	593	111
742	210	360
1313	927	11
2208	1919	205
150	1233	106
239	328	55
794	27	46
1025	1049	135
1055	530	14
933	139	252
2064	500	43
839	3426	277
1441	320	189
731	1435	33
1444	521	41
1024	1330	456
1083	1721	70
670	14	385
563	1998	11
1663	2011	56
670	52	362
770	760	56
1232	26	306
459	2998	71
0	567	332
615	354	71
690	3253	70
1968	497	189
1866	1541	111
933	75	88
946	2351	257
655	1816	71
1359	2045	55
1450	1137	28
617	174	103
794	2689	11
1405	304	158
194	3934	56
2084	931	74
49	4102	32
1692	4141	88
1355	27	46
1043	2627	56
834	3426	277
670	371	284
1308	96	70
798	1032	72
1701	4992	173
515	2000	88
66	2750	212
1484	4599	313
1023	357	278
1567	68	70
494	411	199
138	1385	32
114	2471	88
2288	414	358
579	26	306
1390	2025	306
1016	771	88
312	145	32
1095	4034	110
230	75	88
350	78	352
1124	1658	381
1225	2360	103
44	2365	289
296	193	332
435	639	11
688	1274	141
1655	399	324
1382	4078	257
1010	4968	43
146	1691	72
1152	1045	205
947	297	70
903	1033	53
300	2419	403
389	359	56
1379	1082	66
14	1196	88
1800	418	285
144	2784	204
1138	67	70
395	4524	306
1409	2616	32
536	1973	96
1539	1169	55
1064	4695	404
257	4895	129
803	2703	201
1468	1343	136
394	1494	72
843	28	11
1855	75	88
229	745	302
1374	4935	405
806	3280	69
1874	2499	205
1353	3009	85
2078	2069	56
1189	124	257
1861	4808	453
107	1631	70
1939	880	451
509	1048	31
609	321	189
26	1977	86
211	2227	56
706	2261	87
916	4029	56
606	1686	71
809	3717	54
850	138	403
1562	3474	69
1354	297	70
735	113	71
1159	727	112
1851	1653	353
1325	4508	56
736	931	74
535	2478	88
1792	4398	103
1480	1164	137
1384	100	306
1019	650	452
79	692	435
249	2325	158
1402	1062	456
70	2798	302
1797	2259	250
690	322	88
1671	3426	277
819	75	88
863	46	70
489	1079	95
570	2194	9
995	584	88
40	1416	71
2320	3722	296
1076	243	70
2026	1620	31
1643	3122	88
2079	628	274
426	3444	39
1538	4392	184
622	1636	200
1857	1294	373
542	1593	41
495	113	71
2113	3598	87
733	4024	54
596	315	31
801	313	118
620	3858	55
360	1345	88
1915	760	56
1146	2405	64
1623	137	78
495	632	270
718	97	69
650	2984	113
543	31	55
1438	176	11
462	1012	23
1494	91	37
1132	654	88
798	872	72
1585	1342	317
739	2743	69
2308	2004	106
435	3420	24
1625	5246	70
1828	395	184
1675	93	275
686	2131	32
386	392	70
2104	5065	277
1229	399	324
453	482	71
724	100	306
2020	1345	88
300	414	358
1031	2562	202
893	1782	41
637	1754	71
845	481	69
1376	3881	303
2131	1416	71
2300	4235	403
480	1852	200
833	3325	403
1580	5246	70
549	763	142
2102	3833	349
1595	751	43
1114	574	62
487	2308	46
1773	1079	95
948	528	251
1479	1329	456
1127	1248	71
1215	3646	205
375	2574	117
1185	173	53
418	326	42
1671	4444	464
817	446	180
1181	35	43
354	3426	277
564	781	43
1541	2646	275
17	855	148
1905	3725	57
1614	5391	31
1088	1416	71
1171	480	189
2037	1225	456
712	3685	70
629	894	37
388	447	332
93	81	33
216	397	88
187	961	88
2260	100	306
1645	3426	277
1161	1845	162
2023	67	70
960	2949	53
178	76	90
808	3986	275
782	201	55
1486	854	70
1216	1020	340
1400	83	189
1211	67	70
1058	5439	315
1402	1608	9
1054	5067	277
369	4757	277
646	1094	56
1953	2688	78
1511	522	56
1956	1722	70
1159	4555	72
525	467	77
491	2798	302
841	2888	340
1069	1738	56
126	2978	88
541	589	88
650	5298	71
58	305	71
1286	2589	270
849	4152	205
676	2045	55
906	1784	317
646	772	170
722	3267	90
524	2789	358
1307	1449	74
176	5116	88
1327	3973	473
448	4634	56
1131	1983	270
162	4508	56
443	288	55
1840	1453	143
1204	5592	30
2195	3145	114
593	656	184
998	2579	258
402	3441	317
899	138	403
887	326	42
1505	4812	74
586	2421	326
345	605	8
278	100	306
96	1749	8
1630	5265	462
1208	3125	245
2284	158	456
96	544	161
2306	3366	234
479	2378	456
999	117	43
1208	4937	171
214	1753	72
1653	4209	257
1044	244	94
1307	1248	71
387	399	324
1383	4116	346
323	1718	11
1359	710	88
241	3327	31
451	14	385
452	2107	376
354	2118	56
1378	1547	184
863	1114	120
500	138	403
1225	579	65
310	3258	70
2251	2777	5
688	1325	107
971	4788	48
754	1948	334
539	75	88
1971	1879	96
1586	2659	106
741	2455	23
1139	5032	42
1436	158	456
990	276	315
1295	2099	112
983	4038	277
239	4398	103
1360	105	119
1437	4577	277
587	3379	72
960	387	401
1493	2665	225
1235	1	74
1265	395	184
1010	3426	277
146	1608	9
954	2142	257
887	2789	358
542	4060	69
837	5190	294
552	2541	119
318	3271	63
512	920	76
194	2191	69
1502	2275	358
134	297	70
412	303	218
482	4583	377
1178	389	162
1271	5068	87
246	1090	72
1487	158	456
609	2662	70
647	2333	32
330	2457	180
70	2759	221
655	67	70
1274	1503	70
433	1612	212
1053	28	11
1699	3426	277
182	25	108
309	49	385
1529	1095	395
1667	446	180
2217	435	302
148	1460	4
635	786	200
1280	1194	88
1159	5168	56
742	2925	11
1566	2953	88
1158	4729	385
1437	160	46
158	2155	30
362	500	43
736	1131	71
954	1711	70
2	1065	88
1608	4638	207
1355	2308	46
930	642	363
1388	1470	72
522	2949	53
454	3014	96
1301	2955	70
1161	5179	294
833	5277	183
610	721	88
1852	1853	78
647	1962	70
1638	75	88
202	3039	41
655	3572	469
277	271	55
634	5286	414
1370	446	180
840	96	70
359	3958	71
1559	5198	405
1094	26	306
107	1805	96
878	589	88
674	4414	30
778	3424	55
1459	400	158
1133	4398	103
1154	766	77
432	684	39
430	26	306
446	4330	12
806	2753	23
1750	471	99
1348	982	56
1577	2878	97
331	2185	77
191	1648	88
1232	4160	184
1541	628	274
2296	3894	104
1397	326	42
1581	632	270
73	182	114
482	4908	11
698	3088	231
888	392	70
323	2663	71
1140	288	55
866	4200	284
1383	71	70
2131	2904	88
2091	26	306
548	378	208
1995	2470	70
139	4101	31
263	312	420
418	786	200
1790	161	37
323	1470	72
1668	615	270
1063	97	69
1274	5224	275
1100	708	136
171	837	422
1409	3	70
334	138	403
51	3485	381
885	1045	205
867	3601	294
424	2283	74
778	5042	237
1217	4162	74
299	113	71
746	3078	41
510	1950	299
1901	839	385
777	227	71
798	378	208
70	2626	69
398	1690	69
742	97	69
1139	4303	134
1699	4065	56
2147	28	11
497	1572	11
114	81	33
302	525	46
1221	3004	87
1602	182	114
2237	4048	302
364	399	324
916	2636	306
1409	809	42
710	3010	142
1394	81	33
327	674	284
813	2388	32
246	4579	88
1268	15	42
1795	160	46
1165	2326	212
1297	376	53
1597	4469	9
1360	1253	284
260	1233	106
1083	242	72
495	1225	456
53	266	88
1021	3159	205
269	987	136
426	1912	51
226	901	42
767	204	69
860	1762	108
0	1663	55
245	2317	81
938	87	275
1672	97	69
1248	2647	470
1343	471	99
636	28	11
91	204	69
1012	1252	72
616	1814	33
1026	2860	106
1924	5296	391
367	76	90
1230	3487	88
1324	215	275
1560	5552	128
1413	3059	56
1824	639	11
264	801	106
1797	5126	71
1227	96	70
278	1715	165
1891	2599	30
408	3468	136
1054	3345	77
1708	399	324
489	3468	136
1017	4018	88
179	1493	205
1065	1199	70
1745	2747	42
1035	2833	54
793	842	371
1418	2855	358
1092	3864	319
1271	5314	260
1590	1540	136
1738	1072	433
2006	4921	332
1080	278	456
1406	75	88
93	67	70
1081	1909	71
1838	2357	426
2256	100	306
497	378	208
1273	1681	205
890	3625	88
2288	1257	72
482	2357	426
938	204	69
256	4902	131
1764	215	275
466	2473	70
53	3149	88
1138	4480	383
2136	4443	94
1422	4470	90
779	766	77
604	3044	40
1220	2327	106
1210	261	317
1647	548	88
2249	3223	208
2187	1248	71
209	115	41
838	5407	72
2083	1225	456
466	70	71
503	708	136
96	5162	30
1169	399	324
792	75	88
508	4302	56
456	436	283
836	1450	74
1441	763	142
1405	5279	66
1637	95	251
360	4833	91
850	141	56
89	2022	179
911	1939	9
451	135	72
246	542	171
102	210	360
1981	135	72
1180	877	72
511	1674	324
1722	982	56
1257	4489	103
1885	98	69
1173	484	71
1732	2408	9
413	2665	225
167	379	69
1691	1503	70
246	1200	71
1750	3764	72
107	391	88
522	4438	72
1114	205	187
2014	2260	207
1726	3311	99
888	1248	71
401	1408	134
193	527	88
1577	505	214
845	2894	443
1352	4745	64
417	2490	331
359	1530	70
887	1537	284
75	398	212
875	5214	462
1309	905	369
2249	3715	184
63	97	69
405	5172	69
70	1937	23
778	3308	385
1498	1985	5
622	26	306
1665	180	452
637	5461	107
380	399	324
797	204	69
925	982	56
66	633	69
537	1518	70
241	672	119
107	2967	55
935	180	452
703	709	88
0	4780	42
50	655	284
429	4874	63
2246	4425	213
789	1250	11
1323	890	136
1346	28	11
1367	1330	456
1165	2828	86
1428	3695	23
732	439	9
1154	1458	363
427	4063	12
422	2322	74
1047	4585	11
373	840	39
1122	362	70
512	4388	56
507	418	285
1735	2473	70
425	2484	41
1221	2721	100
1052	2850	77
2185	832	306
1805	1114	120
1086	2877	284
216	1193	115
809	2290	71
32	1734	40
1037	506	403
710	2411	42
329	2803	11
350	260	11
878	446	180
50	244	94
1142	1711	70
1114	3199	180
431	1045	205
27	107	70
625	207	31
688	1386	56
123	681	263
2001	1276	43
1378	2687	70
830	3088	231
1218	3184	205
1287	5013	362
1364	1232	56
1019	4367	70
113	1984	11
1438	5	159
1025	535	41
453	1353	71
1830	3570	369
1158	2346	72
13	4083	55
131	891	53
2188	439	9
168	1075	414
66	3416	135
1361	1225	456
1976	2310	55
13	75	88
1502	36	137
930	417	306
435	3051	11
1231	144	55
1060	438	284
316	98	69
208	3185	141
861	1711	70
547	1145	32
221	4056	69
1277	537	171
1243	3071	415
1559	1068	88
389	760	56
205	1040	369
1226	2360	103
1773	4108	28
625	411	199
21	5128	71
692	692	435
609	175	103
577	0	462
988	3354	69
1065	4657	274
130	28	11
1506	817	405
829	3086	456
1137	1142	294
1347	4516	20
1317	4953	33
988	3381	72
435	1991	133
1019	97	69
541	135	72
1736	1078	42
1139	621	55
849	370	72
1146	765	77
1745	569	11
871	1295	71
245	1381	71
616	4446	277
1250	4942	41
1823	318	56
1419	2769	55
2269	842	371
942	499	43
332	791	230
1149	2700	136
413	2419	403
285	446	180
57	75	88
1234	378	208
1152	378	208
1474	894	37
1305	894	37
1220	215	275
1657	435	302
688	137	78
921	173	53
881	3688	88
791	2183	54
77	1120	69
265	2703	201
1863	3989	302
562	488	71
794	28	11
250	2960	369
192	2380	93
637	205	187
1057	1548	42
1461	850	83
697	2438	176
1269	2122	70
206	526	70
252	2334	55
235	3736	55
1280	839	385
205	31	55
1468	204	69
974	1232	56
988	4868	39
947	1408	134
1792	1174	414
1243	935	112
418	497	189
1247	313	118
579	1031	42
324	3339	317
1564	1614	37
1313	2026	438
1836	70	71
1461	3344	270
357	2280	69
938	2769	55
146	3335	9
888	4319	291
1337	366	11
1213	753	41
110	3143	88
682	97	69
65	350	88
300	271	55
1301	1467	71
921	4449	212
1158	4909	167
543	2538	410
229	1091	42
1618	1043	16
863	2477	119
1293	4486	374
653	271	55
1515	31	55
667	2627	56
1894	2126	70
158	26	306
205	2224	43
1002	400	158
1739	1602	106
1409	3906	32
2051	1711	70
298	1174	414
451	96	70
452	4944	11
1392	4672	205
1867	2295	11
1269	276	315
1560	911	180
140	750	294
1139	2316	46
364	1291	3
9	1678	385
806	3133	56
1298	75	88
1343	5025	102
408	26	306
1568	2088	11
516	1394	189
283	443	71
91	3550	56
1611	1409	11
126	1854	78
236	3073	72
1244	2327	106
1087	499	43
424	685	42
1317	3921	56
265	786	200
617	654	88
191	5382	117
1601	2954	369
16	3421	88
1607	982	56
194	51	306
224	843	39
161	147	452
1611	697	332
1535	3894	104
1307	3057	81
64	1550	71
2007	1348	205
2260	26	306
798	3719	398
647	1077	389
1427	3519	395
386	2068	56
1034	1073	70
1394	896	136
1374	4789	362
1360	379	69
583	1826	42
1043	4153	95
74	3529	253
596	2360	103
512	2658	40
1801	446	180
761	171	11
1425	4891	43
1989	164	11
1595	232	291
191	3411	306
1171	987	136
692	1636	200
1485	3606	441
113	410	24
1362	1241	413
2076	500	43
919	4398	103
2194	78	352
613	113	71
743	1248	71
1580	3198	30
956	538	54
146	2063	69
338	399	324
1151	2509	369
1703	161	37
471	1291	3
1140	3540	184
807	2237	65
269	546	11
1271	5011	4
1231	4050	171
1023	4197	277
2107	2095	231
1386	3938	88
359	4738	212
435	2006	56
841	3959	32
67	2968	54
730	1277	143
129	173	53
1204	2800	9
33	360	332
790	1797	24
1109	607	42
1304	1201	270
2042	802	42
1443	616	40
379	1476	91
1220	370	72
850	3584	103
70	1031	42
702	0	462
193	137	78
93	5308	77
684	221	181
690	3611	465
1354	1339	71
1049	3642	360
154	4887	23
1304	4755	39
268	2373	420
136	731	270
809	2294	324
13	182	114
162	71	70
30	35	43
1719	487	245
1643	4475	28
450	2938	33
1069	760	56
984	195	88
1924	3140	317
653	163	110
643	67	70
1148	1546	184
175	438	284
340	1290	302
260	2884	88
1854	888	56
1247	1095	395
380	2101	103
1257	1612	212
820	2470	70
520	1695	88
1545	3426	277
1707	4254	452
353	28	11
879	1711	70
743	36	137
730	4067	32
2252	1385	32
1096	376	53
2175	457	73
1549	1840	88
1166	3393	53
144	439	9
431	1518	70
545	446	180
325	3811	181
626	411	199
403	75	88
1722	435	302
1412	2955	70
911	1330	456
1211	2098	42
1545	750	294
1029	677	258
2229	1892	303
483	5035	277
1924	1257	72
1616	14	385
1411	28	11
1130	1049	135
34	2686	37
331	3878	88
1357	763	142
1565	421	142
1334	2901	452
1454	1591	285
1637	1045	205
1021	84	88
124	2762	158
917	4604	127
92	1766	55
846	2634	56
988	331	31
168	2110	284
114	3776	352
1773	419	189
1515	5077	270
1282	1019	404
1171	2571	94
853	288	55
366	288	55
947	439	9
558	1072	433
348	378	208
725	817	405
1206	2301	31
1106	4287	277
3	3906	32
516	3241	201
1397	1294	373
302	163	110
497	806	107
1210	4197	277
277	2027	71
1579	113	71
437	35	43
27	3448	295
1016	1650	88
1181	530	14
1577	1200	71
583	3004	87
662	727	112
1043	3253	70
787	527	88
354	1216	337
1280	4356	205
1159	4301	364
188	966	90
436	210	360
1230	5118	56
1564	2449	70
690	827	275
772	3484	381
514	604	136
142	1014	354
730	4788	48
1273	1045	205
794	471	99
734	251	362
1125	62	70
1359	4914	55
407	1102	91
1645	4099	160
100	2399	54
2025	429	42
139	4801	55
1837	438	284
1419	433	72
395	3426	277
670	1983	270
1236	1747	306
1243	360	332
2301	1293	374
1443	1174	414
2056	14	385
954	3673	46
473	4554	43
1137	3045	158
829	435	302
1236	1670	205
1137	4054	41
1350	163	110
465	3880	74
1341	708	136
453	641	476
2189	911	180
752	366	11
759	3586	55
2247	2833	54
1440	370	72
794	446	180
92	4069	302
820	4552	405
357	775	194
1798	360	332
1197	618	71
182	3426	277
628	4301	364
1189	3605	402
361	2543	189
718	700	71
580	2035	69
2270	2988	266
192	2328	99
113	763	142
2181	4197	277
1567	448	452
653	3760	188
1367	483	205
70	69	112
1752	3009	85
1455	2360	103
469	745	302
1406	227	71
1606	1220	337
1536	1045	205
31	1741	71
1069	2696	69
1816	254	284
677	2000	88
1088	791	230
627	1528	90
1811	287	32
496	26	306
1354	846	290
256	1546	184
354	970	71
1416	4764	240
2103	1225	456
1680	5069	283
1335	173	53
616	390	88
1693	2940	403
489	1033	53
44	217	205
48	672	119
1065	4595	88
1183	1045	205
1194	2095	231
1968	3347	31
501	859	171
1691	2500	205
1348	271	55
298	1684	56
30	131	144
1185	584	88
620	3636	324
784	227	71
1249	1539	88
1248	2165	356
2211	2443	11
109	505	214
1140	299	56
1136	2619	332
2076	2773	71
954	776	70
529	1073	70
205	120	88
1807	697	332
229	192	42
342	312	420
416	3691	277
1404	4380	23
1982	3934	56
952	727	112
70	4008	464
789	1900	284
778	69	112
1412	4096	8
2117	4599	313
411	809	42
684	4488	450
1453	3541	184
198	277	353
437	2708	205
1220	4341	72
403	1394	189
154	2251	20
793	3502	302
604	3594	315
587	2301	31
1608	91	37
183	28	11
797	2925	11
282	96	70
179	4323	43
256	816	225
143	504	56
1015	625	55
165	131	144
1968	1198	55
1287	184	11
592	4996	56
439	93	275
2210	2000	88
181	4153	95
225	2778	31
1193	221	181
1439	175	103
1243	438	284
1952	4076	425
376	91	37
1543	634	270
272	1163	207
614	2061	23
1841	2211	31
361	2545	11
555	3120	83
1124	2692	430
96	577	9
1244	888	56
815	3841	138
528	2095	231
1201	5177	383
2085	1330	456
1630	1309	465
587	1281	23
1356	3567	277
172	3559	23
1196	518	70
1037	3026	408
718	2331	368
2060	182	114
2196	96	70
138	709	88
1275	1686	71
779	343	136
1295	863	259
57	747	43
580	3818	41
732	3246	413
973	2024	88
224	2583	70
935	321	189
1067	87	275
168	336	86
1048	96	70
503	590	88
308	1392	275
898	446	180
929	2777	5
761	675	117
288	2040	70
1067	1185	377
446	29	70
334	424	56
1922	2364	212
954	1551	71
1834	87	275
999	654	88
1283	1597	69
1854	1248	71
1010	5252	363
604	4522	43
820	1937	23
655	2741	71
116	2755	284
1301	4056	69
1459	4961	53
314	955	40
418	467	77
379	3483	71
220	1913	231
1277	709	88
726	1056	245
1271	2340	184
1209	3297	349
1758	589	88
736	69	112
1924	3441	317
426	1454	39
655	3768	41
1317	4335	29
340	693	299
382	24	78
845	3394	70
538	339	55
1577	1964	56
1273	71	70
1232	1407	53
34	149	71
555	3516	275
240	81	33
1035	1933	9
1650	1348	205
1145	1227	184
18	43	42
878	144	55
419	1816	71
348	1082	66
200	1768	47
1571	357	278
1626	4920	331
652	370	72
690	3040	102
712	75	88
886	492	14
144	1723	31
1512	138	403
1065	776	70
1726	1829	55
359	1381	71
1244	481	69
383	1852	200
725	446	180
150	1976	86
935	3833	349
1845	1438	33
1236	28	11
1789	919	191
1744	4497	200
673	3301	339
1483	416	91
1338	4511	443
132	3408	11
1548	460	24
6	1650	88
740	28	11
627	3048	70
1153	482	71
911	2594	9
77	1953	313
475	709	88
1617	204	69
1967	3094	332
1361	2213	70
1454	3829	298
1585	1409	11
299	135	72
583	4438	72
1360	87	275
1175	1544	245
193	1796	49
626	254	284
969	658	302
1105	2647	470
1115	3369	42
2084	164	11
1166	113	71
435	2037	53
318	1913	231
565	16	42
163	1858	436
267	527	88
1831	482	71
1144	1261	116
104	26	306
1209	439	9
705	3223	208
183	535	41
603	2310	55
1335	5285	261
801	3270	376
228	411	199
673	3231	321
30	81	33
1497	0	462
1140	24	78
431	524	70
901	2560	205
1008	1230	275
1038	215	275
1226	2078	42
426	619	72
113	621	55
1065	3328	11
1859	1338	136
647	3916	137
1522	2995	443
326	2527	448
697	3447	43
1105	180	452
389	100	306
77	1898	70
1244	67	70
1614	210	360
489	975	31
466	3047	190
790	4183	60
769	1914	355
695	176	11
285	5017	478
1963	3426	277
706	304	158
1383	1941	201
1136	2270	43
688	931	74
50	488	71
306	673	172
192	976	72
1269	3677	46
2149	1225	456
212	500	43
1337	429	42
1317	3031	32
1343	528	251
758	2544	71
300	1361	72
408	688	55
752	416	91
1310	255	284
765	3516	275
194	3065	166
897	91	37
1647	3426	277
1017	657	456
1531	2343	56
1304	642	363
416	4498	44
655	1361	72
766	1513	9
1066	815	11
319	225	55
1334	2231	296
388	1206	71
1299	2712	69
1085	358	55
2210	144	55
1035	3569	9
388	1118	88
698	3228	91
1435	727	112
1752	1233	106
643	482	71
2232	1383	70
1269	3673	46
514	2875	452
1066	3599	70
888	3749	42
1167	4987	418
1723	1385	32
1227	1994	55
1978	1296	71
59	1998	11
1169	51	306
114	4153	95
1324	4875	294
114	1163	207
221	2329	186
350	398	212
488	1486	88
485	1	74
59	288	55
796	3541	184
76	420	189
1847	741	70
1044	3551	30
168	34	55
1075	5105	96
69	370	72
1548	3293	257
366	809	42
635	1361	72
780	492	14
1993	320	189
1644	1036	23
923	513	403
1425	1695	88
878	26	306
1966	416	91
594	489	158
1225	3058	157
196	416	91
172	101	220
1733	1292	47
976	2757	43
954	4996	56
1606	2104	184
1140	4182	184
1459	2939	297
1311	335	32
1317	2288	88
194	2182	69
1020	75	88
1525	2922	184
870	3393	53
798	2559	88
845	175	103
85	2019	70
1008	453	55
179	2384	71
972	113	71
1103	345	136
1135	5428	71
873	523	70
1220	161	37
0	2161	112
1875	1829	55
1344	4729	385
646	28	11
1580	4414	30
1273	26	306
514	484	71
194	3208	42
2055	3284	353
968	391	88
1130	1095	395
1321	760	56
481	57	146
274	1423	42
633	5399	88
1840	123	104
1342	839	385
1170	91	37
372	1028	10
548	16	42
2242	615	270
1466	2455	23
791	4193	277
2030	471	99
1	1808	70
845	100	306
337	3239	37
1951	395	184
373	1546	184
1930	1902	54
329	0	462
1312	4349	354
506	883	56
471	3716	42
366	1375	462
1735	1102	91
1892	233	81
1976	96	70
1672	1507	315
1040	2798	302
1019	297	70
514	2646	275
416	1925	88
2106	3756	464
1273	3315	456
1354	1677	385
395	2498	186
2315	4110	404
1978	5115	72
435	4554	43
38	4569	341
422	1816	71
1153	839	385
302	4547	32
1368	17	267
1158	0	462
754	215	275
334	2940	403
1293	3281	363
332	4050	171
1158	3266	88
1983	2058	205
1833	110	42
1282	626	231
542	337	90
1436	3342	70
1909	2843	275
1590	28	11
1647	1612	212
1378	4342	212
150	1283	5
1533	1930	443
826	260	11
598	237	54
1069	2577	284
836	14	385
354	97	69
784	2437	119
31	471	99
2108	4221	184
443	71	70
1804	4065	56
1878	360	332
597	5580	306
603	1008	259
1193	4010	367
1035	581	84
879	135	72
1204	4175	9
813	3878	88
582	490	237
692	813	445
590	4833	91
21	71	70
351	1045	205
1485	5	159
698	244	94
757	335	32
1327	776	70
1857	4016	104
296	177	96
227	1117	32
1394	3285	137
1840	395	184
1418	4733	56
114	5457	106
284	1409	11
1509	2229	24
769	5250	464
2085	1225	456
1615	3613	88
732	5536	55
353	2511	296
1492	1248	71
74	1882	56
625	665	42
2245	2873	87
481	2049	88
1924	5247	405
1106	1323	315
813	474	88
206	635	106
1699	1518	70
688	1154	43
113	1983	270
1474	5253	88
1310	3530	284
1339	190	43
911	1097	88
625	1008	259
540	4668	369
2048	5475	88
1513	841	56
1803	113	71
1645	111	383
1979	4748	323
1357	646	302
2154	1765	70
1094	588	88
1400	744	70
462	1398	106
564	75	88
968	5296	391
105	591	42
2312	727	112
1185	2842	198
1077	2754	302
105	2803	11
1167	3118	362
51	646	302
269	4378	42
1500	941	112
1035	5363	283
1404	67	70
28	856	56
194	446	180
174	889	71
1841	1256	90
1144	2370	72
630	2322	74
1130	2273	53
2019	3	70
539	3905	88
526	395	184
988	135	72
1360	3393	53
1846	5358	171
2185	5222	29
730	360	332
916	1253	284
2058	628	274
1056	1260	96
1224	137	78
248	4730	357
334	4233	277
1034	4634	56
1316	776	70
20	56	360
1145	2641	306
361	544	161
1211	846	290
730	1332	63
1635	2156	409
695	692	435
2245	2279	55
2115	4841	72
387	2455	23
1168	1013	34
672	14	385
232	2814	112
1296	1399	88
1234	208	31
257	902	61
1643	464	11
662	97	69
1154	317	233
1937	361	70
1309	251	362
858	4959	245
185	5066	277
1054	5057	207
354	704	383
1664	469	34
290	1458	363
1397	11	275
846	45	96
1626	3537	452
938	4124	31
1055	3944	88
1465	1107	42
846	4050	171
623	1572	11
1585	2803	11
25	3999	70
1088	4586	56
688	358	55
1643	3306	208
1000	2144	283
1330	287	32
2298	135	72
636	2862	11
973	1315	109
1950	2894	443
1564	2584	245
1957	2122	70
1499	144	55
1454	1462	72
113	2467	40
1171	4914	55
619	4579	88
1275	1582	72
408	2221	87
1033	99	88
1215	4150	464
1327	841	56
107	2627	56
444	3064	386
579	2602	171
879	1911	116
1262	33	56
382	658	302
1950	326	42
574	461	70
456	766	77
1020	4517	278
381	154	37
1092	3301	339
1636	576	104
1419	35	43
1325	567	332
432	2834	33
191	771	88
194	2909	56
39	5112	74
746	2201	41
1371	1917	433
1982	5552	128
489	618	71
2287	76	90
676	802	42
1383	3295	332
2208	75	88
972	391	88
828	395	184
841	1248	71
1308	98	69
564	358	55
5	886	304
2154	3629	184
520	828	42
162	4552	405
1564	4490	70
239	335	32
380	87	275
288	2268	42
954	4222	309
634	863	259
775	439	9
159	2085	54
466	2182	69
187	965	54
1370	195	88
1538	5277	183
865	1073	70
2188	2253	467
1577	2285	33
667	4506	70
1741	67	70
2184	4060	69
68	5534	43
300	1724	41
826	210	360
598	4063	12
530	5399	88
555	828	42
1502	4517	278
594	1150	152
901	3850	235
1023	434	72
831	1899	70
520	3619	53
824	1700	171
1127	769	312
228	1125	273
408	3793	135
759	2961	149
1211	378	208
156	809	42
530	2259	250
1722	2069	56
443	100	306
1458	567	332
135	5555	251
83	452	88
1630	288	55
344	260	11
426	96	70
1359	1651	11
523	3503	70
98	2038	90
998	471	99
1334	290	379
381	4475	28
194	4126	24
549	830	116
984	4409	111
2076	301	70
2220	654	88
251	44	275
688	763	142
1538	3925	109
724	2455	23
4	3	70
190	3426	277
1171	877	72
1003	827	275
682	2136	175
1159	2644	31
1215	4180	88
107	3957	32
2191	523	70
716	1276	43
290	3036	284
26	2723	70
481	1202	56
1406	1378	88
1339	469	34
414	690	56
352	497	189
1234	435	302
1735	1078	42
712	152	70
971	1045	205
1148	569	11
945	324	55
616	244	94
1328	439	9
2126	4084	106
1356	809	42
1515	208	31
1314	568	70
1544	4403	188
2109	2646	275
1349	542	171
388	136	134
129	28	11
1140	1217	184
742	434	72
298	1284	2
1514	1248	71
1564	28	11
256	360	332
835	227	71
299	447	332
1708	1294	373
387	813	445
688	2205	77
1065	948	112
361	566	218
1173	619	72
546	2599	30
567	786	200
1315	1102	91
1507	4472	294
1515	700	71
1332	2317	81
250	1249	11
1008	2842	198
1700	3821	413
60	982	56
1491	4050	171
255	4050	171
1234	839	385
98	210	360
61	75	88
1592	2303	358
857	5095	302
746	560	106
2109	613	112
992	24	78
1419	1438	33
836	1638	171
2269	26	306
272	752	55
1633	204	69
272	760	56
141	5268	405
135	1827	23
724	1045	205
1015	3989	302
362	3366	234
1800	124	257
603	584	88
1360	1153	96
1920	130	193
1454	646	302
1741	3278	41
413	4626	11
1406	1272	106
1795	2241	84
1062	823	32
565	602	70
77	567	332
1273	4290	206
1691	1681	205
57	295	381
630	469	34
642	214	72
955	810	115
1126	2501	262
512	5591	138
1406	1268	42
795	4179	102
1265	4176	134
156	224	110
107	1223	404
186	96	70
2310	2700	136
1260	1930	443
1372	3472	82
919	3814	71
1173	1561	456
491	418	285
25	359	56
644	1014	354
983	2131	32
593	634	270
627	2751	33
373	843	39
712	1058	71
791	727	112
1145	780	452
6	2191	69
786	466	106
818	298	363
17	1701	77
1576	589	88
548	3778	411
70	323	37
1148	188	201
1058	1743	315
2253	3537	452
364	3733	108
1096	220	88
179	901	42
5	0	462
1371	91	37
845	131	144
542	4134	42
672	3910	404
968	3731	277
890	0	462
2318	113	71
99	482	71
386	4358	284
2146	2894	443
824	3600	70
2029	3678	72
1397	1072	433
113	161	37
1569	100	306
972	1496	472
677	1128	56
1229	3670	70
579	1578	11
1850	158	456
1152	4017	103
1560	469	34
1031	4033	284
736	135	72
1029	2292	136
173	4119	32
505	676	77
1417	3447	43
113	1937	23
1311	2263	184
2070	1154	43
1118	4508	56
1304	483	205
548	2271	42
296	2434	27
93	190	43
1389	3862	56
1392	32	31
1015	2606	11
1335	719	53
1420	254	284
1322	1573	284
1424	776	70
1491	1900	284
794	3270	376
850	2542	245
1327	1867	103
989	28	11
440	180	452
1485	1030	259
180	153	25
37	2680	31
115	642	363
995	1272	106
566	435	302
1638	3550	56
1249	4833	91
467	4649	42
1211	4594	231
2190	147	452
655	3767	23
915	220	88
258	98	69
612	1577	213
688	766	77
933	14	385
596	21	273
1083	151	69
1335	2455	23
361	1160	162
1219	2792	354
1160	813	445
2255	1918	309
1050	4043	69
1069	4478	302
125	692	435
718	1799	55
392	1627	303
565	1907	69
1486	1543	32
1248	4783	166
1535	1532	171
899	1753	72
786	4085	55
429	2494	61
730	530	14
62	1765	70
1289	2159	74
1151	739	385
500	258	306
150	4359	44
1211	3015	111
114	2368	70
847	271	55
90	1182	205
906	1358	70
1838	31	55
1418	1220	337
1246	4513	399
1185	4497	200
796	4182	184
845	1511	404
1334	2769	55
2276	210	360
540	790	70
762	3870	448
195	696	56
1146	5020	103
282	3804	141
564	158	456
559	30	32
1130	4389	315
1194	2275	358
518	2152	234
1439	656	184
1021	1232	56
2131	872	72
765	2200	54
1585	1759	11
2008	2727	54
1171	200	161
512	61	81
1217	2159	74
761	399	324
477	326	42
684	2899	126
1319	416	91
510	1670	205
1317	28	11
1713	3649	205
193	2194	9
316	942	112
40	2694	158
1471	152	70
832	173	53
603	640	119
434	358	55
297	1351	56
96	2715	9
131	1695	88
1623	547	276
1394	341	23
165	4359	44
140	2182	69
194	999	88
1507	3829	298
158	4114	32
1131	322	88
997	247	383
2014	297	70
326	98	69
74	4197	277
916	3090	71
542	982	56
1476	291	362
1140	4817	385
1481	434	72
752	254	284
563	607	42
374	1816	71
922	3691	277
769	321	189
1317	4278	214
238	5105	96
710	843	39
899	700	71
20	58	32
1209	735	385
1265	3832	370
382	5241	54
1487	14	385
130	452	88
1555	3	70
833	4790	184
186	1783	31
704	471	99
1533	760	56
731	338	105
508	2078	42
109	520	54
1175	3743	42
1681	735	385
698	1253	284
1339	3708	55
445	1122	111
1182	2455	23
1438	3057	81
510	1838	23
161	836	394
705	946	32
190	113	71
1494	389	162
564	5391	31
153	3142	71
1131	1309	465
372	5273	153
1409	2115	88
804	1248	71
1301	3595	184
456	537	171
1234	135	72
899	378	208
399	1636	200
1301	163	110
255	527	88
1058	709	88
1950	628	274
547	75	88
1058	2474	436
40	1466	42
303	695	369
1924	642	363
1392	4546	205
512	452	88
1537	2290	71
93	2076	464
239	1151	32
140	3273	332
214	3141	55
662	28	11
83	2705	23
858	4853	14
342	70	71
450	26	306
30	121	32
1656	1142	294
999	210	360
1556	5084	366
996	2550	56
888	399	324
1140	5185	184
437	330	55
109	3005	448
124	2017	71
1540	764	23
234	1363	59
1394	4387	32
704	75	88
1442	2852	142
1891	3649	205
630	843	39
189	4826	71
1463	642	363
856	471	99
202	1597	69
1204	809	42
899	4077	257
1342	147	452
76	416	91
1280	28	11
1530	228	42
1137	0	462
1544	26	306
1869	3868	70
2313	210	360
1567	2411	42
191	210	360
467	809	42
158	2597	302
2059	5363	283
630	1054	88
2037	75	88
1409	2178	32
157	555	2
1307	218	70
1169	4212	43
1212	618	71
2147	3553	31
888	2326	212
780	3490	10
778	35	43
676	1784	317
546	2360	103
1465	970	71
887	3934	56
1017	3613	88
310	865	72
1325	1551	71
290	776	70
822	35	43
729	2370	72
2104	2520	84
1276	3989	302
28	772	170
376	3522	30
698	5188	51
902	590	88
1691	421	142
216	244	94
2281	5051	138
1088	2272	42
830	1690	69
1583	839	385
516	2809	262
1459	2955	70
486	324	55
798	576	104
150	587	69
1305	4508	56
1173	564	90
1021	179	77
2263	4436	74
624	139	252
870	97	69
690	1105	451
547	727	112
1590	180	452
0	3549	112
863	3002	55
264	1111	72
1038	2093	70
735	1153	96
388	3364	96
2083	343	136
1566	660	71
2242	658	302
50	1425	56
55	560	106
1812	2360	103
1930	100	306
1477	262	270
388	2613	33
1171	161	37
276	2419	403
1436	2165	356
268	1265	104
1841	3997	72
1122	642	363
883	100	306
978	1665	302
298	26	306
1010	1458	363
143	3604	32
1274	3404	336
969	100	306
1302	620	11
1410	2995	443
1158	4617	349
778	1968	88
597	25	108
468	2866	69
1166	894	37
362	3860	112
1078	4444	464
2152	3426	277
703	1847	43
1246	1072	433
1177	981	55
1854	4017	103
1152	5372	377
169	173	53
988	1033	53
1135	2717	217
619	592	41
591	4682	82
232	1104	56
1295	379	69
609	439	9
776	100	306
90	1884	264
112	741	70
967	3996	277
1130	5072	56
1404	289	339
690	733	88
616	290	379
1208	1490	268
1835	4428	30
11	113	71
373	161	37
1325	1175	88
1269	487	245
724	4197	277
395	2633	87
1677	67	70
76	760	56
220	4551	103
978	3655	259
158	802	42
380	4355	72
1948	411	199
1188	4925	452
1268	2480	90
930	4075	99
1340	360	332
868	217	205
985	226	102
1295	3161	285
2021	3791	24
50	1014	354
2185	3530	284
943	3160	70
73	400	158
262	1612	212
1408	5388	42
1134	662	69
844	4050	171
190	210	360
1295	567	332
69	1851	52
1914	3045	158
135	726	78
866	1920	424
1902	1303	77
2191	3709	337
645	331	31
1132	100	306
1747	2247	73
376	4086	4
592	4508	56
131	2182	69
1578	2543	189
1301	2405	64
734	291	362
306	473	228
1220	1730	56
582	2472	96
1074	1276	43
418	528	251
1829	535	41
1316	399	324
3	658	302
1024	117	43
74	1089	70
806	0	462
850	575	62
150	3576	56
1342	87	275
1656	2930	53
1541	1144	94
447	3152	69
643	525	46
1937	1296	71
2018	2699	136
1362	3196	275
239	1623	56
1798	911	180
968	152	70
489	4556	171
1298	909	272
362	3129	96
1186	173	53
1251	5412	32
395	446	180
106	3940	138
868	1045	205
1215	4862	324
1222	588	88
303	613	112
306	500	43
566	288	55
1158	4453	205
1841	315	31
239	1625	71
421	1866	83
359	2594	9
246	1296	71
893	5364	71
1186	1998	11
1008	1045	205
1519	1125	273
979	3081	403
2144	3180	332
938	70	71
547	1755	71
686	829	117
1153	481	69
1031	2519	403
835	1686	71
1357	5026	257
21	75	88
1744	161	37
97	1487	138
135	10	275
952	567	332
387	963	373
168	1045	205
1065	32	31
1290	75	88
96	231	10
366	3597	54
1428	711	88
1685	2360	103
789	2714	32
777	138	403
215	70	71
793	3542	184
1340	1546	184
629	1777	55
1154	816	225
1222	204	69
74	1182	205
1502	4761	332
888	4516	20
875	2659	106
263	732	212
93	1015	354
1290	3925	109
706	5458	258
193	1583	87
741	452	88
2216	135	72
1443	2049	88
1308	4221	184
1394	987	136
619	2313	72
93	4960	363
2107	64	172
1306	1353	71
375	1000	284
1842	711	88
51	526	70
61	1834	71
794	567	332
1854	839	385
88	1746	77
1396	135	72
1424	4085	55
1952	185	136
191	1003	302
2234	24	78
782	1435	33
655	1200	71
1871	96	70
998	5108	55
1862	1518	70
1140	0	462
66	26	306
313	3426	277
973	865	72
175	2138	283
617	323	37
1334	1913	231
1560	1845	162
698	4308	138
1457	2419	403
423	752	55
1025	3201	81
173	2779	55
275	1284	2
564	2807	23
322	24	78
70	2461	148
510	2687	70
1354	2838	90
1206	5348	308
340	3896	55
1707	225	55
300	1968	88
783	620	11
565	4041	70
1436	87	275
707	1836	71
958	467	77
2152	2585	191
1228	3294	257
380	4021	55
290	210	360
467	776	70
776	3032	294
1257	4149	209
946	1069	69
1559	4791	55
1765	3414	56
1136	5463	332
388	1717	245
256	730	88
113	2516	56
1420	4215	277
1410	4800	11
1325	4263	69
792	2239	239
1233	1248	71
309	2436	245
185	261	317
888	1227	184
426	2272	42
157	2926	54
518	1100	238
2063	438	284
761	4104	77
745	572	46
1817	2614	365
1672	261	317
1744	542	171
605	417	306
1038	633	69
616	1248	71
795	244	94
91	2790	91
1413	627	173
1346	5067	277
1739	589	88
978	642	363
1576	1388	275
1345	1238	71
2076	5322	141
1302	798	88
1480	610	284
1506	3813	425
619	1711	70
248	4579	88
1939	226	102
634	138	403
1545	873	72
730	242	72
1170	796	38
1612	2612	205
1785	1557	71
903	5398	88
1880	4709	284
1606	115	41
2246	1397	246
87	4891	43
50	5196	33
1394	2432	136
1230	1206	71
2247	271	55
279	3424	55
2151	5119	46
1004	1982	306
1345	2025	306
1127	4530	69
1500	210	360
911	5548	385
267	120	88
139	1967	317
463	884	32
272	450	88
191	204	69
627	354	71
1101	2181	78
1211	5525	43
1861	428	452
589	1	74
1211	161	37
1813	2047	216
53	587	69
277	1290	302
603	2110	284
735	26	306
1204	2443	11
762	158	456
2125	1059	456
1049	592	41
66	36	137
279	1301	70
1856	113	71
204	5380	317
2137	1581	72
18	1291	3
1067	944	164
536	135	72
1339	288	55
1008	2072	200
402	96	70
1502	276	315
1103	75	88
1859	387	401
256	4508	56
968	158	456
518	2386	262
403	5270	193
1556	2076	464
767	271	55
106	1416	71
503	2371	217
343	3762	306
1847	2544	71
834	71	70
870	1538	70
144	769	312
1038	3272	88
362	2081	27
1833	5217	71
1826	3033	456
1878	4924	433
1343	2686	37
102	1836	71
96	936	360
1990	1005	285
646	707	362
1222	686	8
165	35	43
1186	780	452
1029	204	69
1716	1248	71
1044	71	70
535	2076	464
973	2651	69
1590	2055	452
224	4801	55
1168	888	56
237	1146	71
1737	4997	70
240	234	31
372	681	263
372	3614	71
839	1131	71
1007	2248	72
411	210	360
997	709	88
291	3883	193
617	1045	205
1049	204	69
1291	474	88
1510	310	124
526	28	11
463	3030	136
527	1037	397
1213	1641	72
2154	210	360
1177	1176	88
90	1913	231
1310	28	11
2107	361	70
1020	3440	317
1021	446	180
813	1801	33
1211	1694	71
916	1978	88
1372	630	166
431	907	41
777	4120	277
559	4102	32
1400	2253	467
1511	1895	55
173	2122	70
1145	1217	184
688	760	56
1296	721	88
140	835	311
365	230	71
387	379	69
524	414	358
185	499	43
726	4419	106
393	2631	43
1513	453	55
1192	627	173
909	1612	212
1034	4155	245
334	5365	9
1745	500	43
1220	811	21
1922	1026	53
340	2081	27
143	709	88
1187	4800	11
892	582	277
727	890	136
1786	2144	283
405	4359	44
2022	5272	259
524	3386	42
313	3609	275
1587	2053	441
1233	3486	55
409	251	362
646	254	284
1567	1470	72
1973	3938	88
751	635	106
850	1250	11
1546	3104	69
342	28	11
852	2221	87
1438	1210	93
2116	4530	69
742	2573	302
1739	3432	158
162	2534	136
396	1034	69
2095	5221	300
1187	982	56
99	237	54
1218	4790	184
1455	727	112
2271	158	456
519	864	302
609	1248	71
1937	5314	260
574	4609	55
1556	905	369
1354	2399	54
2184	180	452
132	553	56
746	645	41
1301	482	71
1247	3378	41
2014	433	72
1811	3570	369
1023	28	11
194	5336	270
357	2597	302
2294	5385	444
318	500	43
1130	399	324
295	1276	43
39	3426	277
274	466	106
1579	2808	294
731	97	69
1956	75	88
893	1577	213
334	3996	277
320	727	112
636	3508	88
262	1550	71
1695	3804	141
416	1816	71
331	117	43
1371	4970	456
1684	399	324
1320	439	9
1309	80	450
338	100	306
368	2176	129
153	3311	99
1271	4375	103
1283	1178	62
2229	1793	418
1309	1402	72
1049	115	41
873	1352	70
702	604	136
1299	5487	96
1817	408	71
1575	1573	284
129	210	360
1108	1450	74
1888	2929	242
91	69	112
134	3591	201
1579	1319	294
789	3068	284
615	1612	212
1052	75	88
1158	963	373
1352	251	362
1295	1941	201
595	1394	189
885	1712	72
1461	217	205
565	236	70
624	1358	70
1663	3307	184
1889	2361	270
1152	839	385
1236	2058	205
456	2985	171
5	504	56
1025	1502	71
1545	1079	95
1905	326	42
1651	1867	103
1219	276	315
676	3426	277
676	24	78
813	4299	55
1323	1928	403
568	3389	11
1447	3969	402
2277	5209	116
875	378	208
1236	2360	103
244	2868	31
1094	4104	77
1735	450	88
1766	2662	70
792	1045	205
726	4492	247
1247	411	199
667	1955	208
378	1605	70
1218	1316	88
2193	291	362
379	2708	205
387	590	88
496	2030	273
912	1008	259
1283	526	70
983	2559	88
362	1601	106
1227	1482	42
488	4041	70
1173	1787	11
266	646	302
314	108	254
1369	75	88
241	457	73
376	426	441
745	84	88
1243	399	324
1571	3241	201
1406	1499	55
801	1341	88
1173	727	112
108	2063	69
1015	4407	55
1124	16	42
124	144	55
562	1587	284
1494	2099	112
774	2365	289
306	1277	143
1347	954	30
412	14	385
773	2978	88
391	215	275
50	1807	74
1187	1145	32
1491	510	306
1604	3424	55
1215	5563	205
279	1466	42
147	687	88
306	298	363
1236	589	88
1256	982	56
626	1476	91
614	5044	9
789	3989	302
668	0	462
1083	1336	86
783	4146	55
369	1045	205
208	2914	90
1727	4991	189
2014	1221	11
1164	4860	104
309	905	369
1719	2611	205
1647	1379	472
853	1045	205
2109	3005	448
603	100	306
1618	3282	69
1257	180	452
1474	1249	11
1316	141	56
436	399	324
1809	1135	302
719	1031	42
603	1591	285
1367	38	142
619	456	86
797	439	9
2222	195	88
660	0	462
359	3967	56
532	3179	285
67	4410	302
724	21	273
326	1375	462
551	766	77
395	543	11
110	4530	69
1137	289	339
119	395	184
412	2026	438
1383	2647	470
1900	254	284
1140	5003	212
850	213	332
798	3308	385
1255	396	136
630	2642	325
78	901	42
1295	28	11
732	2076	464
1378	4933	70
1368	4606	267
1682	1262	72
1367	4290	206
2002	5260	464
773	2408	9
774	4877	312
625	3024	200
1564	4551	103
173	5156	70
616	1198	55
1890	5475	88
98	121	32
1310	3836	363
72	1546	184
1449	2561	24
316	301	70
1371	708	136
988	1715	165
51	5409	11
1673	2413	200
1582	84	88
1812	567	332
387	910	179
2183	67	70
87	3921	56
806	740	69
1394	3365	259
359	163	110
1280	5434	184
1280	4639	93
429	483	205
1168	4444	464
1116	4574	240
168	864	302
1220	2248	72
1207	567	332
2005	215	275
157	417	306
1530	2713	69
730	71	70
216	97	69
1131	656	184
369	5324	277
1304	522	56
328	1440	151
1131	1078	42
616	299	56
73	2659	106
151	804	69
264	175	103
2141	1220	337
1070	3580	154
1453	113	71
205	905	369
682	857	11
1261	802	42
2050	4996	56
70	381	38
779	4005	350
1298	732	212
1871	75	88
772	4410	302
995	2221	87
670	880	451
342	1805	96
845	575	62
1396	87	275
290	52	362
835	916	164
400	1707	67
1577	4551	103
1515	723	88
604	97	69
38	1309	465
1344	1770	55
1103	84	88
1564	439	9
431	3508	88
932	84	88
2014	2777	5
315	317	233
293	4243	106
1666	4612	63
684	216	70
1212	5472	158
381	3991	42
1953	0	462
634	161	37
1299	4802	32
2253	3106	137
886	1045	205
1049	662	69
391	905	369
1182	668	196
158	3774	88
1130	2221	87
1075	2287	150
199	4002	8
1234	2238	204
374	2152	234
1314	446	180
1614	2277	23
2169	5433	362
625	3426	277
488	370	72
266	28	11
1146	233	81
760	4625	119
450	523	70
1590	4921	332
225	559	32
826	113	71
1590	447	332
1322	3537	452
553	3874	53
1340	468	294
1360	627	173
1621	959	56
628	734	452
1360	1009	70
1017	3947	121
1054	820	70
354	447	332
269	896	136
197	399	324
1200	71	70
606	1111	72
1249	4037	72
193	1648	88
1733	3855	72
119	1093	72
528	97	69
514	2477	119
1143	75	88
51	585	11
126	727	112
748	4213	332
587	1209	306
1194	2073	9
65	348	89
606	67	70
1310	204	69
680	660	71
603	639	11
413	2512	357
1441	68	70
180	662	69
335	70	71
1710	708	136
1567	4878	136
743	4407	55
1962	366	11
846	4128	9
1012	4303	134
489	237	54
359	2324	186
1245	642	363
1209	175	103
497	276	315
1873	588	88
502	1	74
1678	1653	353
1248	67	70
25	357	278
214	1104	56
1343	4505	23
1586	1675	72
1328	139	252
247	863	259
924	517	362
416	1173	144
243	1385	32
1859	414	358
331	1450	74
916	1936	306
160	2803	11
1380	3529	253
1366	4447	55
24	417	306
1570	3310	46
1481	138	403
616	67	70
936	2380	93
804	2057	71
1150	28	11
408	152	70
1577	4700	230
211	439	9
1134	100	306
525	116	306
402	247	383
1400	376	53
709	227	71
165	3428	33
2269	3436	41
604	182	114
1471	3631	88
1798	3189	212
890	3064	386
1459	693	299
558	228	42
558	1885	327
494	1056	245
217	748	42
51	804	69
361	87	275
1465	3553	31
179	696	56
123	2056	52
1743	180	452
411	4111	9
975	865	72
1442	786	200
2037	1250	11
1136	3938	88
511	1330	456
1719	5191	324
2272	4257	319
1491	1457	284
286	677	258
1187	1873	42
73	22	273
1282	1816	71
767	914	56
476	835	311
1127	2327	106
796	3434	176
66	5434	184
227	646	302
693	3319	72
1992	158	456
76	1893	240
1869	3509	236
271	3804	141
1223	979	112
1124	244	94
445	68	70
1847	2256	464
1870	3293	257
2273	67	70
162	846	290
1682	1099	53
1613	973	91
319	1584	55
1465	33	56
1247	472	284
942	249	88
1327	4596	472
1275	1459	259
1231	3315	456
1773	286	306
807	3516	275
1897	911	180
547	1198	55
1442	173	53
1424	67	70
1993	5147	372
1194	2712	69
467	1118	88
2319	215	275
1349	3172	452
1949	357	278
626	3040	102
1471	3427	55
1509	1509	231
525	4652	382
1828	1546	184
1519	3552	112
761	14	385
1520	658	302
1136	2925	11
366	936	360
741	4367	70
470	1797	24
846	5464	37
168	836	394
821	1742	69
1021	107	70
1796	1888	55
1315	4652	382
1471	1836	71
1577	1273	166
466	1444	72
1173	580	50
741	1899	70
617	982	56
764	1264	54
489	2048	55
173	630	166
126	2876	56
565	828	42
1716	418	285
359	14	385
1636	1045	205
1630	1113	456
1418	3456	257
132	416	91
1015	4244	277
1877	607	42
930	28	11
1268	585	11
2083	1736	92
100	1086	91
1243	3195	9
1684	2682	472
772	816	225
295	528	251
1342	776	70
1082	754	72
515	2170	41
1152	905	369
887	5413	56
10	1257	72
1685	3731	277
1220	2368	70
308	1390	136
997	2258	88
1051	484	71
298	171	11
521	4508	56
1077	84	88
3	3744	284
119	725	96
1232	2955	70
77	1145	32
125	1963	53
1179	312	420
300	1446	39
686	378	208
129	177	96
192	2128	88
40	34	55
1021	3688	88
51	4064	277
98	931	74
515	67	70
911	2869	184
1438	3174	18
6	2954	369
2141	134	306
1234	2401	15
628	1597	69
1965	642	363
700	766	77
1182	4426	405
1409	1256	90
1842	2745	136
958	1727	71
1208	3344	270
135	26	306
1277	3168	259
1154	278	456
742	4136	31
309	476	88
1304	434	72
1124	4367	70
1847	3982	411
947	468	294
1244	3624	5
564	3033	456
1336	3882	317
4	1520	88
1432	4359	44
245	379	69
1264	3378	41
2020	1250	11
39	69	112
2077	1235	84
794	1414	96
758	560	106
387	2262	85
2210	150	330
1259	135	72
2093	3147	257
265	1682	9
1034	2473	70
285	32	31
91	936	360
47	2931	291
93	3756	464
1364	16	42
911	5474	277
1859	383	78
748	747	43
300	1565	402
644	135	72
1556	4008	464
735	3590	87
598	1977	86
198	1017	374
1185	4410	302
666	1397	246
754	313	118
489	1354	71
1095	376	53
130	1599	332
1332	4254	452
1841	1010	86
396	1859	88
790	3	70
144	75	88
1726	67	70
17	1699	170
310	2004	106
1215	5178	464
1343	4555	72
580	3493	11
131	2221	87
873	341	23
938	1358	70
1428	1914	355
1418	658	302
676	5205	63
160	642	363
1336	288	55
1566	532	41
50	914	56
698	3880	74
952	5386	102
1471	2637	54
532	453	55
1280	2455	23
1797	2058	205
1343	379	69
497	1684	56
1776	5589	41
806	3191	69
169	869	42
389	1628	233
1672	173	53
1085	276	315
1129	3384	91
12	1738	56
1002	158	456
325	469	34
789	141	56
33	3537	452
407	865	72
168	519	88
234	215	275
224	2599	30
1587	28	11
285	5463	332
1671	1526	56
1050	414	358
1409	1641	72
179	1028	10
1234	1044	56
1874	2152	234
516	4753	55
1266	1328	463
1417	1174	414
860	1985	5
1395	204	69
587	889	71
450	793	71
1684	4792	452
977	642	363
2267	138	403
887	4050	171
366	1720	421
1186	288	55
5	3729	43
697	891	53
1298	1544	245
1157	3017	69
870	3838	277
1947	5008	284
2249	4116	346
2298	2943	46
1161	301	70
1173	2179	324
51	763	142
50	31	55
613	96	70
927	723	88
130	1612	212
1671	2691	149
1526	100	306
1334	1623	56
884	17	267
570	2486	452
412	1409	11
264	271	55
715	3977	100
830	2901	452
1277	210	360
431	3537	452
335	1134	229
1511	471	99
761	4328	11
512	185	136
1229	471	99
1146	2766	103
271	925	18
411	2836	42
316	4848	11
1088	76	90
91	4538	427
258	439	9
1290	3426	277
39	2307	95
684	1692	56
477	4498	44
107	3695	23
671	204	69
1134	1487	138
1506	84	88
1587	3145	114
620	41	275
667	3282	69
908	1780	55
1386	3608	32
1624	357	278
593	4455	55
211	1239	71
1146	4061	102
70	2412	70
1021	24	78
536	69	112
1571	488	71
1298	5025	102
14	67	70
1391	4064	277
672	1492	240
1356	4675	405
1140	4227	212
1143	5018	88
1039	567	332
17	2655	54
206	4611	72
553	5397	40
1405	1175	88
1529	1965	9
1054	4204	189
506	5033	88
107	515	40
500	2355	106
537	1082	66
326	26	306
1256	4721	171
1051	4433	103
55	1067	332
1142	105	119
245	3344	270
1177	5226	273
258	4928	56
500	3153	40
1067	1598	88
218	3072	72
1805	947	32
1486	360	332
615	5167	70
398	784	72
1410	138	403
1252	3624	5
482	4169	278
1282	2233	400
418	163	110
551	565	20
18	636	64
550	135	72
536	1191	91
1925	348	89
416	205	187
371	4498	44
1744	298	363
2237	2143	257
2021	843	39
385	966	90
408	4397	363
660	2498	186
291	3592	259
1862	91	37
2130	206	315
726	358	55
358	117	43
757	3584	103
807	2642	325
116	1730	56
1541	2843	275
2099	0	462
1773	1783	31
806	288	55
1564	576	104
672	1045	205
1920	708	136
1008	3008	56
1269	1810	205
914	763	142
145	1787	11
1583	3824	363
1315	4384	405
1158	483	205
1215	4008	464
579	712	86
0	1873	42
244	2426	55
511	659	283
954	158	456
828	227	71
241	3066	72
517	635	106
221	1764	106
175	723	88
1256	3738	77
1280	4222	309
169	324	55
1989	522	56
2120	4591	88
1199	1884	264
55	567	332
1577	2151	214
358	3312	86
4	1118	88
58	2763	88
194	1952	31
1431	4623	112
678	2769	55
522	2426	55
271	4327	284
1295	986	284
234	23	43
1579	84	88
291	1413	31
160	1961	63
103	575	62
2103	2138	283
121	3424	55
1422	514	40
204	1550	71
2247	156	70
1205	5122	332
1207	28	11
1976	1470	72
945	1628	233
752	4398	103
247	279	119
1469	335	32
1927	28	11
168	5272	259
954	3982	411
215	67	70
724	84	88
983	416	91
1513	771	88
1578	2407	4
496	2347	347
114	330	55
652	144	55
3	4994	70
1268	809	42
524	4537	96
1924	2594	9
191	2763	88
394	67	70
187	1378	88
1179	4744	42
1329	3417	28
647	2336	472
1962	357	278
1317	1284	2
1159	4947	171
361	28	11
909	1628	233
30	26	306
1606	1296	71
833	2379	349
1358	204	69
718	228	42
1489	438	284
99	2950	191
999	1210	93
720	4544	360
1510	3426	277
525	2437	119
168	4352	31
954	1732	70
118	1565	402
1322	117	43
1142	2259	250
267	2687	70
1137	4215	277
105	580	50
211	2226	215
1317	650	452
140	1817	56
1243	1928	403
701	2894	443
1902	726	78
1070	341	23
518	1244	372
135	1403	53
2071	298	363
229	2099	112
954	5285	261
979	1650	88
1103	607	42
724	400	158
1193	1269	54
1827	1593	41
1402	3137	71
539	442	66
1894	4319	291
1137	120	88
489	2863	40
944	564	90
178	1687	42
178	2052	71
1817	597	41
1743	1321	54
980	135	72
1381	708	136
2137	660	71
1671	67	70
1412	3526	32
517	244	94
555	434	72
2197	75	88
813	4082	70
113	2124	354
278	130	193
43	1232	56
469	5166	56
1175	5503	294
2215	3319	72
1347	469	34
610	35	43
1161	1154	43
1132	609	172
141	1967	317
1051	3582	32
609	1936	306
1340	752	55
114	1305	185
663	4716	199
1232	144	55
712	1295	71
98	399	324
1682	717	106
1830	5109	191
1396	5186	171
1469	2308	46
1829	4075	99
1344	2584	245
1137	4426	405
698	3619	53
1342	4855	70
451	435	302
1971	654	88
59	568	70
954	362	70
558	3228	91
1170	1719	23
974	1612	212
1847	3056	88
2	90	80
229	1027	53
1488	4923	362
1533	1757	433
979	2515	403
1579	771	88
924	16	42
1106	120	88
1198	288	55
1547	1069	69
2083	288	55
1541	2197	9
144	2391	206
989	651	332
338	1473	304
626	395	184
735	4593	33
1537	326	42
1543	1681	205
564	1693	88
1742	3628	411
1902	1044	56
432	2081	27
1291	219	267
384	709	88
1371	4643	465
179	221	181
1026	158	456
1319	191	56
107	2159	74
636	959	56
1904	1989	212
1002	3652	103
1417	4081	55
1654	3147	257
711	1544	245
843	1748	452
930	2141	257
1019	3251	41
1043	4590	70
1356	5478	405
465	3274	9
489	2712	69
2125	762	24
1570	4407	55
350	1562	24
431	477	85
1463	776	70
107	5376	88
1841	3865	280
851	2786	71
1342	36	137
1380	291	362
70	802	42
1323	1220	337
903	1342	317
1567	3884	42
565	520	54
1275	134	306
1086	658	302
1103	5290	55
551	213	332
1440	3639	161
497	646	302
1896	1364	41
1084	3589	72
688	2000	88
537	2292	136
191	1209	306
1866	304	158
906	3234	164
1419	1212	142
840	3426	277
1175	2744	70
794	2322	74
674	597	41
1150	399	324
332	2653	88
418	646	302
1887	1145	32
78	4828	284
466	3066	72
59	3254	137
1070	203	70
1172	378	208
1419	797	88
156	3932	112
1181	5557	43
783	572	46
250	485	106
211	4656	43
791	2011	56
1317	1199	70
688	2086	96
1369	26	306
2076	1524	55
1096	26	306
343	499	43
197	32	31
258	2202	191
1144	2700	136
1812	396	136
1263	439	9
130	4371	403
614	1590	303
2075	5556	55
6	1285	70
437	96	70
548	5537	56
1522	0	462
435	4644	106
1656	198	55
1299	3232	284
2196	1653	353
416	189	41
820	2214	317
1317	439	9
2191	4670	277
840	1185	377
2194	3241	201
2217	658	302
1022	435	302
1383	177	96
116	255	284
706	286	306
206	1971	88
1365	1276	43
1368	26	306
1181	100	306
1596	732	212
1663	3600	70
390	1026	53
690	3537	452
871	5126	71
1287	399	324
131	3571	96
973	4380	23
0	776	70
472	1967	317
1325	1645	88
229	1801	33
2196	567	332
2211	1282	4
586	620	11
1409	1111	72
1580	1152	198
1144	825	42
1486	4193	277
1394	708	136
1511	2437	119
988	434	72
240	210	360
481	647	43
359	399	324
823	1045	205
1136	4301	364
1575	776	70
629	926	284
2060	770	11
482	492	14
880	709	88
120	324	55
265	28	11
1952	2011	56
1325	3342	70
1276	1331	41
194	604	136
194	233	81
1897	378	208
964	3989	302
1515	500	43
616	141	56
1394	16	42
2208	760	56
2088	4398	103
437	195	88
1507	87	275
1215	2992	205
968	905	369
2043	531	72
2022	161	37
1139	1143	56
1154	719	53
21	96	70
1402	2282	151
1083	484	71
1344	2994	270
1313	93	275
806	800	186
994	3982	411
580	855	148
1752	1524	55
1063	370	72
1675	877	72
486	2000	88
1206	957	43
2237	438	284
846	3351	8
1454	5005	69
510	1753	72
634	3614	71
323	3374	55
1409	2246	72
1650	732	212
372	16	42
197	1387	9
1798	4587	102
1411	1301	70
997	1253	284
1268	760	56
1942	250	70
2210	1248	71
249	395	184
1832	100	306
902	1280	42
1105	4050	171
1718	2177	275
972	447	332
224	1837	71
7	814	250
1153	4395	70
2143	655	284
1641	4097	69
903	84	88
869	1334	47
1585	704	383
348	2492	240
837	1615	28
1315	295	381
1288	31	55
2249	4342	212
488	236	70
732	2857	70
437	3939	277
116	4709	284
269	2582	81
542	4662	55
1353	99	88
1663	3515	212
396	3734	55
14	2258	88
1225	5357	88
897	1210	93
457	58	32
1477	1730	56
1692	5553	56
139	173	53
318	173	53
1498	1193	115
2154	678	362
1564	957	43
369	23	43
989	5534	43
564	2118	56
1474	2763	88
1973	709	88
1010	763	142
204	1010	86
192	877	72
1438	3030	136
845	284	306
1459	2595	53
1112	1454	39
2216	500	43
776	2288	88
263	3673	46
1089	1331	41
2007	175	103
426	497	189
1276	2632	363
293	3917	5
528	4747	71
739	3716	42
224	658	302
172	3078	41
45	313	118
903	744	70
1265	1582	72
1332	786	200
706	1695	88
2199	3705	88
453	41	275
1068	721	88
477	3742	71
1678	4055	56
23	82	12
1150	607	42
356	1509	231
1268	982	56
185	708	136
1030	2239	239
206	720	88
482	839	385
655	537	171
930	4078	257
548	5	159
1419	1276	43
158	1284	2
1909	3836	363
1738	1425	56
1969	1248	71
761	1989	212
752	67	70
865	625	55
752	3389	11
1352	75	88
297	2411	42
806	251	362
172	1115	54
14	2465	362
79	3254	137
424	2211	31
1622	1294	373
672	178	48
411	1798	72
1404	1285	70
1323	492	14
255	730	88
1505	1959	71
616	4941	88
1817	3724	70
37	869	42
2169	4050	171
335	2425	235
1221	386	200
2249	3941	184
951	1182	205
277	1686	71
1137	5164	315
542	2052	71
344	827	275
194	997	69
271	3505	32
426	1938	11
303	1533	72
1599	271	55
1229	690	56
1248	686	8
1304	3096	69
1158	363	275
156	5523	182
422	226	102
845	152	70
1672	5297	11
705	75	88
1135	2297	157
1577	936	360
827	593	111
777	4211	11
827	3280	69
1053	5422	70
1516	2158	389
24	3368	189
1747	4215	277
1738	5349	39
337	2173	13
1577	4421	56
178	4458	72
285	1192	71
1105	158	456
845	5589	41
431	1361	72
565	266	88
605	3750	306
1137	2920	184
875	1033	53
1515	491	11
165	3235	31
1205	4618	104
707	5108	55
594	161	37
1302	27	46
791	1154	43
318	696	56
720	247	383
1220	3764	72
1776	5085	320
1311	46	70
479	492	14
1800	3293	257
1325	4407	55
156	611	112
1638	52	362
1817	1423	42
1577	2493	11
160	2863	40
2224	485	106
603	67	70
1188	839	385
477	2126	70
938	1963	53
897	1801	33
1579	2261	87
790	1296	71
1153	5093	139
1965	288	55
1224	302	315
518	1045	205
978	4368	142
1404	3503	70
313	1363	59
1019	914	56
911	3253	70
1026	2826	73
2199	414	358
667	4558	69
1102	1859	88
1243	839	385
1329	2606	11
644	2126	70
1409	2004	106
1182	98	69
1502	796	38
1354	1935	71
751	2999	31
584	4913	23
254	1207	436
1850	656	184
426	735	385
516	5373	230
1205	2666	313
283	5594	51
1277	4052	339
1345	4026	88
2240	173	53
672	3624	5
24	457	73
1632	1967	317
1750	28	11
1887	1907	69
1146	891	53
1215	2800	9
854	2018	452
713	1875	88
1205	93	275
260	2972	71
1095	3218	258
1290	392	70
672	3809	271
1008	603	54
433	3949	238
1034	112	70
1227	2866	69
1479	527	88
198	1358	70
408	1773	56
1266	357	278
1319	3506	56
996	724	97
1739	5	159
1062	1285	70
1682	3002	55
798	1247	205
192	1900	284
733	163	110
706	4074	198
540	3777	70
489	244	94
325	3009	85
1595	2698	88
1491	4678	257
806	2762	158
389	1019	404
1055	4433	103
1332	808	41
129	1003	302
1187	1801	33
401	1033	53
724	4262	87
411	1339	71
91	499	43
1095	3012	56
1937	3880	74
2	3215	284
706	2952	395
1139	399	324
307	982	56
267	286	306
1632	902	61
58	110	42
1042	179	77
1851	1250	11
472	1294	373
156	817	405
1139	809	42
1463	1246	56
1263	1494	72
604	370	72
1215	416	91
1716	2248	72
113	28	11
25	497	189
860	146	55
353	4455	55
2111	604	136
395	2448	70
731	1163	207
97	2398	51
1283	84	88
1566	434	72
1585	1209	306
314	177	96
1032	2646	275
208	914	56
1086	67	70
2116	672	119
87	1425	56
1148	642	363
218	2845	42
452	760	56
113	69	112
860	5332	43
917	2993	269
1559	817	405
1225	3045	158
553	2283	74
340	144	55
1742	32	31
394	4418	43
1468	1248	71
367	786	200
1645	2261	87
373	2272	42
367	1682	9
185	3013	219
1795	1490	268
19	939	41
530	3607	106
1828	2955	70
1131	1056	245
1684	2336	472
1152	3369	42
1652	2419	403
532	1195	70
192	4085	55
1965	1889	288
1546	799	245
387	366	11
1865	3363	304
905	460	24
1295	3138	284
708	2095	231
2050	71	70
997	3590	87
172	1411	70
961	121	32
2037	3401	205
1816	411	199
983	469	34
1928	173	53
1175	898	78
1485	3698	112
1740	469	34
1602	839	385
70	1766	55
1434	2646	275
380	213	332
254	3766	416
1103	3774	88
154	3609	275
1575	2891	42
540	3258	70
1487	244	94
2009	5071	37
96	402	24
349	5384	189
129	317	233
173	989	42
1579	24	78
1061	1378	88
2249	2919	212
196	2201	41
1816	1816	71
1016	319	70
201	859	171
1407	484	71
883	2025	306
113	919	191
542	28	11
839	1194	88
1208	890	136
1273	695	369
96	4848	11
1664	629	110
1045	681	263
1130	3441	317
1373	2380	93
1859	5412	32
1575	4212	43
24	1450	74
1588	135	72
1397	2357	426
970	24	78
872	4236	332
790	826	88
1173	1816	71
2199	2253	467
1307	1081	374
269	828	42
969	4408	111
178	1641	72
1301	28	11
615	5194	467
2167	3283	302
993	399	324
911	530	14
1966	3746	459
548	4551	103
1617	98	69
98	2996	41
1138	1809	83
1308	4398	103
785	979	112
338	4292	55
429	668	196
1406	4158	155
947	16	42
1847	890	136
1144	210	360
671	1645	88
1440	3294	257
451	87	275
890	4786	455
1077	4410	302
1394	2942	117
605	254	284
1483	776	70
1499	31	55
1158	135	72
1010	1274	141
1075	5064	69
1334	471	99
146	2900	443
698	1801	33
1282	1225	456
2166	1045	205
781	378	208
1318	2698	88
1730	4424	96
1335	2160	8
1173	190	43
1200	727	112
109	1136	42
1543	1391	104
417	1464	69
1461	447	332
639	70	71
0	2244	56
1594	180	452
885	187	231
657	4049	171
509	104	5
924	272	88
735	2155	30
888	798	88
1171	2661	70
1266	71	70
413	216	70
74	1399	88
179	1909	71
1329	4848	11
641	632	270
820	4774	42
1462	1451	77
1537	1666	77
1216	1121	95
313	2637	54
359	1990	85
360	3105	250
901	626	231
584	4578	69
42	1070	11
388	2296	78
2247	774	467
215	2984	113
357	1512	9
1828	3460	456
361	897	161
87	1650	88
26	3056	88
2057	1816	71
362	1885	327
1419	2471	88
1221	1747	306
616	3272	88
1950	346	39
387	620	11
845	679	363
1911	517	362
241	2305	295
933	1592	284
1144	4558	69
431	2896	53
400	768	106
2222	2916	258
992	1144	94
1531	3541	184
1244	2238	204
1806	769	312
514	3811	181
1080	1113	456
66	1227	184
1174	1838	23
74	1874	93
211	1913	231
503	2476	70
1295	435	302
783	2895	362
58	1692	56
672	26	306
24	173	53
687	783	56
1777	784	72
1355	572	46
70	2460	148
40	692	435
1211	148	70
427	1734	40
743	4912	456
818	642	363
752	213	332
778	4829	411
789	3385	88
1396	276	315
31	417	306
395	1674	324
1130	1950	299
1268	446	180
1135	3542	184
1856	3173	213
158	1902	54
1480	2980	209
28	1435	33
357	1145	32
1272	473	228
1476	5280	362
1158	362	70
2039	4687	116
1727	1193	115
742	1363	59
1034	270	88
629	802	42
541	1816	71
917	312	420
1236	911	180
1275	1098	448
917	1867	103
667	27	46
457	1022	97
58	1462	72
1449	3586	55
887	1784	317
353	766	77
960	1733	53
882	3939	277
211	2076	464
465	210	360
305	1123	71
2204	3784	462
542	4771	69
1671	646	302
50	873	72
731	4989	71
1158	4651	347
132	96	70
1231	185	136
101	1686	71
172	467	77
1070	1503	70
1294	395	184
1688	1321	54
1802	1920	424
300	84	88
91	461	70
783	502	56
182	31	55
886	4454	88
2185	642	363
191	1639	200
1708	4572	406
1304	4886	456
1145	2981	209
1485	3351	8
1387	123	104
137	40	54
1407	1276	43
349	500	43
1703	2408	9
1699	1249	11
43	261	317
552	294	340
765	2181	78
690	3707	388
366	100	306
326	1248	71
1249	1279	22
1060	517	362
1422	482	71
530	107	70
530	607	42
1787	843	39
549	620	11
1694	3484	381
1304	1613	39
357	4742	391
674	1315	109
860	1954	31
1642	399	324
1771	3834	189
1848	163	110
1267	28	11
171	2196	9
489	3737	119
1428	771	88
1153	758	332
1313	4233	277
1219	1421	55
1695	97	69
211	4647	369
692	981	55
1976	842	371
1409	541	395
93	1930	443
1703	4838	70
704	254	284
1859	3553	31
745	100	306
1796	31	55
378	711	88
806	517	362
1136	2901	452
1550	2055	452
1019	180	452
1020	4197	277
31	537	171
389	51	306
1300	1670	205
651	3117	306
1302	4207	80
1412	1592	284
870	3631	88
208	5220	162
265	70	71
746	2082	55
979	4236	332
1472	1033	53
514	3426	277
339	1296	71
994	4482	347
709	642	363
1745	4715	168
445	4753	55
1143	1276	43
999	936	360
51	3537	452
1038	2329	186
1474	1871	71
2085	2645	354
698	5563	205
1567	1183	55
1363	1157	31
862	360	332
105	166	40
457	3738	77
1291	3150	56
804	303	218
1170	4673	71
2089	37	142
1622	2058	205
564	1261	116
53	2170	41
1068	752	55
1155	1383	70
836	3891	303
1145	5323	223
190	3804	141
747	1123	71
1598	182	114
1167	3218	258
798	736	385
76	588	88
1587	1711	70
652	276	315
1304	839	385
429	2360	103
351	2228	369
1335	1881	162
118	760	56
1214	4306	415
381	2325	158
172	3165	395
1444	3179	285
1066	1055	385
512	137	78
158	599	32
2204	802	42
1400	5578	467
1447	1663	55
535	2472	96
1910	5592	30
232	4828	284
790	310	124
1267	71	70
899	4344	377
1310	1886	72
1428	2763	88
2033	1415	88
850	1750	443
368	4163	70
1858	1084	56
1214	4743	189
1048	39	71
131	3390	273
413	100	306
688	2194	9
398	1557	71
40	188	201
402	1174	414
1382	1874	93
967	1054	88
1003	776	70
1101	399	324
159	87	275
1080	67	70
833	1154	43
698	830	116
667	81	33
1194	2034	231
374	681	263
1076	4385	54
106	603	54
326	2378	456
482	3010	142
1143	2396	208
1318	271	55
530	2448	70
1602	4815	83
1243	514	40
387	2140	302
160	946	32
1249	141	56
935	5534	43
1614	771	88
1545	1605	70
1067	1436	171
1727	1899	70
412	1379	472
54	2729	43
579	355	55
1096	271	55
1808	3159	205
1234	220	88
1789	4402	70
227	1120	69
1169	100	306
548	4259	91
1286	5049	11
1376	2348	257
171	2996	41
339	1475	250
1653	1649	210
818	4945	56
275	376	53
451	499	43
329	2052	71
1122	3342	70
616	13	397
564	113	71
395	3422	193
736	143	71
1168	4474	369
1135	3319	72
489	3559	23
1699	727	112
144	3869	178
1973	2183	54
1280	1681	205
129	1336	86
300	1365	53
360	2137	71
1244	2076	464
1471	1859	88
587	500	43
798	957	43
1444	753	41
844	763	142
138	567	332
524	753	41
1057	1248	71
1480	2282	151
234	1565	402
870	81	33
92	115	41
77	1899	70
1546	730	88
1173	96	70
564	3056	88
33	16	42
629	3068	284
232	460	24
1103	765	77
620	326	42
741	2507	70
1168	4473	290
388	2993	269
51	248	11
500	2327	106
1431	3785	462
1383	175	103
617	1269	54
1034	3	70
1276	5588	321
1521	3484	381
1357	3076	71
1571	163	110
183	399	324
844	87	275
98	3558	203
2240	297	70
2022	378	208
748	1081	374
1359	5128	71
1031	2799	284
90	2784	204
925	1247	205
656	1460	4
239	113	71
536	1277	143
282	1565	402
1680	138	403
338	519	88
203	1031	42
529	784	72
269	815	11
1518	1547	184
823	1670	205
214	3067	112
1016	3688	88
944	1572	11
93	953	275
1083	624	88
999	2980	209
1431	3460	456
688	381	38
413	2804	11
2302	517	362
509	2178	32
1214	3296	392
1781	3939	277
393	556	324
2032	1711	70
215	2691	149
1267	446	180
1167	3317	158
988	815	11
2014	4781	22
232	4410	302
467	183	11
1976	4663	456
745	850	83
335	2023	354
70	771	88
583	399	324
571	2624	363
120	665	42
1282	658	302
512	419	189
999	468	294
1390	3219	340
741	276	315
1178	709	88
1220	14	385
637	3426	277
1527	2867	189
1598	2665	225
180	3216	71
2088	1670	205
806	1227	184
1325	1132	55
512	2060	55
730	4516	20
2164	178	48
522	3366	234
1422	1848	154
797	1982	306
141	2515	403
15	35	43
323	3582	32
31	392	70
1053	2336	472
1852	28	11
1177	4622	277
326	4285	270
720	4031	233
761	3737	119
1333	4464	88
387	3246	413
954	1250	11
1941	67	70
1137	5574	70
1371	364	456
1280	4905	103
329	484	71
1141	35	43
70	1814	33
375	817	405
1301	592	41
1419	361	70
65	349	136
135	3555	11
1187	245	54
2034	3426	277
590	3384	91
506	4996	56
115	4996	56
616	2976	294
1375	376	53
1502	4197	277
39	2197	9
2217	2212	70
1608	1648	88
1643	469	34
1850	5077	270
258	3782	72
539	1825	43
1824	4996	56
941	2692	430
798	2953	88
1317	2154	187
79	440	404
1699	4621	332
150	796	38
1332	46	70
503	1507	315
598	3975	70
93	93	275
375	5296	391
780	1178	62
114	914	56
1255	215	275
624	3036	284
1816	1623	56
245	1189	306
1383	760	56
1035	4607	315
90	1816	71
411	1274	141
2022	3751	304
1565	10	275
309	1441	151
1034	4530	69
369	1323	315
422	483	205
1291	1460	4
846	3454	70
988	323	37
2150	3501	41
1723	1601	106
1056	1465	142
1055	446	180
828	4640	299
1017	995	302
1402	100	306
606	3033	456
113	843	39
79	836	394
1577	2022	179
1311	96	70
1016	3002	55
2038	26	306
506	297	70
542	4300	56
216	476	88
1387	3085	9
411	204	69
544	75	88
1016	607	42
979	438	284
369	4384	405
1471	144	55
699	3351	8
1311	4530	69
2141	1216	337
1146	5037	31
1789	2251	20
1282	2674	253
1065	4089	88
150	113	71
690	3473	231
181	2665	225
144	2650	204
2251	439	9
129	658	302
173	3897	212
1475	1323	315
725	3117	306
1394	204	69
342	178	48
221	3495	49
358	135	72
746	841	56
798	3692	51
1626	2152	234
1050	276	315
1010	936	360
979	3002	55
1166	1965	9
722	4352	31
2048	1333	46
1439	647	43
2247	1274	141
1672	1660	138
598	1907	69
1230	1154	43
815	604	136
1584	176	11
398	1296	71
1652	3905	88
2162	0	462
1316	3588	145
1529	3155	452
1791	210	360
1439	2104	184
1235	28	11
1753	499	43
542	399	324
1328	392	70
142	3425	313
886	161	37
1144	241	32
66	1392	275
1072	399	324
1933	75	88
1002	718	62
153	1937	23
387	1250	11
107	3005	448
643	4996	56
1233	4050	171
76	1314	302
1545	655	284
351	838	56
1282	5052	358
1491	28	11
1677	4159	184
1158	359	56
66	5162	30
1994	1257	72
634	1770	55
797	1208	88
1377	3963	104
477	773	31
77	2570	71
1809	1226	317
437	2050	93
197	1550	71
1856	2368	70
1291	1681	205
362	522	56
647	135	72
1243	2519	403
2148	4410	302
1276	2360	103
2	4	72
1428	3011	56
1221	2438	176
954	3845	31
617	806	107
1331	180	452
488	135	72
1344	378	208
1327	3040	102
21	135	72
1235	446	180
1525	75	88
1726	2396	208
2135	4891	43
1138	585	11
1742	446	180
1750	1174	414
269	2060	55
1271	1655	249
1571	1275	316
687	1045	205
45	230	71
2183	1943	11
1323	75	88
761	3503	70
1244	2708	205
518	2150	263
724	500	43
1556	26	306
1741	2894	443
1230	115	41
1759	4265	74
114	100	306
1023	135	72
679	1784	317
1103	316	88
1159	3260	373
282	5286	414
1395	123	104
1218	2606	11
1205	2177	275
892	616	40
450	1399	88
752	208	31
435	501	106
586	32	31
954	4023	41
107	955	40
662	618	71
68	366	11
1222	957	43
1199	961	88
592	288	55
712	0	462
1200	960	79
82	4605	315
1143	1617	39
1247	1583	87
17	1054	88
1228	3530	284
1826	84	88
1434	643	382
604	3021	41
1820	439	9
126	5309	275
1634	28	11
1302	3752	88
1178	233	81
695	438	284
1902	336	86
954	144	55
1813	524	70
1773	1784	317
465	2357	426
1101	2310	55
1194	3298	337
944	2005	159
2171	3398	425
2199	138	403
1746	204	69
752	135	72
517	113	71
794	760	56
1075	1045	205
911	4711	385
139	2968	54
1354	2058	205
1352	4397	363
758	834	71
328	1438	33
12	1172	119
1298	1623	56
906	3137	71
1007	1098	448
144	1965	9
218	459	87
378	797	88
143	569	11
769	5144	70
797	469	34
717	564	90
1321	71	70
96	3168	259
1132	3496	259
1352	2026	438
168	861	284
503	1711	70
1140	1144	94
1271	438	284
1315	1438	33
710	4004	43
351	1504	385
1096	4403	188
13	5030	378
1458	255	284
239	886	304
1370	1276	43
241	760	56
541	84	88
511	1408	134
330	2665	225
823	1547	184
511	4226	88
807	87	275
988	375	54
1876	4506	70
2035	163	110
357	1901	332
488	4916	71
566	2060	55
944	766	77
468	31	55
351	1423	42
91	4396	65
856	639	11
580	1108	88
1070	979	112
947	2826	73
1965	791	230
1227	584	88
597	1365	53
180	1192	71
605	3139	214
1766	414	358
1222	4166	41
1262	317	233
564	4697	450
1177	113	71
77	1034	69
1311	1679	411
334	394	70
1190	2104	184
1359	414	358
218	982	56
954	5153	56
359	200	161
1490	1382	363
160	3508	88
1888	0	462
1096	4984	56
413	512	356
2103	766	77
1122	96	70
1560	1045	205
1704	589	88
1204	2073	9
1219	1250	11
742	1374	43
1375	1481	70
1816	1210	93
1924	2195	9
1710	3573	189
1587	138	403
1735	4676	88
1295	418	285
282	3184	205
1579	173	53
1357	438	284
191	5326	456
698	2021	71
140	2052	71
768	1045	205
1454	863	259
1138	96	70
922	3617	317
1192	3281	363
2244	158	456
2072	2425	235
543	2504	64
361	2544	71
1913	766	77
1407	4564	281
2028	1259	259
1336	4828	284
1561	161	37
664	1841	69
411	1196	88
1209	3581	205
735	3550	56
445	1736	92
797	5303	102
1786	576	104
991	191	56
1314	4346	62
2259	3247	335
1026	647	43
161	2945	461
1486	2148	136
1053	3537	452
1825	14	385
954	657	456
496	1420	8
180	9	385
682	3905	88
739	551	56
202	957	43
144	217	205
534	1430	88
1149	4517	278
794	1316	88
853	317	233
456	144	55
880	3343	136
44	199	108
1050	4996	56
51	26	306
865	2304	17
1298	1579	208
677	267	54
313	2440	137
971	439	9
573	1387	9
733	66	97
1153	1765	70
1868	2852	142
617	780	452
748	421	142
1924	4517	278
1325	2238	204
1584	4543	24
399	1078	42
350	387	401
625	2798	302
1252	4124	31
1577	914	56
38	1761	71
712	859	171
422	4179	102
1139	84	88
1223	144	55
1083	399	324
394	1661	18
411	1371	32
903	1296	71
2154	642	363
1066	2690	80
313	5292	273
1794	497	189
305	233	81
1971	204	69
74	118	21
772	4250	56
1179	611	112
1132	1968	88
563	1320	136
672	3074	368
220	399	324
1168	2527	448
1639	96	70
9	3009	85
1173	2238	204
1612	4815	83
1211	760	56
131	4609	55
547	1637	414
1145	497	189
1812	44	275
114	1771	212
1985	5111	55
316	514	40
1407	780	452
330	218	70
375	5526	358
1152	935	112
808	4646	408
1049	1478	96
2001	1451	77
652	972	115
1849	399	324
1340	5582	478
360	1532	171
1450	1033	53
1437	128	358
255	1020	340
552	4431	96
2317	4497	200
346	2333	32
798	1582	72
1154	887	70
331	2310	55
1125	3241	201
144	2058	205
933	2995	443
326	3321	142
1463	4349	354
754	2466	149
1681	2481	136
1251	3691	277
92	5151	24
5	3884	42
659	1225	456
933	158	456
96	639	11
2028	542	171
1772	2473	70
769	2761	88
678	96	70
1325	418	285
929	399	324
2119	4010	367
2234	438	284
1951	1400	68
44	394	70
196	3267	90
1449	4565	24
1010	71	70
2183	1248	71
743	4594	231
315	674	284
1135	2188	90
553	416	91
565	385	31
1762	3819	183
193	3023	37
1012	4918	71
1344	4549	411
1614	4996	56
809	4398	103
565	115	41
1196	727	112
1275	399	324
2002	3039	41
40	3758	70
107	1374	43
655	3864	319
828	528	251
375	1591	285
37	163	110
1289	760	56
1359	96	70
1204	5100	43
132	5540	7
1140	751	43
38	14	385
1354	1102	91
437	204	69
2083	1330	456
702	206	315
820	791	230
561	590	88
366	1242	449
482	4503	110
144	539	8
1677	1358	70
1229	244	94
1317	607	42
45	2081	27
1698	1858	436
520	199	108
779	1947	55
966	3167	220
592	1263	71
1348	2393	302
529	28	11
306	4050	171
667	2626	69
840	390	88
698	618	71
647	1906	112
1635	3460	456
1147	1180	391
1120	271	55
235	2453	189
1781	120	88
193	100	306
1335	4498	44
1254	658	302
720	760	56
158	1252	72
2055	1178	62
1390	0	462
837	5023	294
364	2551	32
21	35	43
1322	152	70
788	4161	24
1709	604	136
348	1494	72
1767	5244	136
255	2076	464
1383	378	208
1697	4246	464
1352	4960	363
2199	3709	337
1544	4266	106
571	2304	17
604	2453	189
30	2682	472
243	3690	205
0	315	31
1083	100	306
769	1116	189
1531	1314	302
515	1681	205
291	587	69
945	28	11
383	984	51
373	1984	11
1143	170	11
750	28	11
1653	1816	71
768	323	37
586	446	180
28	96	70
221	5282	83
385	100	306
411	96	70
1142	1455	286
279	865	72
1472	417	306
1037	485	106
1540	1171	24
388	2832	88
1491	2285	33
1336	3294	257
1631	864	302
1311	5342	72
234	2172	404
821	4050	171
153	932	76
1406	1515	88
387	1841	69
850	175	103
1145	1812	356
2159	2494	61
533	75	88
506	2869	184
899	2071	55
468	2925	11
1301	732	212
350	497	189
1993	888	56
37	2690	80
617	2635	72
1981	288	55
191	1250	11
592	5217	71
938	113	71
860	5475	88
1529	1234	88
827	627	173
1815	182	114
241	1161	112
1624	4372	56
273	4567	88
1362	87	275
2066	3149	88
1854	913	352
1208	519	88
1016	3004	87
766	2800	9
37	4648	31
471	3706	32
986	379	69
1170	700	71
152	187	231
414	890	136
1167	709	88
1287	1054	88
1937	672	119
206	843	39
474	127	317
92	5453	259
1404	557	110
1340	3596	70
1274	1220	337
1133	417	306
512	2071	55
1485	3012	56
396	485	106
1457	3087	403
186	70	71
1295	4151	277
1691	348	89
1140	379	69
172	750	294
1020	3419	24
1314	28	11
741	391	88
540	2792	354
277	1289	42
1512	567	332
227	460	24
640	480	189
354	535	41
1872	1054	88
1160	392	70
729	3369	42
1335	4847	109
1052	1807	74
178	3659	136
522	2803	11
295	4009	87
1394	416	91
586	2846	194
1510	5125	70
1170	3247	335
1526	4567	88
708	3334	302
402	606	136
389	1619	306
1817	1178	62
1257	60	128
1454	254	284
735	2606	11
1624	497	189
732	2403	55
1249	3543	71
1063	4627	88
2116	97	69
1207	84	88
2109	2505	456
232	254	284
1990	26	306
38	1328	463
25	4887	23
1334	4355	72
2102	1196	88
1590	3569	9
466	884	32
1056	3358	283
1271	620	11
240	504	56
705	378	208
786	1920	424
1225	2504	64
1584	3461	39
1314	87	275
2099	1543	32
850	1885	327
1276	2058	205
239	137	78
571	216	70
33	3417	28
30	2689	11
1227	454	106
1583	1109	347
1080	437	70
615	2821	348
253	4968	43
903	1711	70
1794	1038	160
131	3447	43
907	620	11
1236	4481	267
966	4348	76
379	4998	24
1571	2104	184
435	123	104
239	3370	429
1310	67	70
1752	419	189
606	3173	213
451	3532	62
1215	4800	11
1457	252	88
246	335	32
754	957	43
2249	4473	290
412	446	180
45	224	110
698	727	112
564	3265	306
548	1045	205
1208	2028	157
806	919	191
1972	101	220
1361	806	107
1752	2954	369
1900	5237	33
394	4401	88
1676	982	56
1601	2265	411
1514	1353	71
1919	438	284
622	2373	420
451	2847	39
628	488	71
395	151	69
1737	5072	56
1188	69	112
935	2968	54
62	2046	55
634	2018	452
1890	5141	70
2007	1145	32
1049	5575	41
1021	1407	53
742	3864	319
1309	3830	369
137	2953	88
968	2897	69
676	399	324
748	4184	374
2236	228	42
285	1239	71
2087	414	358
143	144	55
635	70	71
1932	2055	452
13	1831	39
92	25	108
198	2561	24
1130	2304	17
387	1636	200
1323	204	69
1293	325	136
1016	4428	30
911	1512	9
553	204	69
180	1885	327
798	97	69
1272	4175	9
479	2244	56
1247	2170	41
503	738	453
1194	2877	284
1219	3711	374
1211	2002	208
334	3081	403
642	418	285
1321	1882	56
271	2035	69
617	3397	86
120	254	284
1767	2187	74
185	4942	41
1950	2621	39
1049	78	352
279	0	462
495	28	11
255	4226	88
1382	96	70
1344	2022	179
1130	4293	43
1291	2627	56
506	2238	204
1248	147	452
1897	843	39
522	2546	345
2067	113	71
778	2910	37
790	120	88
1253	357	278
906	281	56
866	204	69
957	1056	245
847	354	71
853	378	208
1543	4511	443
1318	4740	171
1226	2021	71
1246	585	11
1752	3253	70
302	3239	37
1234	615	270
952	1139	336
1965	1665	302
1850	1884	264
398	210	360
650	1911	116
2220	3347	31
1247	1063	72
361	2221	87
565	1073	70
100	362	70
1011	900	41
1426	1338	136
223	1633	95
1850	1090	72
865	5033	88
368	1568	385
646	2754	302
1759	542	171
2067	1274	141
2150	5353	86
335	1173	144
1006	4843	56
452	523	70
257	660	71
1188	2336	472
906	122	138
162	175	103
1186	3853	69
1536	2047	216
655	173	53
1192	3410	306
1259	3248	336
69	3520	32
954	4227	212
1545	2012	72
1262	98	69
256	1222	184
1965	643	382
1232	51	306
557	4904	385
488	339	55
1294	1090	72
1577	709	88
1340	395	184
1017	1816	71
1902	1977	86
1432	5147	372
969	2198	5
1594	3537	452
1066	1612	212
542	67	70
604	468	294
318	3273	332
845	900	41
246	259	316
1301	1198	55
1065	4450	88
543	2136	175
216	28	11
776	4791	55
319	3730	24
1453	488	71
787	2533	333
236	2036	332
795	732	212
1120	538	54
229	2093	70
339	3697	56
344	803	71
191	38	142
865	2031	185
1031	2473	70
1315	4602	363
1067	7	54
131	411	199
1491	886	304
169	876	72
547	399	324
720	1277	143
300	1797	24
778	3651	188
112	1980	70
1747	1203	458
1831	488	71
2047	2251	20
1190	4790	184
1187	2278	78
70	2076	464
542	541	395
33	4990	452
508	815	11
1698	5293	9
818	4561	283
1063	5258	88
1680	3210	195
248	4205	55
619	2911	88
141	0	462
2041	297	70
19	791	230
1858	2791	332
1015	1365	53
1305	3691	277
628	4154	42
1430	2405	64
53	24	78
1382	727	112
1139	1583	87
232	1133	285
45	79	32
688	1879	96
459	753	41
559	3505	32
352	1515	88
614	315	31
1069	946	32
885	2440	137
1704	3185	141
1645	1871	71
1069	1115	54
1066	3201	81
1667	2121	91
613	1638	171
171	3635	71
615	2796	349
1710	5581	92
463	2751	33
1232	2987	142
927	71	70
1621	2514	284
1438	5140	70
293	144	55
46	2945	461
45	5565	306
1854	2238	204
158	891	53
515	2872	32
1562	840	39
921	4668	369
51	260	11
1221	4360	83
566	418	285
499	2963	99
1511	120	88
239	28	11
1733	1035	31
873	786	200
491	549	76
1152	3387	467
528	2299	70
1685	315	31
698	1049	135
1299	1457	284
160	894	37
1186	4899	54
334	2479	9
1398	3553	31
604	476	88
1522	1852	200
625	560	106
378	1387	9
1618	3700	327
552	1949	99
1287	4216	395
212	145	32
1125	2566	200
24	2480	90
387	2606	11
1181	1961	63
1522	4254	452
113	1982	306
1293	618	71
688	4016	104
603	1005	285
1798	3873	266
667	191	56
1133	625	55
1204	2797	393
1611	620	11
381	1618	39
1965	2754	302
1066	982	56
1031	1019	404
609	115	41
1083	826	88
1361	137	78
690	1599	332
1378	3092	245
1480	3347	31
1260	100	306
1177	5052	358
272	1858	436
783	96	70
1349	609	172
1051	4993	70
1773	4981	315
1152	3025	408
1314	2274	55
1812	2102	423
845	3350	301
1456	4126	24
312	598	32
121	670	196
1257	1330	456
1332	852	12
2003	1101	28
1304	346	39
2124	3324	300
38	75	88
717	362	70
1134	3756	464
1849	838	56
2076	3487	88
1585	4497	200
156	932	76
845	2627	56
3	1409	11
45	3986	275
723	4363	304
247	1363	59
24	3445	42
793	215	275
659	830	116
431	2253	467
663	3323	153
180	1761	71
419	97	69
1294	809	42
1065	1844	136
1159	887	70
797	1089	70
628	1557	71
988	466	106
1909	215	275
1790	3239	37
379	1	74
168	3945	33
381	1380	28
1185	4277	31
24	100	306
988	4205	55
846	4840	96
1289	2087	270
869	2077	126
287	819	39
1299	372	302
224	3678	72
131	2288	88
1442	76	90
138	2354	56
1789	1909	71
1477	1137	28
491	2891	42
840	2542	245
1971	605	8
761	2419	403
613	399	324
1394	2745	136
1019	1296	71
1067	2030	273
1140	2297	157
1439	4267	245
837	4234	403
131	1539	88
906	2490	331
504	113	71
1066	24	78
1689	4389	315
1965	1090	72
1644	1612	212
1961	288	55
1211	358	55
887	71	70
352	216	70
91	480	189
30	3482	41
2260	1462	72
1181	4389	315
374	1581	72
885	69	112
244	341	23
232	2664	420
1576	4996	56
1718	743	360
807	491	11
698	3192	88
616	817	405
512	1412	43
1323	620	11
902	158	456
1323	791	230
1566	3484	381
1096	3450	64
241	1827	23
1181	139	252
1031	471	99
2252	576	104
285	1307	481
790	4573	42
218	831	116
512	696	56
212	327	77
1789	1065	88
1567	977	56
726	587	69
919	399	324
778	4764	240
846	978	77
1142	2691	149
847	1017	374
1261	1435	33
172	2029	85
468	326	42
1624	87	275
1747	5184	393
628	1624	296
629	821	23
1048	530	14
571	825	42
2221	3594	315
1154	4885	72
403	900	41
1106	173	53
115	4640	299
1158	2982	304
1449	3369	42
1211	2661	70
383	503	56
23	3217	72
1003	1095	395
1710	2700	136
1357	642	363
185	1019	404
1416	3989	302
1158	1201	270
497	2348	257
1220	140	71
1148	982	56
108	1971	88
856	98	69
329	2828	86
3	1226	317
1950	592	41
387	2640	41
1007	639	11
1703	35	43
1176	692	435
271	34	55
206	4636	69
806	2522	55
1130	5079	77
496	446	180
899	2427	30
62	260	11
2138	210	360
1735	3433	136
445	1577	213
888	2828	86
1194	802	42
467	859	171
683	3335	9
91	1923	403
626	210	360
269	654	88
93	159	11
44	2709	70
374	110	42
935	2365	289
775	590	88
1007	1210	93
398	3241	201
185	894	37
1224	1711	70
1844	1490	268
455	1421	55
204	1816	71
1280	96	70
98	3691	277
969	646	302
1459	1272	106
1545	1014	354
1631	886	304
813	834	71
650	5551	201
512	4014	132
1137	727	112
1125	2262	85
1159	471	99
636	4898	56
53	3492	70
489	438	284
657	378	208
1727	3378	41
1545	370	72
739	399	324
1286	1562	24
130	362	70
778	1409	11
604	1114	120
1628	70	71
1234	158	456
552	1142	294
1547	213	332
506	1204	131
1351	2728	110
509	5256	31
1526	1074	11
1614	2122	70
583	2407	4
1849	170	11
2281	4488	450
821	3548	143
813	4701	70
953	2546	345
976	3258	70
1840	2691	149
447	220	88
486	1519	88
1479	4905	103
179	2708	205
1185	472	284
625	3890	114
27	399	324
399	786	200
514	2373	420
1859	395	184
373	891	53
1152	16	42
1089	4395	70
709	3150	56
908	3590	87
506	2253	467
348	3724	70
1152	535	41
1199	75	88
1838	5414	332
467	471	99
701	2487	452
944	2967	55
1152	642	363
91	4818	91
411	605	8
734	616	40
1566	1724	41
1831	315	31
2274	500	43
647	2125	245
1257	618	71
535	19	88
2051	4892	56
1019	607	42
1136	4350	205
168	680	302
915	154	37
551	2535	443
135	67	70
1711	356	277
817	1072	433
126	180	452
1250	3426	277
1290	1762	108
1699	1837	71
1106	2972	71
1194	1900	284
640	2672	189
1351	620	11
1961	2682	472
1554	135	72
1903	180	452
1295	882	69
1066	535	41
247	639	11
365	3577	71
450	710	88
1341	1072	433
1021	620	11
35	3624	5
1207	4830	310
1526	417	306
525	4154	42
1208	5084	366
265	826	88
102	5053	40
1340	97	69
192	353	77
386	978	77
946	3985	20
1215	191	56
1468	2763	88
1606	1901	332
773	389	162
343	2494	61
1922	148	70
1424	2095	231
996	439	9
894	872	72
633	3989	302
1335	4755	39
269	2479	9
28	317	233
2294	147	452
1205	5083	74
2159	2978	88
1674	3285	137
1365	117	43
790	3568	96
984	668	196
647	2378	456
411	1688	33
439	3105	250
1301	4551	103
116	5105	96
1577	2579	258
1847	4961	53
587	151	69
712	4333	70
1359	99	88
1309	378	208
45	4144	23
798	3272	88
1473	12	466
688	2258	88
657	1900	284
503	841	56
1124	4687	116
1066	4422	290
500	2805	172
297	1295	71
1001	28	11
260	161	37
193	279	119
886	2238	204
2	339	55
51	914	56
604	5570	383
1406	806	107
191	723	88
598	709	88
1037	780	452
1590	987	136
186	4807	296
899	3025	408
626	859	171
174	152	70
1002	987	136
1301	1913	231
1529	4843	56
1635	2076	464
1485	2594	9
1864	3802	55
1160	1241	413
58	4916	71
1741	917	70
837	4905	103
516	2413	200
165	113	71
1313	75	88
1948	176	11
1351	639	11
2067	727	112
349	370	72
1727	4144	23
1124	1732	70
1857	83	189
497	537	171
538	244	94
1170	790	70
1328	303	218
144	635	106
968	5436	324
31	329	189
144	1413	31
269	2905	71
667	1450	74
840	727	112
1806	2757	43
280	1003	302
791	621	55
418	791	230
1065	96	70
155	1688	33
1205	3045	158
1352	1352	70
404	1198	55
741	4191	91
164	2090	88
565	4223	88
1265	3110	352
1436	4287	277
705	1711	70
196	2205	77
1643	71	70
87	264	114
2094	567	332
456	1470	72
156	2878	97
1034	2436	245
1058	1296	71
286	1134	229
184	934	69
1707	399	324
917	3810	328
126	4351	31
878	91	37
57	287	32
1841	2764	55
285	180	452
682	28	11
27	547	276
90	14	385
139	1031	42
431	2357	426
1193	135	72
1138	627	173
1568	215	275
139	1995	56
1128	3567	277
1606	318	56
1795	4418	43
493	4564	281
80	5568	33
113	1057	456
1133	4367	70
399	465	54
765	609	172
587	235	47
1077	3783	363
488	891	53
2020	3319	72
5	134	306
1142	163	110
2249	1547	184
548	4907	398
1866	4385	54
1573	1544	245
903	75	88
1642	727	112
1305	1218	184
2282	232	291
2281	291	362
506	4724	456
1767	100	306
713	1	74
53	3267	90
606	3772	88
1162	954	30
724	1920	424
113	929	226
1522	642	363
525	1450	74
788	1270	55
568	2130	97
1454	244	94
1801	4016	104
1029	2562	202
2220	1145	32
841	537	171
97	1809	83
1315	1450	74
1278	4618	104
204	2550	56
511	416	91
579	5435	55
830	360	332
154	4850	277
695	1226	317
778	5573	231
1948	2895	362
1304	1593	41
1857	2567	31
1304	632	270
418	315	31
107	3003	416
1644	226	102
1053	2253	467
753	298	363
1578	173	53
705	1262	72
1712	438	284
125	2127	87
1054	4564	281
1747	158	456
1168	4645	347
620	1953	313
1840	2336	472
903	5563	205
1146	4551	103
698	177	96
1927	4257	319
113	317	233
1464	953	275
843	5275	472
135	722	88
783	1769	47
1067	1593	41
847	4327	284
366	312	420
1196	5410	54
178	1336	86
1062	126	381
1756	1599	332
271	3528	362
1575	4251	28
1196	2082	55
1096	1142	294
944	3791	24
757	1036	23
167	2647	470
1750	2389	88
125	690	56
466	315	31
510	525	46
1091	957	43
2278	178	48
87	2780	72
2199	1216	337
701	414	358
794	792	43
467	1604	53
477	3712	8
361	2557	32
53	2000	88
1292	303	218
609	1682	9
1795	204	69
1616	3846	385
1383	4819	166
558	1998	11
224	399	324
2175	3183	0
807	1191	91
1580	131	144
140	1176	88
1023	1226	317
1272	2285	33
1215	1440	151
1798	406	103
566	3498	284
1732	305	71
755	243	70
340	5231	425
1781	1227	184
1244	1237	71
1369	210	360
1016	3542	184
1167	697	332
79	1342	317
979	208	31
1497	276	315
2144	180	452
662	144	55
1586	567	332
2137	537	171
1588	567	332
1135	2005	159
1140	461	70
70	2211	31
1197	411	199
1277	492	14
1567	3436	41
2243	323	37
676	395	184
895	3965	82
382	97	69
1577	979	112
387	1316	88
394	204	69
65	3767	23
1682	1733	53
1373	831	116
1569	3118	362
535	1779	33
1187	1624	296
1102	1891	71
1066	632	270
1227	4419	106
1700	354	71
245	910	179
55	22	273
1853	117	43
1499	1396	114
607	210	360
80	4780	42
947	4592	332
1228	3308	385
1136	987	136
1841	4498	44
857	399	324
769	96	70
524	1835	72
1248	163	110
999	806	107
429	2238	204
1227	2544	71
60	3255	47
1490	4461	184
1579	4082	70
1343	357	278
202	1341	88
485	1733	53
2020	0	462
150	639	11
453	286	306
696	389	162
783	2098	42
333	1284	2
61	2568	11
2119	14	385
150	4835	299
1114	878	56
73	1397	246
155	2911	88
1357	291	362
1365	453	55
1709	4990	452
523	654	88
1235	5	159
132	1	74
1465	2213	70
1461	5233	204
360	2719	23
148	786	200
135	727	112
740	771	88
1450	4281	39
1414	589	88
88	1277	143
639	5549	71
98	556	324
230	3208	42
1412	4060	69
1387	1893	240
1895	2455	23
1021	204	69
2203	84	88
1211	28	11
1198	100	306
990	3128	292
1583	2980	209
1291	585	11
406	1044	56
1246	1441	151
1579	444	425
1791	567	332
1101	1639	200
1600	283	55
775	4128	9
1236	4546	205
413	627	173
491	210	360
1830	5	159
1052	1166	205
1395	1086	91
1329	3728	9
1422	3012	56
266	1254	285
490	3968	55
376	456	86
1075	173	53
118	913	352
179	5273	153
374	3694	87
806	326	42
434	5467	302
777	484	71
279	5044	9
1025	1011	71
140	395	184
349	317	233
649	1551	71
787	4275	56
797	203	70
1162	1157	31
323	2454	56
1134	1606	72
1073	182	114
51	5101	70
447	2937	358
452	1046	56
890	1100	238
1973	84	88
94	524	70
2068	1696	54
70	1780	55
747	4441	131
1937	3359	294
676	5534	43
1311	2238	204
477	399	324
682	3370	429
232	3076	71
516	863	259
516	3331	8
522	1521	88
752	585	11
630	655	284
1103	173	53
1406	3526	32
762	399	324
496	1346	305
1049	755	56
244	694	31
536	2517	91
1175	518	70
384	2417	262
980	357	278
2253	5427	426
1235	1105	451
156	2803	11
1813	418	285
1088	113	71
1096	827	275
447	919	191
1328	2240	72
881	1614	37
1670	2187	74
1672	5391	31
197	542	171
1323	4736	88
2059	2803	11
1729	1114	120
1220	4551	103
1471	242	72
828	488	71
162	4671	231
453	1331	41
1394	57	146
1575	589	88
552	814	250
1299	3299	71
402	2950	191
85	5319	9
1137	1559	86
708	1606	72
1106	1888	55
338	293	362
978	766	77
1232	28	11
1789	1868	88
547	1959	71
623	2143	257
988	1436	171
362	1918	309
2274	3947	121
84	457	73
1317	1028	10
1335	4564	281
767	799	245
911	1677	385
634	271	55
2009	4398	103
387	4844	335
793	3595	184
1409	620	11
781	1134	229
853	16	42
1162	1252	72
34	154	37
634	147	452
252	604	136
1392	4479	42
1776	562	43
435	271	55
1095	4944	11
1154	743	360
1577	276	315
1798	113	71
340	290	379
245	2315	63
70	3052	41
1360	1888	55
628	1538	70
114	2030	273
1428	5170	332
269	209	55
74	2564	27
62	688	55
1697	2251	20
1136	3444	39
1674	14	385
796	2748	184
2023	507	358
743	5446	74
598	5568	33
340	1476	91
2010	3005	448
1515	4083	55
2148	346	39
1315	284	306
1247	97	69
7	727	112
988	1002	106
1808	2363	236
1297	2455	23
698	163	110
1826	1631	70
1134	2076	464
564	820	70
880	399	324
194	580	50
394	687	88
1182	5162	30
310	1250	11
1154	760	56
2142	766	77
213	791	230
1816	322	88
1788	2747	42
666	4297	54
510	3828	205
2250	71	70
592	4081	55
1523	399	324
1208	2695	291
1171	300	55
1741	1722	70
1282	3543	71
113	957	43
1515	1546	184
234	1385	32
1864	447	332
1002	482	71
305	1513	9
1166	914	56
1006	4168	277
1830	4400	370
1349	4480	383
5	3732	198
150	527	88
448	5139	385
409	1276	43
435	72	71
1440	3426	277
1305	4741	212
1457	826	88
77	2295	11
1008	4082	70
22	100	306
1025	532	41
1472	75	88
2189	1259	259
0	4135	82
40	524	70
712	1923	403
69	199	108
1380	2419	403
1277	379	69
1657	658	302
801	1663	55
1844	1365	53
232	188	201
1434	1614	37
1275	1093	72
140	2053	441
1976	3931	33
1660	747	43
992	4162	74
1537	834	71
408	2146	106
1634	509	403
1427	1436	171
777	2810	205
1634	567	332
1672	4996	56
385	2999	31
383	760	56
660	2470	70
949	1112	88
168	2223	362
859	1165	70
1277	3180	332
70	1852	200
497	2408	9
778	4196	221
208	2140	302
597	1167	24
1453	1222	184
2203	1993	230
630	158	456
609	1578	11
1541	1998	11
899	221	181
945	4287	277
1710	326	42
1409	3198	30
1673	381	38
995	515	40
913	123	104
1205	1276	43
193	1414	96
1056	2271	42
701	1192	71
315	3265	306
465	333	11
859	3828	205
2242	152	70
2244	3426	277
873	4028	43
720	84	88
587	1738	56
387	2879	403
973	4573	42
1409	1198	55
672	158	456
1630	1240	464
1467	2864	103
954	1305	185
706	3807	205
677	2472	96
893	3621	41
1051	4067	32
1956	1118	88
1354	1670	205
598	3435	176
641	3890	114
1041	215	275
1531	1546	184
1176	4248	42
1038	1989	212
1562	541	395
1922	2542	245
966	3511	136
917	378	208
395	1538	70
1911	3088	231
494	1734	40
570	4713	88
171	139	252
342	3292	354
1175	2123	353
736	2409	189
622	527	88
1600	630	166
796	3768	41
1606	2894	443
1551	820	70
1204	4111	9
1049	3513	248
1662	323	37
829	1225	456
789	2886	302
613	1036	23
1275	97	69
574	201	55
1454	108	254
1140	3868	70
1140	4449	212
1289	378	208
1969	2156	409
731	1618	39
68	1095	395
171	3740	429
461	75	88
2039	3502	302
1751	12	466
1789	535	41
865	75	88
1681	3078	41
833	2527	448
1776	2609	20
720	2256	464
416	2727	54
1230	3288	33
1795	297	70
2254	100	306
24	563	90
2260	2450	32
1101	424	56
1742	2650	204
1568	1998	11
726	4340	41
1127	1568	385
1671	731	270
1293	1081	374
1254	5252	363
196	1028	10
1618	210	360
2314	1937	23
1737	3426	277
985	1216	337
1211	771	88
1164	4070	88
1311	796	38
983	2305	295
706	646	302
208	36	137
3	4002	8
616	1669	283
307	3986	275
409	3195	9
1081	1056	245
1122	244	94
411	727	112
339	421	142
1392	175	103
968	2048	55
673	4093	167
999	1122	111
1412	254	284
342	898	78
1275	1928	403
1753	615	270
69	260	11
157	538	54
540	210	360
194	1058	71
459	275	315
1311	487	245
354	67	70
1387	492	14
1263	3085	9
710	1974	77
1226	790	70
1763	3958	71
549	512	356
726	760	56
1259	461	70
73	2117	56
1820	230	71
1483	1974	77
1052	1097	88
797	1225	456
1282	5130	300
96	2799	284
1290	4014	132
426	891	53
1277	356	277
448	3338	8
390	244	94
1719	894	37
360	1044	56
512	2845	42
466	3603	194
90	487	245
1487	3363	304
502	190	43
687	2953	88
767	1458	363
1790	2457	180
863	2086	96
221	338	105
850	2336	472
674	96	70
1127	276	315
892	1233	106
976	1692	56
1251	3002	55
1507	1599	332
953	4904	385
1048	626	231
954	5544	56
1280	2810	205
860	4891	43
1287	710	88
1615	690	56
603	2886	302
113	87	275
858	1334	47
45	229	69
1483	3520	32
2005	252	88
232	2770	31
2157	5547	74
257	4150	464
566	2062	41
1159	5142	87
883	28	11
388	3405	186
375	1586	284
846	4772	77
752	3039	41
1317	1916	88
1283	1816	71
296	766	77
831	643	382
542	3426	277
1589	1375	462
1064	1636	200
91	2670	219
1207	2174	250
1124	2785	447
806	71	70
1580	4351	31
1811	2370	72
1219	1294	373
1340	2527	448
2185	716	235
211	315	31
447	2941	403
1949	180	452
489	1209	306
730	713	103
53	5024	36
535	2469	88
409	3616	70
548	109	116
2040	5556	55
1290	1978	88
1251	1426	42
2047	3686	186
1438	297	70
1317	887	70
37	111	383
1182	144	55
1291	2611	205
2292	658	302
516	1045	205
416	743	360
777	3866	31
977	210	360
593	1233	106
804	12	466
1697	1062	456
1218	84	88
1491	3835	170
2189	2360	103
1374	317	233
933	2018	452
1086	1695	88
357	1679	411
1049	758	332
1320	4098	56
997	3619	53
644	3586	55
1552	100	306
1690	603	54
1282	326	42
789	1329	456
789	5399	88
388	179	77
18	4339	54
1130	5011	4
672	1059	456
204	3686	186
2131	4689	97
547	1870	40
62	379	69
1541	2594	9
445	1197	77
944	1197	77
1726	4060	69
1472	3198	30
994	2502	205
2220	4387	32
789	954	30
1843	949	358
337	228	42
1436	2022	179
1633	3303	96
173	452	88
2126	1248	71
330	1467	71
1861	158	456
1127	161	37
354	1248	71
699	175	103
1069	995	302
654	752	55
1301	5354	103
111	688	55
113	2172	404
1370	3613	88
1715	3053	23
376	5001	42
1352	636	64
1194	414	358
1419	3912	55
1455	2627	56
1691	5075	369
33	4868	39
421	446	180
66	593	111
1052	576	104
614	5521	171
1841	3137	71
1212	4266	106
2120	1941	201
915	1836	71
1499	727	112
1241	2058	205
478	1182	205
483	2276	64
1153	2419	403
1409	2786	71
1186	484	71
1010	664	200
667	3027	88
49	324	55
1396	4556	171
706	134	306
2185	1532	171
769	97	69
616	1695	88
481	399	324
1008	2395	40
1413	80	450
489	2927	30
968	5546	31
1235	1715	165
549	439	9
1224	642	363
1055	67	70
1640	755	56
1434	1545	415
158	601	70
316	560	106
1878	438	284
1719	2146	106
1431	3746	459
710	1145	32
1833	4082	70
846	3826	303
679	802	42
1082	3009	85
1146	2864	103
288	3938	88
409	3671	302
712	2166	56
1392	1426	42
1012	1	74
1522	4216	395
284	1330	456
298	4975	55
831	10	275
1079	1	74
553	31	55
552	2354	56
514	2606	11
1301	1256	90
2256	2057	71
2123	2832	88
516	247	383
604	75	88
1010	297	70
520	53	32
749	3720	184
315	163	110
51	362	70
667	499	43
426	208	31
2215	2265	411
277	855	148
1643	2173	13
1442	1296	71
672	3135	70
1797	2076	464
2168	329	189
1119	5500	81
1102	3344	270
1308	3184	205
252	3198	30
334	3426	277
63	713	103
37	2455	23
1095	982	56
666	131	144
862	2732	275
196	528	251
39	2334	55
256	4693	184
820	4377	171
138	2446	40
1335	104	5
463	5028	114
730	1199	70
687	71	70
304	1378	88
240	2443	11
1913	210	360
1424	1607	77
1564	1853	78
733	2211	31
776	1690	69
1062	2416	88
1352	98	69
162	843	39
922	356	277
1471	3046	42
142	389	162
628	519	88
318	389	162
686	399	324
1155	4843	56
300	138	403
813	2544	71
416	1191	91
1611	4096	8
422	1250	11
1177	457	73
722	4206	69
1585	3379	72
1181	1660	138
778	2834	33
96	1257	72
672	567	332
404	3482	41
2201	5572	161
1267	1817	56
207	2443	11
324	1435	33
718	5007	70
72	25	108
1008	773	31
1366	646	302
1295	3821	413
70	1030	259
625	4770	55
386	312	420
565	25	108
1570	244	94
226	747	43
1391	3541	184
537	210	360
1749	4320	332
244	3115	9
719	4216	395
2022	658	302
944	3127	467
604	173	53
10	158	456
732	799	245
825	3248	336
1086	500	43
826	4344	377
1449	613	112
525	387	401
1545	438	284
564	1311	457
1857	1670	205
866	1358	70
482	12	466
1438	4348	76
1722	1763	302
870	317	233
1247	1975	56
619	1289	42
1522	204	69
372	2606	11
1315	1257	72
307	1250	11
160	453	55
652	411	199
1227	5572	161
1054	297	70
772	541	395
565	26	306
604	411	199
249	471	99
624	421	142
1052	2472	96
250	979	112
655	1502	71
260	1235	84
899	4326	277
978	4233	277
4	1514	88
988	3686	186
879	658	302
1421	67	70
776	1764	106
1223	152	70
1103	2106	275
1083	602	70
682	563	90
285	850	83
817	1276	43
1751	2076	464
1153	4250	56
232	385	31
1301	1001	81
436	67	70
489	1439	70
692	987	136
1211	4942	41
730	2315	63
1296	27	46
768	315	31
596	3676	46
247	1478	96
1834	1592	284
361	321	189
1322	2743	69
688	3890	114
1055	135	72
230	3420	24
363	1111	72
1456	2418	112
200	928	54
204	3988	8
413	1257	72
1234	5355	55
673	1864	31
892	130	193
161	1654	332
399	236	70
1577	5281	171
361	29	70
1400	4954	278
157	2399	54
1345	5047	70
2182	3590	87
1233	2463	98
1611	776	70
479	204	69
1449	762	24
1221	2308	46
921	397	88
998	134	306
411	429	42
945	360	332
1577	180	452
229	1682	9
1566	84	88
1136	567	332
846	3048	70
462	1145	32
667	135	72
840	204	69
921	2738	31
1487	3828	205
340	734	452
1016	4546	205
1426	3228	91
1008	1296	71
1124	4328	11
206	3407	53
393	2244	56
342	25	108
165	305	71
1002	732	212
1021	14	385
290	4277	31
3	545	88
362	4317	83
1066	3843	71
53	4060	69
1174	276	315
741	4384	405
1307	763	142
596	5018	88
2083	590	88
1722	3383	302
1930	317	233
730	4398	103
803	122	138
1419	1557	71
126	942	112
107	1399	88
512	786	200
1055	3159	205
1475	271	55
656	175	103
1780	567	332
1401	435	302
9	12	466
1226	1930	443
1064	1511	404
974	850	83
342	929	226
167	22	273
1215	4706	208
426	180	452
1081	360	332
131	4067	32
674	3426	277
1760	5218	117
318	1094	56
422	2915	42
2242	3497	31
316	26	306
230	23	43
1017	290	379
646	1462	72
88	646	302
1584	838	56
1320	4410	302
1320	1943	11
150	5459	32
1184	5477	33
1561	1182	205
126	4925	452
1468	2297	157
1833	1845	162
893	2494	61
1376	435	302
156	4532	408
1463	3245	347
1154	2982	304
1795	3980	88
1568	4247	369
156	815	11
906	2736	220
961	5549	71
143	5278	395
139	4060	69
1580	3382	69
1291	3613	88
33	891	53
1577	67	70
178	4	72
1912	5480	9
482	4519	32
1321	2633	87
21	2257	91
1412	3697	56
1950	178	48
1663	3202	189
342	2312	32
1271	4181	184
2199	87	275
1484	1624	296
1188	2253	467
634	589	88
585	5040	69
1907	923	11
1220	4659	41
690	3974	374
468	490	237
299	4634	56
1677	3503	70
1216	2338	112
1083	2290	71
1962	381	38
286	986	284
390	2194	9
33	2619	332
514	4177	9
1973	2005	159
1187	1548	42
938	4634	56
1369	251	362
1086	5278	395
1938	5254	189
698	366	11
1383	3288	33
405	1905	31
3	158	456
2224	2329	186
1137	809	42
290	322	88
373	4881	103
2020	1045	205
2143	1454	39
1566	1959	71
796	4796	184
66	87	275
1431	4544	360
180	1626	231
194	1204	131
194	4027	37
1137	837	422
676	2299	70
494	28	11
634	932	76
1103	4041	70
1832	3590	87
1228	2721	100
1213	4273	70
1577	4051	270
350	1546	184
1023	196	42
1182	2458	70
768	4530	69
1457	567	332
999	997	69
258	2346	72
710	1074	11
1305	96	70
446	4043	69
1311	576	104
1421	4534	368
230	2289	117
1158	2174	250
118	4403	188
1907	569	11
456	2988	266
485	230	71
1471	480	189
1146	271	55
889	628	274
1501	34	55
860	4795	70
489	266	88
1083	741	70
88	2489	113
596	379	69
1531	3101	258
1205	850	83
1319	2826	73
431	98	69
1364	4011	369
482	1438	33
1021	1045	205
1524	1358	70
1612	1358	70
2253	955	40
705	1630	70
757	171	11
1594	1309	465
646	497	189
1137	1887	70
1971	1333	46
1010	699	31
40	4553	42
1417	3081	403
1170	2715	9
472	141	56
168	1387	9
1034	4739	9
672	3251	41
945	4110	404
1230	98	69
2247	905	369
113	271	55
1140	447	332
1215	5445	154
453	1684	56
647	2078	42
139	99	88
1180	158	456
452	639	11
1301	1247	205
1606	2955	70
1411	594	71
67	210	360
1566	439	9
1200	1199	70
1525	1227	184
1577	747	43
2226	836	394
1138	1938	11
1400	2055	452
1322	3847	56
230	1464	69
561	3385	88
1441	1982	306
930	69	112
628	2747	42
229	2401	15
1417	1185	377
1133	2609	20
209	3702	48
1140	3369	42
565	439	9
1558	204	69
265	113	71
995	4271	55
1887	1073	70
147	296	72
1529	4462	480
574	829	117
1518	1	74
579	1130	88
226	370	72
470	3042	24
40	734	452
45	227	71
1280	1546	184
1741	581	84
477	1686	71
1163	291	362
191	97	69
743	1297	306
2083	297	70
2129	5566	302
121	317	233
92	96	70
647	3746	459
1002	3664	241
887	1670	205
1300	4901	72
1002	3040	102
126	113	71
1746	3520	32
1410	1013	34
488	439	9
1218	3625	88
1978	1260	96
109	1807	74
310	2251	20
633	439	9
669	26	306
1962	2571	94
275	399	324
1057	210	360
503	697	332
1162	4555	72
1244	97	69
682	2203	23
303	4247	369
1537	870	42
808	75	88
322	760	56
869	3015	111
510	5274	56
350	330	55
623	1550	71
139	469	34
232	3749	42
1171	532	41
1010	2489	113
1270	951	69
1185	3858	55
90	2011	56
387	3896	55
885	1459	259
778	1179	270
194	1892	303
1341	855	148
1287	743	360
1246	16	42
1382	113	71
2158	524	70
1399	278	456
849	215	275
1576	1695	88
1810	4681	277
318	4021	55
13	3978	179
604	4503	110
1699	4256	69
1436	1950	299
517	1015	354
1750	753	41
1795	932	76
947	2009	72
26	1276	43
302	2828	86
878	2909	56
162	414	358
1212	1985	5
1144	2310	55
1212	1722	70
647	4230	190
1937	537	171
239	1152	198
496	161	37
1904	2542	245
247	3921	56
1171	589	88
155	119	32
784	66	97
316	3263	87
110	4418	43
1066	1568	385
813	588	88
808	1711	70
252	2702	136
1173	1804	367
1017	5553	56
1340	379	69
1672	3009	85
1614	5281	171
726	2919	212
1145	758	332
168	3592	259
752	0	462
598	514	40
768	283	55
789	760	56
1270	5036	302
156	1408	134
190	1352	70
305	512	356
1980	2480	90
604	723	88
1316	28	11
1695	2344	56
458	1898	70
1020	919	191
757	624	88
1881	4925	452
1950	447	332
954	2495	70
1518	4427	245
809	439	9
1246	3909	56
2	749	69
1017	1374	43
1226	215	275
130	136	134
827	1912	51
271	255	284
1315	2633	87
880	2765	55
1553	4461	184
597	618	71
148	790	70
1515	625	55
418	1595	283
1962	4584	227
1471	84	88
1497	210	360
1923	4796	184
2014	618	71
14	1626	231
86	3	70
1151	4482	347
1289	28	11
220	234	31
1044	135	72
340	1663	55
368	4055	56
1271	3540	184
361	1031	42
1515	2075	136
603	254	284
1211	5449	81
899	2972	71
1070	2958	88
403	135	72
489	1411	70
787	1178	62
624	113	71
1131	3253	70
858	5460	81
1235	771	88
1227	4325	56
1051	2239	239
1986	396	136
1164	2253	467
224	468	294
1218	771	88
1643	3508	88
282	1230	275
603	4249	306
1205	4658	275
1181	4824	93
777	2956	423
562	2140	302
221	1324	114
1163	251	362
1008	5322	141
23	1604	53
372	28	11
1585	2534	136
332	1711	70
1742	2640	41
604	5125	70
850	1670	205
402	2820	72
432	87	275
1233	213	332
296	2088	11
989	4095	77
827	1614	37
1219	1998	11
548	618	71
1993	447	332
1872	1089	70
1019	438	284
74	1435	33
564	816	225
354	357	278
1200	5012	77
166	1078	42
1329	2157	88
1145	2382	119
643	1579	208
646	986	284
1142	2455	23
1961	2253	467
1854	3537	452
89	2733	88
179	906	42
66	4045	275
193	914	56
752	435	302
1777	2141	257
845	1481	70
2037	28	11
1103	647	43
2214	138	403
1419	645	41
1270	1592	284
1237	3009	85
830	3213	72
1356	3437	136
626	642	363
1055	4765	351
807	812	158
892	1199	70
206	432	11
813	2760	302
693	609	172
1509	24	78
1391	1546	184
1849	3123	54
2183	786	200
2194	1809	83
587	2455	23
548	4863	460
1244	1034	69
1545	1209	306
1483	471	99
14	1686	71
489	4972	23
59	4040	57
777	5534	43
102	3724	70
977	161	37
305	286	306
1010	2404	82
250	2360	103
2059	4331	5
786	3680	106
497	1998	11
1052	399	324
1623	517	362
1004	698	433
1743	4192	278
386	6	77
98	1226	317
1267	504	56
1708	1018	374
354	510	306
224	395	184
1052	2142	257
1140	4085	55
1739	5163	104
705	180	452
2014	70	71
1220	1982	306
1068	87	275
192	148	70
542	4223	88
482	2055	452
954	2671	208
1526	370	72
522	1976	86
1994	1364	41
1860	2519	403
1060	1595	283
741	5392	193
1435	1362	23
845	254	284
1729	1195	70
2259	766	77
387	1276	43
1	161	37
1698	2754	302
1227	3616	70
1491	1095	395
129	2350	365
1964	1636	200
313	3740	429
1221	2000	88
194	615	270
1838	3420	24
1688	26	306
1459	1323	315
1690	3573	189
1215	846	290
365	161	37
1515	4465	11
179	1425	56
1566	4980	56
1671	251	362
1544	288	55
1206	4726	296
70	2072	200
195	3671	302
2215	4398	103
1583	210	360
0	782	251
1570	4056	69
788	4104	77
73	1848	154
61	1276	43
1173	2532	367
173	182	114
1614	1097	88
31	608	97
51	1967	317
1570	119	32
977	4752	11
1412	5480	9
44	1842	69
609	438	284
387	2794	452
594	304	158
582	5404	88
131	2322	74
1643	1167	24
978	204	69
1647	1907	69
1378	3541	184
742	994	284
1172	1340	142
1831	227	71
240	1963	53
1362	4646	408
1462	4393	77
1065	4402	70
1507	567	332
1150	914	56
479	2725	357
733	3890	114
1471	1715	165
379	313	118
674	2187	74
413	1942	11
5	1641	72
1647	688	55
1080	1955	208
1585	1785	56
1154	173	53
1956	4560	277
73	2191	69
1004	567	332
724	1416	71
973	1725	90
2033	1416	71
2095	2202	191
2213	167	59
1340	656	184
1217	3984	55
313	81	33
955	711	88
477	4746	71
171	144	55
119	646	302
1718	953	275
729	1682	9
458	477	85
1081	3841	138
372	1095	395
840	414	358
108	596	306
1248	5292	273
1528	4011	369
201	581	84
667	1114	120
1101	1686	71
1954	3276	98
1352	3423	395
1206	1059	456
1124	3890	114
1492	3058	157
282	28	11
482	708	136
1227	2028	157
1419	2480	90
1313	2611	205
1947	4607	315
2199	84	88
1152	1014	354
1173	5	159
1420	4556	171
1708	1330	456
2196	180	452
779	1913	231
1309	0	462
1773	244	94
21	230	71
1786	540	96
1434	3910	404
813	1284	2
1360	2116	43
402	3997	72
1485	1215	88
42	297	70
1390	863	259
1081	1093	72
954	1717	245
528	4140	43
539	5457	106
204	232	291
1168	180	452
834	32	31
2008	514	40
139	1636	200
1323	417	306
123	685	42
24	3242	87
1499	982	56
1180	44	275
360	5414	332
628	605	8
244	4205	55
1797	399	324
1317	357	278
1034	1612	212
1449	3420	24
1676	2788	56
1094	1278	96
1719	639	11
1759	67	70
309	3256	219
630	4848	11
1341	158	456
1437	914	56
723	195	88
1056	5065	277
1623	5272	259
193	1439	70
1501	1211	177
1440	1711	70
2269	215	275
126	448	452
462	1478	96
1681	785	162
1419	3646	205
120	646	302
482	2336	472
833	32	31
1615	3834	189
1140	398	212
331	16	42
2168	497	189
830	778	142
1759	81	33
1242	4638	207
622	180	452
1173	525	46
915	3625	88
777	576	104
186	2646	275
87	115	41
174	2970	189
148	584	88
310	2104	184
564	4386	23
541	2140	302
178	3931	33
1367	2218	151
1522	4909	167
552	2971	302
369	28	11
118	429	42
99	2806	31
720	2076	464
965	3711	374
676	161	37
1352	2360	103
878	1389	354
666	5383	43
1008	3890	114
2135	5340	55
565	100	306
1591	727	112
978	4943	201
1638	3363	304
1749	225	55
604	1095	395
1547	2614	365
495	1145	32
1146	530	14
726	2498	186
91	289	339
1546	100	306
783	2395	40
724	3435	176
596	546	11
1235	4060	69
1223	298	363
1736	4634	56
2279	1101	28
1988	781	43
866	3530	284
1306	1741	71
1521	1711	70
1744	439	9
265	2524	122
1738	1655	249
315	254	284
928	2721	100
1764	81	33
1010	747	43
2183	655	284
1271	104	5
1377	3915	82
112	1499	55
305	658	302
293	5361	231
2185	1358	70
51	379	69
1230	84	88
1661	2716	72
1140	1198	55
820	1708	383
2245	330	55
370	752	55
1596	97	69
192	3938	88
1211	529	11
1151	1041	309
1657	1183	55
413	1409	11
1618	642	363
194	492	14
899	4383	277
1146	2428	18
1962	3705	88
1322	2636	306
522	2423	234
1727	4233	277
1346	3073	72
1208	1557	71
546	4904	385
0	28	11
1708	3922	403
1854	774	467
1157	3436	41
512	3040	102
1418	620	11
911	2532	367
1397	1142	294
1795	214	72
1298	2343	56
949	902	61
1356	1920	424
1149	4793	277
988	2938	33
1016	2011	56
1103	2978	88
954	406	103
703	2423	234
528	1971	88
1127	1711	70
2112	3346	78
184	2280	69
1152	3949	238
690	649	408
2104	4059	277
1140	175	103
609	642	363
644	632	270
359	639	11
1158	3015	111
1358	3426	277
615	2978	88
157	647	43
1094	4085	55
316	1102	91
3	727	112
1008	1535	55
113	635	106
582	311	41
596	1841	69
1071	2156	409
998	5313	56
453	1631	70
817	3894	104
1298	4728	255
253	691	88
403	3443	70
387	1821	463
1780	784	72
1208	3182	11
1217	4497	200
331	446	180
482	5118	56
73	1042	69
1863	2646	275
131	204	69
547	251	362
450	1911	116
1425	84	88
305	1836	71
66	2749	184
1314	67	70
1388	1339	71
2210	205	187
1577	3823	363
459	1176	88
375	4847	109
1152	32	31
2202	4753	55
667	1423	42
1738	4991	189
1052	358	55
1568	3426	277
1623	646	302
323	2251	20
318	276	315
1456	75	88
1406	2764	55
1277	1379	472
72	620	11
1549	100	306
435	1650	88
384	1176	88
18	4974	8
1210	4057	24
2207	4804	55
1285	1690	69
570	2055	452
823	378	208
1354	1381	71
190	399	324
279	1557	71
634	5496	136
1249	4911	54
966	851	220
1994	660	71
2268	446	180
193	96	70
181	4876	43
193	3014	96
1269	182	114
1035	1337	357
701	777	453
936	97	69
1085	528	251
239	171	11
477	820	70
845	1458	363
451	3629	184
135	728	87
1857	1072	433
1604	2085	54
1103	700	71
634	227	71
647	1072	433
850	113	71
1130	2446	40
313	136	134
954	4829	411
381	2478	88
320	447	332
1177	2629	70
1103	835	311
954	3896	55
1363	1409	11
221	4038	277
1192	4050	171
562	5054	171
129	5199	77
452	2338	112
359	471	99
350	161	37
961	1031	42
1653	124	257
187	963	373
562	2802	39
670	3826	303
1042	1878	77
1533	1072	433
1390	5373	230
2203	697	332
1796	3600	70
1204	3728	9
2268	2640	41
373	3556	11
1596	288	55
1660	655	284
1519	5370	94
752	603	54
866	97	69
272	1998	11
2029	2000	88
1501	1940	285
242	1163	207
1735	5567	88
1149	435	302
506	3789	249
51	1784	317
24	1398	106
310	1152	198
683	1019	404
39	215	275
821	2095	231
486	776	70
172	4448	306
1015	297	70
23	2530	88
249	1272	106
1227	1276	43
1175	4038	277
39	208	31
500	556	324
1390	137	78
960	760	56
194	998	58
2230	3609	275
922	98	69
1486	1671	71
693	674	284
350	2360	103
1634	3989	302
613	4483	69
53	1733	53
731	4868	39
458	275	315
1643	709	88
791	26	306
1583	469	34
603	776	70
768	1614	37
705	987	136
659	158	456
1529	2647	470
129	244	94
1487	2424	368
1021	96	70
1640	180	452
389	2589	270
763	590	88
1140	1014	354
45	868	56
1579	1142	294
571	204	69
652	936	360
1841	2845	42
2283	202	315
836	96	70
1267	1092	55
1291	2992	205
570	81	33
1564	4745	64
824	1814	33
911	487	245
1301	1045	205
1092	4531	347
16	2160	8
1213	4634	56
1252	193	332
969	806	107
1205	4921	332
1382	752	55
350	204	69
268	439	9
491	863	259
1561	91	37
456	4707	271
1182	2738	31
779	3365	259
1379	28	11
1412	2299	70
1213	2955	70
1472	2125	245
1327	3882	317
778	317	233
1952	36	137
637	853	88
1368	204	69
178	192	42
50	158	456
2162	1738	56
716	2233	400
557	2980	209
418	1145	32
2313	2333	32
67	298	363
279	120	88
366	1691	72
541	28	11
1644	330	55
1021	3389	11
16	4089	88
1015	409	189
2041	1711	70
1008	14	385
929	987	136
1677	766	77
597	2627	56
363	178	48
39	696	56
708	772	170
1768	1670	205
1954	1711	70
568	71	70
1523	287	32
1232	700	71
988	763	142
1025	5107	129
1131	905	369
1992	780	452
786	4148	84
1575	69	112
96	438	284
698	2591	74
1349	215	275
685	564	90
179	26	306
1261	771	88
162	2480	90
1638	1250	11
2231	1949	99
604	920	76
1132	76	90
1152	5	159
1417	868	56
1016	1579	208
467	1249	11
295	119	32
1789	708	136
868	3223	208
678	247	383
1315	75	88
890	2527	448
845	3009	85
1402	2726	14
33	737	452
1779	1885	327
662	5067	277
33	650	452
1828	2106	275
453	115	41
163	24	78
613	3772	88
1643	4534	368
107	2698	88
1351	1625	71
798	2058	205
316	1833	31
1559	5529	403
1193	535	41
405	1952	31
1309	954	30
1750	484	71
1743	2399	54
1087	416	91
806	1637	414
790	315	31
1031	1592	284
946	210	360
1159	1253	284
2050	844	369
55	2310	55
1465	613	112
1236	1045	205
411	872	72
1862	2182	69
394	747	43
383	1097	88
193	235	47
875	859	171
301	91	37
488	1544	245
1690	4263	69
1412	1113	456
1275	1900	284
1374	4521	252
1660	2665	225
1573	1	74
1086	210	360
1076	4371	403
1139	4950	88
2272	3293	257
1744	704	383
1741	2275	358
1249	4014	132
1848	2009	72
173	3253	70
2016	4947	171
503	1655	249
1691	28	11
1116	483	205
1571	2789	358
327	4616	90
144	1435	33
628	2786	71
283	469	34
511	654	88
279	2299	70
579	1336	86
706	1653	353
476	1296	71
1212	2626	69
1644	315	31
160	135	72
1511	210	360
288	488	71
510	2390	72
612	354	71
1269	628	274
340	4538	427
130	618	71
1718	3241	201
114	233	81
179	903	11
1042	905	369
264	14	385
1021	271	55
806	5406	70
528	2205	77
566	685	42
1991	411	199
1562	1874	93
1218	271	55
129	4200	284
1729	456	86
418	438	284
813	1840	88
185	658	302
1582	276	315
1491	484	71
667	2484	41
752	4605	315
1168	986	284
179	1348	205
1805	799	245
52	1809	83
968	4713	88
373	922	11
780	1936	306
706	284	306
1304	1059	456
279	784	72
339	1395	425
1472	1976	86
990	97	69
343	2421	326
387	113	71
2060	2667	280
183	220	88
156	471	99
89	567	332
1442	1604	53
542	3701	70
899	1200	71
350	1277	143
806	4424	96
1308	244	94
1146	4926	103
374	2801	53
1657	226	102
2083	1938	11
735	221	181
316	532	41
1479	38	142
704	2679	69
91	293	362
1303	712	86
2260	3772	88
613	120	88
186	1230	275
1450	67	70
1321	1162	117
1465	563	90
1016	2810	205
25	83	189
165	357	278
810	567	332
529	2000	88
1766	4117	42
243	760	56
207	1035	31
2005	776	70
1180	632	270
722	3123	54
710	1896	43
211	288	55
666	419	189
1787	16	42
1092	397	88
224	439	9
1878	619	72
310	252	88
43	514	40
579	173	53
1089	2436	245
1806	3090	71
1291	2058	205
183	3473	231
166	3815	56
1587	2894	443
630	67	70
1377	3893	104
1226	1885	327
2189	3713	56
352	1013	34
316	1411	70
251	1435	33
1007	358	55
1294	1711	70
1189	1019	404
682	190	43
1438	1253	284
369	75	88
1364	120	88
535	5544	56
1226	982	56
1950	62	70
1638	32	31
2276	97	69
59	81	33
998	191	56
369	3956	298
1344	1711	70
1201	2009	72
2226	1176	88
1981	3537	452
995	4451	92
1101	747	43
1846	452	88
1021	1176	88
227	1113	456
750	3541	184
1630	3388	450
1025	233	81
318	71	70
1546	1428	212
159	3130	42
1065	4122	277
1205	3894	104
1457	817	405
635	2598	23
105	593	111
1434	4045	275
500	75	88
110	26	306
1298	3025	408
639	304	158
886	1349	205
239	228	42
489	411	199
909	745	302
1751	613	112
845	813	445
807	1048	31
1310	298	363
195	2760	302
941	2373	420
731	2425	235
555	936	360
1121	5498	306
542	4685	69
426	2892	71
1210	115	41
246	2004	106
1780	4600	28
66	297	70
182	624	88
373	26	306
1301	1879	96
547	417	306
1103	5431	312
135	589	88
1703	1261	116
1290	2633	87
331	421	142
437	696	56
2301	5323	223
25	98	69
96	3966	20
1269	3978	179
579	1891	71
2274	5393	54
387	4348	76
584	4566	284
1849	1357	88
1095	1425	56
716	3318	205
599	1174	414
1235	2082	55
1010	411	199
482	276	315
1755	4506	70
1409	4605	315
1391	3553	31
1275	1906	112
2055	135	72
431	2814	112
1454	3266	88
115	696	56
98	4233	277
798	1347	43
906	3759	163
2215	1209	306
479	24	78
807	622	56
1383	1045	205
1847	2258	88
890	3352	91
1796	1937	23
1227	395	184
790	3198	30
98	1811	11
1096	1920	424
326	3225	388
775	310	124
464	3162	232
393	389	162
2252	1252	72
373	2686	37
1109	2535	443
969	3751	304
1815	1078	42
1240	2299	70
288	4999	55
1177	2464	39
540	3537	452
1726	3446	331
13	607	42
1320	4447	55
1128	995	302
1651	1935	71
1797	632	270
2158	2638	43
988	4667	55
1719	4085	55
1993	5000	209
806	715	154
1860	3015	111
115	542	171
702	592	41
408	4013	53
1480	3630	103
1358	4120	277
1213	1073	70
38	176	11
1179	173	53
1536	1679	411
1567	3053	23
1753	137	78
1822	4300	56
314	2437	119
459	1814	33
1069	372	302
509	2333	32
1124	1028	10
316	2471	88
887	1089	70
977	81	33
1200	5313	56
542	980	72
313	35	43
189	2344	56
732	262	270
2148	5215	102
507	438	284
1094	2715	9
1462	2755	284
1578	3499	302
1306	1131	71
1170	928	54
997	825	42
313	1848	154
1286	28	11
686	28	11
1482	4279	136
752	632	270
1065	3450	64
1305	398	212
1529	0	462
639	213	332
1274	67	70
1339	2351	257
296	3944	88
971	3426	277
837	561	39
466	2888	340
2184	271	55
1554	84	88
1382	16	42
886	850	83
1568	3798	70
676	91	37
817	734	452
1944	3841	138
1392	3688	88
1392	2932	104
1208	4756	270
2087	1184	391
1062	295	381
107	887	70
253	3764	72
783	271	55
246	1420	8
28	379	69
1460	642	363
174	331	31
1215	902	61
529	4417	369
1394	115	41
821	435	302
1023	4880	55
698	1056	245
282	4978	433
1392	1231	205
1158	2157	88
565	477	85
350	2038	90
944	5506	40
312	2068	56
2196	697	332
1068	35	43
2115	2021	71
1215	3624	5
1345	510	306
500	227	71
1298	2454	56
1365	4367	70
983	4241	162
1378	1225	456
1347	4027	37
489	4798	31
946	5589	41
379	3033	456
290	655	284
158	4197	277
1698	291	362
253	618	71
742	3261	88
752	655	284
736	2099	112
628	603	54
625	3734	55
1500	1227	184
1119	175	103
778	1062	456
1304	1045	205
944	26	306
623	859	171
801	1483	118
1861	2995	443
285	569	11
1970	1413	31
1492	1045	205
1322	926	284
366	2378	456
1141	1833	31
331	224	110
1854	915	106
387	1296	71
115	2856	32
1698	620	11
614	1797	24
845	65	362
479	655	284
522	1603	200
408	1771	212
363	36	137
1220	815	11
1267	1399	88
988	852	12
61	333	11
1968	1137	28
1611	28	11
39	624	88
1145	2277	23
413	643	382
1878	2839	284
1697	5031	136
1354	32	31
1443	659	283
643	297	70
1372	914	56
1007	763	142
1583	4931	208
1343	161	37
1306	3114	11
1430	31	55
2049	776	70
553	3934	56
147	618	71
1230	710	88
1209	894	37
1090	4392	184
1158	615	270
797	802	42
216	3714	55
1907	4162	74
1391	620	11
1433	435	302
761	2324	186
1310	794	88
1051	616	40
489	97	69
733	19	88
1796	455	69
1553	3466	236
309	3850	235
1450	1248	71
779	2757	43
771	436	283
121	2746	136
435	3464	66
943	1632	119
1047	1823	30
1469	1949	99
1158	4315	332
830	4904	385
162	32	31
2303	716	235
1560	5381	184
70	303	218
1567	2534	136
284	1438	33
2217	3140	317
1311	5381	184
1144	2862	11
2023	138	403
1301	1957	88
331	850	83
2199	28	11
1008	1358	70
338	177	96
705	1309	465
1358	4078	257
323	4776	355
1287	471	99
411	1696	54
1226	360	332
354	439	9
644	2248	72
3	1337	357
424	173	53
39	24	78
165	5474	277
599	2665	225
985	1109	347
866	304	158
1204	2103	283
1473	2076	464
388	1042	69
686	471	99
1280	1227	184
1191	4709	284
1442	2224	43
777	563	90
540	590	88
985	3423	395
1185	2309	70
2023	1226	317
691	605	8
43	215	275
627	1111	72
1092	1162	117
960	1045	205
307	357	278
1362	1210	93
1622	3295	332
1106	2368	70
316	620	11
890	635	106
31	786	200
1374	825	42
265	803	71
628	114	112
1018	0	462
657	97	69
2087	434	72
655	1594	41
1271	2712	69
614	266	88
1792	3426	277
887	1546	184
1939	1319	294
712	4590	70
901	1163	207
392	286	306
2124	3426	277
1448	3433	136
1442	1562	24
1446	135	72
556	3760	188
91	5006	339
117	2040	70
1137	1352	70
930	2814	112
1383	3026	408
1549	5565	306
1218	1298	306
2245	519	88
1522	926	284
129	3497	31
482	271	55
1472	1620	31
482	113	71
2222	782	251
672	215	275
352	4498	44
1008	193	332
1485	3015	111
2085	3761	465
1380	3531	56
1265	5321	136
489	2594	9
548	213	332
1016	75	88
1372	830	116
491	5508	56
143	335	32
896	1711	70
63	297	70
1169	1998	11
1370	3703	266
623	1277	143
3	414	358
208	3328	11
118	907	41
315	2558	90
804	766	77
1185	1460	4
283	2386	262
9	2397	439
1180	3221	205
435	604	136
833	5265	462
1791	1427	384
1750	3426	277
179	2457	180
1204	4128	9
524	924	275
1812	1930	443
794	73	423
2115	360	332
1136	2470	70
459	5122	332
2185	255	284
1238	2455	23
1334	5488	72
504	3534	70
1017	2260	207
138	744	70
1520	210	360
348	197	53
1336	210	360
336	1468	395
1365	1466	42
845	1469	41
530	96	70
373	248	11
1515	1199	70
705	1656	189
741	224	110
1317	4197	277
1582	527	88
752	790	70
630	1711	70
836	1095	395
1038	0	462
1086	776	70
260	4551	103
650	655	284
208	2657	77
797	2804	11
1738	75	88
72	397	88
1555	4546	205
278	1248	71
1669	374	54
552	642	363
1091	3881	303
1419	1711	70
1323	1711	70
93	5147	372
1752	717	106
342	1209	306
944	2455	23
660	91	37
757	3583	77
1233	2683	4
1595	687	88
107	3002	55
407	98	69
2313	5322	141
1224	1274	141
1571	4806	315
33	1748	452
422	175	103
906	3683	56
58	315	31
373	3044	40
879	3376	100
2109	5371	456
2	2034	231
794	4776	355
365	3137	71
150	3	70
988	5258	88
1924	2419	403
827	721	88
1167	1072	433
880	1363	59
302	476	88
264	1276	43
1298	3159	205
227	2162	284
229	710	88
1378	158	456
503	3529	253
496	395	184
69	5378	284
1299	559	32
90	1920	424
968	3885	56
514	1326	78
974	303	218
367	67	70
1137	135	72
597	4943	201
368	4546	205
1327	1142	294
1448	3588	145
1968	1393	189
1188	3746	459
1299	1458	363
1441	716	235
1419	3447	43
2220	151	69
792	87	275
1302	1112	88
1299	1879	96
1664	120	88
698	878	56
989	535	41
1904	1771	212
748	91	37
1075	2446	40
1856	1248	71
862	2536	374
405	2455	23
290	914	56
1307	148	70
1034	4891	43
236	2344	56
200	2093	70
1870	1532	171
497	704	383
1858	3426	277
221	709	88
685	1205	31
1158	1941	201
911	75	88
1328	249	88
540	75	88
626	500	43
1158	2081	27
91	3921	56
1159	1593	41
574	4553	42
1594	780	452
1442	4435	42
1314	850	83
91	501	106
340	2894	443
196	465	54
563	1525	136
794	489	158
1211	71	70
833	1309	465
839	1454	39
1454	861	284
290	298	363
2258	318	56
208	3426	277
1207	2542	245
0	3660	26
997	324	55
804	1528	90
146	985	88
1023	5300	56
1074	1607	77
818	514	40
350	656	184
540	2866	69
512	902	61
1682	2723	70
2224	5164	315
1150	97	69
2155	1691	72
50	144	55
1232	97	69
1062	2653	88
1308	4181	184
1491	26	306
705	84	88
668	1056	245
1167	1218	184
466	2779	55
1752	2494	61
985	278	456
2007	341	23
1131	2653	88
807	932	76
1175	2	11
726	914	56
1360	144	55
1052	2103	283
1816	1331	41
295	1160	162
1851	5123	332
316	171	11
911	4858	88
1354	326	42
1741	483	205
1912	1013	34
1342	428	452
1794	1711	70
1656	584	88
89	3521	96
938	3031	32
292	873	72
823	4725	184
209	2407	4
1347	411	199
1283	276	315
388	1913	231
1127	2632	363
385	697	332
1442	755	56
1772	98	69
794	2606	11
559	2473	70
1010	766	77
439	1486	88
99	213	332
690	2895	362
688	3523	77
1317	3	70
698	769	312
1023	3749	42
1226	1445	81
944	1095	395
584	1726	23
551	182	114
586	438	284
1588	1409	11
1404	3929	142
752	901	42
107	4661	200
2111	387	401
1520	3868	70
48	24	78
893	5041	88
1618	3074	368
30	2272	42
392	855	148
388	3980	88
1077	3293	257
1137	2865	56
2133	14	385
338	1427	384
101	2764	55
616	1095	395
2165	4558	69
73	1425	56
2263	173	53
8	392	70
794	339	55
1812	535	41
380	2360	103
359	203	70
1075	2336	472
1939	1346	305
426	1730	56
309	354	71
646	642	363
1990	646	302
71	2945	461
1179	227	71
662	1071	37
1577	739	385
353	1251	43
1476	4172	56
822	3574	11
893	852	12
1350	2672	189
1903	215	275
954	3657	211
385	776	70
1251	4082	70
560	101	220
360	1663	55
1074	776	70
1521	3118	362
616	4384	405
1727	3427	55
1444	411	199
954	2044	70
1606	395	184
1419	4025	363
1055	2047	216
1501	54	55
561	1408	134
1536	833	69
957	438	284
1741	414	358
366	1562	24
1520	3426	277
1126	1120	69
1647	4772	77
5	995	302
878	3931	33
443	67	70
1965	977	56
898	386	200
1106	75	88
1016	618	71
73	4396	65
1741	2419	403
1008	3687	142
761	4508	56
454	2244	56
1202	1895	55
1011	1965	9
1232	161	37
576	16	42
887	113	71
386	2835	71
387	1402	72
394	4041	70
657	620	11
1405	4588	43
1221	3471	32
1478	87	275
1991	1045	205
258	1753	72
741	387	401
1310	976	72
194	776	70
2185	2238	204
360	2206	32
1134	487	245
657	210	360
53	962	88
807	4323	43
1506	4150	464
572	204	69
1795	203	70
334	417	306
1361	417	306
820	379	69
704	399	324
1186	3315	456
898	5149	455
988	32	31
359	3023	37
1405	1547	184
2170	2265	411
2217	2168	337
1299	357	278
1418	67	70
263	2160	8
935	4729	385
434	954	30
1261	1225	456
1439	2832	88
624	2890	116
1816	1841	69
777	2022	179
2192	3140	317
724	1816	71
1057	276	315
619	2558	90
887	1755	71
735	771	88
1146	1513	9
1130	3631	88
1669	15	42
384	2002	208
562	1253	284
1359	1961	63
371	492	14
411	113	71
88	668	196
1499	1712	72
1140	3541	184
1061	75	88
1165	67	70
855	3753	24
1386	1968	88
1271	609	172
540	1250	11
562	3253	70
549	4312	369
541	1108	88
15	838	56
7	497	189
1849	688	55
390	3417	28
161	399	324
65	330	55
1325	1611	14
1791	1098	448
969	234	31
496	2326	212
1308	2560	205
869	3686	186
698	4578	69
938	2539	410
450	2095	231
1049	1432	213
1038	843	39
1854	2866	69
1016	4771	69
527	2542	245
897	2803	11
1424	4622	277
271	4573	42
1267	646	302
21	592	41
174	3666	70
1523	3661	9
1862	514	40
340	2102	423
1933	2589	270
1279	288	55
1805	1998	11
598	3080	55
433	3096	69
128	447	332
241	2511	296
1065	67	70
1363	5150	41
1124	3550	56
1153	357	278
1799	786	200
1566	4438	72
1476	2799	284
1235	997	69
396	434	72
1295	832	306
1879	4	72
1115	235	47
279	4	72
712	2955	70
0	26	306
1099	2136	175
540	2423	234
985	3479	464
376	337	90
96	4585	11
243	2304	17
416	2	11
1271	3073	72
1465	468	294
2160	1711	70
1320	84	88
1564	613	112
1242	2954	369
387	1261	116
592	2024	88
1367	329	189
1315	260	11
1491	4060	69
642	4103	171
1672	1998	11
1153	4514	41
48	3563	56
1566	3718	452
55	1507	315
929	215	275
1638	3426	277
1220	776	70
1080	651	332
1246	3369	42
1443	1134	229
310	174	103
1451	215	275
567	2095	231
290	369	49
1516	26	306
1490	491	11
247	1022	97
1357	2877	284
1102	1498	456
1138	113	71
153	878	56
1214	2674	253
208	1053	189
1971	3679	71
1185	2833	54
94	518	70
579	313	118
1143	561	39
130	1432	213
1343	4605	315
1475	3426	277
1212	4143	70
853	4738	212
350	4002	8
1175	1521	88
1941	1415	88
422	1886	72
791	2653	88
1657	163	110
359	1464	69
866	124	257
935	538	54
674	1283	5
204	1841	69
1734	446	180
1575	1892	303
232	607	42
278	1298	306
947	14	385
150	3487	88
1066	4162	74
1025	1137	28
87	276	315
564	1225	456
482	1532	171
1215	5011	4
338	5059	54
1315	113	71
1329	4223	88
388	4916	71
836	182	114
715	2245	432
1295	210	360
301	788	72
1861	329	189
1043	954	30
725	96	70
1387	222	240
359	1456	88
1062	399	324
1580	3604	32
1577	704	383
2246	373	88
697	1069	69
1482	113	71
1671	298	363
1678	1812	356
161	567	332
551	2089	373
1135	5	159
150	379	69
830	0	462
542	2823	55
726	1272	106
662	914	56
2253	203	70
638	1154	43
846	925	18
1776	709	88
258	5509	72
1260	14	385
272	1261	116
1968	28	11
1618	723	88
587	2180	32
1348	863	259
395	1298	306
1211	3702	48
1580	4451	92
395	2029	85
354	653	93
968	1462	72
229	1285	70
348	3276	98
2091	1507	315
1738	5490	39
1790	3934	56
1158	1664	324
853	381	38
761	3792	88
1205	1747	306
1187	1073	70
1826	5149	455
1698	2803	11
1529	1670	205
1593	1226	317
63	1358	70
1083	120	88
278	3129	96
1208	26	306
1152	1239	71
168	762	24
1062	517	362
1292	1816	71
190	4916	71
1789	2048	55
239	4636	69
1234	1418	72
1102	4592	332
135	4875	294
1815	607	42
1674	3437	136
1475	571	47
549	1551	71
1323	2419	403
639	708	136
1301	5050	26
477	1331	41
56	2258	88
1694	100	306
1308	692	435
39	1075	414
1623	3989	302
730	642	363
1168	1989	212
282	2305	295
317	572	46
906	1829	55
167	603	54
636	1814	33
439	2041	317
1123	4453	205
481	253	56
113	411	199
1713	5325	332
105	1964	56
1230	982	56
677	1398	106
360	475	56
1061	439	9
1909	97	69
1841	2859	55
325	161	37
1124	932	76
1235	3018	136
736	1102	91
1698	1872	42
1215	3493	11
625	2996	41
1263	4443	94
45	1899	70
89	4187	106
1354	4872	275
1599	75	88
1075	5308	77
1560	560	106
255	4594	231
1158	32	31
407	190	43
1213	4407	55
1325	94	55
1140	213	332
690	158	456
313	2105	275
1144	716	235
827	1045	205
274	135	72
250	1009	70
1651	4745	64
850	1225	456
734	4026	88
995	163	110
1188	4462	480
2125	2055	452
171	163	110
1259	1142	294
2242	1983	270
14	71	70
542	4407	55
2120	4048	302
396	4450	88
911	2728	110
791	24	78
105	531	72
211	244	94
1065	390	88
144	4398	103
592	2872	32
135	474	88
53	5046	42
1313	4814	187
247	3588	145
1505	780	452
156	26	306
1577	254	284
1316	757	114
1008	755	56
1169	1249	11
309	982	56
512	4053	162
1332	3973	473
1555	399	324
74	140	71
1513	1836	71
512	3238	271
1308	2506	369
1146	902	61
114	636	64
803	2283	74
1409	4090	23
1585	810	115
190	2213	70
1226	84	88
546	4365	270
1112	4197	277
1324	2369	56
5	1153	96
1998	755	56
1144	81	33
1015	1003	302
954	618	71
394	4541	72
206	1045	205
131	3433	136
501	3639	161
293	615	270
1228	20	1
287	3573	189
1023	4749	43
116	254	284
1566	5115	72
892	1605	70
1159	4410	302
1575	2609	20
375	1595	283
409	1095	395
988	4803	31
899	3554	32
1150	1033	53
384	69	112
33	4057	24
597	680	302
1341	517	362
659	3795	457
1671	2349	283
1140	1253	284
44	3475	88
395	3174	18
1357	3911	259
899	1045	205
968	3128	292
250	5572	161
436	362	70
447	2942	117
1225	4492	247
395	2640	41
1411	1450	74
965	2457	180
639	161	37
893	67	70
1708	5090	359
616	4935	405
421	395	184
135	209	55
628	2016	24
1845	3333	42
1054	776	70
180	97	69
1152	438	284
363	497	189
705	271	55
926	2752	32
1021	4588	43
298	112	70
1473	700	71
736	414	358
2256	1998	11
752	439	9
1841	67	70
38	1095	395
1010	2193	43
1168	4886	456
1394	3372	260
110	254	284
1416	438	284
1313	1686	71
1432	4962	277
1667	1908	41
113	4999	55
870	75	88
1578	3610	452
420	5290	55
263	2356	113
566	1623	56
828	2777	5
1710	244	94
614	2140	302
2291	2357	426
515	3850	235
107	825	42
95	381	38
374	1199	70
268	4017	103
1781	830	116
1745	1460	4
467	4658	275
109	1820	42
1136	3409	332
1220	1262	72
1969	4426	405
2197	4990	452
899	2408	9
1571	497	189
50	2602	171
1171	620	11
752	1670	205
1204	1255	302
1466	585	11
105	1250	11
367	135	72
1442	5359	71
135	360	332
1575	46	70
1275	1638	171
135	75	88
938	568	70
91	171	11
1541	814	250
231	1131	71
632	3025	408
946	742	71
221	5283	83
1663	3460	456
1801	2360	103
1676	1379	472
171	54	55
1211	4372	56
1471	1358	70
1204	4377	171
552	3129	96
445	1686	71
706	5356	75
239	1149	61
239	469	34
1277	326	42
776	500	43
2281	215	275
413	134	306
395	982	56
1026	2417	262
258	75	88
639	3067	112
1161	4348	76
721	702	119
629	2786	71
216	1988	203
1168	2076	464
799	2758	407
250	1202	56
1343	5081	4
1541	953	275
559	620	11
777	488	71
618	1250	11
250	4891	43
834	2988	266
1131	2077	126
954	1317	290
604	1784	317
965	2810	205
1441	363	275
660	1268	42
1139	638	64
741	3519	395
300	3858	55
374	446	180
310	3426	277
1220	2609	20
395	3319	72
2005	1295	71
2119	1568	385
1264	4706	208
407	529	11
1170	4868	39
1406	701	55
1231	3385	88
113	2956	423
524	271	55
192	24	78
895	1142	294
1146	3979	205
35	379	69
1008	5067	277
1590	2955	70
633	3069	48
873	97	69
1381	4564	281
1174	399	324
435	802	42
399	1499	55
1726	107	70
304	3426	277
180	2239	239
1109	113	71
531	3386	42
1580	3088	231
1180	2466	149
250	2596	37
1336	71	70
885	816	225
954	1546	184
1904	2360	103
1188	3419	24
564	1013	34
1295	158	456
331	540	96
1064	852	12
694	1934	56
39	1625	71
500	2773	71
263	1758	441
1254	5069	283
245	1223	404
1222	379	69
1884	2691	149
772	1095	395
1007	317	233
1824	3989	302
536	3901	69
1145	2165	356
1390	3365	259
954	1814	33
65	335	32
999	2324	186
285	554	70
703	0	462
797	5	159
996	2657	77
596	3045	158
1068	1546	184
1425	4073	134
102	297	70
1158	1077	389
1133	2659	106
298	2081	27
1432	4835	299
92	3734	55
667	786	200
1220	1413	31
30	1738	56
952	3426	277
399	5002	358
102	570	71
50	1997	55
143	138	403
1016	1884	264
978	1008	259
258	4413	72
437	975	31
2305	1606	72
1968	3856	39
870	1120	69
555	301	70
1180	4944	11
335	2482	264
129	3162	232
1356	1167	24
2144	780	452
395	3161	285
566	3972	284
712	532	41
1130	1502	71
566	2740	71
1413	1178	62
1175	2832	88
512	238	23
1225	1	74
1699	4347	56
1133	2803	11
1097	4425	213
201	3417	28
1306	323	37
87	183	11
1529	2300	56
1103	5136	332
1154	1226	317
240	764	23
1394	3792	88
730	1248	71
580	1935	71
1124	776	70
806	4303	134
185	776	70
230	580	50
3	26	306
1003	297	70
688	540	96
524	210	360
667	2058	205
352	4418	43
584	3278	41
80	603	54
1249	2544	71
1861	2021	71
986	173	53
241	28	11
1335	810	115
571	5471	33
244	1173	144
135	2883	88
1750	2968	54
647	4780	42
242	2311	18
566	100	306
537	2358	462
244	2866	69
683	210	360
190	665	42
234	3735	55
1234	5	159
68	929	226
73	3527	107
1084	2411	42
402	0	462
431	3797	42
1197	1173	144
954	866	72
1224	5038	41
1204	16	42
65	1103	299
28	397	88
1924	4383	277
113	2000	88
2196	3426	277
560	647	43
1864	2018	452
274	264	114
167	4406	43
114	248	11
1066	4904	385
1219	215	275
1169	1365	53
1583	2606	11
338	1112	88
1967	567	332
81	449	180
1394	411	199
639	696	56
58	5035	277
376	1174	414
1969	567	332
482	760	56
1021	4784	88
2088	135	72
1719	1291	3
1575	4197	277
1029	187	231
185	3248	336
1348	298	363
818	1358	70
145	399	324
1068	447	332
491	208	31
983	296	72
1246	708	136
1198	567	332
1211	2710	31
706	399	324
628	1021	23
766	1579	208
806	2098	42
1471	271	55
2208	1340	142
761	303	218
85	145	32
662	714	31
1925	161	37
2189	75	88
558	1102	91
1346	384	11
2210	585	11
434	763	142
614	743	360
1322	1630	70
909	4735	284
1404	3559	23
269	942	112
286	680	302
239	3369	42
96	491	11
296	771	88
165	2658	40
690	434	72
34	2659	106
550	763	142
1287	3880	74
2185	1770	55
2246	2562	202
21	1352	70
269	323	37
244	2760	302
9	3609	275
514	2405	64
172	24	78
1798	2560	205
1199	326	42
285	96	70
823	2992	205
314	5367	400
1110	379	69
1647	26	306
1130	2915	42
66	358	55
496	686	8
1930	2833	54
92	1707	67
144	1946	8
1486	4059	277
371	399	324
2316	24	78
617	4546	205
1458	2646	275
1336	1174	414
541	38	142
647	3748	425
2091	710	88
359	2930	53
1105	3426	277
1149	1906	112
859	4163	70
885	120	88
1660	3940	138
139	4744	42
1065	184	11
735	341	23
1251	4410	302
1127	3370	429
1954	4159	184
59	173	53
667	96	70
1053	147	452
1424	4954	278
470	477	85
1191	52	362
730	326	42
379	2327	106
1352	2238	204
1217	2138	283
315	566	218
1789	4121	277
2060	5466	42
1362	1102	91
1858	67	70
1689	763	142
1053	567	332
65	1413	31
1261	190	43
51	62	70
849	1045	205
1026	3501	41
360	2712	69
1672	622	56
1155	1035	31
1835	859	171
376	620	11
1175	120	88
512	4882	71
583	2911	88
513	2589	270
1339	642	363
2213	182	114
587	1759	11
664	936	360
1050	67	70
625	4636	69
1076	2419	403
1522	3537	452
1134	4668	369
366	47	41
863	3168	259
221	2327	106
1687	3681	70
2094	2165	356
229	411	199
792	1711	70
180	2980	209
2200	326	42
2058	416	91
216	1753	72
1861	2036	332
1476	646	302
279	1701	77
855	3357	11
1582	5245	358
514	979	112
778	1810	205
1016	19	88
113	4556	171
53	1583	87
1139	2559	88
1057	4843	56
142	2655	54
1256	417	306
542	805	56
91	516	358
776	2224	43
916	3871	30
130	2028	157
1131	1266	102
1074	1666	77
1035	399	324
986	763	142
1226	2077	126
1536	4449	212
1269	2156	409
109	2648	358
308	93	275
2252	808	41
1329	252	88
954	1092	55
1317	1467	71
45	419	189
411	379	69
150	688	55
314	2470	70
268	752	55
1421	1711	70
1357	1250	11
1710	1940	285
98	1853	78
842	2121	91
706	492	14
776	1960	136
2084	123	104
1775	905	369
206	1765	70
1910	26	306
1575	170	11
1565	2602	171
1014	848	347
1054	3732	198
1420	1083	9
1152	632	270
764	607	42
827	32	31
1304	3950	69
1695	3295	332
704	3726	91
264	2340	184
667	1959	71
227	4912	456
598	4153	95
1269	753	41
1394	325	136
1614	669	77
3	430	42
382	72	71
493	423	88
402	2968	54
360	2524	122
929	2078	42
1154	1248	71
1404	2770	31
1010	5006	339
1717	5199	77
144	563	90
359	1420	8
1008	4702	72
957	1998	11
517	1485	55
2183	2042	363
525	177	96
746	4822	43
1979	4742	391
1147	2247	73
1436	604	136
1194	5026	257
1201	322	88
2218	44	275
586	4718	101
1449	2443	11
1392	3690	205
1404	5525	43
1069	4722	277
968	96	70
2062	2122	70
140	499	43
624	3426	277
639	288	55
1719	107	70
724	5556	55
2287	2987	142
51	1259	259
570	1853	78
999	489	158
1441	3834	189
388	454	106
1298	2313	72
318	357	278
495	1250	11
698	208	31
1154	500	43
395	492	14
194	2752	32
359	135	72
305	2536	374
765	1731	70
794	399	324
793	2754	302
1417	179	77
160	2594	9
522	3811	181
126	2019	70
717	27	46
1612	5	159
1234	175	103
482	697	332
53	417	306
129	67	70
318	44	275
777	2465	362
556	73	423
1657	791	230
1142	4470	90
2012	4573	42
1215	1177	208
0	244	94
868	1047	205
486	5178	464
2126	2648	358
2107	4229	72
409	776	70
228	239	42
344	658	302
357	5594	51
1273	1804	367
892	2405	64
2001	3896	55
1564	4734	46
1968	323	37
692	3426	277
610	399	324
1847	1755	71
1833	2905	71
1214	2734	119
211	362	70
1461	399	324
1486	4622	277
1323	411	199
840	784	72
688	415	70
1150	469	34
1691	3898	20
1395	3942	369
1474	632	270
5	234	31
1224	4722	277
828	826	88
323	4347	56
2280	472	284
1103	1989	212
885	1487	138
1801	4546	205
1817	1269	54
1878	2846	194
1081	5370	94
436	379	69
24	983	70
1349	2799	284
1175	244	94
316	3264	32
1136	727	112
1124	4315	332
1252	4875	294
96	727	112
529	97	69
1139	4542	85
1021	1011	71
977	96	70
1506	4930	464
1450	1298	306
1095	4153	95
968	4849	104
496	3224	313
871	3318	205
246	1119	69
232	1153	96
1264	5040	69
1465	2894	443
0	2192	77
240	2300	56
190	737	452
140	2895	362
548	894	37
1022	1450	74
253	1816	71
204	3111	62
288	1188	376
572	100	306
1755	1711	70
552	3063	284
1449	5195	32
603	3550	56
439	527	88
2075	5536	55
402	1901	332
262	76	90
719	254	284
603	1000	284
2134	4475	28
1719	1518	70
1246	3315	456
1041	67	70
34	2114	55
1971	1178	62
612	1706	85
752	71	70
613	2946	23
1344	739	385
383	210	360
833	213	332
218	96	70
1522	2150	263
481	3728	9
1076	1899	70
33	379	69
180	71	70
1663	1045	205
1193	872	72
617	4173	403
1153	2225	88
1269	603	54
1189	28	11
1153	2035	69
172	778	142
2183	766	77
1193	634	270
524	54	55
2043	1186	70
33	2324	186
1288	330	55
2057	1192	71
66	434	72
113	2993	269
1070	3858	55
746	3534	70
559	1536	46
1847	2173	13
542	1907	69
1756	2076	464
373	2295	11
266	4223	88
2259	567	332
1387	2000	88
67	366	11
550	271	55
1551	1248	71
1466	418	285
1214	627	173
303	1377	370
1171	36	137
1366	52	362
1015	1420	8
1375	1508	309
380	2386	262
868	28	11
2183	204	69
2107	500	43
289	611	112
735	2631	43
340	1888	55
1566	1638	171
285	4398	103
983	246	42
326	2534	136
172	2092	88
1317	1232	56
1707	2368	70
1700	627	173
667	2294	324
108	286	306
1531	24	78
1795	3000	9
1546	466	106
705	3524	162
667	2403	55
842	3854	171
885	763	142
1048	2812	71
289	1003	302
405	31	55
1187	3075	23
1854	1045	205
1721	2788	56
1747	453	55
670	3920	56
769	1225	456
977	959	56
130	703	82
276	1517	224
386	828	42
279	1212	142
672	412	385
1699	5066	277
335	709	88
1497	4287	277
239	1524	55
906	2470	70
1140	2331	368
730	288	55
1560	1546	184
698	252	88
1950	357	278
1397	685	42
1458	2573	302
1106	1935	71
857	2619	332
701	135	72
617	1675	72
954	5386	102
1042	2901	452
1019	3537	452
467	1189	306
269	2804	11
1471	1695	88
1863	484	71
1446	3979	205
591	24	78
2154	743	360
194	422	284
2246	26	306
154	4291	39
1332	1961	63
1471	2036	332
1309	3281	363
1815	1331	41
2046	1819	71
972	2606	11
590	4053	162
466	1784	317
79	806	107
639	3524	162
386	1634	355
375	3473	231
1412	2691	149
971	359	56
1187	1160	162
1902	782	251
865	1029	232
988	1613	39
977	98	69
1418	1112	88
1187	75	88
898	852	12
227	2000	88
1643	2370	72
1098	1499	55
416	1620	31
651	2241	84
1383	1865	208
1261	4418	43
1243	4879	405
1480	255	284
1413	2527	448
1175	2233	400
272	1700	171
1983	446	180
1937	4	72
1417	290	379
1354	1816	71
2200	1888	55
1311	3446	331
1807	2253	467
522	5049	11
657	2485	452
1222	655	284
422	60	128
1127	5347	238
1787	2464	39
158	2828	86
239	1838	23
1564	4665	64
362	1092	55
516	399	324
899	1198	55
1735	4579	88
1181	843	39
269	317	233
868	700	71
3	2968	54
1773	211	189
1859	1592	284
1280	1217	184
1885	1059	456
933	438	284
500	850	83
1205	1861	158
2116	1359	70
1965	2382	119
873	226	102
290	760	56
395	646	302
2044	4498	44
1432	2829	56
28	3582	32
1577	766	77
1186	469	34
44	2327	106
530	91	37
746	28	11
973	3951	70
1343	5239	70
279	1544	245
773	512	356
955	4283	31
2089	28	11
206	213	332
836	581	84
1471	4180	88
1639	1809	83
250	3040	102
361	76	90
567	5509	72
512	1838	23
197	1653	353
179	686	8
598	747	43
778	1045	205
1367	1883	103
1025	3828	205
214	2306	415
90	1914	355
1412	3502	302
472	117	43
845	2393	302
1858	4310	71
592	1134	229
1066	358	55
1271	2788	56
1057	732	212
1942	456	86
1847	4062	55
728	576	104
307	453	55
528	3797	42
232	765	77
30	3896	55
506	395	184
693	100	306
1016	835	311
1479	819	39
1454	69	112
1441	3950	69
2002	5585	344
2086	360	332
258	3997	72
945	3426	277
536	3732	198
2071	1078	42
386	372	302
522	3203	99
79	4216	395
1232	5521	171
287	1232	56
392	134	306
938	4650	352
818	1918	309
799	3355	55
1243	1901	332
51	137	78
636	1557	71
1560	3542	184
596	2276	64
542	2078	42
619	3417	28
58	654	88
465	773	31
1095	2488	306
1614	892	70
1943	1727	71
593	3426	277
1030	1670	205
1228	38	142
463	607	42
1647	3536	443
1291	3518	39
1058	97	69
1229	138	403
70	570	71
578	230	71
804	1806	76
1226	5063	56
1817	2500	205
139	3021	41
547	628	274
1571	1070	11
91	1189	306
334	1064	377
935	4591	88
482	2956	423
1050	4629	423
634	135	72
1619	484	71
584	3573	189
1795	2239	239
588	399	324
1480	4170	88
329	5239	70
479	113	71
205	2047	216
1173	2265	411
354	744	70
70	3463	23
390	776	70
1915	204	69
1227	421	142
299	3890	114
2220	823	32
596	1600	96
558	97	69
778	1231	205
512	492	14
529	26	306
2205	3426	277
1428	3122	88
1512	297	70
1575	4367	70
752	96	70
2228	4193	277
244	4760	302
806	2006	56
1442	3855	72
380	483	205
3	28	11
1783	1036	23
662	91	37
116	995	302
1483	1191	91
107	31	55
2076	5044	9
31	70	71
1525	84	88
1323	3586	55
1587	994	284
879	786	200
411	135	72
564	938	88
1909	1230	275
1068	416	91
435	795	106
1359	5180	315
1423	1670	205
1515	3652	103
361	3651	188
403	84	88
416	421	142
2223	4704	171
1996	1595	283
51	753	41
1054	24	78
1037	180	452
608	1309	465
4	98	69
158	2635	72
243	281	56
1537	1961	63
2288	1095	395
1878	0	462
676	16	42
302	75	88
1394	2700	136
1726	4038	277
646	677	258
781	2777	5
467	477	85
549	567	332
431	4928	56
725	5488	72
1816	438	284
118	653	93
98	762	24
187	1777	55
1343	4192	278
1416	658	302
331	859	171
1081	2614	365
1367	418	285
762	188	201
413	5162	30
168	2413	200
1023	3339	317
305	1450	74
1034	1096	191
232	414	358
1244	771	88
1317	3516	275
628	2458	70
1529	71	70
1364	3935	70
1246	1409	11
1189	4678	257
1685	96	70
354	3205	480
1050	4960	363
229	704	383
1475	69	112
542	1774	71
352	874	72
1309	4919	456
451	291	362
1143	1846	55
1318	3403	88
1671	97	69
1566	1198	55
851	2972	71
1209	1679	411
2123	3229	72
1570	2757	43
1340	220	88
269	4967	205
1299	1551	71
342	4446	277
1902	210	360
954	304	158
927	163	110
954	1425	56
58	2715	9
1318	776	70
791	1384	56
512	4028	43
392	395	184
102	445	55
512	161	37
1339	3854	171
1676	618	71
1222	381	38
806	562	43
1289	399	324
1752	2407	4
564	360	332
434	1681	205
1800	567	332
880	372	302
372	335	32
1221	5426	259
387	529	11
1158	3284	353
2182	4587	102
2154	4478	302
2185	845	56
988	3607	106
138	742	71
496	1248	71
39	471	99
811	2015	262
351	2506	369
698	1153	96
1274	2604	337
85	97	69
1362	475	56
1358	786	200
730	769	312
930	1376	11
1663	497	189
1450	362	70
276	5073	278
647	87	275
557	620	11
386	1940	285
1409	408	71
1902	411	199
596	2026	438
955	3134	42
789	2378	456
1498	417	306
1482	1133	285
1571	4	72
688	627	173
318	628	274
736	593	111
692	447	332
194	341	23
76	817	405
1216	727	112
698	760	56
1301	4926	103
1560	2589	270
722	1814	33
11	20	1
1010	658	302
1677	832	306
38	3457	332
609	1774	71
741	639	11
1177	399	324
360	1426	42
1275	1140	24
844	994	284
1173	500	43
863	1949	99
1777	1640	69
587	399	324
2188	3021	41
1466	254	284
1402	1045	205
620	1088	42
1031	228	42
221	4039	22
528	5086	71
1855	247	383
1752	2718	71
850	3532	62
1244	4662	55
1582	3567	277
239	2390	72
27	1017	374
1578	658	302
1199	24	78
1153	587	69
1341	4557	56
790	2887	70
512	1848	154
1403	3537	452
393	201	55
509	2751	33
1137	1154	43
1343	1387	9
9	3425	313
496	815	11
847	2248	72
1537	1536	46
1440	163	110
33	3413	425
2059	3989	302
269	5388	42
408	1849	271
1865	1353	71
198	1023	97
285	1330	456
1497	405	35
207	603	54
1955	5046	42
1965	96	70
1361	173	53
89	607	42
878	3550	56
306	378	208
614	2986	169
2144	435	302
1967	210	360
1114	977	56
1514	2974	404
338	2129	106
1539	67	70
1990	411	199
899	4004	43
1124	1294	373
1531	2104	184
1109	100	306
1081	825	42
700	138	403
1103	488	71
1924	2895	362
107	2211	31
54	2131	32
793	1254	285
636	3006	23
930	2419	403
156	2859	55
628	3006	23
1158	3180	332
626	760	56
1853	632	270
797	251	362
539	3393	53
79	388	414
1170	1424	29
1406	5022	42
994	3687	142
1228	2351	257
857	67	70
1124	1853	78
1647	5398	88
411	1799	55
1983	2691	149
1214	4066	55
1967	213	332
1853	873	72
808	5205	63
1735	3799	88
570	1028	10
1166	3	70
378	920	76
798	3648	88
1036	2580	436
553	1031	42
1168	4373	464
2125	158	456
325	2542	245
1435	3835	170
1712	453	55
1480	138	403
1949	3390	273
91	2121	91
373	811	21
20	3948	362
137	733	88
1936	2061	23
268	123	104
857	3882	317
490	357	278
2020	4482	347
459	1361	72
727	313	118
37	165	31
1842	25	108
194	5059	54
0	1050	31
1914	4508	56
1152	318	56
28	602	70
690	28	11
1562	5399	88
1192	765	77
809	709	88
1286	419	189
366	1098	448
76	556	324
609	4308	138
1170	484	71
1371	4889	464
846	3085	9
868	1681	205
1244	318	56
416	603	54
1687	771	88
232	370	72
697	3114	11
450	3352	91
1461	378	208
493	390	88
162	446	180
1088	4996	56
39	3241	201
1359	556	324
1174	802	42
479	769	312
387	1093	72
1008	213	332
149	1459	259
2262	4377	171
500	1019	404
1426	782	251
491	57	146
1429	936	360
879	416	91
413	2156	409
181	173	53
617	2425	235
144	3465	236
1187	5321	136
398	832	306
285	14	385
1126	360	332
840	4120	277
789	158	456
1545	4045	275
43	3016	136
9	488	71
1232	4461	184
1316	4393	77
2069	2388	32
1086	26	306
183	760	56
1316	3600	70
369	312	420
1140	4741	212
1230	1120	69
1144	93	275
54	603	54
542	350	88
705	654	88
1696	1296	71
1408	1967	317
66	70	71
1225	4068	23
93	1212	142
493	28	11
763	395	184
836	3738	77
493	5169	452
330	5295	39
1349	4351	31
680	2395	40
423	2646	275
388	3427	55
1477	658	302
2246	2930	53
298	563	90
1073	770	11
988	1814	33
1230	2261	87
1578	379	69
367	1814	33
268	1090	72
1675	67	70
1570	5481	31
160	2695	291
122	4578	69
1214	3426	277
739	4533	302
1336	2142	257
641	2282	151
388	468	294
1515	2627	56
1746	1910	53
670	642	363
2048	2109	70
334	2481	136
77	519	88
113	4080	189
1295	936	360
777	3981	55
131	692	435
1315	542	171
2271	1311	457
1261	985	88
316	887	70
598	4703	11
1957	3783	363
269	205	187
1841	1716	70
1567	79	32
566	434	72
1520	646	302
67	67	70
339	482	71
625	1801	33
350	1169	55
289	376	53
1083	2179	324
1465	1741	71
1614	1621	72
160	2197	9
410	399	324
232	1132	55
78	1314	302
547	26	306
323	354	71
334	2974	404
1221	2695	291
1226	197	53
465	3579	205
1491	5036	302
480	3064	386
1502	2804	11
245	2320	70
643	2423	234
1130	370	72
1158	3385	88
542	776	70
255	1906	112
531	228	42
726	5335	189
1477	3856	39
1290	1270	55
360	572	46
746	940	32
377	1600	96
373	67	70
1336	537	171
966	804	69
564	2966	72
1546	2125	245
53	581	84
998	34	55
1538	3540	184
386	1189	306
257	2129	106
1124	3380	88
185	498	43
1066	3919	53
1042	1989	212
889	31	55
2287	4730	357
2247	1379	472
387	5044	9
1328	2488	306
1124	315	31
1811	1150	152
968	2156	409
940	2028	157
736	34	55
1450	1816	71
1313	4542	85
554	318	56
317	18	43
79	4384	405
1439	4221	184
933	2925	11
495	1964	56
1906	780	452
455	1557	71
2022	542	171
1602	2239	239
1409	981	55
1249	4041	70
73	100	306
76	845	56
1853	67	70
718	4523	383
741	2728	110
2019	135	72
826	453	55
514	3992	90
1438	1998	11
690	2470	70
1337	3710	271
1247	3815	56
1049	4059	277
1438	760	56
269	1934	56
250	267	54
1227	3022	88
1396	537	171
362	338	105
798	1033	53
19	953	275
1137	1732	70
422	2560	205
50	4508	56
2086	3818	41
1402	519	88
1477	360	332
182	20	1
1428	204	69
1584	4398	103
1083	208	31
1155	595	163
1473	3460	456
1165	161	37
860	2334	55
648	139	252
741	397	88
1127	28	11
655	670	196
208	1051	189
1251	1025	224
2285	75	88
373	123	104
123	1269	54
650	374	54
1008	1249	11
1846	702	119
1139	1045	205
777	817	405
2101	481	69
114	1385	32
285	1816	71
921	905	369
530	1381	71
1220	1040	369
1152	435	302
361	776	70
151	5557	43
840	173	53
892	5157	136
1102	163	110
426	1028	10
996	3086	456
87	4389	315
1383	2532	367
1270	3253	70
858	3316	155
1585	529	11
446	694	31
70	1480	53
1933	5416	230
1277	763	142
662	1770	55
387	171	11
1418	210	360
1577	2832	88
779	3655	259
297	1127	72
1	4418	43
26	3600	70
1211	283	55
107	3211	256
1299	3772	88
673	470	88
206	4080	189
1818	482	71
340	1139	336
2247	1971	88
984	3441	317
748	4563	278
93	215	275
1065	28	11
483	776	70
375	886	304
857	517	362
882	658	302
2126	4461	184
1132	85	87
77	560	106
194	3031	32
139	1939	9
1212	2491	113
1165	4706	208
614	2574	117
124	2016	24
686	2310	55
1535	524	70
969	618	71
426	1864	31
158	1088	42
1319	4704	171
126	1057	456
986	26	306
1238	1284	2
2053	982	56
542	3049	70
1738	920	76
916	529	11
67	2077	126
382	205	187
997	2439	396
2262	1913	231
1150	1546	184
1741	3691	277
2033	1557	71
1081	492	14
1318	1695	88
698	484	71
21	1512	9
387	1111	72
368	96	70
673	663	362
692	1707	67
1250	3471	32
769	1529	270
1016	692	435
1135	1581	72
1500	2781	245
861	2714	32
2112	24	78
1898	1059	456
1634	4261	358
450	855	148
831	1711	70
991	1459	259
2143	1998	11
431	357	278
719	3137	71
617	697	332
948	708	136
495	438	284
975	210	360
1261	957	43
2166	1849	271
1741	802	42
761	1663	55
1281	894	37
62	977	56
214	4301	364
652	312	420
1273	448	452
2103	84	88
1159	401	324
316	4977	70
1010	3755	186
1308	1711	70
1657	4951	41
1249	3304	28
1575	113	71
1965	3168	259
185	497	189
1480	1109	347
832	1670	205
954	1219	212
1468	5038	41
1135	1090	72
694	1797	24
656	2247	73
114	4094	468
954	2265	411
619	3897	212
453	96	70
1372	4996	56
1639	4398	103
897	2022	179
706	1718	11
61	97	69
1150	67	70
1931	1	74
1012	3879	119
847	100	306
1307	1294	373
1139	1809	83
634	3426	277
542	391	88
1077	2799	284
1602	3915	82
1481	4523	383
2083	75	88
1842	1118	88
1073	276	315
817	3770	104
360	104	5
366	75	88
2244	954	30
2070	1145	32
1579	215	275
1046	173	53
669	2466	149
139	3599	70
793	1993	230
385	1460	4
258	210	360
779	135	72
1641	3347	31
2190	28	11
1582	387	401
1146	1970	77
1034	117	43
2102	2954	369
577	310	124
1280	2216	275
1660	786	200
206	184	11
777	1449	74
1322	1537	284
1018	891	53
2208	5408	77
409	3041	37
193	97	69
305	3217	72
979	142	315
295	694	31
847	791	230
1356	1297	306
1698	2322	74
2223	418	285
114	3128	292
1418	5073	278
110	2947	55
930	26	306
347	28	11
409	201	55
704	1111	72
1095	1340	142
2224	3647	11
1058	1907	69
381	1943	11
2098	2386	262
812	2534	136
794	979	112
1135	2869	184
272	2466	149
279	3373	55
1181	2978	88
1493	2812	71
1355	1178	62
51	727	112
295	727	112
1241	825	42
628	753	41
91	466	106
1354	2495	70
994	3401	205
1088	1980	70
1657	3756	464
735	3064	386
1708	4197	277
742	1192	71
325	1430	88
598	75	88
1205	406	103
946	100	306
887	2586	23
1426	3996	277
1361	67	70
851	195	88
592	210	360
91	2633	87
902	1435	33
846	3252	77
672	2378	456
2048	4151	277
542	1737	24
58	1933	9
705	1358	70
706	919	191
512	4551	103
362	161	37
954	4159	184
334	3098	42
776	475	56
903	93	275
1119	3509	236
560	5248	56
66	1546	184
436	2469	88
318	87	275
11	3988	8
412	492	14
583	891	53
332	1454	39
978	723	88
1124	887	70
1273	3225	388
106	569	11
150	489	158
736	709	88
132	711	88
1197	1199	70
26	2322	74
2215	163	110
1360	178	48
382	3679	71
1422	3540	184
1522	3705	88
1471	395	184
1052	0	462
28	797	88
609	2277	23
989	3426	277
688	3734	55
1355	3901	69
1025	2208	158
1030	3426	277
1498	3143	88
422	1287	238
2130	3821	413
1135	605	8
598	569	11
1446	2747	42
1049	1142	294
2305	438	284
118	2272	42
55	2731	374
886	28	11
1771	5144	70
389	3415	433
1602	97	69
144	3757	9
2141	5372	377
779	4048	302
1244	716	235
1152	3765	139
954	3595	184
1012	1829	55
1418	982	56
1206	3239	37
23	198	55
1773	3426	277
1757	1087	220
1511	2832	88
1249	1033	53
624	908	138
938	26	306
1441	1876	55
129	4828	284
1139	2422	32
389	982	56
1874	4987	418
1295	213	332
58	149	71
260	4370	9
541	1421	55
1451	716	235
657	765	77
1038	271	55
780	3265	306
875	4466	368
703	2798	302
179	15	42
953	476	88
562	1896	43
1602	2567	31
216	2120	42
1471	3307	184
349	3591	201
1486	96	70
142	907	41
1158	905	369
1288	1410	31
1973	567	332
1531	412	385
500	1928	403
498	2017	71
1364	461	70
1069	624	88
1271	760	56
1562	2156	409
126	2853	77
933	5005	69
2014	1353	71
78	399	324
833	28	11
2185	3821	413
777	492	14
334	2819	11
2261	1907	69
2050	2248	72
1187	1957	88
1604	1282	4
1367	75	88
603	3671	302
59	69	112
249	213	332
387	3033	456
775	2195	9
1235	2715	9
1409	1220	337
2185	65	362
1833	399	324
1663	1676	385
2005	3128	292
1038	1321	54
1084	2783	42
3	306	42
1138	699	31
2246	2221	87
1363	568	70
372	3506	56
1188	618	71
1365	2098	42
1888	1449	74
435	1764	106
1545	2000	88
113	3426	277
809	1252	72
277	2939	297
1876	4235	403
1645	1909	71
1776	3217	72
2213	93	275
1367	1893	240
1670	1280	42
676	4395	70
972	1111	72
2189	446	180
275	317	233
1080	4059	277
1189	1185	377
216	1544	245
67	491	11
239	488	71
730	535	41
1356	2898	71
1360	1173	144
434	2627	56
1507	2542	245
137	795	106
59	842	371
435	338	105
482	2271	42
1288	5095	302
1427	254	284
185	33	56
1872	158	456
1532	2799	284
1007	417	306
1616	1711	70
1344	3809	271
227	2229	24
1057	26	306
524	728	87
162	844	369
762	1239	71
646	887	70
244	1003	302
1802	71	70
1376	3293	257
491	4328	11
961	5274	56
1463	31	55
1465	2411	42
917	3612	88
881	120	88
1066	615	270
1419	3280	69
1159	773	31
16	163	110
66	567	332
875	312	420
2175	215	275
452	1273	166
1688	4891	43
1273	760	56
847	747	43
179	2151	214
1632	2	11
587	620	11
1568	1939	9
1120	84	88
2123	276	315
1567	137	78
650	4377	171
828	732	212
1069	834	71
1426	1624	296
655	244	94
173	888	56
389	399	324
1499	5005	69
179	2980	209
614	416	91
2276	75	88
300	2408	9
169	4378	42
1158	3187	457
272	315	31
416	2362	88
1198	96	70
365	1707	67
1089	635	106
701	180	452
807	1538	70
829	75	88
2282	2261	87
542	450	88
232	4775	284
692	1711	70
1792	123	104
1351	2336	472
957	5595	172
1576	5511	299
786	535	41
168	438	284
1826	3821	413
874	2419	403
1513	452	88
1471	26	306
677	187	231
1458	5436	324
1158	1691	72
1325	2594	9
85	4427	245
2095	535	41
656	188	201
1062	3484	381
1865	97	69
1307	97	69
1034	35	43
1442	469	34
216	1425	56
485	208	31
1130	769	312
149	1325	107
282	403	42
634	1662	70
988	1284	2
687	359	56
591	826	88
782	4140	43
1746	4674	32
140	1187	180
1448	4266	106
1815	1097	88
437	833	69
1380	0	462
547	1695	88
249	635	106
1336	5030	378
1262	2015	262
1341	4912	456
463	5559	136
241	426	441
1718	620	11
303	5501	72
1962	186	363
1587	67	70
641	3097	308
1102	2234	472
724	2620	30
1485	3507	136
1299	70	71
1225	2125	245
662	5494	233
1002	1544	245
233	449	180
858	3395	55
868	5428	71
1571	3307	184
1733	3703	266
839	4120	277
777	161	37
1297	4	72
1177	5281	171
25	2946	23
2093	1216	337
557	2244	56
372	4418	43
1354	1045	205
1409	4380	23
938	1022	97
1518	4693	184
1760	4132	343
150	1907	69
2281	4697	450
1352	4089	88
803	3585	88
1067	343	136
1295	161	37
452	1122	111
1419	1597	69
1277	567	332
204	647	43
546	1082	66
2201	618	71
2210	700	71
2239	1178	62
1816	658	302
1455	2310	55
1412	3537	452
1101	322	88
281	84	88
1385	3738	77
938	1045	205
834	5256	31
1547	135	72
338	4384	405
746	2264	32
98	1950	299
1049	100	306
881	16	42
1910	3069	48
2229	5091	302
769	14	385
920	839	385
590	2522	55
2245	607	42
304	1379	472
130	497	189
50	4050	171
1948	1045	205
1529	4374	452
206	2990	70
1130	2025	306
1089	173	53
184	357	278
1454	3146	257
1601	5354	103
313	4534	368
1066	3511	136
221	3799	88
445	1520	88
1453	1547	184
797	159	11
456	2138	283
1062	418	285
1437	395	184
1483	2194	9
325	28	11
248	75	88
1908	1930	443
628	2530	88
1179	723	88
241	1075	414
973	3566	88
779	4992	173
1058	2143	257
42	2244	56
1158	69	112
396	2639	56
2183	244	94
715	390	88
434	3061	11
1323	173	53
619	161	37
40	3426	277
1485	3772	88
489	276	315
316	4974	8
160	634	270
778	1272	106
1616	662	69
1364	185	136
670	3824	363
2207	646	302
1149	96	70
221	3382	69
1991	252	88
20	4516	20
892	1711	70
1387	1504	385
1228	2339	302
437	1580	208
636	4633	70
208	247	383
361	3447	43
332	1606	72
629	26	306
1065	914	56
724	75	88
227	3437	136
1182	3884	42
1675	318	56
821	3530	284
1344	1043	16
1909	3419	24
2120	2699	136
638	982	56
1008	2330	452
670	2425	235
1859	3426	277
2184	4621	332
45	1278	96
1010	438	284
253	526	70
1471	681	263
1529	5275	472
139	1145	32
424	2644	31
179	1006	284
242	1657	147
231	1136	42
1025	708	136
373	2819	11
1298	414	358
113	1560	56
1804	5257	277
38	1998	11
506	2620	30
947	900	41
1798	0	462
1600	359	56
135	84	88
1577	3065	166
2231	210	360
845	4949	363
1263	827	275
708	855	148
179	795	106
682	5002	358
171	3426	277
1167	158	456
991	1116	189
316	379	69
1227	587	69
1049	743	360
1518	618	71
564	5045	31
1222	776	70
1085	435	302
1154	3363	304
431	752	55
1507	628	274
730	4834	69
350	154	37
256	457	73
1165	914	56
2229	716	235
171	1901	332
1215	4996	56
503	876	72
255	864	302
78	4367	70
2249	3595	184
1020	4761	332
542	3503	70
110	2839	284
1728	815	11
612	2170	41
922	567	332
1003	3168	259
492	974	70
173	2945	461
334	1981	332
1457	506	403
1029	3996	277
496	4152	205
2037	158	456
375	135	72
678	963	373
1305	3780	411
559	2698	88
623	1	74
483	482	71
114	2894	443
845	523	70
541	399	324
1465	150	330
1804	98	69
1214	210	360
43	210	360
372	1276	43
1467	1920	424
240	1086	91
1278	138	403
811	720	88
512	2294	324
1277	434	72
282	1304	444
1573	696	56
841	5358	171
505	135	72
202	3624	5
145	1019	404
1215	4373	464
1082	96	70
1140	232	291
80	3614	71
2143	1731	70
1710	3425	313
1122	251	362
2014	1816	71
1508	1207	436
993	2221	87
845	1982	306
855	4843	56
120	2828	86
1450	1386	56
1133	580	50
367	1196	88
360	2764	55
1214	1308	456
777	1421	55
91	948	112
830	2055	452
968	1425	56
1540	245	54
1026	753	41
1286	1358	70
724	4895	129
102	4666	413
746	1425	56
1779	4754	249
85	2154	187
614	1737	24
446	1521	88
743	180	452
379	221	181
599	1276	43
1122	723	88
90	1247	205
1140	632	270
1007	1059	456
176	776	70
113	618	71
1034	2830	55
1276	4407	55
94	525	46
1836	1984	11
713	75	88
989	179	77
807	26	306
1169	1073	70
586	4910	102
1465	483	205
369	4516	20
416	135	72
1258	1612	212
1187	633	69
1167	3385	88
179	4564	281
229	1719	23
1811	304	158
242	1286	74
936	399	324
284	3760	188
710	4954	278
1640	5015	462
1940	96	70
1876	3970	337
653	2053	441
1995	1198	55
698	173	53
542	1711	70
1566	655	284
1021	549	76
817	1653	353
775	505	214
677	2052	71
1816	1349	205
39	4737	302
368	524	70
1139	4387	32
190	1069	69
32	3790	70
1485	4111	9
1406	362	70
792	1056	245
582	2478	88
690	4508	56
953	525	46
647	5396	42
1124	1841	69
1140	90	80
1271	763	142
1643	1896	43
354	3330	138
2096	646	302
1445	3636	324
2195	1724	41
690	3298	337
1532	4845	117
2005	1697	197
392	1209	306
503	1082	66
570	3205	480
73	2276	64
899	210	360
772	2143	257
25	90	80
995	1121	95
524	1545	415
2095	2812	71
230	2853	77
240	302	315
1412	697	332
1419	158	456
2076	305	71
418	352	77
1789	3426	277
1737	5036	302
1311	14	385
508	4755	39
2160	1518	70
609	16	42
1404	4843	56
2274	2185	77
1434	2171	404
1083	3559	23
536	3239	37
434	1095	395
2024	3863	47
1101	4721	171
204	2527	448
2065	4407	55
746	2399	54
1922	1428	212
109	1715	165
2044	631	270
1234	1616	31
160	213	332
206	497	189
1425	3695	23
234	1365	53
392	3404	336
220	3631	88
495	519	88
74	2335	42
1142	2181	78
1489	31	55
634	4113	189
2012	3571	96
775	584	88
129	411	199
616	2419	403
2163	222	240
706	3946	284
365	2261	87
1153	2987	142
89	22	273
548	1221	11
1058	5291	257
1067	4559	94
657	2700	136
1356	5487	96
229	2277	23
1880	303	218
114	273	41
436	1711	70
930	1545	415
2245	3447	43
393	2628	18
1628	3081	403
1622	575	62
542	2627	56
1082	1901	332
815	3293	257
1898	2614	365
1421	700	71
1697	1814	33
1053	2617	452
1136	1599	332
51	2245	432
1817	4327	284
667	271	55
1168	251	362
845	3969	402
347	2399	54
503	147	452
1184	2627	56
56	4067	32
1330	1813	70
945	16	42
6	1651	11
248	620	11
946	2955	70
388	4337	88
323	41	275
921	204	69
1619	67	70
991	4688	56
2019	4126	24
158	2443	11
1153	976	72
724	727	112
863	1711	70
1167	1185	377
1409	4388	56
1916	3598	87
1831	4636	69
1520	1993	230
1367	107	70
1981	2527	448
186	1014	354
262	121	32
850	574	62
664	1018	374
69	371	284
1831	500	43
603	1176	88
1362	620	11
1831	72	71
2096	4398	103
1153	877	72
135	1178	62
731	638	64
736	2418	112
1395	14	385
706	152	70
1492	75	88
1171	1540	136
1566	37	142
1965	113	71
518	708	136
704	35	43
1869	5064	69
1796	161	37
769	3426	277
636	1253	284
1179	5235	337
968	2194	9
1139	3261	88
408	2699	136
32	1747	306
2112	5230	209
985	1911	116
1323	1454	39
1094	2414	55
1584	2360	103
418	2999	31
689	727	112
2087	1774	71
335	1135	302
1546	398	212
1295	4277	31
1577	4592	332
1095	1419	158
193	179	77
493	3056	88
1579	1125	273
466	106	314
92	521	41
371	957	43
530	1816	71
1691	1	74
373	70	71
588	136	134
447	732	212
2089	542	171
1812	1046	56
447	213	332
1264	173	53
526	1733	53
1361	1470	72
1277	1653	353
380	303	218
127	449	180
1432	447	332
757	809	42
1466	5140	70
452	2105	275
1577	3989	302
1186	2902	452
1169	914	56
1735	2373	420
1298	1875	88
2289	3903	292
144	483	205
1092	675	117
394	324	55
1618	763	142
175	3639	161
298	1597	69
619	1100	238
352	835	311
141	2979	405
1263	4277	31
1067	1250	11
1412	158	456
482	542	171
500	2045	55
342	2191	69
2	4180	88
1704	3745	374
171	500	43
2008	2146	106
1146	474	88
1776	425	42
198	357	278
1203	2692	430
1131	488	71
948	96	70
2183	1277	143
425	298	363
285	1203	458
1510	1331	41
388	110	42
466	360	332
405	1718	11
997	36	137
711	1939	9
128	1076	317
1083	4413	72
416	2453	189
424	1904	72
1638	484	71
1571	3426	277
574	4807	296
1565	500	43
544	1009	70
1132	4039	22
1216	471	99
742	100	306
57	298	363
935	766	77
1623	2189	302
1340	321	189
158	765	77
565	887	70
1016	171	11
2106	2076	464
779	5054	171
1347	323	37
1143	2453	189
1234	4457	162
1140	3180	332
1214	592	41
167	267	54
2089	2804	11
952	2627	56
1577	524	70
3	632	270
349	427	32
1269	91	37
359	439	9
1704	567	332
1250	4999	55
1317	3265	306
1227	28	11
1736	774	467
74	438	284
1295	2854	56
1454	138	403
836	2470	70
1564	4753	55
647	3745	374
309	4400	370
724	202	315
218	306	42
1122	1967	317
318	3677	46
0	727	112
1008	2074	71
525	24	78
2130	766	77
847	760	56
1419	3855	72
239	1458	363
194	1002	106
362	938	88
1334	602	70
9	1676	385
65	1950	299
1049	2025	306
1055	4499	347
1463	5199	77
510	4220	55
66	4976	404
911	5320	369
2032	453	55
2014	32	31
104	469	34
1878	2140	302
481	2735	43
389	3768	41
211	905	369
636	52	362
236	144	55
88	1745	77
752	1686	71
1066	905	369
1684	278	456
1210	719	53
516	791	230
924	254	284
467	2659	106
394	273	41
999	1711	70
1864	727	112
193	120	88
1287	2452	362
158	1117	32
1158	1250	11
309	1396	114
2215	4781	22
563	416	91
1231	3740	429
1218	5075	369
850	414	358
588	1601	106
168	3084	70
524	1805	96
1629	71	70
1531	1055	385
1130	760	56
300	673	172
232	3881	303
1451	117	43
1190	3541	184
414	452	88
351	1957	88
378	1682	9
70	191	56
903	795	106
158	1814	33
507	1382	363
640	87	275
395	2715	9
1273	2546	345
1682	1026	53
789	2777	5
2311	438	284
359	1071	37
1645	1450	74
1497	4410	302
878	357	278
1532	31	55
200	553	56
562	1309	465
704	469	34
31	5168	56
247	1913	231
1511	3750	306
1234	2174	250
1422	627	173
1228	1711	70
260	451	72
777	1090	72
1210	1426	42
1146	922	11
80	317	233
1049	161	37
727	468	294
1933	2932	104
61	140	71
218	1084	56
1549	2627	56
1287	1458	363
820	1965	9
1471	1770	55
67	3137	71
224	1263	71
1188	2686	37
1020	914	56
1146	1266	102
107	3473	231
1990	497	189
1192	418	285
54	1285	70
1228	1127	72
1264	894	37
755	3553	31
28	1354	71
659	28	11
59	1446	39
1207	95	251
70	96	70
1003	658	302
1299	416	91
376	4456	88
13	3327	31
1321	646	302
90	914	56
40	3979	205
1159	4667	55
1502	709	88
778	1412	43
706	3426	277
1304	3578	39
239	607	42
229	3080	55
1471	3878	88
396	173	53
1910	2103	283
426	14	385
1293	28	11
1462	831	116
857	623	56
1670	26	306
1726	372	302
1359	1114	120
40	1897	42
1891	500	43
450	266	88
232	113	71
258	916	164
1057	58	32
995	270	88
1181	67	70
898	676	77
229	2065	11
278	3266	88
491	1382	363
698	1206	71
1357	2574	117
1436	4921	332
1985	1991	133
2267	506	403
510	588	88
1440	276	315
524	639	11
994	4453	205
2226	745	302
1010	3894	104
815	2332	344
789	171	11
817	1964	56
806	1121	95
109	5455	41
1776	500	43
2224	560	106
278	1515	88
523	424	56
1268	1841	69
128	113	71
1693	318	56
814	538	54
164	201	55
1140	732	212
2258	5562	201
342	514	40
765	3980	88
191	1093	72
405	2786	71
706	3118	362
1394	26	306
598	241	32
30	346	39
1076	710	88
51	3355	55
373	809	42
466	1671	71
1253	3841	138
369	3989	302
1962	1446	39
245	1299	70
1007	626	231
902	180	452
1317	4153	95
1867	2561	24
1567	3103	32
1404	622	56
1922	3595	184
303	419	189
477	868	56
1855	363	275
887	100	306
1922	1547	184
1270	254	284
375	1003	302
1215	391	88
988	3508	88
2025	417	306
1220	1938	11
1812	1319	294
452	2925	11
2070	735	385
422	3181	178
87	3627	88
232	244	94
774	1612	212
1019	892	70
1531	1277	143
442	716	235
21	573	47
1428	4583	377
1194	4387	32
140	2051	304
1177	979	112
284	1306	438
1564	1315	109
91	3441	317
1499	2134	284
1788	3355	55
1545	75	88
58	453	55
1177	122	138
515	874	72
1271	2750	212
1526	4483	69
1454	1296	71
2069	1954	31
698	96	70
1066	288	55
59	5005	69
1317	195	88
1334	4462	480
1241	5063	56
0	537	171
784	2095	231
1623	4555	72
1595	67	70
1194	1592	284
1220	2662	70
658	1134	229
720	5224	275
0	1984	11
813	1126	258
2039	434	72
2081	3320	116
682	3209	109
690	543	11
784	403	42
1138	734	452
1193	769	312
789	1787	11
1169	4554	43
609	188	201
1143	1722	70
1965	727	112
1446	2218	151
1371	3460	456
353	514	40
2185	2465	362
73	108	254
528	2	11
1370	3342	70
597	2016	24
30	5518	332
92	453	55
1299	1605	70
769	210	360
1244	4056	69
875	178	48
482	3946	284
1375	2885	295
108	2633	87
255	378	208
1115	1342	317
2306	1553	33
326	3280	69
387	5396	42
380	397	88
1386	2667	280
968	5169	452
1221	0	462
502	958	43
477	3749	42
298	2590	55
643	2425	235
1130	1031	42
172	545	88
387	704	383
488	517	362
363	471	99
1131	4722	277
929	204	69
677	481	69
869	3646	205
1796	21	273
921	2949	53
1215	1933	9
91	5435	55
76	1892	303
1930	4755	39
1473	1225	456
1053	5532	330
1375	1998	11
1776	2389	88
164	771	88
726	144	55
1752	3724	70
725	930	405
2089	763	142
845	891	53
1205	4403	188
1343	2530	88
378	725	96
1849	604	136
539	500	43
1165	2781	245
1031	1475	250
130	3009	85
2095	2925	11
98	1949	99
20	54	55
1688	75	88
1076	756	403
125	2874	218
754	1135	302
201	118	21
1234	1489	267
982	3161	285
1436	5518	332
1009	432	11
1314	567	332
225	3537	452
1349	75	88
204	1559	86
70	3429	56
338	30	32
1299	3706	32
258	4841	72
1480	32	31
596	2221	87
398	760	56
98	605	8
1577	1114	120
752	5246	70
1702	1979	223
735	4033	284
1037	646	302
1413	839	385
2238	2360	103
639	83	189
1335	4559	94
1016	2748	184
1489	439	9
218	296	72
1305	4157	295
1057	2412	70
353	2533	333
1752	312	420
506	2378	456
786	1935	71
376	1687	42
369	4338	122
194	610	284
304	1435	33
1268	833	69
78	3248	336
2020	3918	70
1098	2458	70
1124	1599	332
634	358	55
701	567	332
606	4467	277
1555	1248	71
1506	135	72
655	627	173
1235	1462	72
1228	254	284
1708	317	233
1007	421	142
1383	5274	56
116	646	302
142	5241	54
1214	3179	285
1390	1664	324
1313	1379	472
656	27	46
1291	346	39
1213	782	251
1657	5373	230
1291	2451	32
228	1121	95
1842	2329	186
165	244	94
899	4143	70
256	4731	317
690	565	20
2120	590	88
1144	28	11
944	317	233
309	67	70
2180	1277	143
870	1365	53
686	2322	74
246	3015	111
2070	170	11
137	3426	277
186	958	43
2102	4106	70
474	1686	71
539	3269	86
1158	4825	347
2217	3922	403
541	985	88
1360	2136	175
604	727	112
214	1077	389
1857	642	363
1750	121	32
1215	2462	380
1529	766	77
342	233	81
700	179	77
310	2425	235
1311	1220	337
1842	999	88
1143	1045	205
541	3314	200
1512	3376	100
297	1182	205
946	1133	285
553	70	71
1148	4147	42
1941	1064	377
1927	2735	43
1911	3836	363
653	3700	327
1759	1624	296
5	1552	92
603	1338	136
1084	204	69
1598	4508	56
2197	1751	452
1531	4402	70
684	830	116
663	395	184
290	1400	68
802	4159	184
1019	26	306
481	3330	138
567	646	302
1886	1460	4
185	2574	117
813	1297	306
1322	2799	284
258	2163	191
196	2200	54
709	482	71
1789	3651	188
462	3029	112
50	1321	54
562	419	189
1691	914	56
938	5324	277
927	1606	72
424	2771	31
1820	1	74
468	686	8
1074	4448	306
2265	28	11
369	4834	69
1286	100	306
796	1319	294
830	288	55
298	5271	65
196	2203	23
114	3806	56
845	1619	306
628	1598	88
454	1538	70
1066	4225	54
2116	5502	69
1843	1926	280
1198	1154	43
1404	5	159
701	2495	70
603	5045	31
1506	147	452
511	2480	90
61	1935	71
1345	84	88
1489	627	173
1699	195	88
1062	2911	88
1833	4094	468
1927	2321	56
1719	439	9
1435	3002	55
598	4330	12
230	161	37
1346	3337	222
1540	3706	32
912	676	77
907	4423	322
892	4892	56
609	5304	72
535	5013	362
575	5298	71
1841	297	70
1630	362	70
1645	4360	83
955	204	69
741	3503	70
1677	5123	332
535	390	88
361	5155	71
727	4009	87
196	1641	72
224	786	200
216	2639	56
18	2637	54
1334	4239	408
995	3559	23
670	618	71
680	311	41
712	1257	72
1365	1998	11
1234	3459	162
1962	542	171
1299	727	112
1440	36	137
1741	4546	205
1031	459	87
604	606	136
325	1772	70
564	2412	70
1562	752	55
1805	4418	43
529	799	245
44	2004	106
1187	5391	31
1818	135	72
331	958	43
264	97	69
638	5534	43
197	747	43
1308	4461	184
1023	3550	56
1227	1415	88
1053	3051	11
1166	1178	62
1177	1911	116
276	14	385
1792	3649	205
720	1152	198
524	389	162
240	421	142
1305	3474	69
908	303	218
462	979	112
628	4996	56
1139	4277	31
129	692	435
701	497	189
142	24	78
375	2573	302
511	2398	51
688	2122	70
1502	28	11
1152	4011	369
875	221	181
1066	631	270
1025	5087	81
2318	439	9
40	3033	456
38	1082	66
1181	142	315
96	4284	171
2286	5348	308
1012	890	136
491	4768	284
249	84	88
815	4361	138
510	1166	205
314	2409	189
190	2616	32
778	123	104
299	1458	363
1737	2400	70
1670	210	360
1682	900	41
2117	2645	354
1680	654	88
368	1315	109
968	2058	205
514	855	148
2192	3324	300
381	2026	438
1700	399	324
1327	2593	70
285	2354	56
1294	1859	88
850	1248	71
518	2274	55
735	3994	31
1337	4197	277
1950	982	56
462	1326	78
1543	358	55
114	489	158
2102	849	387
560	227	71
363	778	142
1213	4588	43
1314	3612	88
2059	1425	56
409	1092	55
678	2440	137
2028	251	362
1322	1072	433
587	4085	55
1167	535	41
999	3261	88
627	1742	69
14	4346	62
413	206	315
1941	5526	358
1485	982	56
1457	930	405
1317	1364	41
1849	723	88
678	233	81
1789	1964	56
33	1749	8
1576	715	154
378	1688	33
1482	931	74
978	1094	56
1569	4789	362
388	3981	55
1510	33	56
1813	957	43
148	3637	302
1525	446	180
399	2658	40
1137	1711	70
1541	26	306
1738	430	42
1796	1685	55
1235	2338	112
1208	218	70
1170	376	53
1789	1192	71
153	1920	424
1305	2265	411
2183	468	294
1064	4217	9
1466	71	70
2121	467	77
342	5528	251
867	4563	278
580	1606	72
719	1595	283
1215	378	208
603	4058	70
23	1183	55
463	605	8
698	1742	69
598	965	54
1299	4954	278
1776	96	70
1745	5534	43
1192	2465	362
297	3828	205
192	978	77
1021	67	70
286	1315	109
1981	4840	96
752	210	360
978	900	41
1363	255	284
630	1105	451
467	1342	317
789	4469	9
724	4330	12
318	752	55
2300	514	40
2090	1519	88
363	69	112
1268	326	42
983	0	462
424	607	42
1465	769	312
212	3441	317
938	1888	55
682	1435	33
698	747	43
2006	912	179
1530	120	88
540	2499	205
290	1694	71
833	4110	404
375	936	360
1420	655	284
1217	859	171
1334	1733	53
18	3198	30
662	1909	71
1768	1250	11
1580	1463	88
946	124	257
634	2320	70
930	766	77
1319	1030	259
1226	938	88
372	743	360
1699	3332	335
278	1295	71
1382	982	56
318	161	37
794	299	56
1021	3489	71
1244	3371	56
1614	5303	102
811	852	12
411	392	70
978	200	161
35	121	32
547	1036	23
1159	5165	171
2286	395	184
2191	2309	70
1153	439	9
70	2760	302
156	813	445
282	1072	433
365	2131	32
267	1966	54
1928	276	315
1115	452	88
1881	5366	434
431	2485	452
1569	3218	258
113	633	69
304	2108	88
1883	204	69
178	896	136
1614	4689	97
1000	124	257
1483	694	31
1520	756	403
1241	5107	129
282	2378	456
969	1470	72
1465	4599	313
37	602	70
1909	5375	278
2134	846	290
403	913	352
1522	180	452
1019	3400	273
1089	1345	88
51	1937	23
1186	1841	69
413	2984	113
2175	2950	191
479	439	9
1554	148	70
1641	1910	53
503	727	112
110	497	189
1486	500	43
520	709	88
1371	987	136
1226	378	208
376	2423	234
898	1738	56
144	584	88
310	123	104
807	1369	72
1167	421	142
116	182	114
2245	5489	71
548	2730	11
705	2335	42
893	323	37
193	2399	54
1564	4017	103
634	938	88
1378	3540	184
193	2189	302
616	2213	70
690	1711	70
1139	3503	70
87	411	199
1789	2663	71
467	1275	316
192	1381	71
767	1084	56
1571	5496	136
1198	654	88
984	3099	88
1594	360	332
0	69	112
752	983	70
139	1617	39
1205	1559	86
2088	1045	205
1186	1098	448
1089	4418	43
457	2773	71
650	2626	69
1359	1728	96
1269	1604	53
999	786	200
780	872	72
899	1118	88
845	2447	380
1194	4078	257
667	1	74
1716	690	56
1148	2327	106
1682	161	37
211	5300	56
1594	3155	452
609	786	200
806	4188	69
361	26	306
249	889	71
1736	0	462
1703	100	306
1514	760	56
302	3075	23
997	3426	277
150	2093	70
435	4084	106
646	3894	104
739	81	33
1067	3422	193
1244	488	71
996	399	324
229	224	110
1126	379	69
81	450	88
2199	3821	413
788	498	43
1846	819	39
841	314	31
548	3077	50
130	2365	289
506	4970	456
603	1110	69
1759	1827	23
1685	2026	438
1089	1425	56
411	1028	10
1209	399	324
1798	4551	103
303	3762	306
485	144	55
1486	3829	298
1920	2700	136
1653	5548	385
1153	2924	258
541	379	69
1026	69	112
1018	4155	245
1454	2925	11
1358	124	257
1135	2325	158
80	1248	71
818	3455	257
241	611	112
2197	2485	452
465	823	32
28	399	324
809	2458	70
742	914	56
710	1459	259
387	1347	43
1858	2262	85
51	663	362
1370	173	53
1375	2637	54
369	588	88
997	4277	31
788	1732	70
1166	3676	46
296	4791	55
1092	297	70
1458	451	72
130	2879	403
283	1033	53
1227	982	56
386	987	136
92	1416	71
1783	3695	23
1678	180	452
1634	4486	374
998	1920	424
1762	628	274
256	5082	357
581	1928	403
1038	564	90
1335	100	306
596	644	245
144	3544	11
862	620	11
1023	1350	56
70	4547	32
1907	697	332
526	221	181
258	1229	275
193	688	55
1281	89	81
31	115	41
1144	3242	87
1418	138	403
2100	84	88
885	1122	111
1383	70	71
1506	1545	415
777	2077	126
1311	567	332
1821	1056	245
1535	1518	70
2210	1210	93
91	1927	403
792	144	55
1689	3426	277
99	224	110
662	434	72
564	376	53
1287	75	88
896	378	208
557	2708	205
479	1691	72
256	1655	249
1226	1287	238
1577	2437	119
866	658	302
479	3108	74
528	26	306
928	5196	33
773	859	171
1545	771	88
830	2238	204
1054	381	38
1031	1803	11
870	2060	55
1265	656	184
1548	2644	31
426	3253	70
1309	1237	71
1643	84	88
846	4270	77
755	0	462
247	82	12
1362	271	55
2128	3456	257
401	3680	106
290	1290	302
21	158	456
1050	4426	405
1790	4638	207
331	1259	259
1171	3436	41
690	839	385
2260	161	37
682	103	85
423	5	159
362	2262	85
846	4175	9
2105	481	69
792	1489	267
323	1232	56
87	161	37
813	3149	88
1476	886	304
979	708	136
1469	4017	103
1298	4285	270
1070	2058	205
540	2000	88
614	1900	284
1187	4050	171
1321	322	88
115	210	360
974	1330	456
72	1578	11
388	397	88
533	2022	179
206	1420	8
114	958	43
1400	469	34
1677	2106	275
33	5066	277
1865	635	106
707	1499	55
443	4410	302
281	484	71
793	3671	302
1244	1895	55
899	2911	88
1109	962	88
1265	5353	86
1857	5183	95
997	4244	277
257	625	55
43	567	332
1461	2239	239
1179	4194	354
467	4031	233
1620	3572	469
14	288	55
196	1193	115
478	135	72
353	1337	357
1328	3863	47
119	2869	184
483	4046	277
1657	2895	362
1523	30	32
1726	1295	71
718	3984	55
1170	3040	102
903	4355	72
353	3447	43
1135	3853	69
482	1379	472
267	896	136
1317	4938	43
1325	438	284
1334	3094	332
1239	2559	88
741	4185	42
1594	763	142
1564	2276	64
1968	1711	70
1554	632	270
2095	1	74
189	716	235
1016	3952	103
815	135	72
1225	894	37
1219	34	55
363	113	71
486	24	78
205	4647	369
1746	399	324
113	2798	302
1188	535	41
1781	2333	32
806	3448	295
728	2777	5
769	288	55
543	4951	41
55	4359	44
1501	209	55
378	4548	88
1315	5105	96
1691	2560	205
413	1691	72
300	161	37
1876	1243	415
175	1048	31
1002	611	112
769	67	70
291	1084	56
1131	2542	245
1159	1173	144
778	2911	88
168	418	285
720	471	99
12	581	84
2212	3623	171
515	3057	81
1271	3068	284
1135	1887	70
1221	2455	23
371	3662	9
847	1034	69
706	713	103
1973	1102	91
69	1856	393
139	607	42
376	1913	231
2192	2036	332
1137	2344	56
897	400	158
528	4903	414
798	3982	411
1756	5328	218
1308	91	37
451	1546	184
239	1702	53
1209	28	11
489	982	56
831	100	306
1838	2925	11
508	1115	54
676	576	104
492	97	69
941	1387	9
1176	411	199
1572	5165	171
53	3494	106
81	185	136
450	2091	306
1286	297	70
53	3198	30
1211	1450	74
190	93	275
623	124	257
343	1363	59
1214	535	41
2012	3288	33
558	1544	245
1330	3278	41
966	2194	9
875	354	71
1021	668	196
1276	618	71
1214	99	88
625	1357	88
249	304	158
1838	5459	32
731	1613	39
1911	293	362
753	438	284
373	902	61
1566	4165	171
2034	632	270
829	2527	448
2116	137	78
1171	320	189
655	376	53
171	2334	55
1950	4398	103
497	766	77
778	2106	275
1334	3953	452
2208	471	99
194	5195	32
1319	1115	54
839	2659	106
250	100	306
1058	81	33
54	599	32
671	4038	277
251	1402	72
361	890	136
123	2015	262
1566	68	70
806	2665	225
885	1212	142
467	2698	88
1583	26	306
369	781	43
1358	4678	257
690	390	88
834	786	200
506	2682	472
1246	2265	411
2183	123	104
1412	4059	277
1454	135	72
1830	5139	385
1394	3288	33
1335	4989	71
1717	140	71
446	3268	90
2018	4143	70
830	2239	239
1902	4131	145
1387	2197	9
1218	938	88
1180	2239	239
1154	75	88
961	173	53
1274	139	252
1215	1062	456
44	1621	72
2047	41	275
72	395	184
1227	1385	32
1152	255	284
875	136	134
260	1238	71
5	2316	46
363	3428	33
935	3732	198
1152	604	136
1168	3401	205
241	1058	71
1150	901	42
1065	343	136
197	395	184
376	1145	32
0	1220	337
25	312	420
1169	1276	43
459	2814	112
537	87	275
268	1998	11
3	3589	72
326	2413	200
596	514	40
1753	1248	71
413	3969	402
1135	1650	88
637	3198	30
1197	2070	257
2067	4274	72
1492	955	40
288	2399	54
477	208	31
208	5544	56
789	418	285
834	144	55
1384	786	200
1139	2779	55
195	5008	284
244	4719	323
1201	1888	55
1020	213	332
140	753	41
1077	1468	395
456	2145	143
1419	3221	205
269	137	78
2026	1435	33
557	2794	452
2219	209	55
1325	3934	56
479	0	462
1543	3746	459
836	488	71
1301	894	37
1356	4525	262
2311	210	360
1354	2106	275
746	230	71
1160	67	70
709	3460	456
264	2365	289
1833	396	136
383	439	9
768	834	71
279	4265	74
1016	700	71
1844	210	360
749	3982	411
1178	195	88
667	14	385
407	1044	56
192	760	56
1095	4301	364
364	4355	72
1522	4398	103
788	5047	70
96	3624	5
1152	708	136
1107	180	452
1217	2277	23
547	100	306
1152	1	74
887	2045	55
61	399	324
1211	1711	70
954	556	324
295	4044	54
107	2157	88
1491	3989	302
1178	585	11
1056	763	142
655	1920	424
1151	5215	102
1065	123	104
1010	4086	4
1980	1682	9
1159	210	360
2264	716	235
1338	880	451
1008	24	78
1069	233	81
636	3227	382
1332	2327	106
350	4302	56
772	290	379
1442	1276	43
711	676	77
1842	769	312
736	982	56
893	16	42
1928	465	54
1454	4722	277
2189	1612	212
624	979	112
1153	787	362
1247	1857	284
1791	3073	72
2028	500	43
866	936	360
847	524	70
658	399	324
503	1230	275
806	2728	110
1934	448	452
1918	439	9
1830	4417	369
656	1952	31
788	2737	28
2157	806	107
93	1142	294
908	98	69
587	3757	9
173	711	88
332	1456	88
1171	1341	88
966	726	78
1139	205	187
1727	4555	72
402	527	88
191	67	70
1641	100	306
446	1056	245
1890	934	69
1186	474	88
129	2026	438
1256	3722	296
1462	1532	171
1577	1963	53
50	315	31
252	3487	88
580	1518	70
53	514	40
788	1378	88
1359	2715	9
938	793	71
532	3378	41
749	1696	54
579	1975	56
1006	3939	277
379	1174	414
1418	2022	179
1708	247	383
496	4155	245
1566	1056	245
1067	138	403
688	5408	77
40	3431	56
220	2152	234
486	1263	71
968	4955	88
1412	1875	88
171	750	294
2027	4972	23
524	4426	405
1814	357	278
1136	1517	224
338	5247	405
1167	399	324
2115	3426	277
159	75	88
1226	32	31
1817	2768	56
845	1920	424
318	182	114
59	965	54
530	1276	43
690	5448	42
1876	2609	20
1485	1212	142
78	1102	91
2285	3280	69
1682	1782	41
1443	1663	55
1021	35	43
1678	100	306
759	762	24
467	4143	70
381	1614	37
479	4167	412
1493	3573	189
1211	2536	374
1507	4892	56
1230	711	88
75	1890	205
1602	1358	70
313	1296	71
642	542	171
0	2491	113
1070	1775	158
619	3424	55
688	727	112
291	2414	55
1667	538	54
1795	28	11
1544	894	37
873	3355	55
765	1163	207
1205	1272	106
1846	1200	71
278	215	275
364	26	306
1841	1178	62
1106	81	33
59	852	12
690	1790	11
1409	1620	31
557	2550	56
945	5128	71
921	28	11
538	346	39
776	5450	90
960	262	270
612	2644	31
1148	3436	41
906	2418	112
1038	1777	55
1234	2935	386
1947	370	72
735	438	284
2084	3253	70
1210	4383	277
39	2588	10
765	26	306
1798	343	136
76	2560	205
369	1363	59
325	732	212
273	1398	106
1054	615	270
968	3742	71
488	4533	302
988	4684	50
1124	500	43
8	313	118
50	5521	171
528	3729	43
821	85	87
1221	1413	31
346	4260	11
1154	468	294
733	1891	71
524	421	142
63	4043	69
306	3537	452
999	2957	369
1665	2580	436
202	2616	32
1135	519	88
302	2362	88
1102	634	270
1053	357	278
2077	3277	448
395	2643	11
2227	759	56
865	1827	23
610	1400	68
1215	732	212
972	3178	472
1007	357	278
1628	1120	69
564	2192	77
827	517	362
1193	4866	69
190	1935	71
1304	291	362
510	2653	88
102	566	218
1601	2360	103
650	820	70
1428	5002	358
512	2455	23
1727	2296	78
935	1056	245
1826	1225	456
599	3244	198
817	2023	354
1244	26	306
204	1078	42
1608	3029	112
272	204	69
686	628	274
893	28	11
1342	5096	452
871	632	270
1431	4030	11
61	385	31
1092	87	275
1867	387	401
154	3842	41
1313	204	69
1307	2455	23
318	474	88
1575	1726	23
332	1532	171
1830	297	70
1150	674	284
785	3426	277
1249	524	70
1131	3676	46
926	378	208
1438	1450	74
438	902	61
1355	379	69
1486	760	56
1449	4908	11
113	3238	271
1197	4049	171
2045	3075	23
1693	96	70
1596	192	42
1299	1257	72
2036	4771	69
1374	417	306
1325	67	70
1219	4736	88
1136	3276	98
77	5350	294
1220	176	11
1497	2560	205
188	3040	102
1480	4856	284
2050	3514	184
2208	3159	205
221	1122	111
348	3461	39
1591	1210	93
1582	4871	88
988	75	88
148	188	201
988	1072	433
701	3918	70
1274	937	337
871	4964	205
646	3152	69
1159	936	360
710	850	83
323	335	32
304	4248	42
1622	1081	374
388	2608	317
1228	471	99
253	1711	70
1507	3081	403
512	1655	249
2226	642	363
821	1367	284
126	464	11
1464	100	306
433	297	70
1063	5338	70
220	258	306
194	891	53
367	0	462
1604	2854	56
1829	2126	70
1950	1653	353
1947	1520	88
1374	1422	71
1671	3517	302
1062	416	91
1505	1149	61
706	1374	43
824	26	306
178	210	360
516	5430	234
1612	704	383
1031	743	360
18	191	56
1530	161	37
181	411	199
885	658	302
1560	5323	223
899	421	142
260	2026	438
1378	2286	70
1607	2497	365
1288	4498	44
2235	2344	56
682	727	112
1042	3973	473
469	132	56
828	354	71
1790	1045	205
1876	776	70
529	4555	72
1314	1746	77
1421	1045	205
75	1421	55
478	1199	70
2022	3365	259
1346	3426	277
1497	5392	193
1277	590	88
166	2862	11
482	607	42
804	5397	40
1743	660	71
781	1114	120
1805	2715	9
1404	500	43
51	5144	70
1244	1248	71
1132	3372	260
1260	517	362
549	2531	88
1187	163	110
297	3159	205
1522	3073	72
1244	721	88
76	422	284
679	3426	277
233	161	37
1623	1939	9
450	158	456
778	5145	88
741	4028	43
1730	727	112
511	1418	72
548	28	11
491	1269	54
1476	4602	363
1199	2271	42
647	123	104
1684	590	88
788	524	70
619	843	39
1389	627	173
1008	1233	106
1219	3385	88
716	3821	413
954	3775	411
70	3068	284
617	2779	55
712	1985	5
1067	4188	69
1200	2115	88
698	613	112
164	1109	347
2262	806	107
622	463	91
1277	2142	257
260	2708	205
30	3452	33
876	1597	69
671	4193	277
604	4702	72
546	1213	364
1113	2932	104
1918	204	69
180	3607	106
1937	4049	171
1334	0	462
1568	1270	55
994	1679	411
215	1134	229
2086	87	275
1916	3620	33
1897	4398	103
613	244	94
781	1508	309
736	67	70
263	1824	43
380	635	106
1597	2903	42
74	71	70
1347	3362	302
449	567	332
1860	506	403
1812	1950	299
24	753	41
496	14	385
33	2321	56
564	538	54
1321	252	88
1518	1227	184
835	1060	456
778	32	31
603	284	306
30	2647	470
698	2297	157
1539	4005	350
395	359	56
489	3075	23
278	2082	55
522	1056	245
609	2411	42
1566	26	306
999	3548	143
1170	468	294
1861	2106	275
173	4254	452
2274	2734	119
1092	2328	99
1902	1593	41
790	227	71
1334	1276	43
1053	604	136
722	3947	121
1633	765	77
1950	1045	205
735	2114	55
1153	4685	69
796	2340	184
789	2652	88
991	524	70
191	139	252
1878	646	302
1376	399	324
86	325	136
1159	4060	69
938	1012	23
875	1308	456
537	360	332
431	3565	88
1471	5307	200
366	3188	456
1522	4699	167
901	2238	204
604	1331	41
320	1420	8
160	700	71
153	113	71
412	80	450
1201	210	360
968	2361	270
1485	4048	302
1227	2262	85
1086	204	69
1023	5593	337
607	2588	10
1618	2671	208
1275	1588	258
735	3683	56
52	1796	49
1719	2493	11
788	1695	88
1337	446	180
1289	834	71
1243	2419	403
490	399	324
380	556	324
977	2458	70
1220	24	78
150	2752	32
1214	582	277
790	3767	23
706	2507	70
1095	113	71
954	5537	56
1442	1691	72
887	760	56
776	1088	42
224	1429	54
1149	124	257
1165	91	37
772	4284	171
472	4742	391
1633	434	72
244	5143	306
1973	1972	114
676	113	71
185	1750	443
1319	399	324
879	3426	277
850	839	385
242	1162	117
113	3553	31
411	35	43
662	500	43
640	329	189
2070	201	55
381	1701	77
1440	468	294
732	96	70
265	3088	231
194	4032	385
1034	1755	71
702	2480	90
807	3286	91
1790	226	102
998	1248	71
2236	2451	32
1596	1458	363
226	3742	71
1086	537	171
1182	830	116
1583	2563	181
58	1323	315
374	317	233
1882	234	31
1965	438	284
1202	297	70
386	227	71
173	4833	91
402	176	11
989	137	78
1394	1698	77
1575	15	42
202	2207	51
1086	24	78
115	939	41
256	2133	189
930	1686	71
1051	3876	120
1224	5171	475
1669	482	71
837	330	55
515	843	39
647	446	180
1336	387	401
1145	2045	55
1026	4318	234
2109	4784	88
1140	1885	327
139	1083	9
1404	100	306
305	438	284
978	1274	141
575	3428	33
1348	3825	284
424	1167	24
583	2751	33
488	4895	129
1622	9	385
1443	5152	55
439	2036	332
1812	4282	275
1933	1253	284
1322	1611	14
991	4195	189
1531	175	103
973	1613	39
1458	5152	55
1533	96	70
150	2004	106
769	4246	464
2164	2412	70
907	760	56
1922	530	14
1336	818	446
1158	628	274
395	2638	43
798	37	142
1219	1174	414
1837	4050	171
1018	800	186
410	354	71
162	627	173
1109	3347	31
2245	2952	395
1805	891	53
1272	97	69
1318	729	88
387	2449	70
1244	3508	88
1184	901	42
1222	658	302
1529	1392	275
1924	4793	277
547	1054	88
605	2640	41
198	130	193
232	236	70
807	339	55
486	113	71
1314	158	456
1810	297	70
2253	185	136
1622	476	88
1215	767	5
318	477	85
454	1315	109
477	835	311
358	1248	71
1983	3222	204
794	400	158
1214	288	55
541	144	55
349	113	71
791	3004	87
992	1623	56
178	1996	70
536	1998	11
634	1913	231
135	1990	85
390	3218	258
1207	3516	275
793	67	70
369	613	112
1088	26	306
1214	2090	88
134	713	103
175	319	70
1932	2902	452
763	417	306
1257	506	403
413	1811	11
1076	75	88
1298	3125	245
1632	190	43
1956	3801	112
968	834	71
845	107	70
207	116	306
1472	2933	96
402	654	88
562	3002	55
688	417	306
1644	28	11
1643	4908	11
1276	4522	43
741	2754	302
509	1723	31
43	178	48
608	2916	258
186	3083	332
1916	5105	96
269	3556	11
1180	1601	106
1209	3833	349
547	2525	88
1301	89	81
1939	2647	470
808	2437	119
303	3707	388
2043	4479	42
349	4685	69
596	3198	30
314	4184	374
1564	161	37
1221	57	146
193	3426	277
988	3481	88
244	802	42
1244	1568	385
553	950	358
171	1930	443
1349	65	362
2191	392	70
1016	834	71
1657	655	284
788	2729	43
774	5	159
551	1930	443
1979	1145	32
1962	1675	72
1568	1112	88
1431	312	420
1841	5239	70
1136	1014	354
194	3395	55
275	3999	70
399	199	108
246	2323	96
1034	453	55
65	353	77
894	1510	194
27	1401	352
1657	786	200
1416	399	324
437	4398	103
1137	4	72
591	580	50
232	26	306
1216	1699	170
369	1346	305
1380	357	278
1447	3537	452
1142	891	53
1613	100	306
1721	1045	205
1277	100	306
510	1257	72
91	1977	86
718	1045	205
1346	5372	377
538	26	306
1730	75	88
190	1450	74
285	588	88
1404	834	71
753	1209	306
979	4467	277
721	1848	154
80	97	69
431	120	88
863	658	302
1389	378	208
1002	4027	37
781	399	324
1759	4599	313
359	1341	88
369	567	332
387	774	467
1802	763	142
2113	210	360
1842	452	88
51	252	88
686	3038	55
165	3895	91
1125	96	70
1957	642	363
1283	4402	70
369	826	88
618	135	72
1956	1899	70
1462	96	70
1369	2370	72
1890	1285	70
806	2439	396
746	335	32
96	2369	56
1712	4699	167
750	1055	385
590	2786	71
741	5559	136
1480	846	290
1382	810	115
524	1877	32
945	424	56
290	664	200
1046	1336	86
2294	447	332
467	210	360
1428	5394	275
30	414	358
861	981	55
797	26	306
1130	2094	162
1290	500	43
717	3180	332
1663	399	324
300	3791	24
1463	1166	205
450	3401	205
5	4	72
1244	71	70
655	914	56
703	315	31
66	4180	88
1053	2341	413
960	4398	103
1726	750	294
1122	951	69
1233	961	88
1002	2489	113
429	1277	143
2185	914	56
485	2698	88
1400	288	55
1338	2330	452
549	2559	88
742	1253	284
978	2627	56
935	3285	137
1247	3044	40
1727	2799	284
160	208	31
176	273	41
1719	2681	77
995	2369	56
1537	185	136
75	1888	55
126	246	42
144	4177	9
305	2442	23
395	1665	302
1193	1715	165
1634	758	332
65	1835	72
1016	2715	9
1182	5436	324
439	1159	358
1299	4410	302
1049	2606	11
2242	859	171
1996	2755	284
206	1043	16
21	2267	70
194	3672	302
1419	662	69
1463	2327	106
1280	2803	11
679	4659	41
633	1978	88
118	1	74
1680	97	69
791	955	40
1208	801	106
58	439	9
1559	1264	54
236	2193	43
978	4391	302
5	1546	184
542	115	41
1531	766	77
279	113	71
278	36	137
1706	1580	208
603	2885	295
348	161	37
1168	905	369
928	4086	4
1669	100	306
997	2430	96
1519	817	405
761	297	70
2142	97	69
1226	233	81
225	3473	231
1638	4480	383
497	4217	9
1878	2630	392
672	1090	72
436	107	70
752	1695	88
477	1998	11
1454	5573	231
112	2609	20
565	270	88
619	914	56
1184	2405	64
1371	247	383
1518	4159	184
1267	1045	205
1358	2143	257
614	3622	11
1248	1109	347
586	71	70
1805	3141	55
978	439	9
305	1837	71
1583	739	385
1340	341	23
1419	38	142
222	123	104
0	271	55
58	3195	9
167	2098	42
1463	70	71
77	2126	70
551	204	69
1311	178	48
129	25	108
1588	1819	71
584	4505	23
1289	5021	72
610	658	302
1158	304	158
113	2025	306
62	1480	53
1973	161	37
228	202	315
1090	3540	184
96	2803	11
1727	481	69
282	1569	232
1137	4143	70
1256	3293	257
634	1968	88
1698	499	43
1370	2599	30
386	1632	119
88	271	55
220	1095	395
11	22	273
1847	801	106
96	2606	11
1861	10	275
1752	1861	158
547	3137	71
1498	2834	33
508	173	53
221	2280	69
547	378	208
119	2010	30
746	635	106
156	78	352
796	1227	184
1530	2314	270
392	188	201
2188	1420	8
736	4036	72
1587	180	452
1520	457	73
299	1062	456
1145	1164	137
435	233	81
868	3979	205
692	4667	55
1194	1928	403
1086	1004	302
598	32	31
239	1566	32
1728	1407	53
1474	877	72
1004	2791	332
221	4019	41
944	2205	77
2252	1257	72
1298	3214	144
741	4563	278
1109	455	69
37	1760	32
1308	3540	184
2070	3038	55
1515	2480	90
354	16	42
383	139	252
342	4197	277
408	204	69
1114	1686	71
1017	131	144
1153	3638	70
1256	914	56
357	2155	30
1158	297	70
1418	513	403
313	647	43
465	1379	472
2320	605	8
346	2939	297
1231	1711	70
2140	215	275
2203	3180	332
1148	2149	241
1016	1829	55
332	567	332
670	4546	205
482	1538	70
1275	957	43
582	2368	70
318	2272	42
1581	1296	71
863	288	55
1459	1743	315
373	3381	72
587	332	31
1232	5311	42
673	438	284
1143	1770	55
1892	1353	71
2191	3338	8
491	5174	56
1225	636	64
916	654	88
436	3666	70
96	546	11
2301	936	360
1402	5328	218
1857	657	456
1743	5167	70
657	926	284
954	4404	208
763	3540	184
1690	244	94
972	3587	452
1498	4838	70
2175	4451	92
619	100	306
570	4903	414
396	3142	71
911	378	208
2313	1302	70
1154	469	34
955	2528	69
169	2068	56
1394	1297	306
626	3041	37
1863	411	199
1857	135	72
216	315	31
158	2029	85
911	395	184
963	482	71
1065	2825	9
269	90	80
1094	691	88
1491	3161	285
1989	4922	277
2284	348	89
594	68	70
1254	144	55
381	4600	28
1682	1069	69
1295	1879	96
1585	3072	72
302	723	88
598	1331	41
1173	178	48
1440	742	71
348	2708	205
603	399	324
1335	315	31
2217	1578	11
954	26	306
1287	3402	403
1747	1157	31
220	700	71
1371	2647	470
332	834	71
34	1755	71
1225	1221	11
1311	3095	80
368	4929	103
1460	4789	362
518	1383	70
1950	1967	317
386	1145	32
25	67	70
300	379	69
258	4846	277
946	1999	302
1316	673	172
467	379	69
860	4748	323
710	326	42
1365	491	11
386	26	306
411	660	71
464	191	56
113	2354	56
1095	31	55
371	3682	32
1313	1145	32
650	3117	306
2205	2993	269
524	244	94
576	1028	10
118	654	88
418	435	302
2045	620	11
1325	3705	88
89	1083	9
1571	1220	337
1327	1683	71
1295	2519	403
706	757	114
682	399	324
1487	4005	350
1017	668	196
978	26	306
1409	1962	70
2220	152	70
1205	2495	70
359	2954	369
31	66	97
1566	4435	42
1428	340	136
1339	763	142
1400	2030	273
1755	3942	369
353	3254	137
264	2362	88
1621	3088	231
705	758	332
1535	658	302
1229	3053	23
908	3038	55
598	4734	46
2192	28	11
284	1257	72
285	900	41
115	4114	32
1340	2265	411
1360	4689	97
2061	565	20
318	453	55
429	294	340
1116	575	62
9	4592	332
679	244	94
315	26	306
263	1257	72
1137	1174	414
500	141	56
316	581	84
869	3892	62
124	2204	31
158	86	23
557	1580	208
279	5492	269
1627	2360	103
1578	3671	302
936	96	70
1188	2682	472
161	1612	212
918	4978	433
285	1316	88
1054	3426	277
755	3660	26
316	2705	23
1508	414	358
2032	3589	72
1249	843	39
1420	141	56
906	1660	138
761	2851	301
1928	215	275
2015	173	53
491	469	34
968	2571	94
698	135	72
189	2425	235
1392	1435	33
1413	1250	11
1062	4244	277
1139	444	425
1449	326	42
73	1637	414
608	8	474
591	381	38
375	1024	419
156	301	70
330	2014	39
1887	267	54
1012	390	88
1145	1226	317
346	1483	118
789	265	208
890	3279	136
1065	900	41
1267	2798	302
1173	170	11
114	1031	42
1193	324	55
221	928	54
1586	3537	452
435	2428	18
1789	593	111
2174	158	456
362	1913	231
614	1587	284
522	4283	31
1383	1508	309
630	1985	5
1833	469	34
548	379	69
92	1171	24
50	1303	77
45	1793	418
236	2326	212
2104	3106	137
395	2820	72
243	1655	249
399	313	118
395	2634	56
1122	2174	250
354	3072	72
1824	500	43
1454	4410	302
2014	2470	70
557	739	385
1170	1446	39
1512	3963	104
1058	1013	34
1497	1114	120
1834	642	363
1171	604	136
664	288	55
790	4787	31
506	4925	452
272	982	56
1030	1045	205
1779	4599	313
395	803	71
206	4627	88
93	135	72
1652	828	42
741	4041	70
70	1237	71
2052	3270	376
16	1695	88
616	2265	411
769	4224	333
1286	846	290
555	78	352
352	97	69
2240	2449	70
1109	201	55
736	945	112
483	686	8
662	894	37
448	4197	277
833	3340	391
1682	135	72
1448	3720	184
165	3921	56
1276	255	284
220	5263	42
269	3896	55
794	209	55
1140	4551	103
1332	2647	470
752	616	40
1561	3937	56
342	78	352
1841	3378	41
537	3308	385
86	316	88
1252	1770	55
391	1241	413
630	2170	41
791	28	11
1989	1398	106
305	1593	41
126	695	369
548	158	456
1692	4410	302
613	563	90
1411	1550	71
968	3309	452
243	524	70
2077	1330	456
1404	663	362
1317	1845	162
1458	1989	212
1352	576	104
653	2262	85
535	435	302
626	438	284
603	5014	330
790	100	306
562	1617	39
1804	414	358
921	3453	11
2061	2455	23
1344	2265	411
806	2750	212
73	1976	86
1299	4760	302
988	1321	54
969	2897	69
1179	213	332
1268	771	88
1897	684	39
605	171	11
318	2394	275
66	1743	315
28	216	70
250	399	324
262	625	55
1411	2470	70
1105	1793	418
1506	204	69
1097	26	306
1029	24	78
732	2846	194
1319	1462	72
1261	4280	88
1159	75	88
121	556	324
968	888	56
2286	790	70
1094	4047	66
193	1984	11
1737	1641	72
741	2295	11
1361	317	233
1795	137	78
968	4110	404
1119	4375	103
546	954	30
1211	2543	189
500	4437	43
1171	3477	220
76	4677	183
587	4479	42
1000	3293	257
662	3731	277
909	525	46
1491	3613	88
1015	491	11
331	26	306
5	809	42
24	2806	31
1280	4804	55
557	24	78
1400	3426	277
1103	297	70
130	2878	97
326	3221	205
845	5534	43
113	3568	96
1435	4524	306
1394	655	284
215	5420	178
1436	84	88
743	271	55
1315	1998	11
1789	2011	56
1847	4389	315
1989	2244	56
1021	2777	5
1556	2424	368
823	2620	30
1144	4406	43
512	1167	24
954	2627	56
587	3518	39
39	2286	70
671	3731	277
833	341	23
522	2624	363
1975	100	306
448	4592	332
845	439	9
794	429	42
156	1551	71
2246	4092	87
567	2597	302
1108	3664	241
619	1092	55
710	2665	225
608	2914	90
245	3500	88
1301	3291	206
815	70	71
682	3267	90
673	658	302
1930	645	41
350	3549	112
551	395	184
1317	582	277
791	704	383
98	1947	55
668	138	403
1291	655	284
1381	4353	31
644	1579	208
172	3860	112
1590	204	69
1955	399	324
916	3200	71
705	3066	72
362	527	88
740	2251	20
614	1949	99
1212	216	70
1352	620	11
574	930	405
43	207	31
1622	776	70
1887	894	37
1692	4200	284
1759	905	369
769	4	72
978	914	56
548	646	302
765	2679	69
450	456	86
1948	802	42
1354	3666	70
2203	24	78
1034	4041	70
1101	227	71
636	4026	88
1934	16	42
479	215	275
1480	911	180
277	4329	55
1144	1170	360
545	3323	153
634	2874	218
1232	84	88
1824	1949	99
860	3962	302
224	1409	11
515	632	270
1082	783	56
285	370	72
1114	795	106
1095	1980	70
367	1550	71
1513	1112	88
263	3371	56
1086	1153	96
2105	5004	24
337	1276	43
1214	271	55
1585	439	9
243	550	66
1752	4919	456
411	2715	9
1352	2689	11
2210	654	88
1081	2847	39
538	3362	302
1798	28	11
326	3703	266
300	476	88
1439	2721	100
1023	1967	317
559	2264	32
1466	3215	284
994	67	70
1038	3308	385
1638	381	38
2262	273	41
2029	2698	88
2223	3421	88
401	1709	408
51	1373	362
1227	4528	54
214	2894	443
809	894	37
752	4059	277
593	4996	56
604	3988	8
558	3634	54
157	116	306
1034	452	88
978	4529	283
1318	2752	32
806	3511	136
57	288	55
1375	2457	180
544	220	88
865	760	56
253	1728	96
1761	201	55
719	38	142
26	2039	87
1351	1225	456
1795	1614	37
331	227	71
814	15	42
1291	590	88
615	723	88
931	133	200
93	297	70
1465	447	332
344	1985	5
386	2460	148
195	5088	284
1841	1560	56
1155	71	70
1425	4483	69
466	1612	212
1537	452	88
1529	341	23
1532	709	88
302	1612	212
79	4167	412
180	2245	432
813	919	191
482	4132	343
690	1353	71
1268	951	69
1374	3821	413
954	2038	90
1823	2085	54
706	1790	11
1578	5096	452
1137	379	69
39	1399	88
45	2200	54
91	5067	277
992	1450	74
256	2667	280
2288	3385	88
954	5185	184
1275	247	383
102	2817	70
880	4571	31
265	5405	96
1160	2761	88
712	26	306
198	4652	382
1516	2244	56
0	2062	41
145	2022	179
470	67	70
598	40	54
1094	3362	302
1170	399	324
1160	3961	42
928	1210	93
1065	2440	137
1193	1791	240
246	173	53
1450	4084	106
1995	1102	91
1454	291	362
559	1429	54
132	3088	231
1073	1225	456
380	601	70
227	370	72
288	1092	55
1049	977	56
750	1391	104
88	3426	277
596	4346	62
1523	317	233
1617	100	306
988	4076	425
19	2660	141
328	417	306
1139	98	69
221	644	245
917	4473	290
1145	378	208
368	1209	306
752	161	37
598	3858	55
2239	3002	55
888	2327	106
62	3842	41
1400	67	70
1795	163	110
1849	1407	53
1422	4398	103
857	276	315
1846	4726	296
945	565	20
1226	1602	106
1620	1122	111
95	2663	71
994	736	385
1354	2368	70
1375	505	214
89	1803	11
0	2163	191
1135	3144	158
1836	2106	275
546	4010	367
368	1567	205
222	766	77
1507	5384	189
1273	1298	306
399	618	71
1549	2895	362
1031	374	54
886	113	71
567	1589	302
1410	4791	55
1069	876	72
1383	4550	368
870	31	55
1396	69	112
1739	399	324
107	1461	403
465	22	273
342	3348	42
160	2830	55
1531	100	306
853	353	77
2133	3846	385
293	734	452
1855	135	72
45	5046	42
63	2663	71
514	863	259
2020	2076	464
1585	1887	70
1727	3724	70
1685	358	55
1863	3460	456
185	916	164
1576	3652	103
92	136	134
58	1547	184
1107	75	88
154	1237	71
1191	2383	208
1710	500	43
1142	1254	285
727	5536	55
1896	1160	162
181	852	12
316	569	11
864	1546	184
793	290	379
429	2811	269
986	1647	238
587	1356	77
1167	2438	176
2127	4346	62
173	121	32
1016	1199	70
113	3724	70
1369	646	302
1170	1192	71
907	419	189
194	1937	23
1309	1113	456
1563	647	43
921	75	88
947	2331	368
494	776	70
1338	1330	456
565	1933	9
1092	1095	395
1052	113	71
1208	5119	46
1691	3012	56
1824	1314	302
158	2082	55
2313	4758	199
466	1962	70
1011	3980	88
372	1206	71
777	5018	88
412	190	43
1033	2001	88
1382	1467	71
1533	1395	425
2252	2758	407
1199	3979	205
705	2481	136
1016	390	88
87	205	187
2206	3643	403
2273	2914	90
182	339	55
1352	271	55
797	3586	55
141	69	112
2246	163	110
224	14	385
1366	529	11
1146	732	212
1571	447	332
565	3021	41
92	2201	41
655	1330	456
1184	280	72
1277	3369	42
1924	4224	333
1119	3890	114
185	1950	299
1130	621	55
256	3473	231
824	1525	136
365	30	32
586	2304	17
375	1588	258
301	1316	88
1222	481	69
1289	228	42
360	1387	9
1652	5129	403
1802	3346	78
396	1416	71
51	1886	72
51	55	381
1171	215	275
1132	4762	31
1566	28	11
956	28	11
407	911	180
482	84	88
983	4185	42
374	3384	91
1804	760	56
888	3941	184
158	771	88
615	2691	149
1159	1114	120
903	3305	106
1297	1377	370
1214	2522	55
146	780	452
813	4223	88
1265	1588	258
1197	2987	142
1114	323	37
1645	4403	188
265	438	284
1073	447	332
300	210	360
146	1032	72
1271	4836	183
699	2160	8
1950	28	11
1051	3604	32
2119	5158	385
118	2008	94
1357	674	284
1810	2550	56
1173	1113	456
1449	530	14
700	1273	166
107	225	55
1364	414	358
635	4141	88
1261	2527	448
182	424	56
1361	2968	54
1713	615	270
366	2555	456
247	1666	77
1304	541	395
1590	5011	4
2078	227	71
1153	2635	72
1138	210	360
969	914	56
1825	3846	385
1888	1865	208
1622	588	88
58	370	72
659	379	69
973	3631	88
595	71	70
1878	435	302
1042	3989	302
466	660	71
672	953	275
1382	963	373
1064	1114	120
844	2458	70
1573	524	70
1227	732	212
1736	605	8
1359	3426	277
169	1835	72
870	560	106
232	2284	43
512	2402	83
1545	204	69
70	2393	302
192	3342	70
116	1253	284
240	2302	452
1539	481	69
232	335	32
1817	1385	32
1143	171	11
764	3271	63
491	1114	120
179	3686	186
818	135	72
646	542	171
891	237	54
524	930	405
673	760	56
909	1747	306
2175	2859	55
1573	117	43
1378	4912	456
613	1278	96
380	744	70
227	1114	120
1979	81	33
1188	2647	470
1252	2760	302
1647	1875	88
921	4526	184
1905	3045	158
724	884	32
1369	658	302
712	461	70
186	161	37
954	3798	70
1127	5527	81
846	1450	74
1854	4876	43
1069	778	142
1293	3711	374
1677	1546	184
1431	288	55
1521	1196	88
1305	1188	376
540	911	180
1102	457	73
1188	362	70
528	28	11
1029	116	306
54	36	137
1212	434	72
1651	67	70
2061	16	42
402	4996	56
1406	4762	31
510	914	56
339	4327	284
1419	81	33
470	2402	83
1759	1711	70
724	312	420
0	1188	376
1221	1537	284
176	1027	53
1158	4531	347
1402	1182	205
1472	66	97
1644	401	324
1738	819	39
12	469	34
1643	1157	31
160	456	86
9	3989	302
179	904	369
131	1778	32
1325	1348	205
11	982	56
1092	4716	199
1201	4033	284
1116	3401	205
1842	2258	88
59	15	42
830	312	420
1295	1923	403
1633	1114	120
437	5524	9
1003	2458	70
1199	446	180
1314	288	55
1185	1835	72
786	406	103
603	191	56
1309	567	332
426	760	56
1180	1871	71
235	215	275
629	442	66
597	1573	284
821	4	72
1366	75	88
1599	1696	54
1643	2771	31
1137	3834	189
1857	3894	104
794	2007	70
1182	3555	11
313	215	275
803	2498	186
716	138	403
386	203	70
93	1936	306
348	972	115
2201	760	56
1795	3478	206
431	727	112
1052	28	11
185	2171	404
139	115	41
1188	567	332
1286	760	56
1186	1359	70
147	28	11
954	952	69
1856	138	403
705	1968	88
167	3009	85
1486	141	56
840	834	71
957	3669	70
1905	26	306
208	497	189
173	709	88
1513	322	88
1838	1	74
1310	447	332
2007	271	55
205	188	201
73	338	105
57	294	340
2264	1841	69
1623	2717	217
978	4678	257
2201	484	71
1016	2315	63
634	2742	69
947	1102	91
158	3743	42
158	5202	23
813	4679	43
2214	1679	411
193	675	117
442	399	324
277	3436	41
603	707	362
385	97	69
831	36	137
1324	343	136
463	3437	136
1682	1835	72
13	1298	306
196	1975	56
730	319	70
1699	5129	403
1364	395	184
830	5328	218
551	1014	354
969	1978	88
618	381	38
1215	4867	205
873	96	70
1220	3395	55
510	4066	55
580	84	88
52	505	214
1020	604	136
1065	1	74
186	2279	55
813	1225	456
87	587	69
1415	4148	84
1762	2104	184
216	317	233
1515	809	42
1035	2085	54
1802	5364	71
902	2265	411
677	519	88
221	1331	41
249	145	32
1633	2219	77
1010	1178	62
1007	697	332
1744	5224	275
1330	3742	71
655	1210	93
468	4769	373
37	3070	31
179	500	43
1136	3537	452
1036	399	324
359	4319	291
674	75	88
2194	446	180
1905	499	43
726	2029	85
272	883	56
1833	487	245
983	2845	42
77	894	37
113	26	306
332	1870	40
1136	4872	275
596	645	41
1302	4567	88
823	2058	205
483	1297	306
1500	1487	138
192	1157	31
512	310	124
1511	2135	72
1362	3426	277
2007	4907	398
535	2652	88
1200	3481	88
858	1294	373
873	2175	10
1194	658	302
1849	4003	33
68	135	72
2014	379	69
807	1143	56
1742	26	306
303	2331	368
1131	580	50
63	2396	208
1516	438	284
564	288	55
1409	1634	355
1567	790	70
2119	3775	411
1016	5386	102
197	447	332
1154	4367	70
1145	417	306
1023	75	88
95	4180	88
140	1834	71
2216	806	107
717	2943	46
1029	178	48
660	3951	70
1626	1909	71
1089	2972	71
2020	378	208
162	1254	285
619	2425	235
0	2736	220
1567	252	88
414	522	56
1511	1193	115
972	5367	400
823	801	106
1322	4438	72
185	2221	87
639	567	332
246	2662	70
91	5529	403
58	2081	27
165	4274	72
208	188	201
381	3557	31
216	559	32
519	497	189
968	4618	104
1021	15	42
1578	567	332
107	97	69
1276	1045	205
823	2104	184
1329	3232	284
1308	576	104
840	1248	71
1767	4412	96
564	1321	54
369	113	71
1418	4040	57
1678	3414	56
302	2434	27
1016	2980	209
1382	1153	96
815	4078	257
334	4027	37
698	846	290
49	1621	72
825	514	40
1566	590	88
489	4205	55
1709	542	171
1081	378	208
1130	5419	404
1789	1816	71
2203	769	312
1670	972	115
1191	28	11
2103	763	142
91	1720	421
2112	2052	71
221	205	187
65	3103	32
309	1100	238
431	1695	88
118	688	55
416	467	77
411	16	42
378	489	158
751	297	70
1334	1756	71
1454	4383	277
1124	3885	56
606	2425	235
59	381	38
1418	4722	277
856	2665	225
1454	2983	304
1170	1471	28
496	1849	271
191	453	55
1458	2341	413
1990	3528	362
278	73	423
232	1978	88
1307	5093	139
67	1435	33
1154	2973	70
726	3021	41
401	711	88
770	439	9
1487	2513	9
1177	2984	113
778	1269	54
1577	14	385
1301	567	332
1600	841	56
363	2647	470
968	94	55
1146	5011	4
856	4188	69
105	81	33
264	2104	184
1135	1998	11
702	28	11
574	1178	62
786	67	70
1437	67	70
468	4030	11
1566	537	171
1017	542	171
1359	1100	238
115	3015	111
845	500	43
413	2724	375
250	2261	87
249	727	112
1309	5376	88
2065	1538	70
656	75	88
350	760	56
780	528	251
1602	4603	82
2288	747	43
979	3325	403
1470	1045	205
845	3500	88
1547	438	284
1329	891	53
353	936	360
1480	696	56
2175	163	110
798	3918	70
2096	3976	362
99	3559	23
1641	722	88
827	3845	31
742	654	88
1042	1242	449
1149	1711	70
1419	1816	71
1085	2162	284
202	313	118
375	1585	285
1407	3253	70
33	567	332
1609	362	70
187	964	258
1201	1112	88
1370	3426	277
1160	135	72
1677	312	420
1049	751	43
1491	5375	278
362	638	64
828	4243	106
688	3342	70
509	1415	88
616	2609	20
55	2272	42
1020	1164	137
195	280	72
1065	357	278
1875	2419	403
1356	4380	23
141	658	302
179	643	382
1159	84	88
408	1320	136
3	2640	41
784	4028	43
2272	1711	70
24	3453	11
872	658	302
947	2506	369
1827	4697	450
131	2429	76
885	299	56
1186	593	111
616	5436	324
1250	2567	31
778	1998	11
12	484	71
297	902	61
1764	4656	43
21	321	189
1981	130	193
239	1248	71
1341	3460	456
1691	1277	143
1233	1536	46
206	524	70
250	2498	186
1194	138	403
2095	254	284
878	113	71
646	733	88
1316	3075	23
2217	3363	304
1425	2061	23
113	766	77
1130	3546	195
2032	97	69
213	639	11
558	115	41
1010	609	172
129	187	231
1023	5141	70
144	2000	88
1702	766	77
51	69	112
716	4967	205
172	180	452
650	2098	42
2300	1734	40
563	809	42
320	199	108
160	2943	46
977	2803	11
1507	1624	296
1718	802	42
91	517	362
1095	3448	295
121	1696	54
323	1174	414
0	310	124
1055	438	284
1394	1	74
2273	4075	99
988	333	11
895	3964	104
954	3436	41
1363	543	11
766	446	180
494	2360	103
808	5383	43
1205	760	56
386	51	306
1233	2349	283
1521	96	70
1387	91	37
61	161	37
368	28	11
1965	1031	42
326	3942	369
191	1242	449
1396	3792	88
317	2308	46
1367	376	53
2239	446	180
1173	4035	125
181	1331	41
676	0	462
861	500	43
62	852	12
1073	1998	11
2296	389	162
422	2055	452
1344	5447	367
1498	46	70
297	1251	43
541	3141	55
1614	5088	284
1903	5309	275
2222	329	189
512	5510	477
1124	3252	77
1187	654	88
783	2803	11
722	1538	70
991	2166	56
489	2211	31
1221	2299	70
1212	1919	205
1545	1198	55
299	4197	277
1733	446	180
1299	5497	284
1003	439	9
179	2560	205
1873	2099	112
1181	3699	46
1270	2888	340
1210	804	69
476	4916	71
87	173	53
930	780	452
186	3702	48
1950	0	462
1857	1953	313
1459	5164	315
1020	2681	77
605	399	324
1710	32	31
1747	67	70
1321	266	88
1063	113	71
85	138	403
296	2045	55
1220	2832	88
489	5334	93
604	3407	53
264	3401	205
132	752	55
232	3550	56
1759	758	332
698	4946	69
1136	1294	373
1250	1026	53
1115	2803	11
1638	1252	72
878	760	56
1149	766	77
1965	4855	70
391	1142	294
535	4435	42
1900	3894	104
1025	5425	258
456	1173	144
582	3979	205
1310	2545	11
1976	67	70
488	113	71
706	26	306
530	28	11
1301	457	73
679	1682	9
472	1755	71
630	618	71
1158	1072	433
765	3609	275
2094	4884	355
1389	503	56
124	2763	88
765	2843	275
658	5530	291
2210	379	69
636	4770	55
1343	1727	71
736	727	112
1139	484	71
1578	1711	70
794	1978	88
1149	67	70
269	3012	56
647	2410	42
866	323	37
29	1429	54
566	5332	43
1350	2038	90
1713	2728	110
511	3190	257
239	339	55
388	266	88
735	161	37
899	4942	41
565	874	72
1208	1056	245
1228	863	259
512	3810	328
1139	2301	31
2193	1496	472
783	732	212
1829	251	362
388	983	70
736	4002	8
777	96	70
1110	3206	94
403	1357	88
777	135	72
622	760	56
373	1	74
743	747	43
565	1641	72
1188	3178	472
753	471	99
1101	5112	74
1734	303	218
1979	4423	322
1150	395	184
973	2155	30
298	1608	9
1020	2534	136
70	1004	302
1583	1543	32
1798	1983	270
340	1876	55
530	3537	452
413	1454	39
1205	363	275
810	2770	31
1184	1199	70
650	1257	72
290	743	360
1092	5305	302
395	290	379
1259	3426	277
76	24	78
2078	2646	275
269	2803	11
874	3923	84
335	96	70
930	436	283
373	982	56
1981	177	96
157	727	112
945	271	55
1012	100	306
539	173	53
763	480	189
1140	484	71
745	2455	23
635	960	79
2087	67	70
1312	814	250
208	1274	141
604	1084	56
947	1920	424
1617	2995	443
1049	3032	294
1850	3057	81
483	2323	96
977	1198	55
226	1684	56
747	136	134
2106	1311	457
350	485	106
1131	4449	212
623	4678	257
353	1793	418
1086	3383	302
1067	97	69
1428	3094	332
316	1593	41
1378	4796	184
405	2294	324
1862	1161	112
2100	32	31
113	2182	69
1564	2328	99
2128	686	8
46	2559	88
1325	484	71
1386	2526	315
236	566	218
2194	3497	31
1643	5269	205
530	776	70
1556	14	385
1394	5118	56
1287	251	362
1776	3579	205
65	2057	71
448	1045	205
1299	1175	88
1812	3689	467
429	1670	205
870	2996	41
524	1336	86
861	846	290
1962	3944	88
1067	4439	88
435	378	208
885	4709	284
1561	894	37
655	39	71
2296	123	104
183	1	74
1666	2612	205
1170	488	71
363	1864	31
33	180	452
496	3833	349
1974	312	420
190	1663	55
1921	952	69
876	1399	88
520	75	88
191	1431	306
850	1769	47
558	1462	72
1251	3605	402
489	2629	70
369	135	72
849	135	72
488	700	71
1798	91	37
2235	914	56
239	2296	78
1700	2266	88
67	482	71
1234	4756	270
1525	656	184
548	891	53
160	3734	55
947	3009	85
1152	3211	256
828	4050	171
413	852	12
990	148	70
593	84	88
269	4926	103
647	335	32
1693	4571	31
1158	2645	354
604	1604	53
338	1383	70
2308	98	69
1575	620	11
2143	4659	41
266	3367	88
88	1431	306
776	3548	143
1412	4184	374
1413	153	25
2045	3349	56
752	297	70
644	1647	238
2	2816	56
1428	4390	313
2269	315	31
78	431	302
1734	2213	70
1318	1650	88
1080	1341	88
629	753	41
664	84	88
235	165	31
69	1007	284
1134	1033	53
850	2058	205
193	1710	56
1937	3868	70
2014	3385	88
1161	4921	332
1275	251	362
323	1053	189
1623	2800	9
1131	2899	126
1950	2682	472
742	874	72
856	3403	88
1017	3662	9
621	766	77
988	3898	20
1103	417	306
860	117	43
515	3815	56
1158	530	14
728	2336	472
461	31	55
1102	0	462
239	2816	56
1265	100	306
1227	4968	43
1497	1250	11
422	3943	103
435	1508	309
779	537	171
266	1260	96
434	1793	418
367	2455	23
1950	1814	33
389	195	88
50	1535	55
467	4172	56
1262	1045	205
1392	2335	42
1400	4928	56
753	4062	55
2036	4168	277
1584	590	88
789	3334	302
326	905	369
5	920	76
1008	873	72
206	1361	72
1595	1508	309
789	491	11
416	5338	70
1376	4864	189
394	590	88
564	342	32
1265	3606	441
1008	5483	171
1975	1416	71
220	1610	19
770	3473	231
1159	179	77
295	2616	32
1824	642	363
2193	100	306
794	1612	212
616	1543	32
1638	204	69
548	1741	71
1707	1838	23
558	3175	467
282	2074	71
1235	163	110
245	2319	63
278	21	273
34	2443	11
193	105	119
968	3700	327
1171	135	72
113	497	189
688	3803	56
512	3724	70
1620	619	72
2055	500	43
794	4829	411
1146	184	11
14	708	136
667	32	31
793	2851	301
2276	1557	71
1248	1138	435
506	3209	109
1454	5218	117
365	4498	44
65	1302	70
1504	3433	136
1480	251	362
1471	4838	70
876	2780	72
109	828	42
175	393	70
1094	206	315
777	3052	41
13	173	53
1205	859	171
1480	461	70
1737	1638	171
1926	1711	70
614	2110	284
172	5025	102
303	2079	91
391	936	360
278	3180	332
442	2287	150
1020	2754	302
634	2276	64
1950	2325	158
1137	2526	315
411	2911	88
1189	1034	69
1046	1975	56
827	1228	191
712	259	316
589	5536	55
892	732	212
1507	1023	97
1599	1711	70
1291	2889	268
636	1780	55
1135	452	88
684	567	332
570	525	46
1062	2407	4
998	469	34
693	2626	69
817	84	88
875	2433	398
2154	96	70
364	199	108
0	614	298
1233	1816	71
1138	3536	443
806	399	324
1540	1896	43
2014	3798	70
809	3377	55
303	3832	370
1144	2654	137
579	500	43
48	2845	42
673	1638	171
1134	158	456
1153	4567	88
1327	4016	104
1055	5144	70
1404	1249	11
591	439	9
807	803	71
1084	28	11
1420	1738	56
568	2212	70
352	2589	270
778	329	189
446	2636	306
1911	3281	363
1773	103	85
310	2559	88
1295	26	306
1986	330	55
961	5302	71
2071	1102	91
1173	159	11
97	4086	4
65	1822	136
481	778	142
1185	135	72
811	906	42
1942	1812	356
1392	4613	275
840	438	284
34	370	72
1282	618	71
1446	2612	205
1903	100	306
1649	3574	11
1475	4308	138
1539	894	37
239	805	56
368	1933	9
309	776	70
735	4034	110
1282	476	88
1137	2305	295
1773	851	220
1069	4244	277
95	2494	61
954	191	56
778	2593	70
792	620	11
592	244	94
92	2000	88
743	786	200
968	2568	11
733	4066	55
1141	830	116
2276	524	70
194	466	106
735	5020	103
707	315	31
765	1269	54
1411	765	77
753	4190	94
698	161	37
153	563	90
1379	1159	358
1884	1408	134
808	303	218
1958	158	456
528	297	70
310	2188	90
104	4742	391
1161	26	306
1026	2058	205
614	4856	284
1571	4782	184
2125	409	189
1343	1983	270
1085	4236	332
777	4948	55
845	738	453
448	182	114
169	871	72
1406	4398	103
1036	446	180
1244	1225	456
239	1063	72
532	1248	71
346	2147	136
1520	220	88
631	1653	353
154	500	43
559	4142	56
1109	3263	87
988	2925	11
2048	489	158
291	488	71
175	936	360
447	70	71
868	2739	31
467	1353	71
1316	927	11
845	3787	30
847	41	275
887	357	278
691	67	70
1571	4020	278
1596	362	70
845	3934	56
1400	28	11
969	2332	344
359	525	46
1019	67	70
280	654	88
1014	3963	104
1186	366	11
1600	531	72
652	2357	426
575	2052	71
1383	1653	353
503	1199	70
144	3044	40
1243	2536	374
1614	31	55
1140	3307	184
604	560	106
769	438	284
1045	549	76
236	621	55
387	5307	200
65	3511	136
647	3689	467
2089	1460	4
667	1653	353
1222	75	88
193	692	435
1310	484	71
1869	709	88
1146	1	74
387	1929	403
736	3216	71
353	4121	277
1545	3853	69
1410	1330	456
1003	559	32
537	2470	70
154	1072	433
191	1949	99
282	3137	71
664	115	41
861	210	360
536	438	284
803	1274	141
575	273	41
1150	2573	302
596	398	212
263	1750	443
466	64	172
2278	210	360
135	562	43
628	4046	277
31	135	72
1482	4758	199
107	3980	88
455	2972	71
789	1014	354
830	2245	432
332	1453	143
845	2076	464
1816	1711	70
1227	3045	158
1276	136	134
107	1019	404
143	759	56
424	34	55
885	36	137
1387	67	70
1317	4260	11
662	2660	141
1359	308	63
70	1853	78
565	3392	22
641	3	70
342	4295	142
1301	2301	31
153	2459	45
1519	31	55
1404	2891	42
104	1296	71
1087	3020	69
1205	4861	104
348	1998	11
342	82	12
1381	4800	11
1633	471	99
662	3971	71
30	255	284
1295	2955	70
4	1516	31
0	616	40
1445	138	403
357	1773	56
1299	26	306
445	2542	245
1995	3697	56
1150	136	134
113	144	55
1136	790	70
296	2693	56
873	89	81
954	3291	206
95	91	37
1385	4412	96
2168	2970	189
194	928	54
326	1672	306
2210	747	43
89	1450	74
778	3477	220
859	2708	205
1359	5491	46
610	4075	99
491	255	284
1601	91	37
296	4532	408
706	288	55
1110	456	86
197	3426	277
583	306	42
2153	4742	391
1817	317	233
1577	484	71
348	1491	205
1431	3761	465
1310	1014	354
1522	4382	224
78	436	283
270	399	324
179	256	302
1034	4419	106
293	75	88
984	1698	77
592	5370	94
1064	774	467
272	802	42
1307	589	88
59	5056	29
1356	2110	284
857	1765	70
2273	5584	32
1712	446	180
953	178	48
1167	100	306
435	1583	87
387	674	284
107	4426	405
466	2217	333
1522	87	275
1409	1078	42
422	14	385
508	3288	33
1764	864	302
548	387	401
820	2647	470
350	391	88
647	1438	33
98	555	2
1837	1296	71
2093	2630	392
394	826	88
402	4731	317
1295	1248	71
1139	5391	31
396	1118	88
936	1663	55
1019	3426	277
1174	1	74
1933	4823	71
2215	2055	452
820	1363	59
1038	2458	70
741	5002	358
1069	1450	74
1021	4736	88
506	2584	245
1989	2525	88
806	2115	88
1154	4988	362
939	204	69
1026	483	205
1980	2459	45
157	2567	31
429	3291	206
1138	1250	11
947	704	383
194	747	43
1787	796	38
391	1655	249
1148	977	56
1364	204	69
627	315	31
1798	233	81
485	538	54
114	3261	88
1102	1309	465
1073	3338	8
1562	330	55
773	182	114
1064	3219	340
2096	2293	325
361	2480	90
1464	1770	55
1611	213	332
310	776	70
113	3806	56
604	3597	54
51	3698	112
109	601	70
363	4028	43
583	2778	31
582	5245	358
435	28	11
673	3751	304
467	100	306
88	67	70
124	762	24
1056	2655	54
1103	2177	275
1052	32	31
394	820	70
477	97	69
135	979	112
608	12	466
1409	4634	56
861	1056	245
1230	4492	247
988	2255	467
1824	1255	302
1841	1261	116
489	4871	88
1187	144	55
1077	886	304
878	2350	365
1161	2327	106
548	3834	189
1773	2785	447
1531	3249	284
368	1536	46
1792	1838	23
1577	1852	200
1643	973	91
298	438	284
777	2984	113
1004	2889	268
340	4792	452
1068	1870	40
1687	255	284
1911	1431	306
1186	96	70
410	2179	324
1796	1707	67
435	2005	159
435	2057	71
77	954	30
1038	338	105
1174	1220	337
1028	421	142
2243	4622	277
416	28	11
882	1276	43
647	97	69
27	210	360
776	3641	56
1443	75	88
1527	647	43
1828	204	69
1971	67	70
1975	1536	46
1827	2536	374
497	1564	55
1480	4168	277
890	12	466
482	288	55
769	3033	456
497	658	302
58	4245	277
566	793	71
330	5490	39
1420	421	142
1900	1090	72
688	3002	55
2255	4158	155
331	28	11
894	4877	312
625	1062	456
541	1711	70
1216	4616	90
1943	1005	285
373	3380	88
69	399	324
349	204	69
382	1620	31
874	2368	70
1210	4808	453
538	87	275
1871	439	9
388	2502	205
551	360	332
656	1907	69
1010	291	362
765	4045	275
321	144	55
530	3861	56
399	1702	53
245	336	86
943	4797	284
1479	5396	42
1816	75	88
938	499	43
1252	780	452
1976	135	72
168	173	53
465	741	70
1342	982	56
794	4116	346
1695	1599	332
597	4090	23
687	1166	205
860	4406	43
677	131	144
662	414	358
1755	4060	69
1257	777	453
1325	4713	88
1297	312	420
598	4263	69
2220	562	43
895	567	332
1137	24	78
121	537	171
1394	747	43
870	3896	55
1176	4246	464
389	589	88
616	2081	27
878	4463	362
1188	3315	456
269	3473	231
1144	84	88
903	2820	72
1439	1670	205
1410	4925	452
1940	861	284
1031	642	363
1412	1665	302
1595	1968	88
108	456	86
1759	839	385
360	296	72
16	1538	70
0	2515	403
555	4601	33
31	618	71
1463	32	31
1038	4862	324
265	1623	56
1621	561	39
1586	75	88
1274	1967	317
25	806	107
1439	3942	369
1412	2419	403
549	1261	116
1343	98	69
916	1199	70
1928	376	53
300	778	142
119	980	72
730	446	180
813	4172	56
244	1004	302
285	4757	277
646	5240	456
1252	254	284
386	3282	69
14	254	284
193	1254	285
1809	2051	304
201	1026	53
1727	4484	120
118	177	96
1210	1045	205
1158	4066	55
332	4033	284
1972	2562	202
1440	4118	191
310	338	105
1396	96	70
1960	3319	72
587	1995	56
214	1078	42
1257	1218	184
1435	3053	23
646	524	70
701	67	70
2245	453	55
853	2134	284
1682	1984	11
1723	4634	56
1797	2714	32
195	2197	9
17	542	171
1857	4849	104
671	1978	88
1625	1017	374
1312	5254	189
449	166	40
548	70	71
792	2438	176
349	28	11
1181	32	31
566	178	48
173	3654	32
1059	341	23
403	118	21
1952	28	11
382	26	306
1353	335	32
524	474	88
1419	564	90
375	1838	23
30	3834	189
1728	2090	88
1287	1636	200
1757	321	189
1176	438	284
502	1768	47
135	2273	53
759	3487	88
587	2752	32
1471	4143	70
599	2578	340
175	2374	69
3	1361	72
388	5242	88
1948	2691	149
1502	113	71
447	497	189
558	180	452
1879	4611	72
552	2633	87
191	0	462
1847	25	108
1752	3534	70
901	713	103
1008	3015	111
140	755	56
682	39	71
146	439	9
413	840	39
674	2244	56
376	0	462
938	3806	56
1676	2413	200
1315	3631	88
1371	3989	302
153	1123	71
1295	4399	299
316	144	55
160	1262	72
1481	686	8
463	665	42
1502	1107	42
1383	2606	11
442	5408	77
1046	1963	53
688	2488	306
543	1056	245
1047	3114	11
387	1134	229
2130	4663	456
2245	4464	88
244	2068	56
2197	135	72
109	2120	42
407	1770	55
1159	16	42
54	5593	337
1409	94	55
1325	2760	302
287	900	41
524	3254	137
930	1743	315
1140	5288	385
1800	936	360
630	527	88
831	1034	69
369	3536	443
1234	1893	240
2085	3073	72
195	5067	277
713	3429	56
1267	982	56
1054	288	55
1514	1623	56
1506	3340	391
374	2484	41
403	2927	30
1151	1297	306
619	158	456
1370	4136	31
654	1017	374
295	1284	2
1811	619	72
2260	1345	88
1307	1210	93
1207	618	71
1150	1056	245
879	5329	284
390	577	9
813	438	284
1361	2026	438
1277	87	275
94	1766	55
815	595	163
1569	1330	456
634	2409	189
1502	628	274
340	139	252
409	497	189
366	2403	55
388	477	85
596	485	106
1236	2897	69
1472	2261	87
70	2971	302
1375	1073	70
1502	354	71
1419	26	306
1558	4398	103
1159	70	71
783	1276	43
109	1849	271
376	776	70
1480	2798	302
416	1469	41
507	994	284
1891	1812	356
1388	379	69
1443	491	11
1268	72	71
1034	1959	71
1811	5442	291
447	5325	332
1392	1011	71
615	1040	369
655	3880	74
510	2830	55
1135	135	72
1495	4912	456
302	3240	270
1144	1385	32
519	71	70
841	1697	197
1457	509	403
634	1757	433
1102	322	88
689	3897	212
938	395	184
1231	3388	450
1826	1062	456
256	1225	456
1487	655	284
1112	4759	277
1636	1278	96
1317	2455	23
1471	1562	24
1323	4752	11
1438	605	8
282	4777	460
674	379	69
1403	734	452
1322	4103	171
617	147	452
866	1626	231
792	1639	200
243	602	70
652	210	360
1359	687	88
296	4928	56
206	2258	88
2206	260	11
138	210	360
1211	1772	70
794	4766	72
644	739	385
1698	2197	9
1374	3412	362
1768	3963	104
2049	4710	69
690	3989	302
699	421	142
1007	499	43
1753	914	56
660	524	70
1327	3863	47
655	3568	96
166	2272	42
843	2603	472
195	1701	77
930	418	285
597	2807	23
108	1285	70
549	3926	70
269	2980	209
38	378	208
971	135	72
232	287	32
497	288	55
335	1075	414
167	4641	162
1966	3760	188
1337	1045	205
1743	4236	332
900	1147	42
1622	2047	216
131	2644	31
988	1445	81
135	468	294
1981	1308	456
1965	5312	363
1242	466	106
1404	760	56
1134	2902	452
381	158	456
1262	3057	81
187	2373	420
834	3692	51
212	1707	67
67	2058	205
1409	4607	315
1286	755	56
146	180	452
290	2394	275
1599	733	88
1317	3568	96
1847	117	43
1583	4904	385
387	527	88
1224	1507	315
1150	2458	70
2230	302	315
1359	3408	11
698	902	61
672	1330	456
1395	905	369
1933	1134	229
566	646	302
1310	22	273
107	1078	42
121	671	123
1243	2925	11
1530	1125	273
1243	1450	74
1501	100	306
1319	100	306
51	816	225
168	686	8
1067	3056	88
1428	4624	405
667	471	99
1174	1686	71
1251	227	71
67	734	452
2003	277	353
1905	1873	42
1188	321	189
2242	28	11
1402	1360	81
624	587	69
1617	215	275
1480	658	302
1144	4774	42
1217	4050	171
493	2693	56
98	1164	137
846	3345	77
1950	2215	472
776	2888	340
1547	115	41
1502	1401	352
1412	4663	456
76	2393	302
524	1450	74
153	3736	55
1681	1495	245
402	3442	317
246	1322	54
558	139	252
1334	604	136
503	67	70
361	2978	88
256	2342	317
2083	1660	138
1454	1816	71
2067	1962	70
385	5322	141
310	84	88
1384	646	302
1707	2399	54
496	3779	352
246	5338	70
68	20	1
424	242	72
157	1695	88
1583	1825	43
1365	1899	70
1234	846	290
247	1270	55
14	3426	277
98	548	88
40	562	43
933	1330	456
1151	4756	270
1115	1136	42
1463	44	275
1343	1709	408
745	204	69
674	1125	273
197	144	55
3	163	110
628	3743	42
1247	4797	284
616	3641	56
1035	76	90
1227	3269	86
387	1152	198
1279	2106	275
234	3431	56
682	3860	112
881	3262	87
1051	3221	205
684	262	270
1525	609	172
318	2819	11
1993	1095	395
1653	1676	385
132	4426	405
395	4250	56
625	776	70
1410	213	332
1442	5266	114
269	690	56
1924	4110	404
881	723	88
269	5107	129
1685	576	104
1232	116	306
515	1420	8
470	453	55
62	2744	70
1752	4462	480
1442	273	41
1119	12	466
1222	752	55
413	639	11
2259	1224	357
2234	204	69
1125	3179	285
163	2	11
1499	438	284
422	1694	71
856	620	11
218	1781	55
353	3326	191
788	957	43
636	26	306
2254	613	112
1545	618	71
635	24	78
1369	293	362
935	2331	368
530	834	71
1879	1072	433
1196	4359	44
1698	1836	71
2079	1319	294
69	1078	42
1320	1623	56
1023	1907	69
1343	4578	69
1759	399	324
706	4775	284
719	471	99
196	3678	72
774	567	332
690	3127	467
927	2336	472
1160	782	251
107	752	55
515	5	159
476	2757	43
482	5261	284
1295	4133	74
2281	2181	78
1841	2627	56
1030	3184	205
299	4681	277
74	3528	362
1930	1145	32
278	2581	74
1142	291	362
198	3493	11
1483	75	88
1864	2055	452
107	3004	87
826	1297	306
711	175	103
1151	4823	71
398	312	420
326	3872	136
43	206	315
925	322	88
686	276	315
1861	2177	275
690	760	56
80	358	55
634	487	245
1126	2646	275
558	488	71
1094	2430	96
224	2259	250
107	215	275
1850	4461	184
467	676	77
1304	204	69
425	2777	5
417	221	181
264	446	180
436	1352	70
269	633	69
734	289	339
1564	4968	43
662	3426	277
1004	71	70
1436	567	332
1418	3289	403
388	1276	43
180	26	306
1600	152	70
1174	818	446
1168	395	184
757	1521	88
2317	1941	201
673	1003	302
65	352	77
158	791	230
110	192	42
512	3730	24
131	4412	96
1298	408	71
1215	635	106
459	206	315
1317	771	88
26	51	306
841	123	104
257	717	106
783	166	40
1154	499	43
2004	517	362
579	635	106
359	997	69
881	782	251
0	763	142
459	1693	88
1648	31	55
115	4197	277
506	2914	90
1158	844	369
185	1159	358
798	28	11
206	1695	88
456	2139	31
1208	1848	154
2173	1542	55
2210	760	56
1748	1998	11
1016	1475	250
305	3250	39
1067	4850	277
512	229	69
579	4284	171
1221	2943	46
369	468	294
413	4831	11
637	3274	9
1335	97	69
98	4021	55
1343	2139	31
674	135	72
112	182	114
1054	28	11
694	4843	56
1154	297	70
129	438	284
466	3694	87
818	5281	171
1237	4896	47
1097	4388	56
2220	820	70
1095	874	72
30	100	306
1702	3426	277
316	2211	31
613	3791	24
488	4560	277
336	1462	72
1083	341	23
1159	3116	171
540	3861	56
700	2911	88
39	5044	9
488	4847	109
1211	2977	208
1842	3903	292
1990	3249	284
1414	1983	270
1463	2347	347
331	755	56
387	1253	284
1051	4050	171
1556	138	403
964	1585	285
334	4326	277
1252	727	112
105	164	11
70	4691	69
894	2000	88
1348	3200	71
548	5162	30
500	843	39
1482	435	302
1887	4197	277
968	26	306
392	125	303
1168	4296	270
516	1250	11
562	2201	41
743	91	37
1570	3600	70
1106	747	43
1	468	294
711	593	111
1547	1296	71
108	1	74
1928	2262	85
5	2919	212
1247	1998	11
798	1037	397
1181	4428	30
2201	213	332
496	3715	184
350	1502	71
1419	1045	205
667	180	452
628	5188	51
1325	4789	362
138	3398	425
1343	4015	63
717	158	456
698	1718	11
204	2258	88
1791	1062	456
1826	4697	450
1671	495	112
384	378	208
1727	4530	69
198	820	70
813	3017	69
1876	71	70
338	254	284
727	1550	71
2116	291	362
1497	1273	166
310	768	106
997	4368	142
1783	2297	157
1580	419	189
1356	1803	11
1547	2497	365
515	1345	88
399	315	31
1187	1108	88
1026	1059	456
949	2389	88
204	3767	23
51	75	88
173	3988	8
1283	3880	74
2002	4843	56
61	742	71
1515	413	70
50	1276	43
797	4376	271
845	1174	414
1343	4291	39
735	4398	103
929	928	54
616	1435	33
1893	297	70
1188	2255	467
1207	1225	456
409	447	332
1485	5063	56
102	2685	71
1412	1422	71
687	1159	358
1402	4618	104
61	310	124
2184	10	275
2230	4328	11
1235	1544	245
850	2792	354
886	639	11
1576	723	88
1662	616	40
584	1610	19
364	2175	10
1194	255	284
1097	4030	11
886	5	159
511	700	71
604	2950	191
129	399	324
1295	251	362
924	1171	24
281	1045	205
1716	5451	11
1409	305	71
1057	291	362
565	301	70
50	2319	63
879	438	284
91	2655	54
96	1682	9
552	2646	275
225	3044	40
837	4875	294
414	8	474
2070	455	69
45	223	294
1890	3537	452
476	1042	69
1456	979	112
328	1710	56
911	981	55
2126	2922	184
935	1495	245
1484	1653	353
271	1178	62
1678	1230	275
424	2676	42
1419	5262	70
1418	2348	257
685	632	270
957	421	142
1173	138	403
863	137	78
1859	471	99
2033	2728	110
1153	138	403
1136	3724	70
730	1935	71
264	226	102
792	2076	464
1522	4996	56
1119	1182	205
1773	2028	157
938	522	56
776	562	43
910	1095	395
1906	620	11
1486	188	201
2086	4050	171
318	3622	11
305	357	278
516	2248	72
1276	4398	103
331	932	76
691	2296	78
735	2714	32
507	4424	96
448	1056	245
879	16	42
1283	2022	179
422	330	55
2005	1876	55
1632	1047	205
911	4011	369
1221	28	11
761	1198	55
190	4968	43
1242	475	56
185	507	358
357	1608	9
827	3369	42
2179	1358	70
1785	2529	54
1505	1095	395
395	986	284
517	1550	71
1268	2090	88
1066	4491	77
1214	1855	53
787	780	452
826	500	43
158	1686	71
227	833	69
416	376	53
702	901	42
516	760	56
2267	28	11
512	605	8
850	572	46
38	2695	291
83	1902	54
283	5568	33
337	230	71
348	1492	240
1475	235	47
1691	2359	236
913	514	40
277	1	74
1194	26	306
168	25	108
453	204	69
952	2121	91
875	2894	443
200	1153	96
2052	5174	56
176	894	37
516	1582	72
150	4667	55
1501	627	173
1380	2606	11
1058	2938	33
32	145	32
625	484	71
216	1836	71
1118	572	46
599	1248	71
129	996	56
2091	500	43
688	1248	71
998	4824	93
1851	3143	88
460	224	110
1060	4420	284
380	26	306
1055	378	208
1505	89	81
1179	4407	55
976	771	88
1902	3198	30
1211	4927	162
898	639	11
247	1005	285
902	2556	456
1277	1670	205
359	4739	9
331	311	41
142	4687	116
603	1056	245
1752	5078	189
496	3777	70
810	2526	315
387	5400	142
489	1415	88
160	4756	270
241	2303	358
1251	1461	403
436	654	88
1259	489	158
535	2389	88
59	5222	29
244	322	88
2315	1225	456
1650	2087	270
901	89	81
1135	2324	186
298	778	142
1479	158	456
1635	2995	443
519	1438	33
185	953	275
587	660	71
216	1050	31
101	453	55
1148	4567	88
3	2251	20
2319	255	284
390	315	31
553	3701	70
341	1824	43
1867	4370	9
154	4380	23
395	71	70
2041	3426	277
2045	1250	11
862	28	11
1409	342	32
1050	84	88
1700	14	385
89	620	11
2278	2076	464
399	3426	277
158	19	88
562	620	11
1869	318	56
155	2407	4
1187	91	37
1234	1492	240
1042	360	332
0	2517	91
980	1432	213
1003	3383	302
788	162	31
1051	3646	205
158	3737	119
1080	2627	56
1406	201	55
1350	5450	90
1027	952	69
858	135	72
764	204	69
1354	191	56
1962	4311	171
1064	5177	383
1310	2661	70
1759	3728	9
558	71	70
1583	1095	395
1115	4205	55
30	204	69
2013	35	43
544	84	88
51	173	53
1325	297	70
1770	3970	337
1269	3699	46
2108	2612	205
1685	4603	82
1158	2980	209
935	91	37
1882	244	94
1187	113	71
1422	1663	55
2014	1695	88
777	748	42
4	0	462
465	1067	332
1095	1397	246
954	3541	184
369	1569	232
1745	2627	56
395	592	41
395	1675	72
1324	5023	294
846	2198	5
1856	654	88
1002	98	69
719	3009	85
1167	5226	273
668	855	148
548	362	70
1457	1019	404
1031	271	55
869	4515	47
114	1134	229
270	123	104
372	1909	71
197	4834	69
1299	541	395
1058	3324	300
1376	658	302
192	1069	69
2219	1635	336
2089	2241	84
2274	6	77
1066	1676	385
162	4050	171
761	2344	56
833	913	352
1523	627	173
1527	20	1
1602	3933	55
1505	1541	111
687	2818	456
1382	5304	72
1173	5336	270
435	2004	106
266	435	302
454	2129	106
93	349	136
227	3042	24
375	1594	41
650	286	306
724	3015	111
1061	96	70
2192	3429	56
1023	2729	43
1750	16	42
1003	315	31
1295	4447	55
794	935	112
1015	4041	70
2214	5336	270
489	2092	88
380	1523	270
1750	618	71
1074	105	119
1324	4872	275
1647	1538	70
1160	2812	71
1403	5460	81
828	261	317
1047	1706	85
616	4542	85
850	2385	479
39	5132	70
1218	322	88
91	2788	56
704	697	332
1976	1191	91
1695	3937	56
1070	4376	271
950	115	41
772	877	72
725	1670	205
318	2858	56
2282	1957	88
1234	5228	72
828	1114	120
1583	5333	346
212	276	315
655	1468	395
1833	2151	214
1454	3276	98
1685	1670	205
2201	71	70
1531	180	452
1177	1734	40
1718	163	110
359	809	42
566	326	42
1261	2636	306
2047	1142	294
827	1446	39
724	358	55
96	3556	11
1773	115	41
1067	567	332
706	1595	283
1394	96	70
1307	1845	162
1602	576	104
1277	3301	339
318	2445	88
1186	1113	456
1083	3938	88
646	1876	55
418	1451	77
1931	3500	88
2201	395	184
564	4197	277
1784	835	311
516	2299	70
1351	1557	71
24	2970	189
1800	210	360
475	3106	137
1379	756	403
2054	4481	267
969	854	70
354	176	11
790	1284	2
514	914	56
2104	196	42
619	2777	5
875	630	166
1685	2350	365
2183	5064	69
888	67	70
1020	24	78
536	4050	171
264	4222	309
1211	2314	270
2179	567	332
903	374	54
313	3005	448
7	315	31
2296	100	306
2249	2326	212
772	469	34
1607	75	88
930	3146	257
506	1294	373
1685	4193	277
1582	4054	41
899	2616	32
1231	1463	88
1969	210	360
669	2401	15
1843	2217	333
1364	67	70
608	2080	90
2119	3628	411
353	2375	42
1550	815	11
1465	2132	189
1008	210	360
1449	3095	80
2128	1985	5
2022	1259	259
105	579	65
1600	71	70
1356	4191	91
929	5183	95
558	665	42
2065	605	8
833	360	332
144	3553	31
1577	81	33
2002	163	110
211	2288	88
1394	5496	136
149	4430	75
362	616	40
863	3906	32
797	28	11
1369	52	362
86	110	42
2282	1557	71
1854	567	332
162	298	363
1624	570	71
1644	117	43
1329	1066	88
670	2844	270
1383	210	360
884	4296	270
2003	1653	353
172	82	12
1311	944	164
451	567	332
239	1154	43
1194	700	71
368	911	180
614	3989	302
90	938	88
887	1153	96
1364	97	69
2255	81	33
315	872	72
96	1409	11
1422	3185	141
677	54	55
1104	91	37
639	5498	306
150	4407	55
349	1102	91
1823	1209	306
155	182	114
1247	113	71
1281	3868	70
59	1225	456
428	103	85
840	4263	69
1336	1216	337
1049	1226	317
653	1614	37
960	966	90
1216	3732	198
875	115	41
616	743	360
973	76	90
1839	4604	127
634	4921	332
150	476	88
1067	514	40
559	1747	306
564	4332	91
939	3390	273
580	2182	69
965	213	332
804	1345	88
748	1194	88
337	522	56
2089	844	369
1855	84	88
730	4501	47
1215	5501	72
2263	1907	69
1847	1415	88
489	3958	71
372	855	148
357	2491	113
2045	5293	9
512	1689	56
772	1460	4
279	4226	88
1911	439	9
1050	298	363
1152	1409	11
1017	4410	302
366	1696	54
1211	4450	88
239	1296	71
297	786	200
459	567	332
1319	475	56
1621	1619	306
482	1409	11
706	743	360
1477	2301	31
239	873	72
1404	700	71
1383	4422	290
445	569	11
850	615	270
379	227	71
183	26	306
1152	1142	294
672	1676	385
2255	28	11
861	67	70
1186	3953	452
429	5388	42
588	4047	66
954	4398	103
70	1538	70
1038	1527	11
431	2770	31
646	435	302
1595	120	88
1167	457	73
479	3071	415
979	71	70
1833	2270	43
1671	5250	464
143	982	56
1301	2337	462
95	97	69
1613	390	88
1548	3088	231
636	3328	11
1952	727	112
1723	1013	34
1590	450	88
1210	3243	42
314	4038	277
1441	321	189
999	1208	88
820	366	11
66	360	332
1138	362	70
211	4800	11
542	2327	106
1506	642	363
424	5568	33
37	666	23
603	3496	259
408	5157	136
560	210	360
305	816	225
1051	2366	205
1723	2121	91
56	279	119
178	4142	56
1222	1081	374
1454	1686	71
1903	692	435
944	2277	23
926	585	11
158	151	69
1049	97	69
298	1435	33
1681	1078	42
1585	3583	77
1136	4592	332
1332	723	88
1817	1289	42
2119	841	56
596	5350	294
1418	552	231
968	576	104
1265	5021	72
297	3827	205
1049	919	191
1522	144	55
568	942	112
1103	26	306
953	747	43
885	842	371
1427	1458	363
1465	1557	71
1142	293	362
1295	5456	302
761	5397	40
994	4711	385
667	774	467
761	1728	96
1559	3059	56
790	2997	23
192	1909	71
241	1064	377
403	469	34
1066	2829	56
102	3056	88
91	3976	362
1031	972	115
4	196	42
813	4838	70
994	2560	205
911	28	11
797	184	11
206	224	110
691	2683	4
154	4833	91
1948	4649	42
2014	362	70
660	2336	472
1132	1695	88
73	607	42
309	1102	91
367	4397	363
1226	1199	70
1927	2955	70
1002	358	55
1691	1250	11
59	2737	28
1291	1182	205
741	518	70
1064	1215	88
1467	378	208
1518	4132	343
363	28	11
781	766	77
1404	297	70
388	4263	69
845	135	72
1738	4978	433
1071	1434	31
196	3028	54
624	1826	42
1311	4559	94
1864	4844	335
1671	2076	464
1613	204	69
1409	4897	277
358	1156	9
473	1402	72
70	3732	198
272	341	23
1874	2708	205
1424	1745	77
70	305	71
1067	2492	240
868	1100	238
1246	3410	306
698	605	8
1567	4028	43
78	2304	17
138	760	56
451	3540	184
1586	221	181
570	26	306
1415	1444	72
875	620	11
543	714	31
85	5526	358
49	238	23
1743	112	70
1728	2025	306
1291	4910	102
1052	1008	259
845	1553	33
1382	1309	465
1299	113	71
38	1153	96
489	28	11
833	5227	456
614	2561	24
375	4234	403
710	1536	46
1849	2332	344
1906	2443	11
860	763	142
1275	5542	380
272	1281	23
116	100	306
1983	747	43
65	1106	31
235	603	54
1406	1250	11
1191	1657	147
110	1321	54
168	2111	324
140	115	41
383	96	70
1591	3864	319
1301	338	105
278	175	103
850	585	11
735	763	142
396	4407	55
662	1239	71
1491	994	284
107	929	226
1692	556	324
613	1608	9
1042	5220	162
229	1315	109
513	2404	82
1207	204	69
973	619	72
1077	2134	284
699	1938	11
1413	5582	478
121	672	119
1315	188	201
2235	4212	43
280	1135	302
1691	982	56
524	182	114
1567	928	54
236	26	306
1050	3102	283
452	482	71
741	5142	87
2181	297	70
1383	846	290
482	994	284
1213	190	43
1058	1851	52
542	1626	231
246	208	31
1367	3703	266
467	4028	43
1182	471	99
285	75	88
179	4752	11
26	201	55
90	482	71
997	2832	88
1525	2360	103
954	2415	56
35	180	452
1133	646	302
788	1650	88
1462	4085	55
375	1423	42
1548	3094	332
2070	78	352
1502	951	69
887	806	107
51	3094	332
1081	802	42
184	4977	70
1761	760	56
263	1241	413
845	2755	284
1058	67	70
43	4607	315
2230	4872	275
479	3396	462
524	1976	86
898	1285	70
522	81	33
497	2081	27
682	1227	184
1419	1257	72
393	2627	56
1383	3849	368
158	4153	95
1458	3219	340
1845	4891	43
1102	1821	463
1441	771	88
1831	3695	23
564	3005	448
1213	883	56
2085	2075	136
285	12	466
1267	621	55
79	3441	317
1400	97	69
1614	3671	302
63	1711	70
432	138	403
994	170	11
1471	210	360
1527	528	251
1972	616	40
224	519	88
890	2897	69
1217	4025	363
1224	2259	250
524	4859	96
1636	1838	23
363	1566	32
1010	2064	72
1440	1606	72
1263	179	77
1776	3192	88
1	1	74
1962	94	55
1186	749	69
27	914	56
61	313	118
1324	5325	332
2042	625	55
958	1144	94
1091	4289	317
1307	646	302
1066	2548	290
561	84	88
65	329	189
1246	1196	88
679	620	11
1087	3342	70
184	0	462
1946	2521	422
797	497	189
376	201	55
978	721	88
1643	113	71
81	912	179
1225	4406	43
777	230	71
263	774	467
1566	791	230
1517	4618	104
1317	2320	70
1510	245	54
1051	537	171
436	97	69
1537	894	37
387	1311	457
1329	397	88
506	2243	467
1388	2313	72
1578	4398	103
564	3108	74
506	1059	456
153	75	88
1316	855	148
2301	567	332
1185	417	306
2145	1075	414
14	500	43
1301	1182	205
1248	782	251
432	1050	31
743	4426	405
1826	3180	332
395	1597	69
1609	251	362
1913	439	9
547	2233	400
566	161	37
93	361	70
1215	5524	9
1743	317	233
1066	221	181
1217	1586	284
1379	36	137
21	404	32
2178	1734	40
426	955	40
788	3143	88
1522	708	136
1008	1274	141
954	2262	85
152	339	55
968	2803	11
1876	1901	332
778	5000	209
1145	532	41
411	453	55
1249	3347	31
639	321	189
1107	4396	65
733	2086	96
1159	890	136
619	1576	72
944	1544	245
1851	213	332
687	484	71
1235	1711	70
875	839	385
1692	5028	114
1028	1450	74
2091	760	56
1497	620	11
208	5482	138
2217	2419	403
790	624	88
899	259	316
7	276	315
1562	1879	96
596	2823	55
1128	743	360
1143	760	56
1583	4449	212
388	4748	323
2158	4974	8
1280	695	369
395	658	302
245	2879	403
373	91	37
2295	734	452
93	38	142
265	3553	31
30	492	14
489	979	112
431	865	72
742	26	306
1243	139	252
2242	386	200
1973	488	71
1560	1056	245
1181	887	70
307	3667	88
960	1100	238
1352	1580	208
208	766	77
1583	536	11
1382	835	311
995	347	70
450	1498	456
1354	576	104
575	100	306
1223	855	148
1273	180	452
262	387	401
388	3470	32
742	24	78
743	791	230
684	3195	9
1327	312	420
1359	2635	72
185	190	43
1861	360	332
1133	70	71
450	1636	200
708	3548	143
62	819	39
2	87	275
1290	4815	83
742	4548	88
1021	4177	9
331	2183	54
746	271	55
92	522	56
132	81	33
752	1578	11
701	738	453
634	3844	88
1483	3191	69
1949	3606	441
929	1429	54
375	1900	284
1131	1612	212
23	1641	72
482	763	142
2028	84	88
53	771	88
1257	3095	80
672	24	78
716	914	56
1366	642	363
92	4322	11
1277	188	201
1136	4345	9
1298	446	180
487	453	55
113	3752	88
1234	24	78
961	4614	42
705	1098	448
1604	3182	11
157	2438	176
833	4660	184
1792	1579	208
1601	1019	404
1269	734	452
759	760	56
395	1667	324
827	809	42
395	4055	56
1159	618	71
1092	1297	306
77	147	452
224	559	32
584	4031	233
609	696	56
671	399	324
489	2719	23
489	452	88
18	953	275
116	3744	284
373	4291	39
436	1841	69
1376	100	306
336	296	72
350	576	104
310	4633	70
580	2875	452
234	70	71
1064	900	41
1144	271	55
1848	4109	112
596	399	324
236	835	311
1038	1510	194
54	4038	277
1671	191	56
1179	567	332
1579	5411	157
1008	481	69
1095	234	31
1325	1696	54
2086	385	31
2071	5595	172
756	811	21
873	2594	9
1575	2353	65
1139	2836	42
1738	840	39
806	1372	70
1052	1303	77
797	3710	271
1257	1379	472
523	100	306
424	1551	71
625	180	452
1297	3508	88
256	75	88
224	75	88
794	391	88
1680	994	284
2223	3613	88
1791	135	72
357	210	360
1529	641	476
76	2522	55
1309	3033	456
1394	982	56
597	254	284
823	2271	42
1134	182	114
1341	1309	465
583	589	88
1200	497	189
376	4004	43
297	2500	205
777	944	164
809	1695	88
870	2395	40
459	1538	70
1307	1816	71
1277	1660	138
1228	484	71
2224	2659	106
435	782	251
1554	97	69
326	3871	30
77	3520	32
723	305	71
1476	1248	71
96	271	55
9	3846	385
845	4398	103
1062	4274	72
2002	2527	448
481	2695	291
1220	2478	88
946	310	124
1064	0	462
596	977	56
397	385	31
1481	2820	72
350	1503	70
211	2081	27
522	1269	54
1563	571	47
193	1899	70
2093	850	83
1677	4613	275
1124	834	71
1886	4232	46
1480	3939	277
1564	2938	33
331	1431	306
258	5193	277
903	255	284
865	2378	456
1310	3426	277
678	1142	294
82	161	37
553	1384	56
1947	3360	362
1095	4223	88
789	517	362
208	3321	142
191	1176	88
996	4276	245
586	26	306
1176	204	69
366	324	55
804	204	69
1037	276	315
1378	3819	183
1375	317	233
1140	438	284
269	338	105
1138	32	31
1396	4373	464
1186	358	55
2183	220	88
2065	276	315
1444	3433	136
1299	1318	24
1160	2175	10
1568	2646	275
388	1648	88
1797	1518	70
1750	210	360
158	97	69
518	1450	74
945	96	70
693	1253	284
1469	175	103
1086	1902	54
1449	1385	32
1015	808	41
728	706	28
587	3767	23
1105	1885	327
899	1342	317
612	117	43
1691	4973	240
1034	4705	70
870	4132	343
360	4301	364
1023	3426	277
690	67	70
821	317	233
656	2173	13
245	4385	54
272	4921	332
61	1837	71
2086	3270	376
1924	4513	399
381	1059	456
1739	67	70
67	467	77
1514	210	360
1744	769	312
858	399	324
684	97	69
1301	835	311
83	3341	275
968	1095	395
275	1798	72
1431	329	189
227	1174	414
165	1220	337
573	14	385
1576	0	462
482	756	403
38	1139	336
1531	2978	88
107	5009	417
1101	1977	86
2198	1911	116
1412	928	54
587	317	233
3	277	353
104	497	189
885	593	111
756	500	43
1169	484	71
1450	747	43
2246	2522	55
107	3010	142
1449	971	42
674	2458	70
875	4453	205
2087	1216	337
1016	1711	70
557	842	371
472	435	302
348	67	70
582	2730	11
1314	180	452
622	1956	143
1194	527	88
1357	32	31
211	688	55
1140	3903	292
1339	859	171
391	1653	353
1181	2165	356
1375	2325	158
618	4125	349
823	24	78
135	1097	88
1152	978	77
362	840	39
688	3888	104
1086	2573	302
906	3002	55
402	2247	73
482	1256	90
2317	1013	34
1808	1105	451
1153	2073	9
1882	100	306
272	84	88
339	4888	113
521	1560	56
193	28	11
402	3970	337
405	2774	55
586	4027	37
1381	2700	136
232	179	77
1081	1466	42
596	323	37
2205	1045	205
1540	3042	24
515	605	8
40	2000	88
1186	1294	373
1289	315	31
1001	3099	88
581	2676	42
803	98	69
560	100	306
1556	4032	385
776	3736	55
1317	276	315
388	4556	171
1122	94	55
135	93	275
2288	2789	358
1481	776	70
25	86	23
704	344	136
1933	202	315
1295	1511	404
969	1555	285
118	2821	348
497	1005	285
204	0	462
1188	1695	88
807	1340	142
126	5169	452
191	500	43
960	1164	137
1529	28	11
90	560	106
1512	96	70
257	2972	71
528	1786	136
489	354	71
1362	4939	72
954	709	88
1187	747	43
1187	3801	112
880	5332	43
1244	763	142
448	3373	55
1965	1030	259
1455	100	306
617	276	315
92	354	71
114	2606	11
1120	297	70
509	4119	32
951	4453	205
395	2743	69
1638	517	362
1095	762	24
1153	1829	55
1154	3088	231
201	4788	48
167	524	70
1543	1045	205
1314	3127	467
1559	339	55
1159	4831	11
66	2939	297
359	1504	385
892	3426	277
1526	4736	88
1512	315	31
945	227	71
786	3253	70
1323	4263	69
330	1480	53
1193	3253	70
387	3460	456
1154	5162	30
318	575	62
686	4055	56
435	4601	33
288	2068	56
258	3939	277
1494	5424	138
927	909	272
988	204	69
620	2221	87
306	399	324
723	1961	63
2116	4461	184
886	1681	205
9	447	332
2058	522	56
1325	977	56
314	1385	32
1296	1650	88
762	71	70
91	3228	91
1965	2087	270
279	1809	83
559	3070	31
674	2050	93
634	170	11
413	2937	358
954	1683	71
349	144	55
2123	1105	451
368	709	88
200	97	69
418	1331	41
1097	4240	11
1130	1180	391
168	2961	149
1759	32	31
334	243	70
216	760	56
2079	1195	70
565	233	81
1618	4538	427
2230	193	332
367	3762	306
1090	3941	184
1083	75	88
339	1043	16
109	2477	119
353	760	56
20	26	306
529	1377	370
694	2395	40
1218	5033	88
1798	1296	71
1177	5039	317
291	1145	32
1067	2437	119
1911	3855	72
1750	413	70
1016	120	88
1428	1271	42
1502	692	435
688	2219	77
2273	658	302
1053	3419	24
13	25	108
1146	2504	64
431	67	70
690	961	88
1356	1398	106
1635	500	43
1911	3504	70
688	590	88
1220	362	70
1194	84	88
107	2172	404
1502	363	275
1410	1606	72
1961	2336	472
1301	3785	462
654	977	56
2246	806	107
1698	399	324
165	1343	136
1167	590	88
836	135	72
1198	204	69
1710	1191	91
1410	262	270
1562	5177	383
676	2888	340
185	157	275
369	35	43
1634	506	403
899	873	72
1712	666	23
373	1577	213
652	1632	119
1526	2056	52
688	866	72
481	2681	77
33	1752	441
999	317	233
1762	28	11
890	144	55
1211	69	112
58	301	70
694	500	43
254	2102	423
983	3691	277
1243	945	112
188	968	71
1124	357	278
246	3079	55
2224	1269	54
677	776	70
672	1203	458
1173	2804	11
903	3714	55
783	3271	63
157	891	53
1461	3918	70
1624	514	40
2018	3934	56
1971	288	55
1678	4769	373
822	1	74
1561	1017	374
1053	3691	277
376	1067	332
359	3462	70
827	191	56
593	395	184
850	3081	403
1211	446	180
565	538	54
786	4551	103
2038	1550	71
1356	3519	395
260	1175	88
1328	32	31
436	297	70
509	4136	31
1026	620	11
944	3172	452
51	3688	88
491	395	184
1587	928	54
1533	2909	56
1204	2198	5
1861	1462	72
1023	3002	55
164	30	32
1205	5341	9
646	2197	9
1402	226	102
1222	561	39
192	3378	41
1799	2310	55
2105	2810	205
1498	4283	31
1566	766	77
1058	4530	69
954	138	403
316	399	324
1247	1907	69
1781	827	275
1816	1193	115
1587	271	55
1317	4981	315
1186	2712	69
56	672	119
66	2360	103
905	2406	31
1471	2748	184
1311	360	332
2172	37	142
1737	4935	405
113	1654	332
1424	421	142
1485	4891	43
1850	17	267
1779	1981	332
1038	1045	205
1598	206	315
1296	2518	43
1312	5404	88
1093	173	53
276	1017	374
790	2651	69
892	44	275
1542	220	88
173	1766	55
1387	1711	70
1753	839	385
1046	4634	56
248	4140	43
1441	329	189
906	1330	456
508	4492	247
856	75	88
431	3564	56
529	957	43
586	4905	103
515	1500	70
1331	1458	363
1350	24	78
73	2286	70
1011	567	332
1611	2803	11
331	3474	69
180	909	272
539	2926	54
995	4222	309
1257	2682	472
761	3620	33
451	73	423
1020	4121	277
1336	399	324
875	68	70
285	4120	277
1152	982	56
502	75	88
1198	723	88
113	780	452
1515	588	88
960	2458	70
613	3980	88
1344	161	37
1676	2963	99
1144	2751	33
399	5004	24
1472	1907	69
1528	1074	11
1781	4389	315
639	621	55
655	251	362
639	2455	23
282	1073	70
1514	2519	403
2022	1459	259
1525	14	385
1812	1142	294
735	4031	233
688	2212	70
788	469	34
786	469	34
2199	1210	93
1409	1358	70
28	1734	40
333	1460	4
1319	5405	96
1246	4293	43
146	2902	452
435	635	106
105	1156	9
360	1537	284
989	4549	411
218	1891	71
768	329	189
153	865	72
482	2095	231
44	2708	205
998	1562	24
640	1181	377
968	2454	56
1218	1681	205
1248	4874	63
178	3279	136
256	2343	56
1493	9	385
385	355	55
1546	1771	212
353	727	112
2115	1220	337
50	5564	363
1154	1470	72
304	1209	306
1096	2408	9
503	2894	443
256	321	189
1621	4281	39
836	469	34
1647	813	445
943	3691	277
489	3313	88
360	2469	88
1450	139	252
482	1665	302
244	4748	323
1309	593	111
936	2877	284
1976	776	70
2055	517	362
28	2258	88
972	692	435
2256	84	88
562	1033	53
998	1	74
30	2789	358
1130	322	88
1054	4772	77
1024	580	50
1188	4254	452
159	4299	55
1448	616	40
269	1321	54
2146	5351	451
1859	1816	71
996	497	189
1579	1042	69
59	1949	99
1322	254	284
565	28	11
185	1631	70
489	784	72
1575	4456	88
1359	2830	55
1407	446	180
1406	3997	72
558	1233	106
887	747	43
1434	76	90
1784	1612	212
1298	4751	93
1066	3897	212
1120	28	11
1798	75	88
1480	2799	284
194	1000	284
929	697	332
1753	632	270
298	120	88
1247	438	284
1268	96	70
1067	841	56
1483	3056	88
1130	1559	86
113	639	11
880	803	71
2118	4637	347
2210	4554	43
389	538	54
1247	84	88
855	81	33
552	1030	259
2251	3766	416
90	2560	205
150	2369	56
2245	518	70
2016	26	306
1501	71	70
1186	448	452
1811	205	187
1535	703	82
297	3220	115
509	3019	31
309	753	41
429	175	103
247	2219	77
960	795	106
43	1738	56
1412	1385	32
1344	1670	205
1469	84	88
194	4756	270
308	1391	104
777	159	11
185	2717	217
819	2058	205
254	291	362
256	4181	184
635	2151	214
477	1631	70
827	2287	150
350	71	70
1060	654	88
2076	4472	294
840	1283	5
1855	4003	33
955	1625	71
67	2575	144
699	1655	249
1885	632	270
606	135	72
81	2776	189
1944	1660	138
653	395	184
109	1098	448
597	1951	23
29	471	99
477	462	69
740	3599	70
79	1339	71
1677	4810	420
752	3573	189
706	3386	42
1647	474	88
1649	492	14
1038	399	324
1566	251	362
754	2389	88
557	1579	208
619	3649	205
880	4031	233
619	84	88
216	4554	43
2185	618	71
316	2352	84
1378	696	56
387	5366	434
701	758	332
269	239	42
1438	303	218
1975	220	88
58	607	42
1356	4913	23
16	2653	88
1194	4996	56
1428	354	71
1218	226	102
323	3697	56
791	4595	88
1360	31	55
24	366	11
1877	2000	88
833	4242	184
431	1724	41
1471	4301	364
395	763	142
788	1583	87
1234	2929	242
1075	4146	55
255	1590	303
1491	642	363
520	2762	158
403	3426	277
335	4197	277
1614	610	284
540	161	37
1847	2046	55
899	75	88
562	796	38
1965	1253	284
1448	1547	184
690	507	358
191	4408	111
236	16	42
1865	2889	268
1380	2162	284
1579	4927	162
408	2418	112
156	727	112
329	1252	72
846	96	70
2052	244	94
763	83	189
1659	3530	284
1616	704	383
1965	5473	259
1066	32	31
609	69	112
1248	914	56
1280	5215	102
1985	872	72
1053	141	56
1961	1013	34
240	499	43
500	2354	56
1864	3035	332
1522	5303	102
224	4002	8
669	290	379
922	213	332
537	2794	452
979	1019	404
1885	4432	278
407	3462	70
97	719	53
451	977	56
1713	488	71
1304	63	361
148	4297	54
256	1053	189
834	1711	70
1463	2538	410
741	1977	86
1480	4050	171
1582	1998	11
342	1363	59
168	862	259
867	100	306
861	3888	104
395	4228	56
244	2586	23
1621	517	362
588	1814	33
1217	52	362
1501	658	302
1349	567	332
1130	2998	71
1491	4575	363
548	3973	473
495	2358	462
1406	2246	72
218	2249	110
1139	2747	42
1232	655	284
748	362	70
402	4241	162
1084	2573	302
1515	1416	71
677	1995	56
1064	936	360
488	1907	69
2014	1984	11
178	3644	136
739	1482	42
546	113	71
38	2830	55
1922	49	385
1401	3296	392
1781	936	360
142	475	56
616	2438	176
1216	1636	200
52	1493	205
861	438	284
1432	727	112
1820	3342	70
989	1330	456
1306	776	70
947	1192	71
497	1796	49
260	4944	11
1869	1350	56
403	1176	88
2007	1247	205
1067	4492	247
9	13	397
486	5477	33
945	393	70
1399	1636	200
5	244	94
358	75	88
726	4006	309
2230	3834	189
192	1369	72
520	1612	212
1344	1679	411
346	2275	358
716	2614	365
1514	4060	69
2102	4230	190
1363	1513	9
1101	469	34
1008	804	69
161	210	360
431	2054	441
481	482	71
482	1267	55
422	2912	307
1417	1019	404
1601	3508	88
218	2703	201
264	207	31
31	1740	403
1573	2136	175
477	3508	88
360	437	70
1237	158	456
2183	3963	104
1889	1655	249
179	902	61
1154	1365	53
1564	3686	186
1795	182	114
1339	1944	171
325	1495	245
1428	2061	23
245	2316	46
51	326	42
1568	2769	55
1853	446	180
1136	4997	70
1315	306	42
1095	453	55
1697	28	11
1439	1045	205
988	166	40
120	399	324
496	1544	245
40	18	43
2027	4573	42
1866	572	46
1424	1879	96
482	3688	88
1234	5121	266
1564	4535	37
327	1450	74
1139	687	88
413	3381	72
1505	4551	103
2051	3833	349
206	28	11
1182	639	11
992	379	69
564	5212	467
906	542	171
562	5534	43
1833	2695	291
1332	2319	63
760	675	117
730	5567	88
359	3494	106
992	71	70
1424	84	88
935	3657	211
2016	75	88
11	3843	71
1374	4780	42
1019	399	324
113	3576	56
1482	204	69
1058	1243	415
1181	94	55
1373	830	116
1795	2360	103
786	1250	11
667	1056	245
758	3487	88
1180	1062	456
27	1732	70
977	1250	11
1405	191	56
414	3587	452
783	607	42
683	2635	72
373	2802	39
1065	2653	88
327	813	445
1545	2036	332
2249	3540	184
1751	1588	258
187	962	88
1878	1665	302
1255	447	332
783	379	69
173	3436	41
380	3245	347
1186	696	56
1483	474	88
2185	1503	70
529	1551	71
639	589	88
239	2493	11
207	1710	56
1272	752	55
1313	2081	27
1497	1784	317
1154	825	42
1356	97	69
485	2211	31
968	3472	82
107	926	284
788	2832	88
1502	3426	277
1571	4851	277
870	2735	43
162	2532	367
1168	732	212
413	81	33
459	2473	70
142	454	106
931	1436	171
1328	4996	56
1429	2463	98
1160	3536	443
766	5500	81
331	2238	204
1021	416	91
1304	135	72
70	4074	198
1700	446	180
1600	2258	88
982	1313	302
45	1305	185
120	633	69
1579	1724	41
63	276	315
677	1407	53
354	766	77
1419	70	71
482	2566	200
1672	2802	39
1410	4235	403
691	471	99
115	1995	56
1850	3159	205
1872	1379	472
2183	2404	82
612	272	88
2318	542	171
1094	3774	88
506	4155	245
1067	5180	315
1228	5291	257
1381	709	88
9	2878	97
160	476	88
2038	135	72
1487	5156	70
1501	542	171
2189	2669	286
886	642	363
1008	1276	43
2119	5447	367
2254	922	11
278	1296	71
1349	2666	313
1130	2323	96
529	2615	369
1390	1458	363
1952	317	233
1018	560	106
22	652	440
230	1154	43
516	2913	385
340	649	408
761	3670	70
831	1936	306
1117	4813	410
1585	3088	231
197	16	42
1400	567	332
1590	2795	136
51	2007	70
118	3388	450
110	112	70
1406	28	11
51	4996	56
658	3162	232
167	859	171
1170	458	72
705	565	20
2195	32	31
1055	434	72
682	2779	55
803	955	40
973	467	77
1567	2190	32
388	4472	294
388	768	106
646	291	362
489	874	72
412	839	385
1094	1083	9
138	414	358
347	1673	325
1004	421	142
1819	3663	32
655	1879	96
794	4639	93
1710	1660	138
279	2954	369
1260	700	71
1843	4706	208
796	1219	212
230	286	306
1157	2251	20
1682	1617	39
1504	1989	212
730	4780	42
1422	1022	97
878	704	383
1070	1544	245
373	2700	136
232	36	137
1187	709	88
1797	111	383
1786	1879	96
592	562	43
1194	447	332
716	1037	397
88	496	306
688	238	23
211	1694	71
37	210	360
619	488	71
1274	507	358
1485	390	88
860	453	55
357	1557	71
977	469	34
1274	32	31
559	4388	56
402	3457	332
1863	1153	96
288	666	23
1236	1614	37
1806	1895	55
197	2414	55
2081	1983	270
1462	291	362
168	1341	88
878	1425	56
389	4350	205
144	4744	42
1865	656	184
1406	2522	55
1356	2453	189
656	1752	441
1848	2026	438
1562	346	39
644	2612	205
132	1435	33
1100	1	74
59	843	39
1571	97	69
2030	3426	277
1795	105	119
452	4908	11
815	36	137
70	375	54
1092	291	362
1211	297	70
1440	968	71
818	2760	302
342	268	53
580	220	88
2296	288	55
373	2326	212
1458	5213	274
1418	590	88
1008	2894	443
1295	3021	41
278	5494	233
165	26	306
453	2095	231
1659	254	284
1585	3553	31
849	1998	11
1418	5474	277
1217	4508	56
290	4216	395
58	16	42
1876	588	88
1130	3336	191
1219	161	37
1102	94	55
743	3525	259
1891	1109	347
381	1209	306
402	1256	90
1244	359	56
741	3285	137
92	236	70
1299	135	72
1529	76	90
1764	359	56
2107	755	56
794	797	88
70	2978	88
1165	1352	70
724	709	88
1160	3596	70
334	86	23
1796	1342	317
1797	70	71
114	243	70
778	457	73
423	760	56
494	2811	269
469	3528	362
1657	936	360
310	1178	62
813	311	41
639	3673	46
1227	1092	55
2149	1212	142
1310	1664	324
1462	484	71
57	286	306
1236	620	11
1234	392	70
1002	5449	81
50	2316	46
387	732	212
1522	615	270
501	2193	43
868	3964	104
1826	87	275
195	1252	72
1299	422	284
1547	589	88
954	1537	284
328	178	48
1159	1048	31
2296	1967	317
778	378	208
670	2314	270
186	3663	32
281	4809	209
376	213	332
1007	2165	356
1129	1550	71
819	213	332
769	1330	456
793	745	302
1130	26	306
639	2357	426
1314	3085	9
2028	453	55
1726	1906	112
941	914	56
1907	3606	441
1283	3253	70
885	497	189
1816	391	88
52	2309	70
1177	582	277
65	343	136
20	65	362
549	1215	88
84	3757	9
1527	3255	47
411	107	70
586	1711	70
770	2157	88
1463	4589	81
285	5067	277
1248	1174	414
1409	447	332
672	4293	43
2089	421	142
1902	2069	56
1651	4398	103
317	2327	106
500	1760	32
1454	100	306
1286	96	70
813	4999	55
168	3885	56
12	2649	55
192	973	91
424	5390	72
1413	2265	411
1135	3957	32
30	2083	71
753	26	306
302	2844	270
802	1546	184
615	771	88
521	1261	116
759	4153	95
1148	4551	103
688	620	11
1512	67	70
215	313	118
73	3577	71
991	850	83
1775	4309	448
441	2068	56
1035	2050	93
59	740	69
667	985	88
489	2052	71
1046	471	99
778	634	270
1851	4798	31
999	1582	72
806	1861	158
155	808	41
636	5060	71
1515	28	11
2031	67	70
389	1327	472
778	3664	241
374	687	88
224	482	71
1813	588	88
725	2630	392
886	1670	205
1223	4346	62
2208	3342	70
2085	2940	403
1340	590	88
1029	5179	294
1295	5082	357
105	391	88
1022	542	171
395	674	284
545	2647	470
666	587	69
1062	3118	362
279	590	88
1110	4699	167
1063	5060	71
269	5344	408
1734	519	88
1289	1837	71
541	1358	70
2276	3829	298
1153	173	53
1217	31	55
1314	1625	71
1320	1059	456
672	113	71
856	1358	70
413	3426	277
436	3015	111
63	497	189
1154	1284	2
241	468	294
1280	4417	369
269	2443	11
1246	1145	32
706	4848	11
593	204	69
1383	161	37
793	75	88
1727	4327	284
148	75	88
62	3022	88
239	2173	13
144	3453	11
954	4438	72
431	76	90
180	997	69
647	1470	72
1111	417	306
583	204	69
766	902	61
1354	93	275
761	2313	72
193	2190	32
453	1009	70
588	3428	33
264	634	270
90	491	11
688	1968	88
224	36	137
435	84	88
922	11	275
619	271	55
228	1122	111
1269	2868	31
1400	96	70
807	623	56
216	2838	90
830	2026	438
1614	2606	11
833	4857	378
1186	3531	56
710	26	306
1486	3426	277
584	796	38
194	2845	42
380	227	71
672	2265	411
892	742	71
1574	2522	55
2099	67	70
888	589	88
455	2135	72
1102	4362	71
820	524	70
1291	378	208
1467	469	34
1641	891	53
482	3012	56
1137	210	360
888	972	115
1403	31	55
1007	1336	86
1150	16	42
1300	1681	205
156	821	23
1463	970	71
1827	4621	332
1840	1209	306
1135	5145	88
1535	914	56
389	3413	425
1960	1814	33
1529	2617	452
1480	700	71
954	815	11
362	567	332
143	3431	56
2213	1031	42
988	1272	106
1764	439	9
2116	588	88
1515	62	70
2246	28	11
995	1859	88
1966	2421	326
1081	381	38
729	2236	234
345	3903	292
1645	135	72
1507	4059	277
144	4918	71
1200	144	55
642	819	39
373	514	40
1980	5	159
541	2897	69
191	3821	413
274	581	84
305	1210	93
807	2093	70
1146	169	65
1818	2956	423
596	2003	106
1188	2385	479
1774	416	91
1707	2302	452
988	840	39
1227	468	294
584	3217	72
1037	766	77
1247	3268	90
1252	1087	220
224	660	71
2253	180	452
1301	4489	103
973	204	69
1543	1983	270
1194	901	42
96	146	55
458	1	74
180	912	179
318	3307	184
335	499	43
1196	374	54
1002	2591	74
1176	709	88
192	974	70
1855	5246	70
139	315	31
2014	2588	10
2277	5345	191
264	228	42
66	3541	184
654	587	69
524	2862	11
1172	760	56
834	4136	31
202	791	230
479	3841	138
92	229	69
1759	1816	71
1103	288	55
195	2196	9
806	5593	337
1444	1604	53
1299	3012	56
197	2076	464
1759	1361	72
59	402	24
269	224	110
1843	215	275
1534	3447	43
0	135	72
618	75	88
559	2553	291
2115	1018	374
564	2843	275
1584	1276	43
1856	5022	42
1066	67	70
954	846	290
126	4124	31
1813	4078	257
570	72	71
1172	210	360
70	760	56
1442	110	42
1691	318	56
1928	1210	93
98	2667	280
2239	3873	266
1745	2799	284
670	4837	303
763	4836	183
1611	4370	9
634	604	136
1208	1011	71
1531	3595	184
1443	135	72
690	1309	465
98	1214	90
548	4423	322
1077	3823	363
804	210	360
1273	1330	456
1372	135	72
672	752	55
688	28	11
1343	31	55
845	3483	71
1142	3485	381
1676	690	56
1842	424	56
1812	2843	275
546	3821	413
57	1746	77
1811	2435	348
818	16	42
1244	28	11
850	0	462
395	677	258
479	778	142
1459	1407	53
823	2650	204
1581	3963	104
843	439	9
211	397	88
945	2000	88
878	2614	365
61	1462	72
1291	360	332
249	1336	86
1502	360	332
1614	4471	115
764	3708	55
395	1543	32
757	6	77
1812	213	332
860	3993	306
67	3606	441
1187	2697	135
1335	629	110
1415	2589	270
1321	1084	56
1243	3922	403
716	1226	317
1391	697	332
163	2534	136
303	1470	72
548	288	55
2001	3439	38
587	3367	88
1816	891	53
1583	4825	347
1860	3253	70
555	727	112
1324	3359	294
664	213	332
1404	762	24
407	3464	66
1498	4011	369
823	100	306
617	1901	332
825	2181	78
1166	173	53
669	1877	32
551	399	324
1424	297	70
76	2810	205
746	556	324
1713	395	184
609	74	88
1415	4966	267
873	491	11
718	790	70
870	2131	32
1454	28	11
1117	1670	205
697	2058	205
1791	70	71
1441	2908	189
688	100	306
697	1796	49
113	2840	54
363	469	34
96	343	136
1737	482	71
512	2344	56
2182	4683	204
2308	301	70
678	704	383
113	0	462
542	4417	369
1136	4320	332
1227	1233	106
968	5115	72
519	5327	69
350	905	369
465	469	34
894	5160	211
548	2542	245
1268	2700	136
4	1518	70
1211	2980	209
1802	1080	71
1008	4041	70
1075	136	134
253	313	118
445	1651	11
25	2673	70
901	378	208
898	28	11
783	98	69
1589	2527	448
565	182	114
490	3878	88
518	1780	55
246	3777	70
1057	191	56
1247	173	53
26	105	119
2107	2175	10
726	2328	99
383	249	88
1338	75	88
194	2261	87
909	843	39
387	3978	179
565	2035	69
1201	957	43
94	310	124
6	2045	55
258	1239	71
125	4038	277
588	1838	23
360	200	161
1144	135	72
1567	1696	54
1177	1192	71
271	4429	363
307	113	71
179	230	71
30	1801	33
783	84	88
1298	5057	207
2284	180	452
1411	5011	4
1795	1645	88
1492	3291	206
719	1712	72
769	1409	11
564	348	89
158	1838	23
503	835	311
496	2661	70
1323	541	395
936	1210	93
41	1832	86
1723	4417	369
194	403	42
548	2301	31
828	5035	277
622	786	200
1247	2099	112
824	3835	170
1080	4008	464
786	780	452
813	2606	11
2213	797	88
818	1126	258
1853	4873	367
1058	4418	43
973	4762	31
1198	343	136
173	4426	405
1504	1977	86
326	2420	272
1475	24	78
688	914	56
1435	709	88
216	207	31
99	1550	71
109	1975	56
24	22	273
1362	771	88
1341	3888	104
63	568	70
1531	905	369
798	395	184
1518	4461	184
794	4555	72
1409	453	55
911	1056	245
1411	2185	77
650	3728	9
1063	1285	70
240	828	42
770	763	142
389	781	43
1220	1199	70
636	2266	88
300	1824	43
45	806	107
1955	4309	448
69	3109	56
140	1824	43
1049	1628	233
1063	1363	59
172	929	226
964	4103	171
1274	535	41
486	1905	31
216	5487	96
2228	5289	78
1894	4043	69
1578	4397	363
2116	655	284
1268	434	72
144	25	108
2217	700	71
350	4004	43
285	3155	452
140	417	306
1241	2594	9
791	2221	87
951	635	106
993	215	275
1522	326	42
1515	4723	92
1954	439	9
382	979	112
220	3047	190
878	681	263
335	2036	332
276	1045	205
894	158	456
287	161	37
1304	1711	70
1170	546	11
947	727	112
609	1669	283
148	2720	87
290	201	55
1437	271	55
746	760	56
211	747	43
598	2478	88
1412	5572	161
1841	521	41
359	2821	348
846	1175	88
320	317	233
1547	2840	54
938	3370	429
1188	2010	30
2162	3802	55
159	67	70
1020	593	111
845	3836	363
1848	96	70
875	469	34
778	1816	71
713	2068	56
1234	2449	70
1019	1250	11
232	2771	31
619	1381	71
360	1797	24
1106	3090	71
365	199	108
647	1145	32
957	87	275
572	2626	69
1177	389	162
58	300	55
570	5578	467
429	3156	96
1478	979	112
1024	780	452
1594	2336	472
1418	2298	70
550	30	32
1560	1095	395
2283	1232	56
109	602	70
1146	760	56
352	2310	55
572	286	306
2230	3450	64
2272	1216	337
323	434	72
21	3996	277
2223	1005	285
616	14	385
399	183	11
1756	362	70
143	358	55
247	1745	77
196	4060	69
653	1738	56
294	1332	63
1088	1032	72
1480	2877	284
451	1711	70
1435	2799	284
495	2238	204
380	2803	11
56	283	55
954	3821	413
258	980	72
323	4082	70
459	672	119
2302	1330	456
968	288	55
2028	4685	69
1573	2026	438
1154	288	55
598	1429	54
373	1618	39
717	2250	372
520	378	208
435	2002	208
1659	994	284
964	627	173
1491	795	106
723	1408	134
411	645	41
375	2974	404
1028	26	306
868	1893	240
2285	46	70
1055	4017	103
1113	3769	104
2045	1801	33
1178	794	88
548	3982	411
1387	3757	9
1138	1389	354
383	305	71
387	957	43
364	100	306
1352	204	69
540	14	385
322	28	11
192	48	41
4	1199	70
1215	115	41
947	556	324
538	3426	277
1366	4418	43
754	647	43
369	2447	380
350	1682	9
340	4770	55
165	5168	56
1480	1376	11
360	3702	48
1513	665	42
1208	271	55
1990	439	9
1167	4724	456
316	62	70
2185	421	142
1364	3580	154
2265	3553	31
1662	1298	306
1132	1259	259
580	452	88
1406	304	158
1233	2437	119
39	1398	106
169	3258	70
140	776	70
1019	4194	354
1523	605	8
1824	850	83
50	1870	40
766	1221	11
930	3190	257
269	2375	42
978	1537	284
206	1871	71
845	859	171
587	1549	42
565	4002	8
45	3198	30
911	2615	369
520	1963	53
373	569	11
183	1216	337
584	3712	8
361	1068	88
867	4231	73
451	1173	144
639	4283	31
1399	4616	90
616	1220	337
1857	914	56
91	2163	191
1021	1245	74
50	28	11
63	438	284
144	852	12
258	26	306
996	2243	467
716	3426	277
1152	1983	270
25	1722	70
794	941	112
1142	4382	224
1402	111	383
875	2160	8
151	803	71
1479	1330	456
833	936	360
954	4782	184
870	4560	277
1343	3920	56
1236	91	37
453	2123	353
667	2055	452
436	3868	70
1593	3248	336
983	32	31
739	2388	32
450	4885	72
1177	4570	334
1566	627	173
1249	346	39
1962	3096	69
443	436	283
1257	4375	103
686	2721	100
2278	469	34
1413	488	71
850	4027	37
1208	3624	5
1412	2877	284
1193	830	116
790	560	106
30	517	362
807	4097	69
2217	1173	144
321	560	106
559	1088	42
1585	2035	69
206	501	106
1753	100	306
139	1834	71
1922	5423	212
988	2972	71
1633	3129	96
1760	5	159
1280	2804	11
186	527	88
843	1619	306
489	2127	87
1623	4969	407
1035	2089	373
1247	488	71
1210	2497	365
193	230	71
763	2104	184
1950	381	38
372	469	34
1301	4788	48
986	2959	37
572	98	69
418	2579	258
194	339	55
460	3734	55
1218	1330	456
850	905	369
873	90	80
1025	1557	71
777	5469	71
1830	1435	33
113	392	70
2255	271	55
2215	90	80
1223	2403	55
96	36	137
115	2663	71
1352	135	72
1421	28	11
2014	75	88
506	830	116
1694	471	99
161	26	306
1699	4395	70
686	4634	56
767	75	88
73	891	53
2079	2955	70
1345	1120	69
1193	1069	69
361	1214	90
1869	734	452
1643	1251	43
1486	469	34
1486	942	112
736	834	71
305	465	54
636	276	315
1042	69	112
1205	1772	70
878	3366	234
707	1410	31
723	3432	158
1368	846	290
491	1365	53
185	4740	171
1225	1601	106
190	3867	240
875	686	8
661	26	306
78	435	302
1213	1779	33
86	464	11
857	773	31
629	31	55
1222	84	88
712	247	383
482	1180	391
1776	241	32
1668	81	33
793	886	304
1155	1660	138
1145	4962	277
1999	75	88
667	1352	70
818	2601	284
1759	2413	200
45	677	258
797	4523	383
76	2955	70
1169	1724	41
826	605	8
263	863	259
1245	3963	104
845	274	464
2177	438	284
779	2568	11
1272	120	88
1368	902	61
818	4931	208
875	4319	291
745	1374	43
107	5297	11
39	1763	302
271	5036	302
801	98	69
1727	5587	171
129	836	394
491	2313	72
739	3704	56
2274	315	31
1604	1995	56
1110	2259	250
2028	3191	69
1475	399	324
1745	2665	225
1701	2404	82
1227	2700	136
1190	3542	184
568	2824	14
1576	78	352
1997	1392	275
269	4594	231
978	3362	302
247	709	88
1248	4322	11
245	1075	414
677	317	233
551	439	9
1454	4197	277
1133	4522	43
1862	999	88
1051	936	360
1374	3380	88
0	2275	358
1131	1544	245
1671	3783	363
1545	997	69
1152	567	332
2220	3471	32
635	1250	11
1362	1450	74
143	271	55
983	3400	273
868	173	53
301	117	43
2061	91	37
1566	646	302
1137	1557	71
1539	4050	171
1199	1440	151
1577	3934	56
2076	333	11
2175	135	72
1369	3705	88
1580	1753	72
1187	452	88
1148	834	71
647	110	42
109	4079	70
221	2540	332
479	1090	72
247	135	72
614	4114	32
131	4605	315
316	1655	249
1106	93	275
374	3501	41
307	4795	70
2252	2136	175
345	3716	42
63	320	189
316	1695	88
224	4534	368
1479	981	55
1134	1330	456
436	740	69
2118	4540	347
1573	3018	136
153	152	70
158	1336	86
1140	839	385
409	1524	55
1816	4398	103
1327	525	46
307	828	42
1359	1448	43
1787	4004	43
802	3715	184
1709	5456	302
160	5	159
91	26	306
1526	163	110
388	2610	205
1459	1601	106
1486	215	275
1862	3599	70
1643	1363	59
1515	987	136
2226	982	56
1988	434	72
22	80	450
899	271	55
1052	71	70
866	532	41
730	2329	186
548	210	360
598	4002	8
1852	321	189
2236	1753	72
1208	4644	106
1313	1257	72
1015	1998	11
1280	341	23
426	575	62
73	398	212
662	1274	141
1084	4327	284
93	3872	136
1286	2542	245
185	5208	318
1105	3760	188
126	4094	468
1806	602	70
1268	3555	11
124	1968	88
1021	3959	32
1564	67	70
1783	335	32
1486	3800	88
1476	3426	277
1304	3369	42
944	658	302
45	174	103
276	3714	55
1954	524	70
1445	1450	74
1817	4019	41
327	1458	363
1132	4961	53
1125	3567	277
1269	2251	20
861	576	104
2194	1655	249
1301	2659	106
195	932	76
434	652	440
774	3426	277
1889	1670	205
1759	3897	212
1487	446	180
1222	562	43
359	28	11
1073	2076	464
1443	4161	24
1394	4843	56
1759	439	9
915	3399	27
434	2145	143
307	952	69
672	1056	245
1587	4808	453
30	1381	71
1257	147	452
482	322	88
655	457	73
1053	1748	452
1691	361	70
1182	850	83
550	815	11
1244	262	270
1438	4669	56
14	358	55
1379	982	56
191	4139	298
619	1885	327
17	1614	37
606	2682	472
2283	587	69
1790	378	208
1335	2820	72
394	68	70
1796	2184	55
587	3049	70
960	457	73
646	5036	302
360	439	9
40	1489	267
372	1246	56
130	161	37
2203	138	403
386	1008	259
1298	2300	56
1143	983	70
1154	3642	360
1144	1936	306
1320	658	302
314	173	53
21	70	71
1299	5044	9
1535	562	43
354	3333	42
1812	1217	184
793	3105	250
893	1612	212
2219	2954	369
51	71	70
1178	1045	205
2095	4244	277
1337	3780	411
59	2345	42
443	399	324
218	2590	55
394	2399	54
794	4636	69
1198	447	332
1340	1097	88
416	898	78
906	3503	70
2268	716	235
973	2709	70
762	2621	39
2197	16	42
1227	1909	71
366	163	110
1520	204	69
338	81	33
634	562	43
1695	4367	70
853	438	284
139	1416	71
1348	3623	171
1390	469	34
616	2673	70
1130	1210	93
262	35	43
107	1450	74
1126	4701	70
1360	3588	145
930	144	55
1327	727	112
1540	1135	302
224	2261	87
1364	2325	158
1139	961	88
822	2048	55
596	161	37
1965	863	259
953	84	88
506	2120	42
426	1529	270
1081	1955	208
1296	31	55
1599	2070	257
331	1303	77
779	100	306
603	938	88
1289	1438	33
1635	2055	452
1243	1935	71
1165	4328	11
1459	3166	82
212	32	31
472	1812	356
1628	914	56
1512	4352	31
2195	620	11
807	2046	55
89	480	189
153	605	8
1439	4546	205
537	1045	205
151	2076	464
2231	1734	40
548	1679	411
1014	3858	55
1152	1647	238
1789	4237	277
1551	67	70
1691	626	231
296	585	11
108	399	324
255	4265	74
1850	3401	205
144	2295	11
542	1685	55
1466	2339	302
1265	1133	285
319	2453	189
1394	4426	405
165	1950	299
548	2520	84
1369	832	306
902	321	189
823	3726	91
1359	3728	9
698	1841	69
74	410	24
1266	919	191
667	4129	72
1186	3406	70
1101	4452	72
247	200	161
596	97	69
114	764	23
1564	508	189
803	381	38
2095	4563	278
1194	973	91
372	898	78
1797	517	362
2021	326	42
494	97	69
1515	731	270
211	3011	56
938	3516	275
1095	2046	55
1480	5	159
1271	1436	171
1102	175	103
536	627	173
1487	734	452
482	1253	284
359	75	88
193	113	71
445	2702	136
2154	864	302
1180	28	11
1433	1248	71
18	288	55
1016	4964	205
643	4614	42
1406	579	65
204	4407	55
160	1460	4
834	1676	385
687	2253	467
1274	3856	39
466	969	51
1179	3329	337
1623	4391	302
436	96	70
291	5038	41
940	1217	184
24	4795	70
788	890	136
549	3355	55
1666	329	189
1549	714	31
374	5211	56
1439	24	78
1404	97	69
2245	489	158
1387	607	42
1328	26	306
1409	326	42
278	1500	70
123	684	39
1375	97	69
1142	1979	223
520	3577	71
1135	163	110
599	1373	362
1154	137	78
1025	2723	70
752	4851	277
1361	111	383
1282	877	72
647	4777	460
1114	524	70
92	556	324
660	1631	70
285	982	56
1430	197	53
16	1832	86
160	2944	291
1201	2315	63
989	3329	337
1600	2182	69
404	1675	72
614	1148	32
1293	1225	456
235	1042	69
1299	566	218
1394	4279	136
344	3895	91
1168	3159	205
616	2799	284
612	2544	71
389	2894	443
205	1039	88
1798	1045	205
446	2081	27
114	2828	86
1192	1259	259
608	72	71
1537	1357	88
622	971	42
535	3025	408
1671	1595	283
91	67	70
1422	3600	70
1656	410	24
742	2570	71
173	399	324
797	615	270
604	557	110
551	4313	277
1945	1266	102
1583	2532	367
1439	1885	327
386	230	71
808	700	71
679	5248	56
11	1836	71
1238	4498	44
419	1546	184
813	3426	277
194	1026	53
1387	4217	9
1293	686	8
789	3036	284
1065	147	452
728	438	284
753	3537	452
539	1527	11
1645	32	31
140	628	274
1398	686	8
690	484	71
1165	5058	245
8	1387	9
787	2033	9
1565	1299	70
1313	3585	88
772	484	71
320	2968	54
291	438	284
179	18	43
1244	2500	205
790	598	32
742	39	71
1301	1989	212
1091	2123	353
1185	1145	32
1312	1237	71
1850	3720	184
2191	438	284
789	170	11
1394	2455	23
579	1996	70
72	826	88
77	1257	72
66	656	184
933	4398	103
172	2814	112
41	195	88
794	5304	72
1136	820	70
1973	5234	54
208	297	70
1182	28	11
1317	1975	56
179	907	41
540	1711	70
621	1556	71
1073	583	9
1719	4669	56
579	455	69
1080	1663	55
45	855	148
1210	399	324
1720	914	56
109	1965	9
1515	1	74
143	764	23
40	3897	212
624	140	71
107	1687	42
124	687	88
1471	362	70
260	70	71
1370	264	114
1343	708	136
1251	5044	9
512	117	43
1055	87	275
392	658	302
677	5047	70
1010	276	315
12	2751	33
1827	2940	403
2004	642	363
510	378	208
1677	1	74
179	5427	426
235	821	23
59	3868	70
520	865	72
38	538	54
1011	4853	14
1177	1250	11
153	4104	77
511	2038	90
919	2353	65
1753	213	332
1546	97	69
662	2062	41
1474	4398	103
123	1033	53
792	100	306
925	2955	70
978	646	302
1014	3426	277
978	3960	259
1194	1352	70
979	696	56
1140	1547	184
559	3004	87
759	2468	119
104	276	315
221	82	12
96	1946	8
1952	782	251
208	476	88
1186	97	69
1224	163	110
935	2379	349
1812	4098	56
990	163	110
1101	2751	33
1130	3575	11
1257	4725	184
288	618	71
746	992	56
513	1642	72
160	84	88
87	2375	42
96	1614	37
323	320	189
1786	26	306
1326	411	199
2100	2359	236
688	2932	104
1682	1407	53
272	1276	43
860	2199	31
1813	3424	55
1374	3652	103
1529	936	360
928	1111	72
1063	1069	69
1971	1383	70
1062	35	43
500	339	55
58	3248	336
542	1200	71
1119	446	180
988	2026	438
1311	2583	70
87	3481	88
44	1834	71
2026	3220	115
1243	447	332
364	113	71
1063	2000	88
91	3215	284
112	1236	65
1038	201	55
1405	3450	64
1922	4481	267
1025	26	306
193	786	200
1205	2622	275
1476	3073	72
1585	244	94
303	3426	277
1277	2168	337
1077	1708	383
340	567	332
670	1665	302
548	40	54
1863	252	88
2129	124	257
1419	0	462
207	4963	56
1139	2405	64
278	2395	40
1962	4191	91
2124	3472	82
301	351	32
2078	2678	277
1261	1098	448
1229	144	55
246	413	70
269	3680	106
1917	2671	208
604	3009	85
548	1870	40
348	957	43
804	36	137
112	5	159
4	2368	70
57	524	70
609	67	70
269	806	107
634	3648	88
1156	135	72
1130	3600	70
1636	532	41
489	709	88
594	553	56
1250	829	117
988	362	70
453	2969	88
63	379	69
1222	4410	302
51	5193	277
414	1690	69
160	2906	88
419	1056	245
551	662	69
310	1114	120
1101	1347	43
56	748	42
1427	3623	171
836	3025	408
331	135	72
1965	67	70
5	1253	284
424	500	43
92	35	43
1069	1346	305
2238	1108	88
698	1320	136
451	5006	339
1244	1465	142
1061	358	55
2141	67	70
374	5459	32
1348	438	284
901	1209	306
1269	5036	302
435	2903	42
67	293	362
1497	3441	317
150	710	88
296	590	88
1269	2360	103
45	560	106
1159	3244	198
1008	4112	141
1964	1326	78
74	406	103
1173	3824	363
130	834	71
1797	1358	70
917	4480	383
290	2166	56
77	430	42
646	341	23
723	351	32
794	5309	275
989	2045	55
1255	3665	275
1486	1248	71
13	1619	306
1479	537	171
1534	24	78
1739	233	81
332	1045	205
784	2695	291
1416	3138	284
1081	2983	304
1075	2665	225
711	3347	31
426	0	462
1402	96	70
329	3461	39
1034	26	306
1035	3991	42
477	5407	72
780	1767	47
162	4556	171
296	35	43
1843	312	420
190	828	42
172	1079	95
850	191	56
314	1527	11
398	1199	70
14	100	306
873	135	72
1483	3523	77
300	1033	53
2098	1400	68
608	1072	433
1699	210	360
1924	291	362
1657	646	302
359	1849	271
479	1174	414
1152	2242	140
459	5565	306
269	191	56
63	199	108
938	138	403
311	5375	278
2015	2658	40
968	3127	467
858	5374	284
791	3171	246
307	1785	56
1008	1033	53
1535	1560	56
1743	1500	70
1337	1227	184
1855	1045	205
1409	367	55
215	793	71
1773	3336	191
2210	4853	14
208	421	142
688	1276	43
1218	3401	205
309	164	11
610	587	69
724	229	69
2029	4400	370
2161	3166	82
2218	1230	275
479	2253	467
1140	492	14
1034	249	88
873	75	88
387	340	136
1140	2781	245
596	1282	4
1103	161	37
1796	468	294
296	357	278
881	928	54
65	1478	96
651	4919	456
1728	26	306
1482	1259	259
1878	471	99
1271	1711	70
269	4291	39
2068	306	42
29	114	112
1008	2300	56
1317	2773	71
1442	4066	55
788	545	88
61	524	70
2203	4732	332
776	3056	88
1221	5401	136
777	430	42
1063	5510	477
105	5577	9
1857	841	56
363	902	61
2296	446	180
537	1588	258
1824	96	70
1471	914	56
285	1098	448
1337	28	11
930	4567	88
879	655	284
1643	204	69
89	3227	382
506	3169	87
439	613	112
1737	776	70
859	874	72
807	1799	55
1390	954	30
269	550	66
258	2079	91
836	210	360
297	438	284
1007	1502	71
559	711	88
2111	1142	294
232	70	71
655	3137	71
1752	3989	302
1325	210	360
196	1840	88
191	1975	56
978	2143	257
688	2810	205
1075	1173	144
1252	1220	337
1644	2606	11
500	98	69
1542	1245	74
30	2455	23
539	387	401
947	563	90
1217	3180	332
1282	4399	299
378	1385	32
752	5219	70
392	1657	147
619	318	56
357	1614	37
1571	507	358
1179	75	88
1991	4803	31
1412	2082	55
1264	696	56
1198	3012	56
245	210	360
1446	458	72
748	4984	56
458	2752	32
496	1920	424
1211	894	37
2260	135	72
1851	276	315
489	2907	88
157	399	324
1379	4688	56
1855	2216	275
1188	447	332
1577	2526	315
888	5	159
285	87	275
1017	633	69
1270	723	88
1511	760	56
791	786	200
245	378	208
875	4564	281
1086	642	363
1261	135	72
372	3232	284
1246	80	450
489	161	37
1278	3894	104
1473	825	42
1566	2413	200
2022	655	284
456	100	306
206	4626	11
793	505	214
2281	646	302
178	1960	136
394	1376	11
1707	2253	467
357	2956	423
823	276	315
1748	603	54
1621	4631	39
735	2285	33
131	75	88
1409	4038	277
1251	654	88
1580	885	70
178	488	71
1513	330	55
1776	5005	69
1458	144	55
1978	524	70
646	2578	340
1428	3435	176
875	3952	103
676	67	70
1147	138	403
1277	2917	258
1756	360	332
1038	2046	55
1543	2988	266
70	1796	49
1560	395	184
158	1682	9
1716	2799	284
216	3426	277
150	252	88
1638	359	56
1426	3426	277
1049	776	70
1216	2983	304
1139	5061	64
1023	2094	162
919	240	106
947	4657	274
1226	346	39
347	210	360
1671	994	284
1566	135	72
107	920	76
247	4004	43
510	1482	42
658	378	208
2124	1226	317
968	5468	452
587	3167	220
532	175	103
1201	2594	9
748	3426	277
630	3393	53
748	1780	55
1215	2194	9
1653	846	290
142	474	88
158	709	88
540	2094	162
1034	4438	72
317	3014	96
960	3044	40
300	766	77
541	723	88
451	484	71
1718	618	71
359	100	306
759	4418	43
1095	1475	250
326	393	70
1213	4028	43
2003	4759	277
813	105	119
1310	977	56
841	4397	363
419	135	72
41	272	88
1356	447	332
1003	4302	56
1262	836	394
938	4147	42
73	1690	69
1961	135	72
58	1123	71
146	497	189
878	642	363
1808	1045	205
824	2097	32
1587	1159	358
1142	492	14
1354	2898	71
797	620	11
1064	1993	230
1710	5048	274
660	161	37
938	1303	77
134	453	55
1054	939	41
158	609	172
690	213	332
593	632	270
161	4191	91
437	439	9
395	1191	91
394	139	252
198	399	324
1685	3915	82
498	201	55
628	161	37
564	1557	71
1380	1986	71
1050	567	332
656	1174	414
378	5418	413
1861	4	72
1299	1171	24
2314	3590	87
606	4371	403
1032	301	70
2015	4305	42
510	3403	88
2308	526	70
1733	773	31
1600	1101	28
1922	75	88
565	1157	31
1225	4665	64
515	3608	32
1621	134	306
253	771	88
667	87	275
1335	1734	40
988	2464	39
822	1145	32
139	96	70
1200	315	31
249	1428	212
1243	1738	56
2174	16	42
934	3851	276
1574	70	71
994	234	31
1712	2828	86
1504	3486	55
954	1675	72
70	529	11
640	71	70
1618	2925	11
1981	1062	456
192	482	71
140	2055	452
1358	4233	277
782	3600	70
988	4545	88
552	1790	11
525	1918	309
489	1418	72
143	0	462
1491	4719	323
44	1567	205
154	220	88
833	2076	464
467	305	71
91	494	91
1143	1984	11
1225	1967	317
386	1629	362
239	117	43
577	4843	56
1074	4662	55
778	4598	103
1570	1754	71
1419	497	189
2155	3426	277
1195	1420	8
1331	2055	452
1144	4472	294
570	17	267
389	3451	71
85	1937	23
2092	2140	302
1114	1544	245
1589	87	275
1459	3441	317
299	4719	323
454	271	55
1192	5458	258
1198	1711	70
807	2667	280
1580	204	69
1203	2276	64
1061	1045	205
269	569	11
2111	358	55
221	485	106
239	24	78
996	1311	457
1271	3976	362
1166	4283	31
1962	1357	88
1114	2596	37
208	1583	87
72	1835	72
929	2666	313
1299	1253	284
2141	5571	70
403	1273	166
18	48	41
443	208	31
874	400	158
1614	297	70
1374	1220	337
1360	210	360
1206	4910	102
516	4284	171
159	2000	88
1073	439	9
1220	3695	23
369	2406	31
1973	2580	436
828	2265	411
1635	180	452
788	1916	88
90	161	37
278	4426	405
1795	3201	81
1280	416	91
1638	3912	55
2041	1550	71
1568	2228	369
1226	226	102
340	3586	55
1482	1450	74
735	1925	88
1046	584	88
114	643	382
1085	1220	337
85	210	360
1670	2155	30
1016	1989	212
562	67	70
707	251	362
1372	686	8
2151	2308	46
2315	2076	464
613	2606	11
1538	4182	184
1577	2473	70
1773	1997	55
778	4365	270
930	749	69
1069	1857	284
1846	2094	162
581	4742	391
1994	182	114
596	2308	46
869	4398	103
1409	1747	306
1317	447	332
1608	28	11
1020	1967	317
123	23	43
2204	3751	304
1049	766	77
1498	4163	70
110	4593	33
1291	60	128
1455	271	55
1661	3935	70
2189	2221	87
871	321	189
1902	2357	426
229	476	88
472	3383	302
1664	3782	72
150	771	88
2274	2911	88
297	590	88
1549	1902	54
59	2187	74
786	3625	88
899	1336	86
1002	2563	181
43	1554	298
1671	1875	88
2304	747	43
180	825	42
1214	3100	53
1981	1309	465
150	373	88
135	268	53
1034	2364	212
1698	4625	119
992	2516	56
778	3033	456
1454	435	302
1618	1026	53
1801	4551	103
1416	5305	302
845	718	62
1665	1858	436
2215	75	88
1307	1599	332
689	542	171
1602	323	37
1779	1276	43
871	2021	71
1193	799	245
690	1908	41
1744	855	148
1379	3426	277
2188	589	88
1469	1321	54
1439	323	37
331	537	171
1403	4060	69
938	148	70
1406	220	88
794	3241	201
1828	87	275
643	4752	11
1019	317	233
1589	3460	456
2278	298	363
1034	1907	69
368	2081	27
625	1003	302
545	287	32
63	341	23
1321	1248	71
158	741	70
2191	3939	277
746	590	88
753	905	369
179	4556	171
59	26	306
1114	2004	106
592	4573	42
265	5228	72
2194	1174	414
708	1653	353
1093	3724	70
303	4398	103
881	1685	55
516	3212	284
1021	1387	9
840	3691	277
1474	4656	43
2103	3864	319
1336	363	275
1366	35	43
304	4600	28
1510	1275	316
1297	635	106
604	204	69
69	419	189
255	1255	302
303	4127	208
1542	3760	188
1501	5	159
1708	590	88
524	3014	96
212	457	73
1083	1250	11
1368	1681	205
2208	4253	78
121	0	462
1140	634	270
706	700	71
500	3154	71
361	5118	56
160	560	106
277	3179	285
779	4050	171
0	101	220
402	1674	324
541	8	474
465	622	56
1023	69	112
329	2600	70
466	2131	32
2230	625	55
1564	97	69
402	544	161
1265	3005	448
1745	3133	56
51	3248	336
1238	2277	23
297	4867	205
1298	2919	212
1037	2144	283
1830	4247	369
161	1920	424
1053	2357	426
1865	1546	184
1601	175	103
1759	2077	126
1145	2722	358
1419	218	70
616	1510	194
200	1021	23
1874	1736	92
1198	31	55
283	1102	91
1525	1546	184
24	3768	41
1210	16	42
63	470	88
1168	5250	464
378	1606	72
411	2713	69
1021	1650	88
1798	1612	212
1485	4175	9
1582	1175	88
196	2283	74
182	75	88
587	5189	53
1219	4855	70
206	1782	41
1127	5515	72
730	721	88
1996	655	284
395	210	360
269	312	420
1421	1594	41
30	127	317
1188	954	30
288	1454	39
302	335	32
1142	3619	53
746	4067	32
598	322	88
1095	878	56
2278	144	55
456	1532	171
73	791	230
446	2866	69
429	1208	88
269	2399	54
620	2131	32
1691	4921	332
1223	575	62
349	1353	71
373	491	11
1491	2641	306
1287	1145	32
2158	96	70
927	3045	158
853	340	136
815	4209	257
30	51	306
1873	303	218
143	204	69
1209	2662	70
1182	816	225
731	902	61
1139	70	71
1315	1381	71
352	753	41
123	529	11
1175	810	115
858	850	83
1263	4059	277
506	67	70
361	2629	70
24	2416	88
636	2638	43
2271	1098	448
1038	2960	369
1442	5365	9
1500	4885	72
529	199	108
17	74	88
727	227	71
1220	286	306
2287	3751	304
568	113	71
1367	490	237
415	1939	9
363	139	252
1297	762	24
221	26	306
66	4670	277
2189	1201	270
282	2148	136
905	3015	111
416	33	56
1311	3735	55
1748	4956	88
1643	1036	23
1671	749	69
1584	315	31
1352	446	180
1612	2276	64
1532	658	302
752	1567	205
446	4053	162
890	778	142
1235	5522	56
290	68	70
1323	2803	11
769	444	425
414	484	71
388	471	99
212	760	56
743	1744	77
2047	3601	294
415	1710	56
368	586	86
1106	686	8
1956	5567	88
2116	640	119
1728	447	332
1614	2026	438
130	2438	176
481	3947	121
1301	2360	103
229	833	69
786	643	382
1719	164	11
493	3127	467
428	163	110
1275	357	278
1674	75	88
1602	98	69
1634	213	332
1273	4669	56
1488	5094	362
1753	760	56
979	297	70
232	4341	72
388	1028	10
462	22	273
296	642	363
609	2918	282
870	1154	43
797	1582	72
711	4862	324
1602	222	240
1431	727	112
593	218	70
752	2058	205
448	5102	14
1228	1173	144
1406	3436	41
1466	3502	302
185	469	34
506	3385	88
1359	572	46
657	31	55
1578	158	456
1017	438	284
1510	276	315
1140	3629	184
1058	4003	33
1767	4822	43
1186	1301	70
539	2029	85
1137	936	360
655	3577	71
285	2215	472
1214	763	142
1636	60	128
969	1590	303
1488	642	363
1710	36	137
818	3229	72
23	402	24
1357	1816	71
2120	14	385
620	347	70
821	3787	30
434	96	70
180	2993	269
351	378	208
786	4373	464
1201	75	88
625	3685	70
105	173	53
1178	720	88
1334	5510	477
588	5043	411
1201	791	230
227	1463	88
495	763	142
1382	1210	93
1360	161	37
692	216	70
1969	414	358
1439	3979	205
529	999	88
426	5027	43
1298	175	103
1487	642	363
1976	1374	43
873	3137	71
134	567	332
1937	3503	70
1439	5342	72
65	766	77
772	291	362
1656	4397	363
1545	1784	317
808	96	70
1177	3776	352
2193	215	275
408	853	88
2002	293	362
164	297	70
359	144	55
658	67	70
212	3426	277
1607	2378	456
113	1529	270
1370	1144	94
339	1470	72
422	4788	48
1522	1873	42
930	3147	257
1168	4376	271
388	2262	85
1054	26	306
448	1682	9
1248	439	9
2183	517	362
70	1199	70
2099	37	142
988	4225	54
51	979	112
776	2771	31
2088	760	56
1227	269	106
412	1330	456
1101	932	76
1261	2653	88
1630	1379	472
904	482	71
418	3624	5
1188	1495	245
11	1683	71
434	3590	87
1173	3718	452
2002	4878	136
276	727	112
2116	1215	88
1208	799	245
830	590	88
1984	5566	302
2024	1934	56
570	2958	88
1055	14	385
548	1296	71
686	236	70
1401	2144	283
185	101	220
1439	161	37
1359	2284	43
235	2470	70
1008	2234	472
206	3149	88
763	4725	184
1153	1406	70
892	1303	77
677	3129	96
385	910	179
2189	3263	87
388	2295	11
1501	438	284
1271	1	74
1909	3426	277
1735	0	462
636	1466	42
385	660	71
78	3332	335
416	1084	56
1133	1711	70
1412	1284	2
482	2057	71
1471	297	70
711	1178	62
1354	113	71
655	4751	93
1802	2472	96
389	5078	189
129	1264	54
652	399	324
342	144	55
1996	747	43
290	793	71
1456	874	72
612	700	71
732	84	88
1759	288	55
2281	10	275
450	2559	88
239	2597	302
947	1377	370
828	3837	31
726	28	11
1410	590	88
1394	1295	71
1345	2881	70
274	560	106
1036	3234	164
820	87	275
342	2749	184
1848	1196	88
1433	585	11
1052	646	302
1321	249	88
1382	2665	225
1748	519	88
778	2327	106
690	4706	208
205	2661	70
116	2612	205
212	3384	91
361	182	114
617	738	453
164	113	71
1317	182	114
1471	1112	88
435	5076	96
1949	3441	317
434	1450	74
954	4158	155
458	618	71
253	1042	69
2045	3012	56
1216	4737	302
1298	28	11
1746	4601	33
1218	483	205
512	4447	55
213	3031	32
1638	215	275
1008	4740	171
1234	32	31
340	417	306
1965	100	306
1750	75	88
833	658	302
316	1536	46
726	301	70
1260	67	70
966	1334	47
1443	1711	70
676	796	38
1545	0	462
2049	97	69
79	5461	107
1901	727	112
318	343	136
672	562	43
1325	1711	70
194	1696	54
983	1753	72
132	400	158
246	3578	39
401	4993	70
1623	1900	284
952	771	88
1153	590	88
98	1237	71
212	1072	433
828	192	42
1151	4696	368
244	454	106
1381	905	369
737	4193	277
171	3295	332
1158	847	368
1401	3161	285
1473	1329	456
1222	4621	332
285	215	275
596	1204	131
44	219	267
168	1209	306
1516	387	401
1196	2244	56
1434	1226	317
1309	1062	456
1410	505	214
911	1695	88
482	484	71
99	301	70
1145	3819	183
211	626	231
579	141	56
339	5232	112
338	2636	306
2297	3327	31
362	1542	55
558	4996	56
493	26	306
1383	4398	103
1588	5067	277
1841	2927	30
1486	782	251
1486	220	88
1623	4174	259
652	1210	93
416	2221	87
40	4451	92
1322	2639	56
1114	3863	47
44	1887	70
1644	4543	24
1750	1412	43
1668	3561	239
450	711	88
2184	618	71
1218	3509	236
1178	587	69
93	1225	456
320	1419	158
1219	1637	414
804	288	55
156	1341	88
954	557	110
451	2101	103
2119	2265	411
1316	753	41
1007	67	70
61	2012	72
1152	288	55
1185	26	306
357	784	72
1509	2911	88
830	615	270
85	1770	55
1162	1516	31
216	230	71
384	1909	71
807	4060	69
2081	1523	270
662	900	41
899	3443	70
345	191	56
1406	1907	69
369	439	9
99	1954	31
1092	4645	347
1404	1968	88
1089	1034	69
1101	3241	201
1080	379	69
1644	1250	11
1657	5355	55
891	3198	30
414	752	55
1048	4376	271
291	995	302
464	587	69
173	1907	69
429	1045	205
849	28	11
24	4418	43
603	3637	302
1765	303	218
350	2258	88
1709	387	401
232	4357	229
1735	882	69
1365	2193	43
796	1547	184
231	113	71
961	287	32
968	2791	332
996	2455	23
318	395	184
596	2262	85
611	3248	336
1928	355	55
387	1545	415
1707	1321	54
28	1859	88
2061	957	43
1299	3138	284
2143	2139	31
1220	4	72
1840	3426	277
113	243	70
1095	3198	30
449	639	11
203	460	24
216	1277	143
267	3790	70
191	5	159
1969	697	332
509	4107	32
873	1681	205
326	0	462
451	1792	428
2146	524	70
1298	1201	270
1212	2448	70
1106	297	70
1213	4743	189
647	407	42
1327	288	55
39	1114	120
232	3525	259
1310	4517	278
1187	4451	92
614	3215	284
160	2087	270
196	5568	33
1385	3596	70
40	1264	54
2208	71	70
1583	3642	360
622	98	69
698	488	71
916	227	71
1334	2900	443
845	2455	23
1177	3278	41
1198	1466	42
256	1226	317
993	567	332
1418	399	324
495	300	55
823	2360	103
1089	1102	91
375	1695	88
1680	981	55
359	1183	55
1019	161	37
904	4214	354
3	762	24
1298	14	385
268	2968	54
0	936	360
968	1072	433
1060	4363	304
1948	4241	162
730	2993	269
138	379	69
521	537	171
1413	154	37
857	3844	88
944	1162	117
1293	646	302
1566	4026	88
2145	1928	403
1480	763	142
885	76	90
194	312	420
1412	4172	56
1795	525	46
580	417	306
1035	131	144
255	120	88
1618	2438	176
2019	4301	364
1289	873	72
1159	979	112
8	393	70
845	1573	284
309	487	245
381	1503	70
496	3982	411
140	315	31
1263	354	71
1419	96	70
944	3292	354
752	4041	70
290	3918	70
1283	4577	277
70	4036	72
566	1684	56
670	3175	467
981	3250	39
1009	2275	358
1738	1784	317
1	1059	456
1214	4961	53
1392	16	42
798	1215	88
954	834	71
395	2755	284
2096	4988	362
435	113	71
2194	3434	176
1725	2058	205
1286	271	55
1365	486	106
408	297	70
451	2956	423
1720	71	70
468	1899	70
160	469	34
2055	193	332
667	568	70
375	2576	416
193	978	77
954	760	56
486	182	114
1757	67	70
323	3353	88
634	2225	88
1298	806	107
232	1030	259
2259	1226	317
1217	760	56
113	288	55
1230	1341	88
1106	4370	9
778	4003	33
677	3259	56
339	2411	42
422	1883	103
628	1288	32
12	603	54
1410	4382	224
1385	776	70
1131	1755	71
573	2542	245
1282	1011	71
495	1014	354
890	3197	22
540	79	32
1298	4712	103
2158	389	162
788	15	42
420	98	69
1663	786	200
717	4346	62
1533	2356	113
1310	1351	56
479	3718	452
426	4464	88
1971	936	360
1066	904	369
1514	4962	277
482	2523	41
517	2265	411
667	1722	70
1643	4322	11
505	399	324
706	5248	56
1301	505	214
1252	1967	317
1501	1259	259
1859	75	88
2087	276	315
1049	5334	93
624	411	199
978	436	283
1184	4509	283
113	2527	448
600	905	369
1415	4370	9
2053	138	403
1302	572	46
745	1334	47
1066	152	70
1469	4398	103
1533	1239	71
272	5582	478
2316	135	72
411	4498	44
777	1942	11
330	819	39
426	4346	62
921	4225	54
109	244	94
644	2614	365
1021	5446	74
2236	22	273
78	2606	11
388	1907	69
1325	4982	257
149	3825	284
1299	4438	72
1339	1509	231
1340	2419	403
185	389	162
736	617	71
1140	204	69
360	2157	88
2092	658	302
2197	97	69
430	859	171
570	5307	200
1921	471	99
1343	3177	37
2031	1711	70
194	5202	23
150	31	55
456	294	340
840	723	88
173	1257	72
1221	1486	88
159	763	142
1227	3426	277
944	381	38
797	3765	139
3	723	88
1272	5051	138
1069	3044	40
559	4634	56
1387	1571	205
459	2154	187
603	2793	106
118	2443	11
1469	4479	42
307	182	114
1287	3376	100
841	2667	280
1180	1711	70
564	4050	171
633	1711	70
2198	3380	88
1280	620	11
827	1530	70
1662	446	180
1916	1	74
2252	630	166
894	135	72
540	135	72
1471	528	251
643	276	315
122	182	114
1577	215	275
1076	524	70
1631	3168	259
206	2945	461
637	2057	71
1356	3488	88
647	2792	354
813	5340	55
765	2401	15
1695	500	43
684	1261	116
1463	879	452
70	2115	88
956	4144	23
1044	2736	220
1102	744	70
878	733	88
221	2476	70
118	26	306
496	732	212
571	1385	32
660	3797	42
1003	2833	54
818	3285	137
3	1879	96
28	452	88
1011	97	69
915	2156	409
1618	4696	368
2129	3293	257
657	28	11
516	990	32
968	2634	56
935	1711	70
1568	41	275
115	1145	32
280	914	56
411	492	14
1971	3271	63
1023	1031	42
780	2803	11
403	439	9
154	563	90
1306	1358	70
853	115	41
144	1352	70
357	1686	71
269	795	106
30	247	383
1563	233	81
50	802	42
829	1797	24
1866	2945	461
7	6	77
1181	4605	315
427	4554	43
893	1363	59
954	113	71
1365	1978	88
160	1086	91
978	434	72
405	1954	31
1131	96	70
290	2626	69
77	1269	54
710	1785	56
1740	3756	464
1699	75	88
16	545	88
1182	3882	317
2014	3913	141
1802	576	104
1608	3551	30
518	144	55
1064	298	363
610	3615	56
1350	4361	138
435	4699	167
1396	4165	171
1418	1818	358
458	180	452
1962	2602	171
501	957	43
1301	135	72
1008	1250	11
1067	3325	403
576	2001	88
447	658	302
1533	2627	56
439	5539	302
1046	1859	88
408	2698	88
1678	4599	313
1168	4754	249
1814	4197	277
1875	215	275
1399	2438	176
279	242	72
1229	3426	277
1497	3691	277
820	1998	11
744	786	200
1271	4526	184
1171	96	70
1850	1547	184
1413	615	270
1907	1	74
1069	2833	54
640	1053	189
1160	2174	250
580	4328	11
1236	846	290
858	702	119
1418	3709	337
1602	1955	208
388	4192	278
230	1685	55
118	1302	70
1671	1372	70
2093	717	106
1349	763	142
2253	2640	41
1450	4377	171
1471	16	42
50	1154	43
144	2294	324
169	868	56
902	899	411
885	3572	469
647	3208	42
1018	273	41
426	1968	88
1891	1013	34
1166	4677	183
1217	5184	393
1089	1859	88
1708	567	332
745	2095	231
298	1593	41
778	395	184
2100	2238	204
1101	1111	72
316	152	70
300	607	42
435	454	106
1789	2609	20
584	2710	31
807	3073	72
1409	460	24
96	399	324
1062	5189	53
603	5378	284
1945	5559	136
344	1899	70
1325	298	363
1029	1186	70
537	1062	456
628	191	56
89	801	106
1282	1223	404
1494	147	452
1145	180	452
160	1523	270
647	1117	32
2132	4175	9
2159	5386	102
1378	67	70
1155	763	142
735	369	49
1130	3355	55
542	1131	71
1501	1586	284
752	894	37
67	75	88
1159	2665	225
1133	589	88
1188	4620	472
1568	5109	191
1453	4725	184
704	658	302
1925	4887	23
413	2726	14
1405	161	37
741	471	99
655	618	71
506	1248	71
1021	352	77
1150	5264	258
1056	2074	71
162	4165	171
1576	4018	88
1102	2913	385
775	1415	88
1125	2877	284
44	2058	205
617	587	69
813	1054	88
1609	1017	374
482	3082	231
354	1998	11
530	56	360
1020	352	77
285	3253	70
1182	1611	14
204	180	452
1295	1259	259
2278	5361	231
1530	96	70
2100	226	102
197	576	104
140	1093	72
628	1880	70
1454	506	403
350	5	159
1194	4573	42
1358	1675	72
1703	750	294
1438	4736	88
887	3508	88
783	4147	42
1114	81	33
1900	1239	71
169	873	72
634	2187	74
898	3473	231
883	2507	70
1367	1225	456
1568	2439	396
1254	4561	283
2113	87	275
1965	1670	205
1406	630	166
185	2161	112
1159	320	189
1058	766	77
310	1324	114
1038	4667	55
1052	968	71
1318	3148	55
434	4398	103
1282	482	71
958	1630	70
1965	1860	55
1392	1919	205
1580	202	315
1739	1	74
944	4074	198
0	2162	284
876	590	88
1002	4830	310
938	3014	96
285	71	70
1501	255	284
1092	3106	137
132	1283	5
1529	4865	347
2089	1878	77
902	2309	70
613	4351	31
1650	1536	46
806	5083	74
105	2829	56
1196	2028	157
3	1154	43
1685	87	275
1218	2920	184
1016	1252	72
350	3125	245
1383	3426	277
1441	318	56
1295	1503	70
153	1104	56
646	3835	170
2208	2166	56
946	438	284
1587	750	294
614	204	69
899	452	88
1136	1713	353
1274	776	70
1301	113	71
1614	1133	285
983	3251	41
1472	2405	64
1454	3219	340
51	4582	55
11	24	78
537	278	456
395	2641	306
2175	4940	191
453	87	275
1394	5268	405
1118	3583	77
1337	739	385
1643	4846	277
158	5105	96
385	977	56
73	859	171
1178	3516	275
876	32	31
1387	75	88
1267	3379	72
846	2594	9
253	2592	11
192	204	69
887	1276	43
1874	174	103
1170	48	41
296	1196	88
717	28	11
1124	3175	467
1681	548	88
1228	3082	231
232	2606	11
316	120	88
191	1636	200
1752	4082	70
2110	1592	284
2052	4650	352
1465	228	42
994	4549	411
1798	2058	205
1671	2013	283
477	26	306
1219	752	55
1442	2491	113
2001	5516	72
1256	4270	77
224	769	312
153	3367	88
366	3372	260
777	5247	405
1682	731	270
1243	1226	317
1100	4367	70
778	1070	11
625	266	88
566	2947	55
158	782	251
1826	500	43
1765	1593	41
232	3025	408
1632	28	11
435	896	136
1409	3727	72
667	3818	41
323	1730	56
1515	4225	54
65	347	70
1441	2076	464
359	315	31
9	11	275
202	1029	232
779	982	56
388	2500	205
1256	3426	277
1340	100	306
335	144	55
968	1823	30
269	3165	395
650	416	91
0	5587	171
287	174	103
1359	625	55
1701	3154	71
1022	627	173
1979	52	362
240	4269	23
437	1920	424
323	1036	23
1311	5242	88
1197	1314	302
1167	1211	177
205	1038	160
839	1095	395
742	1239	71
1066	4535	37
360	397	88
1501	251	362
528	1078	42
1513	580	50
1777	1015	354
1106	2470	70
19	2661	70
732	2365	289
1233	751	43
777	3665	275
1278	3081	403
1140	899	411
2229	655	284
1302	3421	88
2144	1941	201
139	314	31
1823	1574	269
559	2308	46
1584	4330	12
482	375	54
1638	48	41
1154	4673	71
411	215	275
1308	2000	88
1271	531	72
1435	556	324
282	1210	93
326	4970	456
696	4940	191
1208	3677	46
408	982	56
806	52	362
402	144	55
1535	4861	104
2052	4378	42
3	173	53
1789	415	70
715	75	88
1232	499	43
1475	26	306
1965	271	55
571	287	32
253	1777	55
161	317	233
909	1920	424
1145	835	311
773	1216	337
1215	176	11
1374	357	278
1785	2570	71
1804	1017	374
1486	95	251
1692	439	9
1585	3429	56
1328	1949	99
1796	1733	53
1590	4302	56
1873	2770	31
784	2506	369
893	2126	70
743	1254	285
1400	215	275
61	311	41
806	3326	191
1201	163	110
885	760	56
954	4156	103
479	1246	56
628	31	55
1400	497	189
1220	4445	39
496	1227	184
1539	2976	294
2281	1563	448
1295	760	56
1214	1605	70
530	100	306
603	4834	69
1789	2585	191
216	2586	23
402	4283	31
1745	816	225
790	1415	88
495	3661	9
206	581	84
1343	3206	94
945	2757	43
1922	3941	184
1206	36	137
2274	3113	472
542	284	306
180	446	180
1238	2531	88
1962	438	284
552	537	171
617	830	116
668	3818	41
1510	416	91
2183	251	362
1360	607	42
1807	774	467
489	3198	30
74	293	362
331	2491	113
19	1031	42
1459	1376	11
954	1325	107
1118	1044	56
2060	1153	96
1065	4722	277
1595	3368	189
482	2855	358
1614	5477	33
1066	4364	347
1214	2925	11
395	5	159
59	581	84
1194	512	356
725	936	360
1858	135	72
269	2166	56
954	3600	70
1171	157	275
1500	2490	331
786	576	104
766	3285	137
201	2880	72
877	3771	104
1364	1976	86
975	3900	97
25	75	88
2109	1113	456
875	3064	386
1647	656	184
1707	1013	34
497	2936	363
1577	399	324
1618	839	385
968	2510	390
1677	537	171
112	1097	88
285	4670	277
741	5001	42
1033	161	37
1400	604	136
1158	4250	56
1228	642	363
2109	362	70
206	2052	71
690	96	70
1349	326	42
1599	2260	207
25	2671	208
2066	3833	349
1936	5001	42
2247	562	43
239	4079	70
485	97	69
212	5322	141
1614	4541	72
570	180	452
157	3660	26
608	278	456
1583	4535	37
1509	3912	55
646	434	72
1924	5452	385
1602	2009	72
1618	5210	86
67	1248	71
548	4707	271
1139	1771	212
1248	2945	461
1402	158	456
1047	1297	306
391	1210	93
674	890	136
997	22	273
269	4646	408
1393	2825	9
1614	554	70
1158	3789	249
1106	3034	108
1648	123	104
1600	2001	88
1819	3426	277
1968	4848	11
1259	4492	247
905	1550	71
1256	1317	290
1313	1159	358
1298	1450	74
1532	4062	55
698	982	56
1221	286	306
1218	2055	452
3	376	53
986	1889	288
2111	447	332
193	328	55
1295	697	332
388	4484	120
40	5455	41
1204	3358	283
522	4256	69
276	4382	224
216	411	199
354	2231	296
1680	3293	257
479	879	452
179	905	369
1267	763	142
666	1801	33
122	4573	42
989	3253	70
1358	2342	317
446	1885	327
148	4037	72
619	1959	71
729	230	71
893	3957	32
992	67	70
1491	3836	363
55	1355	55
369	2606	11
1406	452	88
2199	360	332
1145	3715	184
395	5076	96
873	4681	277
512	75	88
1327	321	189
477	4801	55
435	297	70
828	709	88
1021	3130	42
1536	1816	71
2049	3909	56
820	4522	43
840	760	56
1532	3355	55
2084	766	77
1641	2368	70
845	113	71
717	2055	452
1349	52	362
733	1796	49
179	52	362
1299	2344	56
1249	1073	70
688	3614	71
496	1440	151
983	190	43
18	47	41
1250	273	41
945	3334	302
684	727	112
1336	2348	257
218	1092	55
1497	138	403
1180	5000	209
1650	1045	205
1019	281	56
1972	4931	208
1369	471	99
434	4564	281
1344	2766	103
671	439	9
679	75	88
298	2	11
1629	1423	42
743	135	72
1025	1445	81
800	100	306
160	173	53
41	2375	42
1922	1045	205
1081	1045	205
709	4841	72
387	3745	374
437	859	171
121	399	324
644	1317	290
426	378	208
348	2495	70
938	173	53
1091	1998	11
1209	635	106
241	439	9
193	3026	408
489	439	9
992	771	88
1643	1711	70
1648	513	403
13	1239	71
1827	138	403
758	4036	72
269	1738	56
150	3608	32
1179	28	11
1186	4872	275
1168	1225	456
409	3473	231
1224	261	317
512	1610	19
1480	618	71
509	210	360
524	2430	96
1675	1623	56
211	773	31
988	1153	96
1354	3724	70
139	3564	56
1276	970	71
1054	2747	42
1645	1503	70
135	1421	55
656	208	31
411	293	362
2195	1670	205
1212	3317	158
1185	3839	34
1069	271	55
885	1660	138
2093	627	173
165	484	71
290	3814	71
334	1913	231
43	214	72
375	68	70
1295	3759	163
540	3907	56
579	682	52
1636	75	88
1522	870	42
193	399	324
361	81	33
386	136	134
98	727	112
93	1918	309
1062	2182	69
2249	1219	212
686	5466	42
552	2322	74
387	1640	69
2320	28	11
250	2197	9
1119	755	56
1175	2324	186
1186	567	332
1614	1892	303
1139	4205	55
1282	2648	358
1643	5046	42
470	471	99
1476	1458	363
626	5012	77
960	2468	119
1038	4006	309
45	541	395
1159	1090	72
919	2294	324
285	2971	302
329	827	275
59	326	42
2061	3645	71
520	2258	88
587	4093	167
168	4410	302
983	4554	43
347	952	69
200	173	53
1235	709	88
725	4879	405
1394	817	405
1795	951	69
927	158	456
331	855	148
873	2360	103
1868	870	42
961	3756	464
205	75	88
1915	727	112
303	3308	385
204	1903	32
1244	3548	143
1154	4463	362
746	113	71
43	1784	317
1066	3491	87
323	1450	74
368	3164	208
1914	4640	299
664	476	88
797	4853	14
49	620	11
1227	859	171
90	5233	204
1802	3426	277
113	2395	40
1520	2076	464
1368	291	362
704	97	69
936	359	56
5	288	55
978	1787	11
1225	2766	103
1174	2668	25
712	3391	56
1159	2569	192
1259	2275	358
51	620	11
467	71	70
603	1336	86
1021	2369	56
1427	3239	37
1249	304	158
553	144	55
2305	2846	194
1743	3164	208
18	1229	275
1948	4237	277
1462	3738	77
1376	4678	257
2097	421	142
512	416	91
1302	4328	11
482	1913	231
1548	255	284
1583	132	56
245	75	88
285	1670	205
902	1679	411
1747	1225	456
1343	3322	42
837	1241	413
279	170	11
198	1019	404
1295	954	30
2319	254	284
193	2095	231
24	439	9
1335	411	199
1643	2258	88
1210	4563	278
185	3297	349
1220	2615	369
708	5353	86
1921	4554	43
1671	4059	277
396	1851	52
314	5488	72
99	1636	200
1020	1698	77
437	2027	71
172	741	70
309	719	53
411	271	55
53	3491	87
1122	846	290
863	2627	56
2269	2265	411
309	224	110
1181	362	70
1213	2634	56
186	763	142
431	1231	205
395	1670	205
260	2360	103
702	919	191
132	1888	55
793	2665	225
587	2856	32
1735	1859	88
308	2699	136
749	2920	184
2136	4043	69
1849	654	88
435	2864	103
1394	1357	88
1585	2782	78
1859	3609	275
752	2844	270
553	4691	69
167	69	112
625	3002	55
944	2283	74
135	4370	9
1069	1537	284
1044	379	69
92	1030	259
562	4049	171
369	2561	24
1387	2594	9
1192	4721	171
5	2918	282
1755	839	385
524	4004	43
930	3456	257
646	4768	284
2087	4722	277
1201	1816	71
977	538	54
682	317	233
1794	329	189
930	5291	257
1357	4397	363
1676	760	56
1631	655	284
1372	1265	104
1003	3426	277
1383	971	42
943	84	88
114	487	245
1980	954	30
135	163	110
1588	484	71
139	117	43
1371	3870	448
255	1213	364
130	1653	353
1137	75	88
1455	2231	296
778	3600	70
1436	1142	294
1096	329	189
1708	2855	358
2193	1261	116
636	260	11
684	317	233
235	236	70
519	2449	70
1426	468	294
1248	2799	284
281	446	180
485	4325	56
505	173	53
440	215	275
1067	1895	55
185	23	43
194	995	302
815	4808	453
1535	2550	56
385	2261	87
1482	2970	189
1623	5264	258
1159	2646	275
796	3595	184
1749	1401	352
902	323	37
750	4389	315
1101	4300	56
2078	686	8
899	977	56
677	1324	114
1483	5098	168
728	1309	465
1098	1637	414
1300	1226	317
1362	1401	352
1976	417	306
1702	763	142
1046	607	42
70	3577	71
256	3442	317
258	468	294
643	1572	11
411	4407	55
1056	4420	284
1182	4530	69
804	1695	88
252	338	105
793	618	71
190	3994	31
256	2341	413
411	954	30
1003	182	114
141	2165	356
1311	2265	411
51	2470	70
87	890	136
431	4967	205
1265	1656	189
246	2277	23
2010	604	136
2195	317	233
1409	69	112
572	1318	24
936	210	360
868	928	54
290	4268	363
120	556	324
252	535	41
755	2556	456
2124	3915	82
1694	1340	142
1950	4252	39
1474	3154	71
1226	1984	11
191	26	306
1537	3616	70
657	3015	111
597	2830	55
485	4198	180
303	471	99
614	946	32
1359	110	42
14	2715	9
476	2235	106
1038	2976	294
1038	5487	96
185	4134	42
583	1250	11
1204	4479	42
1019	3114	11
1260	4916	71
258	1844	136
2270	1913	231
215	954	30
1075	3977	100
712	3803	56
283	100	306
1585	4416	70
930	2144	283
1234	1984	11
736	1192	71
113	1738	56
777	930	405
1930	1011	71
647	1712	72
1317	589	88
1275	763	142
1004	3069	48
730	3154	71
548	2606	11
328	26	306
1580	1789	74
368	4931	208
765	654	88
2083	457	73
380	4676	88
598	4579	88
421	378	208
30	3726	91
483	4192	278
606	3792	88
629	5378	284
310	2634	56
628	1604	53
1577	4556	171
1621	5328	218
196	355	55
28	75	88
549	3808	119
331	471	99
811	2901	452
198	3426	277
979	75	88
901	4489	103
478	3933	55
445	2895	362
96	747	43
994	1409	11
1585	417	306
28	109	116
1287	1188	376
1094	4674	32
1196	3512	55
69	2754	302
2042	5502	69
985	1225	456
44	26	306
143	3024	200
1238	884	32
1007	4295	142
1227	1	74
80	5593	337
977	704	383
699	767	5
786	2684	464
365	776	70
1559	2135	72
1159	3600	70
1374	517	362
255	1133	285
869	1045	205
50	1114	120
968	297	70
562	3066	72
220	514	40
1674	4916	71
192	975	31
1713	358	55
946	1886	72
1283	1143	56
373	233	81
986	1121	95
1413	1330	456
216	878	56
1256	4709	284
677	1237	71
1716	1836	71
694	100	306
1539	484	71
1678	497	189
1533	914	56
650	3116	171
181	665	42
143	760	56
1402	3202	189
2289	760	56
1352	32	31
657	2853	77
360	1126	258
1573	135	72
1321	339	55
746	3575	11
983	447	332
733	2872	32
318	3316	155
580	4858	88
1718	1736	92
470	1543	32
232	654	88
831	113	71
1089	2600	70
868	4225	54
2256	1934	56
1154	1108	88
1186	75	88
108	268	53
1895	1145	32
1769	4891	43
1335	4508	56
1332	1277	143
1299	251	362
1579	492	14
416	1153	96
27	100	306
1299	973	91
1081	655	284
1651	154	37
265	2301	31
431	1182	205
2254	256	302
1197	763	142
1716	4578	69
988	2560	205
325	1352	70
1305	3542	184
19	1712	72
1049	3537	452
388	1033	53
84	806	107
769	604	136
271	4972	23
797	3940	138
1394	4179	102
1321	288	55
1186	2646	275
706	1664	324
998	618	71
1865	2277	23
2016	434	72
315	689	32
340	1460	4
1293	879	452
1131	44	275
511	1225	456
837	648	56
431	2818	456
1471	760	56
875	1381	71
1568	5018	88
1306	4558	69
87	2068	56
1441	626	231
969	2746	136
1521	399	324
1202	3893	104
285	288	55
391	705	275
1282	590	88
305	2217	333
329	4843	56
2242	438	284
1102	5129	403
366	1561	456
2071	765	77
1252	646	302
1522	71	70
516	517	362
1268	16	42
284	714	31
1142	1174	414
366	2414	55
781	2295	11
957	2659	106
1139	2369	56
548	1670	205
456	1697	197
399	753	41
1640	3812	480
372	2488	306
1352	1816	71
140	158	456
938	702	119
1144	3288	33
954	5318	185
887	44	275
32	3043	360
667	1059	456
1187	887	70
1058	75	88
466	1128	56
302	178	48
1287	642	363
1883	2894	443
1416	372	302
1922	3664	241
960	3723	37
1409	3505	32
1215	184	11
1243	1064	377
630	3637	302
1248	63	361
31	137	78
1063	4407	55
9	4729	385
1327	2344	56
1728	2373	420
361	2388	32
253	3986	275
391	14	385
1747	1487	138
153	838	56
385	768	106
1529	2026	438
562	1595	283
358	254	284
67	4856	284
204	2541	119
939	555	2
1269	1792	428
879	476	88
625	4049	171
1394	2785	447
1103	195	88
1682	776	70
369	2276	64
712	2637	54
746	2057	71
1849	3197	22
1473	158	456
1443	1695	88
1023	1694	71
221	3075	23
1150	5374	284
107	173	53
1879	4803	31
899	1276	43
1552	5322	141
1975	1283	5
806	4121	277
780	182	114
898	4912	456
1038	672	119
1439	2325	158
670	2166	56
135	1383	70
952	841	56
489	1320	136
1450	727	112
935	0	462
192	75	88
1840	5013	362
1738	3250	39
1337	209	55
158	890	136
845	1913	231
1438	1460	4
1151	4637	347
698	945	112
310	859	171
2052	827	275
1399	4103	171
1578	1752	441
1615	378	208
1450	843	39
1034	1437	5
194	1115	54
1055	204	69
1211	450	88
77	879	452
1899	4145	32
818	474	88
1214	978	77
730	3724	70
1602	567	332
1136	2547	294
893	760	56
998	4554	43
2197	497	189
373	118	21
1397	71	70
1196	120	88
1457	312	420
2185	1502	71
108	2930	53
1600	170	11
1762	4905	103
636	1532	171
656	468	294
1222	100	306
1153	326	42
1087	1841	69
583	4522	43
13	3692	51
172	1285	70
988	3968	55
811	26	306
860	640	119
845	261	317
70	39	71
1186	605	8
686	4407	55
757	1	74
247	567	332
239	2206	32
2251	1511	404
1393	3405	186
342	24	78
1372	1013	34
1349	251	362
947	4903	414
1130	500	43
813	3614	71
1816	3040	102
2282	2316	46
1343	3318	205
1014	5234	54
1174	1935	71
1153	147	452
633	435	302
1209	1191	91
1295	4065	56
1181	3724	70
279	330	55
2087	2663	71
362	4318	234
1613	1250	11
1849	476	88
1645	2303	358
1787	3304	28
711	3426	277
1375	1826	42
359	1528	90
1009	4330	12
1174	468	294
80	207	31
335	0	462
1622	2527	448
373	1614	37
626	2421	326
626	135	72
1148	140	71
1004	469	34
1375	1775	158
1463	71	70
806	4461	184
1089	2492	240
51	982	56
918	2055	452
1402	1867	103
369	4593	33
334	81	33
185	4761	332
1418	5544	56
409	855	148
646	3309	452
969	1711	70
1276	84	88
372	2164	32
1583	4873	367
1685	3155	452
1094	1141	119
637	692	435
1364	4049	171
1214	620	11
1031	4951	41
1208	1612	212
601	1977	86
2194	4605	315
627	399	324
1153	4556	171
1366	2419	403
625	3503	70
1256	2799	284
174	2132	189
619	2820	72
1354	2767	349
342	3851	276
125	828	42
94	1553	33
130	3441	317
830	416	91
1405	4893	65
1687	567	332
528	4216	395
1038	3198	30
788	771	88
688	1632	119
216	3436	41
435	81	33
1149	2600	70
1747	1682	9
1298	2087	270
1600	1978	88
246	5489	71
67	1747	306
258	230	71
439	191	56
129	1413	31
1137	467	77
1344	911	180
483	317	233
395	529	11
380	70	71
38	3310	46
1864	2383	208
412	780	452
594	620	11
409	52	362
208	389	162
594	378	208
1127	1045	205
285	144	55
1130	4384	405
1559	2148	136
1144	4996	56
1220	2742	69
50	753	41
1833	84	88
253	2309	70
1077	936	360
767	1247	205
1453	760	56
1244	281	56
890	915	106
954	3355	55
1846	1784	317
1226	686	8
1174	716	235
402	70	71
806	84	88
1310	4771	69
18	276	315
470	3559	23
1630	12	466
198	1655	249
90	0	462
536	414	358
598	4554	43
467	658	302
257	28	11
334	593	111
1281	5500	81
1008	71	70
968	201	55
1390	642	363
375	5512	136
562	5486	404
1409	4795	70
86	5001	42
1211	954	30
2030	1944	171
1532	330	55
153	313	118
1186	93	275
357	1748	452
398	1030	259
426	100	306
1021	4381	96
823	749	69
1924	1220	337
512	613	112
2049	1438	33
1812	399	324
1131	1334	47
1281	1681	205
542	484	71
671	747	43
1031	3161	285
204	359	56
1130	136	134
844	2491	113
993	0	462
1564	4996	56
1011	3274	9
1375	1584	55
1159	69	112
2158	2700	136
161	834	71
1826	5176	462
378	241	32
789	658	302
822	3319	72
1509	35	43
260	1239	71
813	183	11
1025	28	11
698	396	136
448	3767	23
991	1935	71
809	4412	96
606	0	462
636	4780	42
2007	1695	88
418	383	78
880	227	71
710	3055	24
1454	5419	404
1159	182	114
1513	4367	70
911	484	71
524	711	88
524	4592	332
2055	3508	88
539	1536	46
996	4892	56
43	28	11
541	618	71
1612	4930	464
1247	7	54
1038	1897	42
778	446	180
2254	3678	72
886	1503	70
1351	3703	266
175	1557	71
452	330	55
1369	973	91
68	218	70
30	1387	9
401	1558	88
818	3587	452
1018	618	71
588	3186	23
1773	4027	37
359	4155	245
329	3427	55
244	279	119
858	4598	103
514	97	69
1318	438	284
834	1911	116
322	1422	71
1311	3567	277
1266	96	70
639	4616	90
1983	3466	236
246	1192	71
1133	760	56
1271	5148	293
839	2273	53
2135	3933	55
1236	4398	103
1161	3180	332
1095	1686	71
964	1452	146
24	112	70
1937	3107	74
224	2664	420
44	1677	385
110	1675	72
1065	2024	88
781	1899	70
309	422	284
635	96	70
1442	335	32
1008	434	72
408	2209	31
395	47	41
1399	3308	385
1251	4833	91
1359	5429	154
1309	542	171
723	795	106
41	4023	41
820	4314	356
1592	5200	357
1715	137	78
725	73	423
0	938	88
1052	642	363
997	4197	277
279	3137	71
491	195	88
264	806	107
1718	4045	275
868	3291	206
1136	303	218
1269	4127	208
644	3381	72
1229	1886	72
1194	2342	317
376	97	69
1109	3320	116
140	357	278
536	763	142
153	2681	77
271	1450	74
1336	4493	257
1577	179	77
387	3426	277
586	877	72
373	554	70
1010	5094	362
1344	1227	184
733	1550	71
1600	1966	54
277	3879	119
1179	3425	313
1295	5497	284
598	103	85
1008	288	55
1983	26	306
822	902	61
499	465	54
1623	5257	277
1244	3383	302
1475	244	94
542	1118	88
1428	865	72
1655	3312	86
783	900	41
211	3061	11
1021	322	88
247	373	88
310	1983	270
791	1873	42
269	1193	115
96	1518	70
88	100	306
1144	3516	275
1689	1967	317
688	580	50
1643	1837	71
153	1141	119
173	376	53
1271	3426	277
1354	341	23
1466	4048	302
1847	3192	88
730	3040	102
994	3257	346
1813	100	306
2217	3369	42
546	446	180
96	3557	31
269	1270	55
1514	3385	88
1647	148	70
555	809	42
1130	173	53
1268	2617	452
1135	4303	134
1144	3934	56
380	4417	369
604	1734	40
514	907	41
98	753	41
994	1527	11
832	1913	231
1308	5185	184
1835	1104	56
886	5517	69
834	5484	88
546	3918	70
599	4485	339
1065	850	83
1127	587	69
1578	113	71
1808	346	39
539	2793	106
921	1219	212
1321	75	88
698	389	162
807	1363	59
1854	2857	70
1922	621	55
1076	3207	56
541	892	70
872	135	72
1812	2216	275
1895	1601	106
1656	271	55
440	2069	56
954	519	88
646	3950	69
583	70	71
952	618	71
1135	1635	336
995	2815	70
15	32	31
171	2198	5
1021	3890	114
1968	4085	55
129	320	189
1444	1145	32
216	5534	43
1671	362	70
490	872	72
90	902	61
597	1148	32
45	21	273
1234	4243	106
196	399	324
931	1993	230
1362	396	136
1318	941	112
1903	1768	47
1538	4221	184
869	2607	269
1568	3670	70
436	2982	304
310	399	324
156	173	53
1269	732	212
1095	468	294
1878	2227	56
185	494	91
174	1106	31
1270	67	70
114	501	106
1840	75	88
1428	3766	416
724	1378	88
239	249	88
1259	1814	33
861	2600	70
40	312	420
169	3914	103
156	2928	226
1523	1569	232
1151	3846	385
1427	5307	200
336	1470	72
1568	2652	88
1130	1152	198
734	607	42
548	2932	104
674	1048	31
1898	2556	456
435	2443	11
542	208	31
1271	2602	171
1390	24	78
320	4384	405
63	1915	205
935	769	312
1965	115	41
451	4741	212
171	215	275
667	4026	88
228	964	258
1217	436	283
389	620	11
1228	379	69
200	2154	187
361	385	31
2258	1711	70
761	891	53
540	1907	69
158	5259	315
411	1030	259
996	3788	200
1394	618	71
2092	642	363
659	3176	455
24	201	55
997	5339	88
1232	4526	184
1352	2504	64
690	4294	71
1375	4634	56
735	2263	184
989	3539	70
2188	2424	368
1367	839	385
189	144	55
1233	1173	144
1205	2106	275
820	4800	11
2158	2443	11
1221	312	420
1449	4551	103
429	500	43
1785	4965	112
868	815	11
1513	801	106
758	4300	56
1673	438	284
198	3032	294
506	1330	456
1106	3586	55
310	124	257
207	5158	385
240	4487	194
548	3040	102
86	1765	70
1710	135	72
202	4674	32
1636	4910	102
40	500	43
92	4785	70
565	795	106
369	676	77
13	500	43
1675	1450	74
74	1869	180
244	97	69
1374	1285	70
1842	3	70
993	1731	70
37	821	23
86	324	55
605	1590	303
851	1553	33
192	243	70
695	2598	23
358	2635	72
216	236	70
1455	97	69
202	3512	55
837	3473	231
724	2120	42
326	1712	72
1198	766	77
1404	787	362
98	747	43
1966	632	270
1137	859	171
273	586	86
1230	1345	88
391	2623	272
1577	1435	33
1751	457	73
1247	2925	11
850	1309	465
1679	1263	71
298	150	330
1051	362	70
1182	126	381
1081	341	23
988	755	56
1470	2326	212
602	4636	69
131	2269	43
269	3077	50
0	945	112
1585	556	324
2215	135	72
1089	2621	39
387	100	306
479	488	71
1083	311	41
1523	100	306
1394	1358	70
1007	2566	200
988	4155	245
1872	650	452
1343	409	189
698	1120	69
955	4254	452
1739	130	193
2230	1352	70
823	2218	151
597	5054	171
77	776	70
2009	1712	72
1387	97	69
389	3382	69
130	695	369
944	5	159
561	1358	70
730	590	88
1950	84	88
2	562	43
1849	1401	352
1301	84	88
394	2953	88
24	4751	93
1144	1226	317
1295	4698	191
646	343	136
574	452	88
1356	4371	403
257	303	218
496	1182	205
140	2860	106
655	1619	306
349	709	88
140	2463	98
96	1376	11
968	4135	82
1726	1663	55
766	107	70
587	26	306
2235	1880	70
1055	215	275
450	709	88
988	3355	55
436	2866	69
372	471	99
1492	210	360
98	3912	55
477	301	70
670	1040	369
110	139	252
1235	1017	374
1233	1294	373
239	453	55
1858	2725	357
1607	4890	385
0	2955	70
416	1725	90
1363	5438	11
2188	2324	186
1443	4721	171
403	3444	39
1311	4872	275
1700	254	284
1008	5560	55
211	75	88
1608	4592	332
568	4111	9
28	28	11
165	161	37
1235	1965	9
271	1288	32
1800	4049	171
257	2698	88
996	1470	72
682	2947	55
1015	236	70
300	1362	23
855	894	37
20	61	81
988	492	14
881	4079	70
1798	747	43
381	24	78
27	108	254
1552	2638	43
1069	1837	71
1971	4793	277
141	215	275
1269	1095	395
710	2272	42
264	484	71
1471	709	88
954	1032	72
759	383	78
436	434	72
1318	5195	32
1879	28	11
1831	443	71
1366	3161	285
132	93	275
1226	178	48
78	1054	88
1220	4809	209
1140	2419	403
107	5188	51
1064	2800	9
625	3487	88
1643	1625	71
1258	2494	61
96	1920	424
37	4985	54
282	26	306
1044	2802	39
2196	3369	42
426	1250	11
458	446	180
1733	187	231
1008	757	114
1126	343	136
1492	3537	452
1295	1045	205
790	3631	88
570	3673	46
63	1835	72
1534	2122	70
1221	432	11
1691	514	40
323	11	275
362	843	39
677	96	70
1412	2662	70
692	180	452
1492	4576	39
299	4446	277
511	841	56
1131	562	43
1224	3921	56
25	88	88
1510	661	358
171	4666	413
535	1121	95
1350	757	114
1506	5231	425
884	5492	269
917	5133	77
1806	2294	324
551	1383	70
1139	350	88
1194	67	70
938	3426	277
813	2842	198
908	569	11
1328	75	88
1979	4056	69
2162	1212	142
1950	4896	47
1943	135	72
1795	776	70
1440	2032	86
552	210	360
2114	1650	88
968	1267	55
96	298	363
1140	215	275
1653	2924	258
172	2128	88
326	1174	414
28	1078	42
467	618	71
847	97	69
1048	62	70
1911	1196	88
357	1551	71
1582	3590	87
1177	182	114
1396	4049	171
1815	370	72
482	642	363
547	4311	171
173	1248	71
1965	144	55
1537	4437	43
185	567	332
1854	4444	464
234	1220	337
759	3621	41
1618	1809	83
1811	4791	55
426	170	11
224	1105	451
1471	2987	142
1242	1145	32
1750	39	71
1215	28	11
519	4250	56
314	2706	96
915	3020	69
1675	957	43
1314	2152	234
1	210	360
416	1114	120
1176	2233	400
715	3621	41
1990	658	302
1164	3836	363
1418	1395	425
1140	3714	55
1139	1860	55
844	1018	374
1278	4234	403
500	817	405
789	26	306
1367	180	452
129	100	306
786	3681	70
426	306	42
1081	282	306
1444	399	324
567	418	285
2210	5043	411
107	4592	332
1591	659	283
1877	4197	277
574	313	118
184	312	420
1271	133	200
539	684	39
497	4678	257
979	290	379
1272	1365	53
1571	4722	277
1847	567	332
239	247	383
1211	1199	70
474	998	58
1545	760	56
342	190	43
219	39	71
1276	646	302
477	2636	306
1204	2272	42
105	584	88
30	1787	11
1158	1450	74
1637	3302	70
206	1248	71
545	708	136
1273	378	208
865	4116	346
545	5255	56
1551	312	420
1214	4659	41
1029	138	403
835	3253	70
565	589	88
439	776	70
1272	5012	77
1422	4610	184
846	766	77
61	2741	71
1291	4941	88
1226	3429	56
749	191	56
1271	4250	56
1980	210	360
1691	4892	56
698	1787	11
401	399	324
1900	2646	275
429	1956	143
565	2904	88
517	3464	66
677	264	114
105	419	189
601	2029	85
813	4719	323
624	1261	116
535	979	112
1069	1986	71
659	497	189
1237	4860	104
1602	1045	205
2298	1961	63
1015	1838	23
716	210	360
630	4197	277
2203	760	56
596	771	88
619	2188	90
208	1986	71
168	2701	136
212	1641	72
1146	3174	18
1135	4500	159
310	4491	77
994	4531	347
316	163	110
1450	3494	106
2087	1565	402
783	2943	46
1168	4707	271
96	3077	50
216	1085	120
431	1196	88
712	1565	402
2011	2665	225
1971	760	56
586	1055	385
330	3045	158
257	5029	205
316	1528	90
710	182	114
741	4479	42
1512	4168	277
63	161	37
488	1239	71
2235	5413	56
628	156	70
1367	5020	103
2127	1178	62
10	5017	478
1196	2400	70
73	1385	32
1130	228	42
482	743	360
98	4846	277
2138	1453	143
798	686	8
2085	5421	456
250	1652	83
1401	4529	283
2228	4605	315
1703	1899	70
2308	4442	72
359	2304	17
992	3979	205
497	676	77
1552	4675	405
335	4046	277
1543	1225	456
1387	326	42
140	273	41
1069	3522	30
2209	3036	284
704	318	56
387	1927	403
712	721	88
165	1996	70
131	5437	218
1215	2360	103
978	4103	171
858	1274	141
530	138	403
318	468	294
1362	588	88
806	4225	54
1225	1867	103
0	1542	55
115	2214	317
823	492	14
1713	2366	205
1653	3308	385
144	2658	40
1317	4231	73
1668	2104	184
369	107	70
338	1920	424
1855	4405	188
1335	1978	88
0	955	40
1238	227	71
1081	2740	71
1170	2317	81
984	3617	317
98	1354	71
730	370	72
179	3230	235
1383	3292	354
1373	755	56
1015	1331	41
244	627	173
1209	3245	347
1213	747	43
1531	4159	184
1688	3025	408
769	3786	443
682	75	88
794	97	69
688	3894	104
1773	2440	137
616	655	284
28	2259	250
63	1177	208
466	590	88
422	4078	257
1020	567	332
336	1467	71
682	304	158
193	711	88
554	2360	103
1248	411	199
1850	5215	102
2083	760	56
435	4926	103
1356	3728	9
2062	24	78
615	1918	309
1726	4313	277
524	225	55
736	723	88
1042	2647	470
1031	655	284
610	3616	70
1235	3222	204
668	1212	142
3	5544	56
1624	3426	277
1712	1670	205
87	1028	10
86	2395	40
523	96	70
1344	5000	209
1137	2495	70
305	3249	284
357	3319	72
1681	2658	40
813	146	55
730	4677	183
1718	4102	32
140	642	363
1225	28	11
834	1535	55
1324	914	56
491	1005	285
389	1084	56
1038	5496	136
861	3881	303
186	1261	116
19	2662	70
1241	2073	9
1753	697	332
1187	833	69
1277	3426	277
15	3619	53
1454	2000	88
74	1117	32
1979	1358	70
431	399	324
961	3614	71
1545	658	302
416	4004	43
1276	1816	71
372	1115	54
374	576	104
998	135	72
379	4023	41
823	1816	71
1124	4107	32
1277	141	56
979	1818	358
1089	584	88
1065	593	111
1670	621	55
1969	649	408
1379	440	404
838	1009	70
1850	434	72
551	708	136
1300	3684	136
1273	905	369
885	0	462
272	75	88
791	98	69
272	1277	143
1612	144	55
1193	2253	467
1698	1276	43
236	3426	277
1592	124	257
1793	398	212
435	3378	41
365	4646	408
1887	3256	219
564	627	173
1008	41	275
435	908	138
2234	36	137
1417	4695	404
636	4197	277
898	16	42
2249	1989	212
439	321	189
368	2929	242
845	3389	11
815	1998	11
712	1	74
1004	1676	385
813	766	77
968	2254	452
2119	412	385
667	75	88
1710	3553	31
1685	3849	368
1637	67	70
769	1250	11
1468	604	136
446	2950	191
1890	1399	88
604	276	315
1034	5074	31
76	658	302
327	469	34
305	1382	363
615	887	70
70	692	435
1048	51	306
779	2691	149
252	2333	32
243	1145	32
263	3426	277
383	1684	56
1337	4230	190
2006	180	452
1854	914	56
898	743	360
2183	2860	106
479	658	302
495	2310	55
542	719	53
1876	885	70
1151	4531	347
1150	5240	456
1221	3051	11
834	5	159
362	3275	176
150	601	70
1612	1691	72
1972	453	55
1222	2847	39
565	2901	452
1383	132	56
781	4577	277
138	738	453
1068	2843	275
362	187	231
1338	698	433
216	399	324
1101	3527	107
288	2412	70
1298	1983	270
1651	1718	11
2045	2369	56
73	1860	55
614	1636	200
750	2486	452
1780	1185	377
689	52	362
1672	4293	43
1887	39	71
1562	3966	20
1504	639	11
1653	91	37
1773	1401	352
455	1554	298
1411	2812	71
742	131	144
1012	84	88
879	2801	53
351	3318	205
96	1532	171
827	518	70
971	357	278
269	4961	53
144	2493	11
1182	740	69
2207	2809	262
30	655	284
710	2185	77
1165	24	78
730	972	115
1277	438	284
34	4968	43
1023	714	31
769	1572	11
1647	1859	88
813	4180	88
1022	863	259
51	259	316
286	5165	171
1540	499	43
168	766	77
1204	435	302
2224	513	403
1671	3829	298
1457	1630	70
968	4695	404
1130	3692	51
1604	4295	142
1321	4508	56
1335	753	41
1010	2559	88
1345	961	88
109	457	73
1449	144	55
562	3192	88
1031	2244	56
1173	2047	216
2232	1517	224
1500	26	306
1739	5319	9
96	2730	11
606	3460	456
1139	2440	137
342	297	70
1202	3418	220
13	3430	261
1882	4180	88
92	1934	56
572	2625	324
1555	28	11
482	3419	24
1471	158	456
126	982	56
630	673	172
1759	2791	332
1915	1993	230
524	1870	40
1394	297	70
1607	135	72
1211	1339	71
988	71	70
1934	147	452
1205	3426	277
541	75	88
1038	1649	210
150	2071	55
735	87	275
1794	4073	134
1070	3005	448
2076	227	71
898	1663	55
1691	67	70
939	2843	275
988	4631	39
2233	615	270
375	96	70
1441	2748	184
783	1690	69
872	627	173
1955	3717	54
791	3884	42
273	3173	213
1953	1005	285
1335	312	420
1685	4016	104
594	469	34
2083	802	42
1697	3537	452
1903	1378	88
1745	379	69
1730	266	88
987	2429	76
1055	1670	205
1383	137	78
1298	1045	205
873	2338	112
405	1472	53
1451	113	71
897	495	112
1058	1176	88
33	210	360
114	3618	81
2269	500	43
1016	1283	5
1354	204	69
775	2695	291
520	602	70
123	561	39
706	2067	106
1383	4370	9
1364	2075	136
898	457	73
1138	484	71
1412	3625	88
646	2404	82
952	4403	188
1243	4757	277
1178	4753	55
1008	500	43
845	3537	452
577	26	306
1324	4472	294
314	776	70
1708	1055	385
954	3137	71
1382	655	284
968	1239	71
1207	760	56
1188	1311	457
350	1261	116
692	5292	273
813	1937	23
679	2417	262
1064	535	41
1383	530	14
107	3609	275
1394	2210	111
1271	392	70
386	270	88
1876	218	70
983	704	383
1182	618	71
130	732	212
331	889	71
688	71	70
1101	313	118
1599	1732	70
1181	87	275
784	354	71
877	2767	349
1575	4980	56
1203	3153	40
1275	517	362
2215	1154	43
678	14	385
197	87	275
1579	827	275
411	336	86
75	1094	56
1634	1950	299
1291	1199	70
1922	3307	184
679	0	462
358	1296	71
588	1078	42
777	4428	30
688	67	70
376	868	56
1470	1072	433
1110	4913	23
1020	1602	106
1194	28	11
1344	905	369
2251	2210	111
1237	469	34
615	488	71
437	84	88
51	885	70
244	4826	71
1298	2600	70
95	4060	69
478	2238	204
672	144	55
1504	4580	245
503	322	88
1894	26	306
2091	914	56
1252	4028	43
1130	2009	72
240	4384	405
797	2901	452
334	2907	88
2183	96	70
1643	2691	149
277	4123	402
1808	2500	205
269	645	41
510	2391	206
1029	75	88
1555	1182	205
359	570	71
568	28	11
600	1641	72
2165	3106	137
288	267	54
1247	674	284
247	1199	70
1130	2729	43
746	960	79
1210	3482	41
1108	416	91
0	916	164
389	117	43
1644	1667	324
1833	312	420
129	785	162
901	2058	205
159	830	116
2129	537	171
1076	113	71
361	315	31
799	1847	43
723	3450	64
216	1284	2
207	4380	23
1555	4269	23
211	2273	53
880	2493	11
44	24	78
260	1234	88
51	2309	70
936	138	403
357	2515	403
520	1862	11
1166	46	70
477	117	43
1945	2803	11
1962	1691	72
357	1199	70
2096	291	362
1177	161	37
468	3939	277
1217	2798	302
1139	4351	31
478	416	91
660	3178	472
1301	4398	103
1816	2755	284
1559	692	435
1095	938	88
549	3927	136
1471	392	70
1218	326	42
1874	1157	31
1050	438	284
1519	990	32
55	4271	55
1559	67	70
1993	215	275
176	103	85
205	195	88
1854	468	294
236	150	330
1678	4920	331
375	1593	41
1782	642	363
898	602	70
503	1653	353
236	3739	55
1501	24	78
1024	734	452
346	138	403
1269	2438	176
1471	1009	70
150	801	106
1081	1250	11
598	891	53
826	2251	20
1540	3244	198
224	210	360
1418	3969	402
276	4517	278
1531	291	362
1080	942	112
656	28	11
2187	362	70
849	4241	162
1008	4298	41
1752	2944	291
110	271	55
516	776	70
1387	3537	452
362	639	11
418	1949	99
2291	780	452
592	2817	70
381	4912	456
827	2128	88
1194	97	69
562	4081	55
353	411	199
1499	778	142
2085	4643	465
1485	2715	9
1275	3788	200
542	4027	37
240	38	142
1342	3846	385
634	1130	88
625	696	56
1159	419	189
1402	438	284
835	3843	71
449	1306	438
1308	2919	212
142	3548	143
1437	138	403
662	1628	233
649	2729	43
434	1341	88
1529	4672	205
892	28	11
855	761	32
191	96	70
1016	5489	71
263	3323	153
730	4896	47
988	2593	70
387	163	110
1151	1109	347
821	752	55
480	2257	91
988	95	251
1562	4946	69
688	117	43
603	288	55
1369	4737	302
204	2872	32
255	647	43
1854	1920	424
1409	100	306
98	1684	56
1520	4757	277
1952	2253	467
90	3548	143
698	378	208
1186	330	55
776	31	55
594	446	180
435	3580	154
1160	3796	42
253	1582	72
690	4213	332
224	489	158
1231	1059	456
1181	585	11
482	513	403
1648	1337	357
1154	1033	53
1602	1753	72
93	2732	275
113	5248	56
1031	4774	42
835	528	251
1008	1379	472
1150	2325	158
1193	377	208
972	78	352
1383	3658	373
1042	4361	138
830	1250	11
1773	456	86
1312	2843	275
113	1210	93
911	769	312
1470	704	383
2079	87	275
743	469	34
160	3885	56
1691	2360	103
1308	4189	183
5	1825	43
1169	605	8
1780	2336	472
674	301	70
603	2757	43
1611	4236	332
1983	247	383
267	2926	54
2085	4724	456
1727	3028	54
1643	4367	70
1277	4544	360
1227	527	88
1453	840	39
954	2378	456
616	1212	142
2178	417	306
1620	2076	464
131	1341	88
510	3806	56
1271	1612	212
2253	1014	354
445	2298	70
1489	1708	383
1137	468	294
33	1718	11
1038	3057	81
761	1451	77
1838	2121	91
1083	1707	67
1	5251	31
1665	1612	212
1579	3359	294
1004	26	306
1072	3650	188
1007	254	284
1261	2825	9
789	5170	332
91	1619	306
136	632	270
847	655	284
761	3475	88
302	5050	26
1568	784	72
1030	3159	205
107	452	88
200	2182	69
1131	732	212
1535	859	171
1310	399	324
938	572	46
608	3611	465
1248	497	189
366	5558	450
1964	1030	259
1166	5546	31
204	1033	53
465	4446	277
1789	1250	11
194	5104	23
491	1573	284
1035	539	8
1288	3837	31
147	605	8
1269	5595	172
945	2799	284
952	36	137
102	5413	56
528	3004	87
1076	4997	70
2291	180	452
595	2352	84
1186	760	56
1877	325	136
802	3540	184
37	2407	4
50	202	315
604	686	8
735	1176	88
513	727	112
1793	4043	69
96	1352	70
59	395	184
2273	1852	200
529	488	71
467	4018	88
1743	277	353
403	3329	337
1016	1352	70
189	414	358
628	399	324
1688	3039	41
1840	24	78
855	747	43
478	1357	88
912	2809	262
512	795	106
488	2715	9
173	1858	436
1286	3809	271
198	482	71
488	4337	88
752	5506	40
425	1588	258
1530	801	106
1664	2677	23
102	190	43
168	1007	284
1458	1537	284
1510	5145	88
16	100	306
1295	3468	136
1271	446	180
677	372	302
153	1157	31
1328	4757	277
59	1933	9
74	417	306
416	3496	259
93	2794	452
1215	3332	335
437	3786	443
1347	471	99
389	698	433
1675	1673	325
340	2485	452
27	1728	96
608	3710	271
513	304	158
2013	3	70
1094	75	88
1514	1358	70
387	35	43
1133	2459	45
2220	5111	55
960	766	77
186	1341	88
1443	3924	88
1092	998	58
1622	2076	464
113	158	456
1361	605	8
55	2009	72
59	931	74
988	3678	72
253	3303	96
1328	4099	160
984	604	136
1449	3604	32
159	1049	135
1187	4903	414
887	2267	70
403	207	31
387	2983	304
1493	3081	403
541	1871	71
1234	530	14
1527	120	88
1501	4049	171
1051	2320	70
422	97	69
1374	26	306
1915	434	72
704	760	56
823	98	69
1133	1102	91
1315	654	88
1135	3270	376
11	28	11
156	3256	219
1265	365	475
171	760	56
954	2695	291
1162	2126	70
1334	3812	480
1862	26	306
616	135	72
1413	3831	457
1014	1024	419
102	2027	71
1337	14	385
1139	204	69
2305	752	55
416	2728	110
325	1429	54
422	2070	257
465	2298	70
1186	752	55
44	2251	20
1019	144	55
1209	2129	106
1600	230	71
1724	918	181
960	1492	240
1155	760	56
919	1888	55
586	939	41
166	587	69
1016	2003	106
1531	3419	24
8	982	56
1759	2139	31
91	70	71
1759	593	111
1343	1409	11
510	1584	55
9	24	78
1991	438	284
687	2495	70
798	100	306
1145	3941	184
1221	1452	146
617	67	70
236	1143	56
1146	763	142
1909	2106	275
774	4725	184
617	484	71
952	5214	462
2042	5480	9
1828	1493	205
1077	369	49
1813	3801	112
528	4748	323
1205	5394	275
575	894	37
951	839	385
548	2055	452
1145	183	11
1614	2140	302
1168	3789	249
175	32	31
968	700	71
339	727	112
1214	171	11
823	2417	262
646	1313	302
514	1397	246
712	914	56
187	2637	54
92	26	306
1249	314	31
1317	5299	92
790	313	118
467	1557	71
535	1744	77
1059	1045	205
1007	3911	259
1036	175	103
222	100	306
984	3324	300
1802	73	423
1299	256	302
511	2142	257
1025	117	43
1142	1145	32
1295	4479	42
1396	1859	88
535	429	42
1220	1963	53
131	3312	86
856	2597	302
2241	5068	87
24	3968	55
116	1997	55
1985	4508	56
51	2635	72
1612	1045	205
875	4554	43
1042	482	71
0	2455	23
1687	957	43
339	438	284
1454	5066	277
988	4445	39
1314	1670	205
50	75	88
206	305	71
616	2199	31
637	687	88
824	4398	103
368	378	208
204	341	23
105	1963	53
860	2620	30
1186	1239	71
1441	244	94
247	2294	324
200	2715	9
845	743	360
559	3420	24
512	616	40
1313	2511	296
88	472	284
1132	2068	56
1441	4196	221
446	1663	55
96	680	302
845	4925	452
2252	327	77
730	5564	363
1089	302	315
196	5370	94
619	3274	9
185	0	462
954	469	34
741	113	71
116	862	259
1848	1691	72
106	228	42
944	727	112
1167	2579	258
716	839	385
58	914	56
630	173	53
1182	379	69
488	4739	9
947	483	205
1049	96	70
245	1	74
946	1352	70
1701	435	302
1158	358	55
1356	4367	70
259	390	88
282	14	385
1231	2743	69
477	711	88
153	914	56
1233	3711	374
1727	709	88
1727	686	8
318	590	88
624	1807	74
96	1626	231
1390	418	285
25	93	275
774	4279	136
1675	936	360
1319	5186	171
968	293	362
1196	4039	22
682	5259	315
688	5018	88
1131	204	69
1287	4958	11
1165	776	70
839	2098	42
1462	766	77
1057	4049	171
1845	4179	102
846	5341	9
552	4752	11
2136	71	70
1226	28	11
1418	2275	358
1010	1941	201
1222	372	302
1182	3832	370
1242	3439	38
872	188	201
96	2567	31
41	191	56
213	1542	55
1515	3002	55
1466	1254	285
1365	3885	56
1196	112	70
742	372	302
535	947	32
688	1102	91
2103	1277	143
131	2316	46
1057	4854	342
1209	1695	88
997	691	88
180	378	208
469	1620	31
1720	1967	317
226	228	42
11	173	53
930	3539	70
1234	71	70
1469	5311	42
655	2099	112
114	1282	4
1060	763	142
1152	4203	330
369	2078	42
155	2	11
1506	5178	464
1269	4396	65
247	1470	72
977	825	42
2227	1989	212
1247	1102	91
1065	4567	88
698	453	55
974	412	385
408	98	69
344	855	148
1939	481	69
247	471	99
2146	813	445
1007	627	173
887	1348	205
1777	2143	257
968	2953	88
1013	2476	70
1235	4289	317
1041	2895	362
1175	2952	395
996	2527	448
483	1975	56
1327	3896	55
272	357	278
1275	1639	200
258	2313	72
204	3042	24
56	280	72
1106	841	56
330	1127	72
1725	4453	205
313	1623	56
1221	762	24
1855	3507	136
173	31	55
72	686	8
761	1679	411
1298	1231	205
1382	62	70
986	1153	96
861	75	88
352	660	71
135	147	452
1189	135	72
790	3426	277
944	2763	88
54	417	306
588	323	37
1334	590	88
1074	970	71
968	32	31
340	4588	43
348	1495	245
977	120	88
677	3724	70
73	25	108
1663	1203	458
1315	4050	171
1955	3403	88
1438	28	11
1144	1705	71
1221	204	69
818	2994	270
83	303	218
73	567	332
1250	3061	11
1893	0	462
1181	654	88
1891	1677	385
319	416	91
1536	4591	88
349	271	55
485	81	33
947	317	233
564	71	70
1275	2971	302
1356	4426	405
1686	1255	302
238	3122	88
285	2330	452
1242	4487	194
191	1695	88
1560	439	9
1928	242	72
1950	813	445
1850	3540	184
1221	944	164
332	855	148
1213	97	69
1321	3204	97
1222	4334	39
376	565	20
1384	134	306
70	25	108
1133	484	71
169	2964	106
198	153	25
1845	97	69
776	2414	55
139	1347	43
1270	4869	383
1252	567	332
1258	310	124
592	1624	296
992	26	306
45	1794	70
2247	299	56
2005	618	71
431	26	306
229	1838	23
73	776	70
2091	2474	436
2190	75	88
1102	3553	31
2256	341	23
488	1255	302
1514	4595	88
1016	183	11
1644	5282	83
1491	4078	257
258	4229	72
129	776	70
688	346	39
2201	3004	87
331	386	200
1540	251	362
1726	237	54
1	4117	42
849	245	54
119	1416	71
679	395	184
2227	4612	63
308	344	136
860	3864	319
1738	698	433
688	105	119
362	482	71
1427	752	55
2096	289	339
2236	44	275
1128	1435	33
1130	4852	88
548	434	72
1678	3995	30
985	4784	88
1168	3710	271
459	70	71
1130	902	61
548	80	450
619	378	208
1602	75	88
1114	1830	39
143	4351	31
378	2028	157
1224	658	302
1759	210	360
269	500	43
380	244	94
955	5546	31
1194	254	284
1568	1843	70
1841	835	311
386	2600	70
565	5223	70
1841	276	315
1501	5453	259
2154	1546	184
179	855	148
366	3586	55
871	2889	268
1172	709	88
282	920	76
127	135	72
1690	753	41
564	758	332
70	1336	86
250	5025	102
1864	38	142
590	482	71
116	438	284
163	35	43
794	2903	42
1248	417	306
566	1592	284
300	2223	362
1069	411	199
1600	5046	42
1939	4374	452
593	2314	270
1571	5208	318
1741	1427	384
1034	1834	71
395	1620	31
1491	3568	96
1074	861	284
846	859	171
789	2610	205
398	642	363
1057	4026	88
1576	499	43
1546	1539	88
134	1559	86
448	2688	78
1244	1935	71
630	1538	70
913	70	71
737	3913	141
1560	135	72
743	310	124
1366	3293	257
1282	1487	138
1426	3867	240
186	959	56
952	1250	11
1623	2799	284
1016	469	34
2215	2799	284
899	5197	72
1194	439	9
1859	4237	277
24	4162	74
2087	135	72
999	3625	88
1299	313	118
1829	1253	284
1492	2759	221
1361	1653	353
1203	990	32
191	3005	448
579	2310	55
1179	210	360
1271	457	73
1816	1045	205
796	1218	184
869	24	78
783	71	70
1580	4080	189
1413	438	284
960	28	11
416	1827	23
866	2142	257
66	4607	315
1095	26	306
1475	1146	71
1515	1113	456
1685	4861	104
91	1812	356
1367	2486	452
25	4026	88
1104	4969	407
1221	4162	74
0	4742	391
1236	4453	205
617	31	55
1325	3085	9
1459	144	55
845	2490	331
1228	255	284
1301	1611	14
1002	1711	70
1380	290	379
168	1378	88
1516	566	218
673	1709	408
482	450	88
1263	5038	41
625	1705	71
1208	424	56
1769	75	88
1315	2860	106
1042	3821	413
141	1841	69
815	389	162
1613	2925	11
1786	2475	144
11	97	69
1325	3383	302
1566	492	14
968	180	452
1080	2738	31
779	3808	119
748	1827	23
2256	438	284
1129	3572	469
705	379	69
171	1998	11
2217	317	233
425	672	119
1615	10	275
543	2955	70
1700	2095	231
1588	3652	103
1193	178	48
417	1862	11
789	1212	142
1270	208	31
179	2058	205
342	2526	315
1347	2655	54
1007	1936	306
475	399	324
232	182	114
115	1019	404
1864	628	274
1167	291	362
1712	1336	86
132	1252	72
1150	1331	41
725	1681	205
973	67	70
1142	73	423
1211	191	56
1454	1607	77
2041	1546	184
745	3271	63
614	210	360
452	1358	70
943	4050	171
930	902	61
977	766	77
850	288	55
936	2035	69
1030	1810	205
1222	951	69
1019	1011	71
969	1259	259
402	215	275
728	2894	443
286	26	306
1522	981	55
593	731	270
1674	2601	284
1618	1888	55
714	139	252
1834	2877	284
2137	1770	55
1922	1217	184
1759	769	312
435	517	362
828	2076	464
395	2348	257
1754	5074	31
687	67	70
489	1160	162
89	3	70
1191	4856	284
107	5247	405
1862	2856	32
1064	4426	405
857	2868	31
193	469	34
1917	3770	104
180	499	43
1032	20	1
1224	1743	315
1198	75	88
2093	1941	201
2082	2968	54
336	3687	142
1371	3005	448
1246	4969	407
515	694	31
2188	5134	265
74	3233	91
387	1425	56
173	162	31
930	980	72
386	2289	117
1996	2955	70
362	2417	262
769	4924	433
968	4070	88
1023	4840	96
427	2962	35
295	1339	71
1271	4741	212
1158	2480	90
659	290	379
310	4875	294
919	1442	88
1179	641	476
1061	3833	349
1466	646	302
1690	5032	42
1271	1771	212
1410	1565	402
1790	1686	71
1343	452	88
724	3743	42
179	4350	205
1417	213	332
837	776	70
390	2987	142
870	1420	8
730	632	270
2095	73	423
73	2762	158
804	4636	69
1873	1957	88
593	911	180
335	1929	403
2125	3458	465
1101	4026	88
110	5322	141
1322	5372	377
1065	4188	69
1804	432	11
1070	776	70
488	4575	363
512	273	41
135	1849	271
822	1054	88
614	491	11
565	2872	32
660	158	456
1768	3893	104
564	873	72
176	2322	74
1501	656	184
776	1160	162
898	1239	71
1158	4178	385
857	2820	72
662	4283	31
1173	3290	90
813	1338	136
749	1677	385
1403	2606	11
1410	747	43
1849	4585	11
776	317	233
615	2955	70
1159	982	56
363	1248	71
1712	357	278
670	144	55
25	1719	23
194	4145	32
1392	2106	275
245	1177	208
1312	705	275
386	2179	324
614	144	55
1153	2452	362
1390	293	362
1270	2348	257
748	1090	72
1887	4297	54
254	3132	406
1684	5463	332
1154	290	379
1182	32	31
627	120	88
38	158	456
1847	485	106
1416	1005	285
74	407	42
1711	1015	354
694	622	56
87	799	245
482	668	196
1716	31	55
1861	2394	275
1431	4520	465
1566	1214	90
419	715	154
1227	1882	56
266	137	78
876	2056	52
224	1688	33
51	2679	69
652	379	69
496	343	136
520	258	306
1316	113	71
236	468	294
158	3208	42
1218	304	158
1790	1466	42
517	2398	51
486	975	31
952	1	74
1011	2803	11
1142	3101	258
1025	75	88
489	26	306
453	370	72
1220	3474	69
1824	526	70
497	1095	395
690	3296	392
2037	0	462
1167	87	275
74	210	360
221	1305	185
1019	803	71
1976	1562	24
1169	1814	33
690	138	403
1822	4398	103
823	469	34
1137	2391	206
2220	1276	43
265	855	148
1146	3919	53
730	362	70
2086	727	112
1857	2036	332
847	749	69
146	779	456
1442	69	112
1360	251	362
711	1385	32
1236	5017	478
1502	411	199
1270	4078	257
930	3989	302
616	254	284
488	1738	56
25	1695	88
643	3830	369
1023	3697	56
1152	3825	284
765	4275	56
194	2746	136
1215	3460	456
37	167	59
2316	3426	277
467	4386	23
981	2238	204
523	1276	43
309	1044	56
413	3772	88
1853	3323	153
456	2853	77
853	4783	166
1632	164	11
1463	1670	205
1965	3022	88
1022	537	171
344	399	324
1608	175	103
1209	3707	388
1181	215	275
422	434	72
1122	482	71
1491	3456	257
1234	4864	189
229	741	70
1010	4996	56
1535	4618	104
833	2336	472
690	113	71
1277	2070	257
510	4821	418
520	276	315
540	1297	306
26	5364	71
1094	4916	71
1602	3291	206
1310	5287	70
813	2545	11
1458	1277	143
551	4592	332
833	4224	333
1002	304	158
888	439	9
725	4426	405
99	152	70
919	3417	28
575	2077	126
646	3888	104
118	753	41
45	225	55
954	5459	32
1924	28	11
497	369	49
493	776	70
1867	100	306
249	454	106
34	2518	43
1342	2682	472
712	379	69
2	3152	69
162	2985	171
1649	4755	39
381	5295	39
170	164	11
1710	1647	238
91	1545	415
1696	4704	171
1218	2925	11
1159	5365	9
625	5531	112
1159	161	37
375	2753	23
1600	1028	10
1503	3307	184
2202	2958	88
1160	147	452
386	2580	436
885	3473	231
1927	4070	88
1657	1626	231
349	1176	88
632	4197	277
1159	137	78
562	158	456
1066	171	11
442	378	208
1171	67	70
1515	195	88
733	821	23
258	317	233
1539	802	42
482	87	275
1394	64	172
174	102	294
140	3601	294
450	743	360
255	4324	76
458	4262	87
285	1062	456
858	627	173
357	432	11
80	24	78
1348	1367	284
1409	1183	55
227	188	201
168	2999	31
997	4554	43
1730	982	56
1400	180	452
542	887	70
604	110	42
1261	4554	43
845	819	39
1096	361	70
615	163	110
310	2715	9
736	979	112
366	1565	402
1301	3923	84
388	4667	55
1467	2742	69
921	5386	102
674	3487	88
1220	326	42
362	98	69
968	1711	70
954	567	332
285	585	11
1643	1858	436
412	1804	367
2048	2029	85
154	727	112
146	2901	452
947	2384	71
995	1897	42
1529	4651	347
191	84	88
395	815	11
359	1518	70
1668	1546	184
978	3082	231
1485	786	200
1570	1450	74
1444	425	42
1274	1216	337
1812	3540	184
1547	0	462
172	155	88
1352	637	64
173	2294	324
857	3884	42
245	2318	63
1159	4561	283
1901	28	11
130	4155	245
1978	4229	72
1195	1083	9
126	76	90
1171	184	11
471	954	30
435	551	56
1058	1550	71
258	5501	72
1313	1890	205
1643	2199	31
1025	581	84
1301	378	208
1149	614	298
813	4206	69
609	580	50
488	2890	116
794	4914	55
741	4690	462
334	1923	403
2269	2854	56
2095	3793	135
462	310	124
247	1711	70
911	26	306
557	70	71
109	3392	22
806	795	106
2009	2064	72
609	75	88
30	123	104
92	3527	107
61	3505	32
845	411	199
945	5305	302
1021	256	302
96	310	124
258	3764	72
1039	656	184
2022	4391	302
1374	354	71
259	439	9
310	3169	87
187	512	356
1854	5562	201
1412	1709	408
1708	2008	94
581	360	332
1405	378	208
832	1261	116
783	1536	46
2260	760	56
1275	24	78
1937	873	72
1759	4499	347
813	1585	285
1469	1912	51
1084	1589	302
774	4364	347
364	2369	56
331	2239	239
999	894	37
863	957	43
617	3022	88
821	1636	200
1320	499	43
346	4824	93
709	178	48
712	4447	55
2140	780	452
1978	1082	66
497	1579	208
247	28	11
346	100	306
185	4818	91
1287	3824	363
190	5551	201
789	590	88
742	2445	88
1954	432	11
1317	2346	72
1215	3223	208
245	2314	270
805	518	70
195	2755	284
388	4018	88
468	2219	77
1346	4237	277
1351	137	78
846	4469	9
136	3710	271
601	2472	96
1314	3111	62
1135	812	158
1374	210	360
1217	2141	257
1849	2455	23
1672	1691	72
1999	3346	78
609	185	136
1212	5	159
1134	1056	245
42	3233	91
1271	471	99
1699	1899	70
1175	2911	88
180	681	263
2302	291	362
1594	304	158
1315	979	112
341	475	56
821	37	142
282	468	294
416	1099	53
368	1521	88
239	2295	11
1372	2691	149
562	3497	31
1803	399	324
481	271	55
91	1928	403
182	795	106
724	2427	30
625	324	55
1213	1535	55
90	2028	157
107	4384	405
68	2807	23
1182	180	452
2109	158	456
528	2127	87
1579	1248	71
786	329	189
377	2333	32
1127	3371	56
267	797	88
671	3829	298
17	28	11
828	100	306
622	1257	72
1226	2494	61
919	4418	43
1446	32	31
1153	3852	70
678	562	43
813	5376	88
793	232	291
293	438	284
1445	1614	37
1762	1460	4
1312	87	275
1193	567	332
1584	323	37
597	379	69
489	4795	70
587	4469	9
1623	1502	71
1458	2932	104
938	2218	151
1304	1225	456
1323	2652	88
290	2602	171
1043	4410	302
1052	4420	284
1264	164	11
124	1663	55
512	2659	106
244	2754	302
366	421	142
1259	202	315
297	1350	56
544	3426	277
220	696	56
1672	164	11
1961	1379	472
426	1674	324
1522	2055	452
28	1145	32
269	1628	233
1124	311	41
458	710	88
1313	0	462
1795	5258	88
1358	3283	302
2298	5205	63
2288	1220	337
711	4193	277
211	221	181
1188	67	70
735	1785	56
462	1545	415
1012	2852	142
77	4055	56
1644	3703	266
1760	4494	257
1210	2399	54
17	978	77
2164	332	31
1789	252	88
412	36	137
55	660	71
77	3536	443
1465	2470	70
399	2670	219
235	2751	33
1566	842	371
271	452	88
352	4911	54
2143	3547	116
977	5247	405
514	67	70
1144	354	71
2066	1742	69
1366	4050	171
983	602	70
988	1515	88
1502	590	88
1623	1592	284
1745	439	9
1307	4920	331
1692	627	173
790	489	158
783	228	42
1812	326	42
399	1539	88
45	4451	92
535	1466	42
1218	5134	265
482	3730	24
596	3040	102
1509	522	56
1491	4839	283
530	387	401
1160	2336	472
917	1655	249
624	1119	69
901	1247	205
113	357	278
1392	1916	88
236	762	24
524	3609	275
1352	1004	302
1979	381	38
1217	3890	114
373	819	39
1403	814	250
786	4444	464
1900	567	332
477	4154	42
336	2483	72
635	1878	77
1625	97	69
27	1285	70
1159	208	31
1967	139	252
167	858	84
714	726	78
68	1805	96
1025	2579	258
1021	158	456
1377	4820	388
41	26	306
207	2267	70
316	895	55
271	3640	5
1771	1663	55
1215	2500	205
2199	3923	84
875	75	88
1969	4558	69
1344	2589	270
1066	2615	369
933	3838	277
126	2500	205
246	793	71
698	416	91
975	137	78
310	1838	23
724	1034	69
1354	4205	55
1387	2058	205
1379	357	278
330	1976	86
1566	2026	438
1902	97	69
690	1748	452
1313	1682	9
1746	26	306
655	4994	70
298	3687	142
2184	760	56
2111	5122	332
1908	499	43
247	978	77
80	514	40
303	4820	388
1058	261	317
2172	537	171
1509	6	77
2187	75	88
466	3692	51
2	31	55
2051	329	189
719	298	363
1682	2620	30
863	1102	91
1291	3979	205
158	656	184
1153	4382	224
50	201	55
1976	2193	43
1187	3029	112
1698	1339	71
1269	1473	304
1527	3050	41
1290	556	324
367	2188	90
518	2238	204
1228	226	102
755	686	8
1329	4410	302
850	67	70
134	795	106
579	1834	71
118	1684	56
528	1935	71
938	5170	332
342	4064	277
1860	1220	337
402	1111	72
135	1199	70
263	3786	443
1268	1978	88
321	59	199
1065	3490	10
206	397	88
1409	324	55
1412	173	53
1585	100	306
150	4980	56
516	590	88
232	1255	302
1673	2894	443
875	2170	41
769	5417	453
561	732	212
634	780	452
1522	3161	285
1369	2463	98
743	290	379
434	67	70
797	4772	77
872	2514	284
1186	1358	70
3	928	54
1220	1676	385
2087	2419	403
85	1906	112
1251	1205	31
1409	4794	31
728	1072	433
743	734	452
1410	254	284
1566	2095	231
929	825	42
1203	723	88
1138	204	69
7	1713	353
1004	483	205
190	890	136
735	1046	56
887	3107	74
762	215	275
1374	73	423
161	3513	248
1978	322	88
1255	1	74
1974	447	332
830	113	71
1465	4393	77
922	2789	358
741	941	112
1878	610	284
1648	3963	104
708	5147	372
113	32	31
1588	873	72
793	3168	259
1880	2799	284
988	588	88
844	1253	284
1129	2211	31
193	2052	71
244	4058	70
1064	5373	230
1713	357	278
1882	1261	116
2109	434	72
494	2058	205
508	820	70
1325	1045	205
540	138	403
497	2351	257
1313	5342	72
778	2294	324
309	621	55
794	3552	112
733	1085	120
1075	28	11
190	1795	42
201	500	43
1463	233	81
1092	138	403
477	2183	54
794	393	70
135	627	173
524	1079	95
1215	2000	88
1282	84	88
1632	4668	369
488	4056	69
706	5570	383
1154	2627	56
790	821	23
1295	4426	405
453	3636	324
411	220	88
113	747	43
1383	4886	456
680	2627	56
450	4458	72
794	249	88
1175	396	136
340	2253	467
66	3515	212
1914	3064	386
224	2262	85
1540	1281	23
596	28	11
1139	163	110
420	4038	277
1515	297	70
1328	4469	9
1854	5417	453
2197	180	452
1752	453	55
960	488	71
765	4709	284
503	2796	349
850	93	275
856	36	137
193	3022	88
1049	567	332
485	584	88
12	24	78
1312	93	275
769	3756	464
997	1276	43
293	1327	472
1354	3253	70
697	3223	208
1732	282	306
564	446	180
549	70	71
16	5005	69
807	1302	70
109	609	172
482	2682	472
1268	5197	72
729	1888	55
688	155	88
628	2646	275
588	1154	43
1301	60	128
104	3632	63
601	1282	4
1094	4748	323
978	760	56
1485	2464	39
425	1267	55
1219	1330	456
1846	166	40
1219	4864	189
1016	800	186
1776	482	71
731	1045	205
1151	3245	347
1482	316	88
2030	4398	103
1018	2324	186
2186	566	218
1067	1503	70
150	97	69
235	2133	189
1136	3359	294
1471	4506	70
1374	5321	136
259	1608	9
8	70	71
569	1363	59
791	1614	37
1396	70	71
1234	646	302
968	4987	418
1057	4862	324
2278	861	284
500	4029	56
952	1257	72
1186	2265	411
262	708	136
2113	3963	104
1148	2370	72
1474	4738	212
1890	3999	70
674	0	462
198	2666	313
1427	3156	96
429	1109	347
924	760	56
1225	60	128
115	1660	138
686	766	77
232	135	72
150	26	306
293	309	71
954	615	270
830	32	31
1004	1026	53
1558	2562	202
1137	3307	184
388	1272	106
107	1684	56
1289	453	55
2205	632	270
1193	469	34
1491	5280	362
794	1645	88
1590	1933	9
541	2060	55
844	4162	74
1301	3640	5
285	1379	472
91	949	358
232	225	55
766	71	70
1015	192	42
542	639	11
1136	3009	85
510	98	69
116	288	55
540	4	72
1776	3814	71
1358	4600	28
186	323	37
1953	2335	42
395	1145	32
1226	4495	88
599	298	363
349	220	88
1167	4925	452
935	4996	56
1023	96	70
1248	656	184
845	2954	369
221	1338	136
1853	2090	88
315	482	71
1304	3151	39
806	271	55
776	2966	72
1497	3426	277
1409	1145	32
1793	447	332
216	4281	39
1529	5194	467
578	783	56
917	4867	205
1544	760	56
508	5001	42
447	2104	184
1249	3651	188
558	5417	453
960	1102	91
409	2518	43
1085	2703	201
1221	936	360
1138	3610	452
1082	2966	72
1016	150	330
1515	385	31
364	2763	88
1390	527	88
911	714	31
1425	3681	70
1227	4878	136
171	2658	40
1218	2238	204
59	1832	86
693	1459	259
429	4584	227
2154	44	275
66	1220	337
1682	1675	72
2223	230	71
1252	2597	302
1178	447	332
1571	5017	478
57	290	379
806	776	70
24	1	74
636	254	284
2213	2725	357
1697	163	110
1058	3996	277
1327	3825	284
988	1615	28
2159	20	1
236	70	71
1244	658	302
382	289	339
743	4363	304
158	1505	32
695	379	69
263	1246	56
1158	144	55
1415	2241	84
1236	26	306
2208	1592	284
144	1942	11
70	3837	31
777	1296	71
1383	1579	208
143	341	23
316	1142	294
604	982	56
1008	2295	11
1130	347	70
1838	1780	55
1058	2225	88
411	28	11
1902	2407	4
1159	3642	360
118	5445	154
70	658	302
1219	2174	250
316	633	69
47	2076	464
411	755	56
1180	590	88
984	622	56
2037	2624	363
625	189	41
1522	2552	332
91	506	403
831	437	70
1621	819	39
1133	637	64
806	4921	332
1177	3433	136
1482	4416	70
1019	734	452
1023	4066	55
1309	1242	449
915	1711	70
1560	2381	11
160	2195	9
1739	3422	193
616	2303	358
1583	2091	306
331	627	173
1695	993	42
1798	4398	103
1279	2174	250
682	1624	296
833	1217	184
1271	1730	56
1145	2098	42
903	1187	180
1752	4466	368
18	2426	55
955	190	43
1062	4042	88
1178	215	275
911	81	33
1144	566	218
1202	4849	104
390	642	363
1371	3033	456
1168	1330	456
426	2	11
885	1277	143
1267	2763	88
1775	1062	456
416	96	70
1405	3540	184
1293	4184	374
2255	1529	270
1854	395	184
1172	778	142
1595	686	8
216	3029	112
182	915	106
412	0	462
2210	1072	433
1402	1913	231
2253	1920	424
386	492	14
5	1555	285
550	2360	103
2013	178	48
644	14	385
574	562	43
1277	414	358
1841	488	71
698	2506	369
1952	5181	41
1234	265	208
1828	1233	106
326	304	158
72	75	88
594	447	332
1188	91	37
1677	5437	218
424	1198	55
227	2513	9
847	4486	374
519	94	55
1200	5299	92
1734	919	191
979	96	70
1188	1203	458
2057	210	360
672	4630	370
735	1528	90
5	5312	363
279	175	103
2185	840	39
579	2309	70
497	1056	245
446	99	88
1922	2326	212
1643	2238	204
142	2591	74
1672	312	420
635	1424	29
647	2231	296
450	2375	42
1887	1199	70
823	1681	205
618	5219	70
833	4555	72
395	977	56
647	315	31
399	67	70
1282	1550	71
1520	780	452
66	3516	275
779	438	284
611	3653	32
1685	4059	277
511	784	72
834	379	69
1154	589	88
1795	1848	154
442	1674	324
1816	3220	115
335	1357	88
1137	820	70
621	138	403
193	2186	56
2152	4954	278
976	4231	73
1366	65	362
617	1747	306
1184	771	88
2021	684	39
1454	1759	11
946	1816	71
856	411	199
169	4791	55
508	2095	231
540	3198	30
1452	2259	250
127	1556	71
875	249	88
512	1078	42
1505	4398	103
126	2020	456
284	2542	245
746	4002	8
942	26	306
857	696	56
435	1684	56
381	3966	20
583	173	53
337	812	158
1003	215	275
1244	760	56
479	447	332
944	592	41
1244	1182	205
997	3724	70
1859	4654	136
1146	5061	64
451	1675	72
1383	2455	23
1449	267	54
1159	4530	69
153	4348	76
358	709	88
804	711	88
1357	2162	284
893	69	112
239	173	53
1233	1578	11
240	1157	31
1026	317	233
89	2295	11
583	1975	56
216	828	42
549	662	69
603	3530	284
1340	329	189
1843	210	360
1630	80	450
1511	161	37
558	2199	31
551	1401	352
275	1134	229
854	2252	442
316	3857	126
239	2299	70
688	339	55
843	428	452
483	5147	372
264	985	88
2159	14	385
1513	2116	43
369	2158	389
1716	1250	11
171	1059	456
1152	1660	138
296	1323	315
429	674	284
399	75	88
191	364	456
377	304	158
858	674	284
637	4537	96
1124	1546	184
230	116	306
1038	4746	71
833	135	72
139	4570	334
759	315	31
3	2450	32
954	1718	11
185	1965	9
746	30	32
2114	2636	306
0	407	42
528	25	108
1088	4530	69
413	73	423
381	1616	31
48	2815	70
134	572	46
700	399	324
897	82	12
360	395	184
1485	2338	112
1541	439	9
999	4218	448
1529	4540	347
1501	517	362
1847	4056	69
723	21	273
551	1711	70
549	2591	74
827	123	104
288	1027	53
1310	1713	353
541	1794	70
1010	4033	284
1234	251	362
1965	24	78
1130	1607	77
656	100	306
169	877	72
1858	28	11
929	1858	436
477	588	88
449	91	37
465	1166	205
1244	2865	56
917	1445	81
1998	2026	438
1204	1314	302
1313	1311	457
571	399	324
392	1700	171
1259	5137	404
250	2329	186
744	2370	72
421	850	83
118	1329	456
606	1178	62
49	1793	418
480	303	218
1276	250	70
880	1951	23
359	2589	270
126	2161	112
623	436	283
1157	2954	369
1206	4747	71
988	3149	88
928	727	112
1025	1276	43
196	26	306
516	1145	32
688	1063	72
1529	649	408
1497	124	257
412	1309	465
214	1073	70
1010	289	339
1741	4800	11
1466	1248	71
1197	830	116
1483	4263	69
92	2019	70
1953	482	71
1215	768	106
1651	2066	83
1501	317	233
654	1210	93
1332	5114	97
824	4050	171
639	3032	294
866	1102	91
1309	1330	456
1323	723	88
1963	618	71
1269	688	55
542	1219	212
395	534	87
1284	4254	452
273	1282	4
1157	739	385
409	375	54
1672	635	106
65	3512	55
1214	5	159
403	5506	40
56	771	88
512	764	23
2242	1276	43
1226	469	34
1267	3426	277
1809	4527	212
1061	1239	71
132	2281	106
382	753	41
1534	620	11
1993	5077	270
796	1711	70
835	3076	71
1103	4599	313
968	67	70
114	1765	70
1074	1435	33
1065	4831	11
154	3981	55
1501	2669	286
1119	902	61
1257	158	456
2081	1340	142
188	78	352
902	846	290
1486	1803	11
806	4720	11
2017	75	88
1372	3915	82
318	1935	71
113	1250	11
1285	4397	363
75	3159	205
797	618	71
1150	31	55
158	4996	56
241	210	360
1287	4324	76
562	1313	302
246	385	31
1141	236	70
1148	1647	238
387	1198	55
917	914	56
909	618	71
53	3586	55
1259	1283	5
235	1499	55
1019	2626	69
1094	3426	277
1710	957	43
1726	3918	70
822	3149	88
606	5024	36
1354	580	50
142	647	43
354	557	110
871	4351	31
1344	412	385
511	1635	336
2118	69	112
1102	2036	332
885	1418	72
156	3278	41
711	4722	277
1159	113	71
781	1965	9
485	1250	11
952	2360	103
688	496	306
993	69	112
1744	411	199
255	3773	69
1541	3085	9
1254	5173	363
1301	475	56
1008	135	72
1226	647	43
1605	70	71
2109	4375	103
342	5048	274
0	971	42
93	1653	353
707	245	54
1439	4725	184
780	1775	158
1170	5118	56
625	1113	456
1950	5546	31
717	2073	9
512	562	43
387	97	69
1149	4326	277
179	4809	209
609	294	340
945	371	284
1082	0	462
232	1578	11
2230	1372	70
239	208	31
1470	1293	374
1313	4430	75
823	362	70
1291	900	41
1981	1113	456
1101	4891	43
996	755	56
796	5434	184
1402	3401	205
135	4097	69
1619	1711	70
1262	469	34
342	4073	134
1571	3436	41
587	484	71
626	936	360
67	1619	306
1364	1814	33
68	368	195
1905	841	56
1413	3986	275
2273	1546	184
395	1450	74
1962	2635	72
1671	3232	284
1599	1248	71
1683	24	78
1140	4181	184
1727	1257	72
1075	2028	157
634	3070	31
359	49	385
1776	380	42
997	244	94
239	2901	452
1441	100	306
685	161	37
786	413	70
1829	298	363
70	642	363
1192	435	302
349	2491	113
2205	2412	70
140	752	55
976	5540	7
834	165	31
329	2327	106
1867	24	78
545	3369	42
1233	763	142
1389	2980	209
224	100	306
59	682	52
1480	1892	303
553	1216	337
2259	138	403
1280	4939	72
1427	1711	70
1487	905	369
279	1198	55
1178	605	8
1216	365	475
1980	1982	306
552	2112	259
1026	201	55
698	931	74
2280	1331	41
1375	28	11
1146	2003	106
1392	1941	201
369	1049	135
680	97	69
2254	214	72
1416	4538	427
482	3153	40
1019	1779	33
954	271	55
735	624	88
1280	1109	347
113	1315	109
226	560	106
24	2606	11
877	471	99
387	911	180
366	4958	11
232	680	302
2095	5345	191
39	2693	56
156	4541	72
604	1507	315
702	361	70
243	35	43
1506	1927	403
1896	4713	88
823	658	302
1471	12	466
2210	1681	205
687	3291	206
338	2398	51
789	2034	231
1703	2285	33
1008	173	53
1315	2447	380
139	2286	70
1396	1711	70
107	4996	56
485	1803	11
619	3545	41
512	2166	56
510	271	55
1927	288	55
70	260	11
1325	75	88
674	229	69
109	173	53
100	251	362
1511	1253	284
1101	1624	296
1408	26	306
1642	175	103
0	4136	31
1220	4648	31
1842	768	106
880	471	99
1407	1885	327
1962	2463	98
91	871	72
2007	2612	205
114	1001	81
865	3473	231
216	3798	70
516	135	72
350	2076	464
380	326	42
636	100	306
1886	2308	46
832	655	284
761	98	69
1588	760	56
1676	419	189
712	942	112
2217	354	71
667	1695	88
30	2048	55
424	4283	31
1856	97	69
221	3790	70
1262	4232	46
1396	1576	72
357	310	124
1743	182	114
682	1560	56
1533	2526	315
1680	5218	117
25	204	69
512	4929	103
1600	982	56
116	492	14
1244	1154	43
1003	1783	31
20	5545	284
806	4530	69
570	3674	47
1210	2411	42
1267	318	56
1002	604	136
777	4483	69
1044	1070	11
1067	326	42
1652	2841	71
1086	2086	96
1354	2299	70
590	2764	55
27	1437	5
893	4038	277
1420	3357	11
797	5444	143
698	577	9
1693	499	43
1273	147	452
87	1494	72
467	276	315
1374	567	332
1359	3332	335
1234	620	11
1973	588	88
185	69	112
342	100	306
1313	1416	71
1335	70	71
667	4060	69
359	230	71
705	1153	96
1376	3294	257
1625	16	42
1137	96	70
1618	2829	56
1547	1005	285
614	1585	285
88	2253	467
392	135	72
1478	363	275
1251	2522	55
1204	4469	9
674	4921	332
368	3323	153
1341	4309	448
873	3401	205
156	3998	90
1067	743	360
604	5461	107
30	766	77
198	2077	126
459	786	200
185	2368	70
742	470	88
1950	100	306
1962	4624	405
1577	5028	114
752	587	69
194	991	134
1428	871	72
718	4449	212
977	1475	250
616	203	70
125	607	42
1186	4997	70
1531	1218	184
59	24	78
979	453	55
435	79	32
160	768	106
1094	3339	317
991	3525	259
169	317	233
524	184	11
98	742	71
14	1031	42
954	833	69
258	2716	72
1168	4765	351
1069	994	284
78	437	70
1145	1428	212
58	2165	356
1306	4240	11
560	3	70
1804	1078	42
2089	171	11
1260	1095	395
1611	1214	90
1461	839	385
582	1045	205
167	2950	191
360	1536	46
1252	251	362
293	135	72
1436	2106	275
2113	3214	144
482	567	332
114	28	11
2091	4605	315
1227	453	55
1134	2584	245
247	2185	77
1049	732	212
360	52	362
1008	727	112
782	2411	42
57	285	317
972	2866	69
1275	4709	284
1135	1991	133
540	806	107
1364	1671	71
1298	634	270
388	452	88
2209	4524	306
1201	26	306
1408	329	189
1494	618	71
712	221	181
1588	3426	277
1034	4418	43
315	4050	171
2256	1045	205
120	1705	71
1961	3175	467
165	16	42
388	3406	70
477	510	306
1134	780	452
386	3101	258
1065	204	69
1362	26	306
175	4256	69
1265	1075	414
1317	1053	189
1016	2832	88
2201	84	88
570	760	56
1035	618	71
1114	710	88
769	4066	55
1643	5407	72
1522	786	200
887	3253	70
1056	3129	96
765	1645	88
598	4283	31
998	1206	71
1299	2446	40
1535	1045	205
1491	1592	284
977	3787	30
1575	4558	69
114	2706	96
818	70	71
988	454	106
1495	4939	72
508	1331	41
389	979	112
381	3088	231
1787	3635	71
620	3000	9
580	3473	231
160	3909	56
850	381	38
1496	4578	69
132	747	43
1501	859	171
514	1192	71
490	816	225
578	791	230
1708	1887	70
122	970	71
1396	655	284
482	3083	332
1324	303	218
871	1996	70
1359	2455	23
1853	914	56
73	3755	186
512	1695	88
135	1087	220
175	2137	71
458	93	275
992	4814	187
1359	3892	62
197	2653	88
1642	4592	332
143	765	77
899	96	70
129	724	97
1236	2282	151
1709	627	173
218	397	88
862	834	71
489	4179	102
1449	341	23
216	2068	56
996	4784	88
983	276	315
1239	5382	117
1176	1095	395
1046	3744	284
272	3705	88
1413	646	302
1642	4471	115
216	4438	72
353	4517	278
194	952	69
839	2327	106
229	977	56
1412	2310	55
880	152	70
520	733	88
1737	1276	43
1186	1308	456
1392	28	11
549	0	462
595	14	385
