225 82 34
770 1749 453
1271 4284 32
1269 47 71
1323 211 361
1344 580 66
355 1947 9
762 1284 6
306 454 56
1171 382 39
132 2752 34
406 2678 24
515 1015 355
467 3692 278
1768 4368 71
289 1322 55
1243 2328 107
722 16 43
1384 1504 71
1586 1211 94
864 2119 57
1656 3094 44
31 1362 73
683 70 113
51 232 11
1041 4710 285
635 216 276
647 807 108
1384 1919 310
435 4657 44
1131 2188 75
1140 3560 24
139 63 71
370 97 71
243 245 95
1711 2426 236
1164 27 307
1516 3289 34
1104 2909 190
2091 2743 70
1154 2746 137
630 3620 54
396 2637 307
1003 5348 239
846 2574 303
414 2516 404
513 1306 186
464 728 113
753 1840 56
990 32 56
2314 2662 71
784 196 89
893 145 56
1135 477 89
412 98 70
1395 353 78
610 1115 121
1276 2014 284
370 605 137
1561 777 71
1009 33 32
1345 76 89
1082 470 35
941 1547 185
1632 3364 305
1481 3839 278
894 3959 72
1233 2221 38
1796 1046 206
1544 3563 444
51 206 188
554 1976 57
799 5304 103
1862 4046 276
1570 4026 364
1272 3592 202
1682 464 92
1042 192 57
373 3351 302
2094 1189 377
1201 76 89
945 1281 43
2198 2105 185
1492 5313 364
1925 1498 115
635 5475 278
791 3169 260
807 504 57
742 5479 406
1062 2924 104
1147 1278 144
1664 4887 457
916 391 89
1380 3835 190
1172 3600 71
147 619 72
1011 787 201
1016 27 307
212 621 12
1579 3538 453
1878 174 54
513 85 89
234 27 307
93 1115 121
1014 4813 75
803 3542 185
1464 11 276
1333 978 57
291 1551 72
1131 118 44
169 1 463
284 973 116
1272 3481 213
922 3481 213
1285 2415 56
347 400 325
1745 5132 32
1744 1572 206
436 3202 82
851 842 57
1470 574 48
1498 983 57
158 1944 12
885 2476 145
1244 4345 378
1549 2653 89
1388 840 386
147 1696 89
1813 3538 453
773 1971 78
2048 121 89
1272 851 84
1369 447 181
225 162 38
339 59 33
1576 483 72
148 4304 135
1109 15 386
617 1712 71
41 228 72
1159 1091 73
19 3269 91
677 536 42
1531 88 276
1310 2974 71
1223 278 354
478 3714 57
1127 4867 70
1526 3847 386
1414 619 72
2295 1310 466
1018 518 363
216 4955 279
871 1285 3
283 605 137
2010 1109 89
2280 1091 73
180 1146 33
1470 5576 42
1403 27 307
247 1451 75
1153 2392 207
1147 76 89
2231 1632 71
920 1950 100
187 3534 89
1956 5456 42
1736 253 89
169 807 108
1608 1680 412
1066 2546 12
1781 652 333
41 316 32
536 2466 363
2192 3082 404
1455 1985 12
225 3045 41
1475 5206 64
613 1284 6
704 202 56
987 454 56
39 612 113
948 2012 57
899 2821 73
2186 3067 73
1180 229 43
920 1362 73
573 1145 95
1546 728 113
1362 77 91
1888 564 91
311 1362 73
1472 380 70
435 292 363
157 2273 43
1179 2395 276
2194 831 117
1335 3538 453
2081 68 71
653 379 209
1624 1941 286
44 1787 137
1488 4258 320
1317 206 188
1413 2445 89
801 871 43
889 25 79
1803 1390 355
1631 1073 434
1138 246 55
1198 289 56
266 1632 71
140 98 70
1380 3822 414
73 392 89
4 3427 278
1137 99 70
1351 3538 453
311 781 453
1153 1671 206
1486 2678 24
1777 1032 43
542 1 463
1751 71 72
1067 234 82
550 724 89
2211 1712 71
787 568 333
26 2337 473
1399 2278 24
1746 4411 303
934 1295 374
1561 162 38
1099 5287 415
11 18 268
1336 493 15
1410 1414 32
1757 4750 44
936 903 62
647 3956 285
550 655 89
1272 1174 145
1125 52 307
1809 3894 105
1416 1615 38
894 1716 166
984 3045 41
1811 1780 34
1380 205 70
576 412 200
1443 763 25
1625 85 89
1874 27 307
571 903 62
529 3236 32
50 114 72
1593 3216 285
1244 3427 278
1145 1460 260
1565 2566 83
512 2186 78
1236 586 12
1 3658 212
2112 349 90
1251 4008 89
1572 2127 71
729 447 181
1220 3427 278
876 15 386
1536 1359 71
332 219 71
259 1463 73
188 712 89
92 24 44
39 1763 109
651 2414 201
1310 3461 457
1481 4730 386
596 2798 394
432 2534 334
2232 928 12
1622 1452 78
1206 4046 276
1716 1579 12
887 844 40
396 25 79
1612 728 113
1138 143 316
657 2309 47
1299 619 72
510 3290 404
1131 1020 405
683 5458 107
1511 183 115
1125 35 56
417 1201 72
283 3347 79
1155 5069 88
490 1254 285
1533 675 285
749 25 79
753 330 190
1708 29 12
186 422 143
1847 489 72
831 1057 246
2132 5514 92
1056 4294 44
1502 643 364
1276 1987 72
1260 3601 71
1283 68 71
63 2744 70
832 4614 276
414 3405 337
194 879 57
1136 777 71
97 2089 12
2033 5411 55
543 1708 68
237 605 137
1216 3898 213
374 171 12
773 4717 200
1250 3393 23
723 4304 135
899 2648 471
453 68 71
1760 1854 79
775 506 215
507 267 89
616 2653 89
360 3538 453
359 2193 78
1530 5217 457
1150 4144 71
1386 4613 64
1839 5131 301
423 29 12
2232 1213 143
40 1593 285
604 3383 70
132 4616 71
132 4982 316
1022 400 325
663 1211 94
1034 228 72
1203 4908 399
916 1615 38
1217 3232 322
173 2127 71
753 272 56
1742 2790 359
400 101 307
1229 437 284
1481 1226 457
1319 4368 71
1195 1712 71
1085 4382 97
621 4612 73
925 3427 278
1021 3739 78
1138 4238 278
2317 2156 31
1176 720 54
71 104 86
1020 36 44
1341 1712 71
1302 2906 72
540 3791 71
505 915 57
557 72 71
460 522 42
1345 4949 56
1174 400 325
2198 735 453
2252 2481 91
44 2527 316
1014 5381 318
1410 3667 71
2190 1460 260
753 4636 42
497 1057 246
693 785 73
177 621 12
833 330 190
26 2281 70
1858 705 384
1648 454 56
721 360 57
447 371 73
351 340 56
341 2356 107
548 744 361
21 4376 104
1222 5501 82
110 826 43
1251 1029 11
328 138 79
1178 4651 353
332 1712 71
931 3141 318
1565 2505 65
566 1177 89
1102 5282 172
989 252 363
989 1199 56
1540 2390 89
85 895 38
332 289 56
1423 820 40
2216 436 303
961 3522 97
139 316 32
732 5431 235
52 1278 144
2007 5097 453
1203 5035 411
883 2426 236
1185 398 89
937 1974 97
133 621 12
989 5002 43
1308 1624 57
1492 393 71
1036 4433 279
810 4888 24
955 2690 12
1575 472 100
2269 2020 71
1877 3427 278
437 136 73
2008 1687 72
1757 1121 70
1228 3425 56
49 2132 33
2087 397 137
1631 3188 458
1125 2091 89
679 1295 374
1451 76 89
965 748 44
92 508 359
770 493 15
513 400 325
1245 3650 206
1265 1642 73
753 4059 71
765 4502 48
1612 4281 89
651 358 279
668 3427 278
1031 1648 239
2015 640 12
549 4405 209
1774 1409 135
787 3122 465
1405 3499 285
396 2174 14
838 127 382
1746 2997 42
1607 1548 185
1318 1979 89
2184 3916 83
1443 375 55
507 666 43
746 524 71
691 1143 295
581 4498 201
159 560 33
1867 98 70
2293 439 285
1567 211 361
1035 162 38
71 2309 47
636 379 209
1718 85 89
1923 2022 72
1300 659 303
10 1680 412
409 5133 71
381 2199 6
751 1396 426
455 4419 44
1774 3298 350
2120 1056 386
846 3173 453
979 659 303
630 769 107
480 3538 453
1753 29 12
1586 192 57
965 656 285
1251 1087 92
898 3596 185
2312 2489 307
25 794 72
223 418 307
166 400 325
1397 255 285
145 179 49
1460 2495 62
969 4872 89
266 400 325
1420 2769 57
1608 68 71
114 1322 55
270 3484 72
561 2572 95
2000 3926 110
621 200 109
80 3692 278
240 728 113
1401 205 70
1368 435 73
70 3520 396
1256 2647 276
822 2010 73
1064 2834 55
19 36 44
1072 29 12
1745 65 173
379 1285 3
1437 1320 295
41 810 43
2079 4473 295
1433 5024 295
48 2320 64
1637 1538 285
1120 693 436
1101 1154 97
623 449 453
326 805 70
907 767 78
337 79 353
1302 1831 40
1023 1 463
1169 1671 206
157 392 89
1204 5383 118
984 706 276
1373 568 333
2194 884 57
1530 1091 73
1175 809 42
1621 1213 143
778 4172 89
233 1146 33
186 1932 143
490 5511 478
362 2180 325
1644 382 39
276 606 9
13 1289 33
1096 2471 71
97 160 12
39 812 22
1393 2709 206
1498 227 103
1598 27 307
1420 3624 172
283 42 276
1159 2660 107
317 1406 70
847 655 89
1324 676 118
524 2666 226
54 2948 56
847 36 44
543 4093 88
912 1547 185
1709 255 285
745 1031 260
183 1598 70
1018 4545 361
1284 608 43
97 792 231
1133 174 54
2071 4839 71
962 4692 70
1164 216 276
1751 3356 56
1142 324 38
1744 1464 89
1577 781 453
1516 489 72
689 983 57
396 1894 241
1033 4892 44
1751 2790 359
656 2467 150
480 1560 87
537 4116 25
529 711 89
235 457 87
1069 3935 57
902 2 75
1888 400 325
265 1183 206
1388 2074 10
1066 440 10
114 1436 34
1534 1599 89
430 921 77
1138 1482 71
205 1029 11
417 2041 71
573 3421 25
550 692 89
1178 903 62
975 1226 457
1683 506 215
1310 1060 457
435 538 172
1384 4199 181
635 72 71
110 606 9
605 807 108
891 4879 137
235 176 104
848 995 285
1724 1333 64
846 1194 116
1527 99 70
1395 979 78
1640 4375 453
999 764 143
247 2355 57
257 619 72
1630 98 70
314 1999 12
866 3241 271
2270 1046 206
775 1046 206
114 1297 72
603 1210 307
272 1687 72
1486 272 56
1717 1574 285
768 1154 97
967 326 137
1173 764 143
74 4425 97
725 2210 32
453 5233 113
288 216 276
343 1480 314
1381 1895 438
55 273 89
1066 3509 89
604 1416 89
16 625 89
261 400 325
1164 299 364
1009 6 160
1637 491 238
1272 35 56
2030 785 73
1683 4253 40
948 1101 239
1710 4569 192
1433 79 353
141 200 109
71 387 201
1051 29 12
388 761 57
1210 2229 370
1574 469 295
1309 2240 240
494 418 307
1383 68 71
1329 211 361
1647 27 307
2207 29 12
936 915 57
1459 4034 285
1711 3376 276
288 2772 32
1687 256 285
256 2190 303
2094 3082 404
298 841 40
1546 318 234
193 306 72
789 3446 43
206 27 307
24 1428 385
1523 76 89
1791 855 71
1857 3615 72
159 955 31
822 1853 201
45 101 307
759 2783 79
75 1882 163
1862 1310 466
1323 181 453
1977 327 43
775 906 370
1145 162 38
473 2166 357
934 99 70
245 2638 55
809 4999 25
1022 1514 10
1420 1972 89
576 970 52
1125 710 89
798 292 363
2049 308 47
59 3589 146
1125 2392 207
1139 361 333
202 1911 54
432 1109 89
1720 4176 10
2071 733 213
1478 1278 144
1318 1863 12
1130 2330 187
702 447 181
1571 1029 11
1246 124 105
808 703 120
1339 1753 442
1229 5571 384
642 1613 213
1884 3532 57
103 3921 57
270 4452 93
1426 69 71
743 136 73
1302 2566 83
1443 3117 172
206 101 307
291 591 89
173 3022 42
1206 4172 89
838 1258 73
1567 728 113
131 1096 396
1619 2027 439
1287 903 62
1011 299 364
1372 85 89
1972 76 89
672 590 89
351 396 185
1632 2096 232
389 1327 79
1345 741 70
814 1346 89
1778 3601 71
159 3427 278
1145 526 47
575 3013 57
108 932 75
490 5351 295
1879 435 73
155 2765 56
355 4144 71
1229 2104 284
2020 27 307
565 734 89
1161 72 71
1762 984 71
244 1914 232
475 2123 71
638 2335 56
338 2167 57
814 2127 71
1333 4562 284
1658 275 465
1141 3516 213
1924 4190 184
637 2973 72
1790 570 12
1692 4707 209
80 442 338
436 561 107
308 104 86
1940 4600 314
192 1673 307
171 139 404
764 593 42
2021 4997 57
2185 1114 457
99 550 77
814 501 44
1054 88 276
630 1254 285
212 3628 89
89 4583 56
1138 192 57
283 136 73
1139 1046 206
614 710 89
1419 777 71
1848 4549 89
654 897 137
707 454 56
886 211 361
683 1859 437
1912 3216 285
1565 380 70
1793 657 185
183 1249 72
2250 1057 246
1221 740 386
554 2426 236
336 2509 428
587 342 24
41 76 89
172 3749 426
467 1332 42
537 4146 33
2089 4547 206
573 2222 88
677 159 457
723 515 41
261 980 113
1523 1878 33
191 4954 34
173 4493 248
2072 418 307
1633 5595 52
1690 555 71
415 489 72
643 3069 285
1464 3346 78
1813 390 163
202 2786 448
663 714 104
436 2863 12
443 1451 75
834 4489 451
35 1251 12
699 998 70
40 1045 57
1049 1748 307
246 1181 392
291 187 364
1026 3324 154
1299 1057 246
507 2378 426
1478 142 57
1607 4981 57
1070 3990 303
1088 2653 89
43 1779 33
1143 65 173
332 3286 138
1496 159 457
157 229 43
358 1860 89
703 4013 57
1271 4078 258
2086 3480 465
490 398 89
1381 3074 73
1601 95 56
850 585 89
29 1477 92
614 4039 278
1911 4038 73
44 99 70
790 1519 71
140 5257 32
1005 2080 92
270 4484 70
205 336 33
187 400 325
34 4998 71
68 3301 340
1497 85 89
509 834 70
1035 2295 325
1528 5492 47
1222 1333 64
542 2159 390
478 489 72
1249 136 73
389 1646 89
1335 1739 57
490 1977 87
1358 860 172
213 27 307
1397 4525 307
409 225 111
705 101 307
1244 4229 57
1317 855 71
1925 593 42
1977 1179 63
1486 728 113
1086 29 12
517 610 173
572 3420 25
588 3183 12
1746 1501 71
645 2361 104
1244 3016 112
1538 5128 130
2101 5270 206
198 558 111
1312 75 89
700 1262 117
617 71 72
1540 710 89
828 687 9
114 1598 70
240 4396 71
93 2688 71
1084 3065 387
989 358 279
1197 3427 278
955 728 113
1138 1999 12
1058 2 75
689 75 89
1009 781 453
2085 1 463
1311 136 73
1180 643 364
961 3427 278
1187 363 71
1253 101 307
471 2846 43
1147 4685 51
29 253 89
1360 4042 71
1690 2178 276
346 602 71
1058 132 145
1015 1756 72
362 2454 190
1734 1492 206
1751 2396 41
263 145 56
1190 864 260
565 4329 12
279 1951 300
1744 454 56
207 1743 70
1134 2361 104
517 4673 206
793 3757 465
497 895 38
414 3454 12
1004 4997 57
623 1551 72
181 803 43
1221 3057 89
907 1684 72
1420 3419 221
360 1398 247
889 1756 72
1264 1171 361
1143 439 285
191 1810 84
1514 570 12
1753 272 56
2082 1817 72
509 380 70
1670 5155 91
1420 3427 278
2104 647 303
130 610 173
1410 2857 33
2200 2122 92
1323 1277 44
1190 1563 25
314 852 221
999 2456 24
837 4216 278
149 661 72
306 515 41
1734 222 182
879 259 307
2126 4972 466
743 761 57
1254 124 105
943 4288 278
58 29 12
854 2583 82
1455 357 278
306 36 44
1326 1999 12
114 631 167
52 250 89
1166 470 35
92 4121 278
1816 1000 89
1277 1712 71
187 334 12
1865 748 44
156 4143 57
1894 1146 33
99 1606 71
1086 586 12
1583 657 185
386 561 107
110 605 137
1596 3171 132
187 2646 355
991 229 43
1955 420 190
969 744 361
1977 140 253
598 27 307
1022 204 71
989 5060 55
1169 2379 457
386 4499 45
1212 237 71
478 3663 10
1777 728 113
1225 25 79
360 1057 246
838 816 12
687 2951 192
1641 1560 87
831 2377 56
166 1386 33
1592 1251 12
871 111 43
325 1851 41
1142 1421 9
1228 2403 84
2190 729 88
890 88 276
1580 2969 55
996 1154 97
444 412 200
1235 1451 75
179 697 57
1402 3294 258
281 839 57
758 4986 55
824 1613 213
2290 29 12
1303 710 89
435 1023 98
924 1175 415
427 29 12
846 761 57
89 2707 97
2294 3096 81
254 319 57
1199 3057 89
973 1917 89
1557 736 386
1330 2804 12
22 2664 72
962 4984 52
315 2991 71
998 214 333
1236 1743 70
79 659 303
501 2505 65
828 586 12
1186 76 89
1345 5334 347
388 3016 112
2218 1512 405
1839 29 12
367 84 190
513 1318 291
2065 2663 71
1117 850 388
1624 2022 72
2093 590 89
526 5246 359
134 165 12
1533 626 56
565 644 383
362 1273 107
283 4535 369
1366 3427 278
368 327 43
985 4779 232
1425 619 72
1645 68 71
376 2822 349
120 25 79
2260 3420 25
388 2080 92
1368 3402 206
14 543 172
836 33 32
1268 34 57
1017 2371 73
1565 5088 82
1258 635 271
549 2019 453
794 4427 406
131 2024 355
466 3853 71
1344 29 12
846 32 56
1296 3994 307
1581 412 200
1563 2990 71
1410 76 89
1315 1241 465
748 36 44
100 890 72
1862 321 190
163 493 15
173 887 305
1850 324 38
720 3624 172
2190 724 89
793 1055 89
453 1410 12
1155 2057 53
390 665 201
656 1073 434
1601 3472 33
1125 132 145
456 2135 285
1473 3528 108
1068 3972 72
1155 1853 201
1838 4857 285
948 1804 12
842 431 43
1360 386 32
1333 447 181
1563 85 89
1057 631 167
1195 4827 72
1035 101 307
130 4749 324
509 229 43
1144 1164 208
5 1516 89
548 1182 378
969 1551 72
530 2961 370
1207 5422 457
1860 1364 60
77 915 57
1742 507 404
753 4051 172
1314 1615 38
559 1231 276
814 4019 89
1020 101 307
736 298 71
2250 619 72
374 3303 71
1017 4064 13
233 1091 73
106 2826 10
1245 17 43
1561 3317 156
373 256 285
2082 1682 206
438 3905 34
1179 68 71
1137 3535 71
29 92 38
1343 1359 71
1008 4644 466
451 554 57
1792 145 56
1248 1608 78
10 835 72
1300 1192 92
299 530 12
413 470 35
1136 3463 71
212 1979 89
692 3300 72
1866 3752 305
127 2046 56
1141 3926 110
1116 4439 73
571 2456 24
1149 3035 109
682 4001 73
1030 4270 24
13 206 188
847 1815 34
352 27 307
74 3725 71
939 272 56
1214 655 89
819 996 303
1843 1954 314
1213 1196 71
730 418 307
864 314 119
1851 85 89
1782 1896 56
187 3734 109
186 703 120
717 814 446
1865 1213 143
1012 3557 12
1640 1350 206
162 76 89
1855 2416 57
1812 1402 353
193 2697 70
1133 3608 107
261 101 307
1541 4051 172
196 1008 285
1214 561 107
543 3847 386
1141 687 9
1247 2027 439
516 3647 206
119 3339 9
791 1821 43
1587 181 453
247 1798 25
52 40 72
219 2774 72
754 436 303
1898 1696 89
246 393 71
1542 573 47
583 2755 303
709 2625 364
1062 4844 57
1370 590 89
1096 3484 72
1734 2444 12
1026 3730 44
1027 1240 72
1018 136 73
1271 5277 405
1194 3758 10
174 4763 32
1751 289 56
327 136 73
814 174 54
1619 1580 209
90 1484 119
1980 518 363
412 3686 71
66 2148 137
507 1774 57
2192 4236 404
571 2605 338
2234 15 386
2205 887 305
1268 358 279
277 324 38
75 844 40
1221 724 89
1527 26 109
598 419 286
861 4163 75
431 3498 32
836 2817 57
480 449 453
1138 1121 70
881 21 2
533 920 192
1035 1840 56
1665 1558 72
1381 17 43
895 998 70
985 590 89
1070 71 72
1167 3633 64
593 349 90
762 3519 40
85 3430 57
454 2107 276
691 619 72
888 4152 278
491 29 12
335 1815 34
75 293 362
432 1028 54
513 1739 57
699 2981 210
115 2253 443
1220 330 190
1673 3922 57
1067 539 55
1210 4697 369
1014 4198 278
618 1425 30
62 844 40
1032 246 55
961 1626 72
593 5215 463
1178 4782 23
297 1459 364
1595 148 453
907 3991 90
1834 722 89
867 744 361
1645 245 95
432 136 73
1876 4760 278
369 2468 41
374 4187 57
1583 888 71
1180 136 73
1702 2950 54
130 1297 72
240 3110 57
457 2988 143
651 1200 71
283 1010 71
1410 136 73
825 1460 260
306 3174 214
913 656 285
2318 647 303
1159 2367 206
1062 3771 105
34 417 92
587 2641 42
880 3027 409
159 255 285
106 98 70
327 777 71
280 227 103
1316 983 57
756 1066 89
1302 648 44
374 1502 157
536 1661 139
280 422 143
1330 724 89
142 1396 426
683 1116 55
2185 1014 35
504 770 313
463 4385 406
594 2264 185
1286 5075 32
1644 2585 246
1648 469 295
563 4019 89
1202 1353 71
1746 5082 5
388 2915 91
1009 2573 159
1459 436 303
1856 3461 457
1143 619 72
513 3194 24
612 3921 57
410 4019 89
360 1669 32
1005 4027 89
316 1242 414
1639 292 363
69 4221 56
237 3048 191
1700 1806 97
59 142 57
656 4576 364
1136 3249 337
992 2277 65
1009 4929 57
816 70 113
1305 1424 43
593 3898 213
1281 492 12
1251 3014 220
376 1593 285
1423 912 181
753 76 89
936 5166 172
108 954 276
961 36 44
504 1073 434
40 705 384
985 99 70
1439 2198 10
917 1417 72
115 2435 28
1205 4740 10
1294 643 364
480 2252 21
620 785 73
904 5235 55
335 4433 279
1128 2329 100
1119 255 285
1183 4261 12
746 136 73
1195 663 70
1077 3549 144
1709 2942 404
1158 15 386
78 5596 173
1753 1687 72
1234 2014 284
1515 1160 359
1310 4398 364
604 2026 307
1132 4268 246
550 38 143
74 2158 89
233 1595 42
99 1028 54
370 2565 28
55 2468 41
1216 3185 206
1318 3560 24
159 1175 415
2021 1197 89
1533 3718 55
1195 1254 285
542 1910 72
1182 3074 73
1787 4681 200
640 761 57
1477 5546 285
1051 1924 404
1700 3990 303
1312 88 276
245 256 285
1929 501 44
1601 29 12
25 1529 91
1316 518 363
1672 2104 284
955 252 363
1358 2972 303
1281 3980 206
99 4900 55
548 2345 57
270 3395 71
1276 4421 285
1063 569 71
705 1174 145
1962 68 71
859 439 285
598 647 303
1300 4421 285
131 207 316
536 3143 72
846 2 75
1336 5015 331
688 2240 240
1270 1179 63
966 18 268
1237 4474 291
364 422 143
1151 4717 200
846 1258 73
1973 17 43
536 496 113
1688 255 285
145 820 40
689 4805 56
1615 971 72
667 318 234
1494 515 41
1798 15 386
791 2871 70
151 826 43
349 9 475
1250 1290 43
1222 835 72
1923 1547 185
1608 1817 72
219 1979 89
1413 1015 355
2194 1436 34
1818 470 35
368 1156 33
904 568 333
337 1200 71
1578 659 303
837 2323 75
793 380 70
270 377 54
245 454 56
902 1682 206
668 1583 73
1538 462 71
400 2617 33
159 1685 57
753 2296 12
126 1362 73
1421 983 57
467 814 446
837 1747 78
1176 1079 43
1173 2675 254
1965 2083 56
1530 82 34
92 2263 86
942 1369 56
468 1081 72
361 245 95
909 1579 12
51 4555 44
180 1593 285
1278 148 453
1816 174 54
478 1297 72
1030 253 89
871 2311 56
590 1135 230
1567 145 56
2003 536 42
906 3199 31
1298 2554 292
1781 3405 337
709 2352 258
196 283 307
1287 447 181
1081 469 295
668 449 453
2098 125 258
117 2861 107
1182 1322 55
1580 9 475
1147 1266 105
677 3082 404
939 136 73
780 1127 259
1601 145 56
787 3784 364
1446 27 307
1182 511 307
1776 568 333
1008 131 194
1798 136 73
142 250 89
2 1058 457
834 1547 185
671 616 271
1487 3201 72
699 3200 181
689 3965 105
244 3980 206
94 4251 57
316 2456 24
161 447 181
2186 318 234
1226 447 181
1637 1349 206
339 4002 70
71 288 33
2247 377 54
822 5333 44
1727 1 463
533 3427 278
1494 892 54
637 3216 285
89 295 341
1542 165 12
1138 1140 337
888 1119 89
1928 874 73
1101 1343 318
1049 2776 187
125 690 33
52 439 285
1532 1817 72
1664 733 213
1318 4804 32
2242 1633 120
2298 733 213
2196 724 89
1966 121 89
409 1739 57
353 585 89
1318 3378 56
699 711 89
52 2641 42
1407 105 6
1380 1020 405
1258 5110 192
1294 72 71
1213 3591 88
14 1359 71
734 895 38
182 2121 43
758 201 162
795 2233 165
1200 1167 206
1472 2861 107
621 386 32
1463 3207 95
367 36 44
1146 136 73
1546 348 71
1486 1184 56
1709 4216 278
483 647 303
635 390 163
80 2502 263
1407 176 104
317 2082 28
430 485 72
1350 472 100
1849 2701 137
1388 4740 10
1270 2755 303
1167 2319 64
1498 3841 279
731 234 82
515 1615 38
1169 4725 457
1586 4323 12
829 447 181
517 1471 73
965 1748 307
1470 162 38
184 3427 278
1847 895 38
1021 5578 10
1532 1666 303
1420 3461 457
1377 3147 258
544 4144 71
591 974 92
331 90 82
476 99 70
1243 592 43
366 5521 72
330 337 87
798 924 12
625 2436 349
81 754 42
628 384 79
478 245 95
1175 1045 57
558 4293 56
1209 28 47
219 1688 43
362 4458 163
1277 3769 42
714 3060 57
131 4579 70
145 2060 9
1371 245 95
1239 4940 73
412 1249 72
1118 2561 206
1911 3350 57
414 586 12
462 3234 92
451 3706 89
370 277 316
896 3084 333
525 532 73
2076 783 252
1913 2158 89
17 76 89
2186 2026 307
1103 277 316
928 1661 139
430 1489 2
969 148 453
233 515 41
230 1148 43
660 174 54
889 379 209
808 1195 89
1825 211 361
980 3970 403
1652 3886 57
616 434 73
136 731 89
2071 687 9
1615 342 24
1848 245 95
1963 1094 73
332 2735 120
479 761 57
1856 3712 375
592 2316 64
1596 733 213
2176 5534 73
299 728 113
861 5242 55
1138 2276 359
198 2988 143
1487 68 71
2051 1494 206
866 2768 350
953 3177 456
937 1277 44
1041 323 89
1713 655 89
1213 25 79
1305 1682 206
846 2701 137
389 3254 71
208 4389 57
1563 790 364
181 320 71
2194 1538 285
1113 1157 10
86 593 42
779 3582 206
780 1563 25
1476 2279 79
1024 68 71
825 1359 71
992 659 303
1720 2434 399
1232 3922 57
1546 2297 79
2191 5469 453
1210 3227 371
1222 4094 168
795 5521 72
497 4550 412
637 453 89
696 5222 301
2246 573 47
1905 1613 213
714 2971 190
525 2489 307
1980 2975 405
1851 447 181
189 1876 89
1695 1709 384
596 705 384
225 2425 369
617 272 56
154 1747 78
1176 388 402
1472 588 70
1155 68 71
877 3427 278
400 37 138
286 4246 278
744 162 38
2225 1897 44
904 149 71
1076 468 78
2206 324 38
26 1758 434
436 701 72
1486 4737 89
814 1113 89
1839 3805 142
1586 4544 25
742 3702 71
1963 5014 363
1801 474 229
1383 245 95
419 659 303
656 978 57
1926 2361 104
136 3524 78
1567 3910 57
1798 1046 206
1141 4551 369
2212 2615 366
432 3032 33
1270 4574 43
1009 2393 453
1160 3996 31
1546 85 89
588 145 56
1503 1331 457
1138 68 71
634 267 89
507 620 73
1017 1613 213
375 942 113
1082 3969 56
1253 2912 89
831 342 24
1103 5207 215
299 621 12
1785 744 361
396 821 71
1603 71 72
1218 5338 363
1189 435 73
126 3578 72
339 1045 57
1230 4771 56
454 752 44
1187 563 44
432 2818 71
1552 1274 167
1546 698 333
799 159 457
409 605 137
1264 2139 284
871 1976 57
1248 4997 57
1926 1146 33
615 4201 285
677 568 333
97 85 89
236 754 42
974 1838 72
808 2323 75
1405 3329 12
834 439 285
1062 915 57
186 2492 114
1780 4984 52
604 27 307
1820 1494 206
1209 2995 271
2036 27 307
653 4196 190
2088 72 71
317 891 137
1627 299 364
1489 4989 363
270 1565 56
1562 141 72
1102 137 135
656 489 72
132 3365 97
1677 2971 190
1218 2071 258
1123 1637 201
363 4371 10
5 1093 56
965 1719 12
1129 3692 278
1096 104 86
1104 519 71
106 536 42
707 1046 206
409 1303 71
808 1504 71
1860 3330 338
594 860 172
1245 47 71
823 636 107
1183 906 370
597 2328 107
425 2775 56
597 3145 159
106 209 32
1743 1184 56
1851 1671 206
1222 1260 260
832 1046 206
1207 29 12
317 4028 38
451 2094 71
187 216 276
1181 379 209
1627 216 276
286 359 56
1107 192 57
1876 2369 71
1770 2692 150
490 1869 89
1664 1743 70
1855 2077 465
1272 1461 5
939 3349 43
1058 751 295
1925 139 404
1300 3792 25
163 840 386
1619 959 44
230 32 56
1339 1752 453
670 1274 167
543 709 137
1168 5206 64
980 3299 338
1534 1250 12
516 1891 206
955 3603 159
1253 299 364
549 3162 286
825 4039 278
996 1420 159
2164 76 89
1132 2648 471
115 722 89
1848 1286 71
1506 1046 206
1241 4640 94
369 3129 293
1498 2367 206
1221 1712 71
2204 4110 113
2274 412 200
1007 1914 232
814 4389 57
1433 4595 232
548 1175 415
2111 1226 457
689 4492 78
19 1642 73
747 2123 71
1743 159 457
1329 114 72
370 1146 33
127 2555 457
423 145 56
333 3216 285
281 1693 57
432 1034 54
97 892 54
1765 4509 57
168 1815 34
370 4245 278
531 3055 44
180 932 75
1145 76 89
616 2932 292
1302 3306 107
566 1735 41
691 1217 338
436 4628 89
1206 1046 206
1131 687 9
1151 4167 42
279 1883 57
566 136 73
627 2950 54
551 2023 180
1474 1195 89
296 600 33
805 1086 121
374 1581 209
1211 1626 72
1024 289 56
2287 371 73
71 3802 113
270 204 71
97 907 43
629 1687 72
360 1429 213
1401 330 190
484 3091 72
509 4635 57
1103 4715 472
743 1136 303
580 1388 10
1734 4572 32
812 1461 5
689 1219 185
1682 3627 349
854 3452 72
580 272 56
1733 1622 73
195 382 39
2265 1900 71
953 763 25
1300 4116 25
1335 420 190
1728 608 43
18 1437 172
762 2542 120
1132 2059 206
1151 1096 396
1418 358 279
1490 860 172
1284 2831 56
489 2899 72
75 766 78
22 481 190
1229 2349 258
323 27 307
687 304 219
1325 500 44
341 4991 453
1401 2019 453
412 1609 10
1335 1999 12
644 17 43
111 3574 190
644 1509 310
1141 1575 270
1228 32 56
807 4726 185
1709 1547 185
635 799 89
980 761 57
529 3282 364
875 1119 89
1615 1484 119
464 2123 71
50 238 55
1052 1494 206
1583 355 72
1289 1006 286
270 1270 55
256 3016 112
327 3227 371
946 1624 57
2230 439 285
1013 4106 121
1164 594 112
1360 3182 179
1571 1133 56
1751 138 79
145 2926 12
1487 764 143
529 2127 71
53 3195 244
813 3203 190
258 777 71
1750 5037 303
760 2789 57
1265 2596 54
1530 781 453
1140 2554 292
955 4396 71
1448 38 143
1035 318 234
989 796 107
1663 628 174
678 1766 71
1000 1627 232
1457 2371 73
26 2673 190
240 2456 24
794 2777 190
1131 2830 57
1221 85 89
1376 1834 32
1288 787 201
264 1245 373
10 413 386
192 693 436
1622 4653 383
1077 2942 404
1699 4322 56
396 246 55
790 415 359
2195 1450 75
1194 85 89
604 498 190
398 1687 72
1635 71 72
566 1683 10
583 3222 206
1039 456 70
256 653 441
1384 183 115
1368 148 453
687 1948 56
1220 1949 335
451 761 57
1790 655 89
1342 1854 79
951 717 236
1125 2089 12
1681 2698 136
1601 3259 71
480 1887 73
1870 960 57
1178 3844 72
1104 1788 12
1161 1071 12
984 386 32
1022 5099 169
699 873 73
1444 2987 170
71 3765 73
851 4203 73
1070 68 71
1292 70 113
596 2666 226
181 4399 104
1052 1701 172
31 3843 42
1510 4601 29
1835 871 43
277 400 325
2225 335 137
691 1035 70
790 4194 278
1093 259 307
2320 1712 71
1272 438 71
1534 393 71
784 399 213
1803 88 276
810 3940 278
343 1654 354
1126 304 219
192 4083 71
1938 4873 276
721 211 361
391 179 49
1160 367 12
483 2692 150
25 5536 44
343 4923 278
283 447 181
247 483 72
1472 3254 71
779 1144 57
812 2946 462
276 1529 91
927 2031 274
2113 661 72
605 608 43
762 2735 120
1276 1297 72
143 4024 42
992 767 78
1203 1 463
1596 4683 83
1410 2712 73
878 15 386
1832 1435 32
260 648 44
1319 3119 363
315 299 364
944 1006 286
1355 4780 72
124 98 70
872 619 72
390 449 453
512 791 71
2071 748 44
1151 3180 286
821 5380 333
1785 2178 276
1986 2456 24
2139 1 463
91 1918 434
1203 2509 428
673 3226 389
481 1057 246
688 98 70
1738 412 200
1433 1109 89
691 1997 71
247 692 89
35 1754 73
32 1428 385
1486 2622 40
247 1196 71
554 520 89
1112 3867 32
1003 71 72
516 3243 88
179 3646 72
121 661 72
1550 822 24
85 554 57
984 4216 278
1077 1407 71
92 165 12
1043 3575 12
468 4169 278
10 2647 276
1717 299 364
24 1696 89
1170 287 307
78 400 325
1253 21 2
1796 2785 205
12 568 333
718 3567 89
1552 2810 263
1045 4869 40
1218 4494 258
128 363 71
1738 2800 285
432 2331 453
1567 1461 5
1991 1852 53
332 2160 75
1472 3303 71
900 98 70
509 4226 55
41 2794 107
1189 289 56
1221 835 72
1974 4667 414
216 179 49
1390 4917 72
989 2572 95
490 164 111
649 4892 44
989 2901 444
1203 483 72
417 710 89
109 598 42
370 748 44
1113 92 38
1195 3504 71
306 4290 318
281 74 424
1137 4471 91
1503 98 70
799 1712 71
221 1897 44
1017 745 71
1487 596 164
1827 500 44
735 1899 71
1827 2337 473
1696 68 71
904 136 73
60 754 42
1236 98 70
1000 1055 89
1323 447 181
390 205 70
1429 3089 232
1460 4794 278
860 1 463
409 1623 72
1202 68 71
1486 1739 57
1568 3277 99
375 238 55
559 216 276
186 1979 89
1271 114 72
228 2270 44
1676 777 71
1333 1364 60
821 4058 25
1078 3752 305
270 1056 386
317 1408 54
158 2396 41
174 1029 11
144 3583 33
1009 2178 276
2059 2240 240
313 98 70
510 1521 89
1064 978 57
999 436 303
1140 2029 158
187 4281 89
1486 1403 73
1819 33 32
2253 767 78
825 1278 144
257 1257 91
807 1155 44
195 4810 210
635 304 219
360 1584 88
1152 71 72
962 453 89
1641 2359 463
194 659 303
1210 2266 412
230 1430 55
92 248 384
922 162 38
1742 4051 172
1361 400 325
1953 2039 91
448 415 359
1896 903 62
673 1731 57
529 76 89
995 740 386
289 1320 295
1251 2305 18
1719 1197 89
313 710 89
180 431 43
648 2313 33
889 1046 206
21 294 363
822 117 307
1851 148 453
2014 4639 208
1202 1712 71
1528 526 47
452 1055 89
1065 2080 92
732 5350 40
1572 568 333
753 4732 318
1003 1487 89
317 2931 54
1134 737 386
1132 3427 278
658 1060 457
1801 543 172
680 2426 236
895 1146 33
635 501 44
1569 440 10
1155 439 285
1250 1155 44
93 1000 89
1492 3294 258
345 1375 44
1271 3384 303
1009 379 209
1138 819 447
632 693 436
161 3618 318
2151 732 271
1697 180 78
41 2697 70
1360 124 105
2176 88 276
1778 3475 70
547 209 32
955 1550 43
2072 563 44
677 4847 278
2180 4770 374
1355 5156 72
1799 570 12
580 1748 307
1710 293 362
1689 400 325
194 1821 43
956 1063 457
250 2001 89
2050 710 89
69 396 185
1284 5310 276
1826 1 463
1276 2895 444
625 1383 364
339 45 276
970 3761 189
61 308 47
1131 1175 415
927 29 12
1650 1579 12
225 1514 10
1261 4517 21
1778 85 89
246 2307 416
1195 790 364
2112 4600 314
1653 2044 57
1062 908 42
1102 4356 73
71 136 73
117 650 409
1149 1210 307
1074 2252 21
846 2790 359
87 564 91
64 304 219
1644 888 71
581 298 71
374 620 73
881 3625 6
389 1342 89
2112 481 190
13 202 56
136 1249 72
349 29 12
1287 227 103
946 3180 286
946 1730 56
1233 5516 73
822 2 75
489 211 361
34 3316 457
1307 3391 274
1580 469 295
1557 408 43
129 2833 89
1170 1949 335
205 400 325
808 400 325
240 1167 206
1542 3806 396
743 298 71
141 761 57
1184 289 56
1021 2760 222
1477 2755 303
1140 5505 73
1155 3815 72
677 85 89
552 388 402
1035 4507 71
2216 983 57
831 864 260
374 138 79
1360 114 72
1086 1217 338
1358 4497 143
273 3221 116
291 3016 112
1281 5186 185
1459 4594 34
215 299 364
2210 3990 303
604 1004 303
1916 292 363
1038 1310 466
389 4165 71
327 1258 73
516 114 72
217 2998 24
1510 4230 73
588 765 24
194 1364 60
663 1 463
346 211 361
21 4335 40
1174 1563 25
683 826 43
2038 99 70
1178 3587 56
369 316 32
71 1 463
1410 1738 25
14 525 71
396 272 56
846 4347 63
19 4024 42
67 1342 89
1155 304 219
174 359 56
372 705 384
298 696 370
129 2069 57
2025 703 120
1427 400 325
1250 3475 70
1601 1651 89
770 2166 357
1451 38 143
1160 2740 32
65 1908 70
270 4261 12
961 245 95
219 1091 73
770 2337 473
597 2763 159
1067 1969 89
746 97 71
1104 1719 12
856 4594 34
1234 439 285
489 3490 72
1326 2142 258
1430 3940 278
1460 652 333
737 662 359
483 705 384
496 71 72
1015 2778 6
1087 489 72
151 475 89
677 27 307
131 4345 378
31 1953 32
240 1278 144
373 231 72
2092 1712 71
2294 1112 73
763 1060 457
108 4395 43
1270 2229 370
900 231 72
292 27 307
937 4594 34
349 1491 269
540 26 109
169 557 325
1645 1070 70
1227 36 44
94 1509 310
2248 32 56
515 498 190
2044 3512 137
872 1046 206
1561 2924 104
959 4044 70
1688 70 113
1578 1880 97
512 1313 56
1691 5203 24
2190 1671 206
749 439 285
1564 2082 28
1179 1278 144
1215 256 285
1067 447 181
1709 448 333
653 5395 276
1578 4050 172
1228 3380 73
1372 4521 466
842 824 33
740 297 73
1258 2256 468
970 640 12
705 97 71
699 605 137
437 558 111
1018 1277 44
1783 255 285
1340 1712 71
1442 3935 57
309 639 65
412 2311 56
605 85 89
1623 1531 71
1024 2736 44
1038 3929 376
358 5333 44
2146 5091 360
1736 2680 70
1180 159 457
1443 3553 113
1020 2404 56
1188 1642 73
1699 5156 72
497 1110 348
51 377 54
824 3704 267
189 2192 70
1481 3575 12
670 1325 115
174 4452 93
1260 27 307
742 2454 190
1962 3356 56
516 2239 205
1455 1636 337
449 4006 351
410 155 38
2192 1558 72
1910 3342 276
135 716 155
386 555 71
1208 210 56
283 542 396
974 1507 25
796 3541 185
1310 722 89
1269 4368 71
130 312 42
327 38 143
1206 4873 276
983 373 303
1213 1 463
93 1358 89
1464 1712 71
300 25 79
773 17 43
447 277 316
875 501 44
370 980 113
699 1541 137
955 2241 73
795 1132 72
1486 76 89
1446 2144 258
110 246 55
753 4154 96
59 634 70
1782 4030 57
761 2323 75
387 647 303
1227 4739 213
262 2780 56
645 736 386
1067 3074 73
115 1959 107
673 136 73
626 1331 457
169 2960 38
515 1908 70
1310 1247 57
879 396 185
1 945 165
1576 381 43
263 2441 138
52 606 9
2206 717 236
2288 1359 71
1300 2193 78
1498 816 12
363 1748 307
635 1154 97
1536 4017 105
969 1 463
453 136 73
2241 4541 348
1187 4644 466
807 813 159
1678 216 276
2023 1950 100
1315 4470 10
718 4399 104
1326 4686 70
71 4738 303
409 2967 73
878 906 370
91 1046 206
1008 1604 201
452 4531 70
1045 1817 72
947 1092 43
39 3670 71
1258 733 213
1603 1392 105
1419 491 238
620 245 95
846 514 404
1214 2025 89
1269 3396 56
726 76 89
444 302 71
647 1623 72
1760 1046 206
230 3692 278
2318 3427 278
753 226 56
434 29 12
1122 211 361
548 1930 404
436 3608 107
67 396 185
1428 860 172
1249 489 72
155 245 95
339 287 307
1727 1866 209
749 1785 318
1460 2102 104
997 2336 43
396 767 78
808 245 95
596 68 71
955 1985 12
1222 1206 32
1328 4371 10
1502 656 285
319 1336 48
1267 1680 412
132 486 107
159 2831 56
1278 221 89
731 379 209
1138 1276 317
1367 85 89
600 211 361
2034 1063 457
1166 992 135
437 71 72
181 3427 278
875 581 51
940 4519 72
635 448 333
1016 76 89
1472 1914 232
133 1627 232
1876 937 361
759 542 396
1538 490 159
1410 382 39
615 4116 25
973 621 12
92 3005 88
1081 915 57
1137 45 276
1045 379 209
1167 528 89
1143 5165 316
1284 525 71
1317 1727 24
1165 3964 105
907 596 164
635 4851 278
2301 1104 300
585 677 78
1270 174 54
1269 363 71
1272 921 77
1216 2709 206
1288 419 286
628 2445 89
180 379 209
170 879 57
351 85 89
354 183 115
1020 2059 206
109 1105 57
23 915 57
1296 764 143
70 1851 41
498 2265 33
1153 513 357
63 1651 89
1178 3487 56
867 2104 284
143 1801 43
274 1969 89
2248 6 160
1372 3278 449
1237 234 82
616 205 70
2029 3052 12
1284 4083 71
1138 4511 406
607 982 56
478 3339 9
775 983 57
2145 84 190
1268 1441 152
1538 2410 190
1225 938 338
1016 3000 32
2186 435 73
2088 1817 72
1350 138 79
31 125 258
2204 174 54
1251 2482 137
1258 1218 185
417 3312 100
1272 435 73
799 1258 73
1147 4666 65
1852 4997 57
1831 901 42
373 2568 32
950 2995 271
260 475 89
1249 1555 299
1459 1386 33
1711 748 44
1395 2412 43
1403 1254 285
1216 5261 465
388 756 57
60 555 71
780 1748 307
947 3295 258
753 2047 56
427 165 12
1543 792 231
808 1461 5
672 475 89
2226 379 209
67 4654 278
821 1260 260
1283 4498 201
1271 4494 258
900 1559 89
470 2223 364
1320 4950 364
687 229 43
2029 647 303
1197 1856 54
1645 1919 310
1619 500 44
1449 252 363
862 124 105
668 1268 56
1155 1358 89
1024 393 71
449 781 453
822 862 285
15 633 271
851 92 38
496 380 70
159 3377 101
2197 1503 72
1035 98 70
187 3209 43
1 3802 113
332 916 107
1450 733 213
1475 1408 54
430 1421 9
1302 1999 12
997 318 234
2112 3095 333
389 3521 33
2071 4894 66
233 3104 33
1141 17 43
946 4031 12
474 2758 44
1355 158 276
174 764 143
1021 767 78
1265 297 73
673 3089 232
543 4645 107
1207 304 219
320 183 115
1674 419 286
253 2857 33
717 207 316
491 2010 73
1466 711 89
2078 5026 103
1631 159 457
795 206 188
483 440 10
2042 2656 55
483 4518 279
1049 2969 55
2003 1061 457
760 1900 71
2083 608 43
788 1485 359
1515 988 137
2243 4411 303
1125 5168 71
44 201 162
970 3384 303
821 728 113
1234 860 172
859 5472 34
1726 97 71
1660 873 73
1003 590 89
1235 4128 209
322 1122 96
2280 298 71
1386 1198 78
1104 4633 274
1235 2722 101
157 3142 56
1472 826 43
192 323 89
1143 318 234
370 4399 104
145 316 32
900 4456 56
907 538 172
907 1701 172
1429 568 333
187 1517 32
2186 4918 304
1288 2580 259
1624 1846 163
524 787 201
162 2456 24
626 4037 73
1359 586 12
315 3568 278
1508 543 172
345 785 73
1851 1524 271
1338 4470 10
271 469 295
807 4193 279
1207 179 49
1719 1254 285
1827 3832 458
1154 1624 57
301 1146 33
141 29 12
1171 85 89
1014 319 57
1565 176 104
617 748 44
498 3784 364
258 1296 72
367 4677 89
1352 1714 354
1096 498 190
1322 729 88
62 453 89
1407 974 92
1223 263 271
1249 656 285
1823 3199 31
153 1807 77
1226 2382 12
808 1790 75
1033 4207 70
1144 92 38
1699 1817 72
1963 591 89
432 3672 303
1133 305 159
286 1311 89
1481 2615 366
1107 3376 276
110 137 135
71 379 209
760 983 57
159 1080 96
725 3057 89
614 4095 469
1383 4509 57
1137 1098 89
1234 1459 364
270 4067 56
1912 3220 341
1096 2721 88
2157 4561 278
777 2149 137
225 2264 185
1309 3679 73
1567 608 43
1578 493 15
1025 4926 453
56 1860 89
962 1623 72
1007 4077 426
1076 4051 172
559 4947 70
529 4419 44
453 3940 278
580 3233 285
900 2659 41
174 306 72
543 3254 71
1410 3428 56
980 2346 43
857 328 78
513 2588 24
230 1898 43
1644 82 34
227 2033 87
1120 1041 370
1544 5216 103
2195 322 190
187 3839 278
592 563 44
1102 873 73
1576 1900 71
1603 1441 152
38 161 47
209 2465 40
117 2810 263
403 4699 192
1472 1749 453
149 1004 303
2138 710 89
989 71 72
1544 591 89
871 2647 276
877 86 88
1365 355 72
630 4392 303
1673 76 89
792 194 333
169 245 95
1856 4659 276
850 2100 113
906 796 107
625 3997 278
2240 4206 56
1244 192 57
1584 4801 12
256 3882 304
910 3837 364
1865 1822 464
1097 4406 189
163 839 57
289 1111 70
1319 2456 24
1963 1278 144
984 3354 89
363 205 70
349 3875 54
711 3960 33
821 2473 97
1979 1936 72
436 4399 104
778 331 56
609 211 361
115 79 353
1563 1211 94
670 3538 453
67 809 42
1146 4571 335
1104 469 295
1303 3316 457
846 3864 48
368 3375 56
1126 124 105
858 839 57
657 3864 48
6 472 100
358 761 57
683 4519 72
916 1999 12
373 4825 94
1095 617 41
161 2287 71
814 2280 56
1938 744 361
1335 1654 354
88 2639 44
1274 15 386
1588 5126 71
1066 880 453
1092 820 40
821 470 35
1266 4504 111
1222 228 72
173 32 56
1681 2175 251
1300 5479 406
886 1746 78
615 3733 199
103 5295 70
1798 272 56
1343 209 32
122 674 173
2108 787 201
181 1494 206
310 953 70
270 3513 56
800 2635 57
1189 5583 479
950 4435 343
747 27 307
567 982 56
451 388 402
831 17 43
982 2240 240
1021 29 12
617 1084 10
517 1685 57
1318 2660 107
91 1057 246
192 1598 70
1194 1 463
145 608 43
1224 1637 201
1 1966 10
1028 1631 71
1 498 190
793 179 49
379 211 361
1843 500 44
771 3427 278
1288 2295 325
1899 97 71
414 3288 404
904 1579 12
1189 1497 473
1345 2550 389
1871 4092 284
1406 25 79
1599 229 43
471 4068 33
1045 3504 71
131 330 190
396 4499 45
946 1908 70
934 449 453
1462 2979 89
97 1637 201
2019 1046 206
1 4135 43
629 485 72
867 248 384
222 4645 107
1300 1937 307
690 1364 60
1188 3536 33
1745 2889 341
659 3706 89
955 523 57
565 1353 71
34 3909 31
1216 687 9
1230 4485 121
85 460 88
291 1861 56
1529 1682 206
480 5442 442
1879 4479 303
625 518 363
386 359 56
634 5050 12
1395 1189 377
1588 3932 34
1357 87 24
273 189 202
109 3038 70
1133 400 325
155 466 55
1426 443 67
1746 4342 73
766 3249 337
515 2746 137
1302 1167 206
997 1060 457
229 2790 359
1569 4152 278
1596 145 56
408 1939 12
665 1405 73
296 1711 57
319 3549 144
1615 4557 172
824 3795 177
335 2296 12
1266 221 89
1357 453 89
1358 4857 285
111 2839 91
1041 3509 89
1308 767 78
1680 4561 278
955 4156 246
1141 298 71
233 1800 56
629 3696 24
345 3903 336
1305 820 40
1851 619 72
317 535 88
1068 358 279
1138 4462 185
97 92 38
540 1034 54
984 587 87
311 277 316
1298 3006 449
1151 733 213
1005 764 143
59 1708 68
26 363 71
156 1771 56
591 5551 57
86 2644 12
127 5021 104
1168 1826 44
1565 2692 150
798 1277 44
2062 801 187
315 4812 73
989 568 333
2299 2048 217
1575 4184 61
1600 705 384
527 453 89
1744 4654 278
687 477 89
14 2447 41
861 30 71
1455 112 384
1977 114 72
249 2171 42
167 304 219
1830 396 185
1421 767 78
531 761 57
1363 2813 72
63 101 307
187 76 89
2253 76 89
1600 4079 258
1635 1566 403
1850 1359 71
1631 5241 457
348 2561 206
1663 536 42
707 1602 107
2231 68 71
517 659 303
584 885 33
1344 327 43
513 4376 104
930 1179 63
579 2657 12
1568 2076 137
1449 3542 185
1199 420 190
535 2468 41
400 415 359
677 1940 10
1314 2429 19
518 2077 465
777 37 138
880 68 71
789 1302 71
1848 4898 278
1495 4400 300
1190 277 316
1170 4496 89
1934 1202 271
1362 400 325
675 306 72
1052 1712 71
995 924 12
1260 3288 404
1400 4257 70
381 3345 271
2114 5184 96
1120 174 54
1481 781 453
1162 229 43
1232 272 56
1925 2941 404
343 816 12
794 2991 71
1419 472 100
753 821 71
1357 388 402
486 1100 54
1559 98 70
683 2629 19
1050 4198 278
1854 2158 89
1070 3856 73
220 3449 296
648 1380 473
229 4584 378
180 715 32
410 684 57
571 3604 195
350 915 57
179 826 43
1827 2830 57
1066 1066 89
759 4092 284
109 2179 33
899 25 79
187 2058 72
821 2166 357
1371 701 72
1211 498 190
629 2716 10
1443 439 285
651 285 307
1466 4878 313
1222 5596 173
1190 3288 404
598 1004 303
1273 255 285
1009 76 89
1436 1277 44
1328 363 71
2200 1451 75
41 97 71
14 5 73
1642 2041 71
191 5548 75
714 2148 137
704 229 43
651 937 361
1671 3312 100
991 1372 33
67 2729 111
1925 1895 438
14 4300 56
556 1033 73
1288 1451 75
820 361 333
1584 5289 386
1302 2444 12
52 333 32
1068 271 89
205 568 333
1326 643 364
1372 3832 458
778 1960 72
1191 3357 185
819 92 38
369 4707 209
1599 1154 97
475 1598 70
1305 1482 71
31 683 53
454 772 89
361 1808 75
1284 2959 89
1562 4399 104
361 4102 32
1026 2424 235
849 325 56
887 2240 240
1080 3742 89
1571 1979 89
637 2532 89
256 915 57
758 799 89
1418 1587 285
1960 633 271
114 99 70
1507 5208 363
56 275 465
127 429 453
71 356 56
997 3777 353
580 603 71
585 245 95
816 485 72
1236 3165 209
2307 2426 236
1245 136 73
1658 2077 465
1140 3300 72
955 5435 185
618 4086 56
1343 2065 73
389 736 386
903 3983 412
654 636 107
417 2535 137
1622 327 43
640 2673 190
2155 256 285
902 4798 285
1035 1227 318
1821 1183 206
587 1985 12
1637 664 363
691 148 453
1793 906 370
1710 358 279
1153 845 370
770 4289 332
1267 1226 457
270 3504 71
1306 98 70
361 314 119
1300 453 89
217 1130 87
829 181 453
533 2273 43
2243 373 303
2207 800 246
900 1681 56
361 432 303
613 3289 34
907 842 57
1510 228 72
287 996 303
653 1046 206
388 1295 374
1509 4385 406
807 5173 70
180 3980 206
1305 843 372
184 216 276
597 1146 33
1959 1179 63
713 98 70
530 1033 73
891 1603 107
490 228 72
841 1227 318
829 4390 316
595 181 453
1248 472 100
1018 860 172
1413 101 307
831 2481 91
297 2070 57
457 1213 143
1410 1708 68
1377 2352 258
1355 1631 71
1284 3613 89
1436 962 89
186 1907 113
1334 2568 32
1415 1624 57
1245 636 107
1588 1396 426
1984 580 66
483 2970 89
301 1975 78
1637 1869 89
567 2135 285
188 3017 137
362 1125 72
547 1818 57
1055 2023 180
565 1271 56
2231 97 71
396 860 172
1288 3440 39
377 4101 89
1318 828 276
123 2424 235
60 3042 38
1733 1093 56
1842 183 115
1611 29 12
672 448 333
1266 775 468
970 656 285
2124 470 35
40 181 453
973 720 54
888 1225 358
266 2369 71
872 1490 268
1344 4043 89
2065 101 307
1235 1984 271
28 2679 278
724 1051 32
1015 837 395
1153 635 271
518 1642 73
1216 2379 457
161 1119 89
915 3895 105
1357 2087 97
132 27 307
1253 3434 137
973 307 43
1159 4163 75
1645 2569 12
1058 4810 210
565 3422 89
387 1629 234
1503 5251 465
2017 2773 32
141 98 70
1187 4445 465
2218 88 276
1140 1073 434
1422 4547 206
361 1201 72
1345 305 159
513 34 57
531 324 38
1355 1651 89
525 954 276
1681 33 32
1097 3574 190
1842 748 44
1221 2447 41
1997 1254 285
751 4778 461
533 2892 43
753 489 72
1097 636 107
702 211 361
1325 1624 57
975 173 432
1523 2255 453
616 3627 349
1093 1110 348
2019 412 200
1282 1342 89
1460 903 62
794 538 172
1154 4344 72
1149 205 70
181 3647 206
718 3058 82
610 106 120
1472 978 57
1413 439 285
169 787 201
361 1079 43
691 252 363
71 1283 5
834 252 363
1081 2915 91
423 2361 104
635 2184 55
2 5195 468
1419 4021 279
1059 1712 71
591 3082 404
805 380 70
1236 482 70
529 4702 71
1484 178 97
194 493 15
1671 3005 88
728 301 56
1777 5508 43
536 4285 172
1410 5042 89
653 3598 55
543 877 73
533 98 70
11 906 370
361 1532 12
1617 5035 411
969 2327 213
94 1247 57
56 277 316
841 76 89
1451 3637 325
932 472 100
1066 897 137
291 436 303
1546 528 89
747 97 71
369 3955 205
731 176 104
280 767 78
548 3010 86
867 2014 284
1734 3868 241
1848 1439 34
640 400 325
819 4034 285
775 1210 307
775 1249 72
773 400 325
463 211 361
292 2600 31
1686 532 73
1584 4398 364
1052 855 71
1818 319 57
1648 3029 55
1734 3319 206
414 358 279
795 2319 64
907 4050 172
1512 27 307
1813 139 404
483 4827 72
831 1471 73
1140 300 57
787 4153 206
40 182 72
717 186 137
1344 4229 57
202 4419 44
105 24 44
1449 807 108
18 2444 12
848 1860 89
494 2183 70
1183 1454 144
265 2219 152
1026 4508 130
483 2274 54
28 2030 86
1187 2648 471
286 840 386
41 3461 457
242 3738 120
1229 331 56
233 2645 32
38 472 100
744 1656 250
119 672 124
1147 2924 104
1215 864 260
615 2887 303
969 514 404
155 3568 278
1970 1096 396
1899 176 104
831 2384 209
77 1436 34
556 1031 260
1659 1 463
328 1034 54
1216 4454 206
986 5076 370
360 648 44
1563 2805 12
1849 4 71
51 821 71
795 728 113
169 1614 40
1071 538 172
1853 211 361
587 4932 209
127 111 43
547 1046 206
1455 1593 285
1472 3370 43
434 803 43
247 1623 72
40 184 12
672 3045 41
707 204 71
1039 2295 325
1481 583 278
278 4973 24
1210 5321 370
1996 5482 32
835 2300 71
1071 733 213
1522 687 9
1160 860 172
1953 1697 55
131 1846 163
1630 2425 369
90 480 190
1159 4811 421
1059 2350 284
1022 816 12
1714 1349 206
208 1817 72
1638 13 467
2207 2356 107
1460 277 316
1038 140 253
1151 3046 159
568 27 307
1212 3669 72
504 2901 444
1097 3419 221
1409 214 333
194 3346 78
1848 2091 89
623 1638 415
1624 210 56
1136 391 89
1345 2283 152
1314 125 258
558 840 386
173 1551 72
400 3429 34
1139 1146 33
324 3692 278
1171 162 38
2243 1683 10
1692 761 57
60 859 85
1202 3181 333
953 590 89
1725 3915 104
1021 85 89
1718 1179 63
1401 983 57
2145 1912 117
724 558 111
1308 136 73
321 1 463
1164 2800 285
1165 3916 83
1350 2431 97
114 2285 44
2094 1930 404
569 3565 57
6 2245 57
794 139 404
1262 5150 456
856 515 41
1462 3160 206
131 2032 186
689 1426 57
1984 628 174
78 76 89
808 215 73
648 2246 433
696 489 72
1578 2799 303
432 2056 453
617 542 396
513 4546 89
699 29 12
1814 1228 185
2222 3830 299
698 29 12
1619 906 370
1464 840 386
597 490 159
127 4636 42
1251 835 72
588 1712 71
1171 321 190
363 272 56
2185 211 361
1090 2001 89
1754 447 181
1859 1059 72
2191 4766 352
1977 591 89
1711 4966 113
297 396 185
1322 3303 71
1694 656 285
1295 4563 467
1208 910 273
259 400 325
1343 68 71
140 2030 86
799 1471 73
414 3088 404
24 634 70
1599 174 54
2155 1223 185
158 2442 182
773 439 285
1239 1335 48
276 4978 71
1141 518 363
1690 4198 278
1155 5197 34
822 1639 172
1860 2939 34
1517 2697 70
1149 227 103
303 1046 206
744 4725 457
498 560 33
92 271 89
846 1275 142
785 1613 213
566 1046 206
141 2441 138
351 358 279
1442 4157 104
769 4574 43
1734 68 71
172 427 442
512 1064 73
1995 4523 44
923 1979 89
1724 379 209
51 3808 206
286 1315 303
542 539 55
354 4499 45
1190 5039 42
341 1815 34
254 1254 285
969 5505 73
1435 2600 31
1125 4990 72
549 2211 112
995 3075 369
1563 2381 94
1877 361 333
233 570 12
2054 3290 404
1308 4044 70
2145 5417 231
305 655 89
710 856 149
648 3744 43
2033 2409 10
71 1672 72
631 1637 201
1246 136 73
1052 1349 206
820 4531 70
1201 2645 32
1568 3683 33
388 3747 460
620 5531 292
955 329 56
207 551 67
1283 5277 405
270 1268 56
492 1096 396
1066 3422 89
1251 4468 278
1167 2156 31
1099 1654 354
1540 4121 278
1386 4827 72
1211 619 72
1138 3940 278
1189 3177 456
1679 483 72
1226 3040 42
193 978 57
1990 485 72
5 336 33
1227 4548 33
1206 321 190
1546 3203 190
521 3014 220
1690 5436 56
1062 209 32
452 1049 32
221 116 42
71 162 38
101 2810 263
360 5462 108
1071 3197 276
195 3016 112
135 205 70
2190 86 88
1589 1671 206
1010 417 92
1141 657 185
1357 5393 194
78 380 70
414 594 112
360 1809 71
304 580 66
34 1710 409
1724 3676 64
151 928 12
565 836 312
246 1855 79
1141 139 404
814 1696 89
75 288 33
508 183 115
689 3893 63
969 2636 73
36 160 12
1644 770 313
400 550 77
41 802 107
45 2898 70
1065 5546 285
447 2390 89
1325 4844 57
1384 736 386
876 2296 12
480 2244 468
777 1364 60
1467 1893 304
851 581 51
472 1800 56
1578 439 285
1375 202 56
1493 4607 268
151 4786 71
1438 2345 57
989 1046 206
792 298 71
1912 3413 363
1600 2799 303
256 472 100
1350 856 149
1774 2386 480
409 1656 250
795 5189 52
657 3256 48
2144 98 70
1326 2352 258
798 1057 246
1486 440 10
2029 626 56
44 17 43
1866 1046 206
389 1644 206
1720 649 57
1247 647 303
108 928 12
710 2427 56
795 311 125
188 2176 11
1156 70 113
291 500 44
919 661 72
1340 1746 78
1324 844 40
360 2945 292
732 2731 12
379 255 285
1615 1303 71
657 2001 89
689 2405 83
1017 5450 82
1701 2231 43
1879 792 231
731 3202 82
882 96 252
1188 118 44
1227 101 307
1464 289 56
289 3030 113
651 1926 89
1795 3597 71
1827 5518 70
280 15 386
525 94 276
541 559 24
869 3580 206
97 531 15
389 3951 70
1057 5375 285
1462 2254 468
1879 181 453
931 4411 303
378 2745 71
1634 655 89
225 3427 278
747 4103 33
412 174 54
1753 716 155
217 1909 42
1043 1199 56
792 2006 160
412 1292 4
1503 819 447
836 358 279
805 1358 89
1155 85 89
504 145 56
549 184 12
807 2012 57
1362 76 89
1805 85 89
417 1260 260
136 2056 453
1288 2456 24
504 4276 57
25 522 42
701 1898 43
1202 4736 285
100 1356 56
510 2183 70
415 452 73
914 1275 142
1848 3990 303
1731 1424 43
1298 5143 88
172 1305 445
222 5290 79
1241 1451 75
1556 1682 206
628 1079 43
747 4120 33
607 1249 72
225 1002 82
2084 1943 12
859 3738 120
766 5532 113
10 978 57
792 1439 34
693 231 72
1890 1046 206
1683 5173 70
609 2918 259
1221 1723 71
187 1990 213
1569 4194 278
383 138 79
807 4728 138
1502 3499 285
1792 1382 72
1245 205 70
1096 1611 20
137 4366 271
259 4936 406
1858 2667 314
478 1476 251
610 2074 10
396 3220 341
1443 2474 71
2290 4812 73
581 27 307
780 2096 232
1401 3369 190
1417 3503 303
1513 98 70
778 2167 57
1214 637 65
1316 3976 71
615 127 382
1130 2774 72
878 3964 105
195 991 33
1049 27 307
253 535 88
1070 1427 43
1281 4797 185
1896 305 159
94 159 457
24 3668 89
375 453 89
535 268 55
169 1378 371
332 138 79
566 72 71
195 2193 78
452 3542 185
1489 5434 363
1214 536 42
699 4580 89
209 807 108
1141 3716 185
775 3041 103
1067 3847 386
1153 2550 389
467 2121 43
2141 45 276
417 1430 55
875 2496 71
673 2955 370
682 1179 63
777 4448 56
403 862 285
1810 4198 278
779 2509 428
163 1461 5
1195 3370 43
1169 436 303
791 1174 145
1410 569 71
114 1982 333
731 619 72
1407 577 105
907 323 89
197 314 119
29 2681 32
34 2358 427
707 4411 303
1216 484 206
1705 101 307
45 162 38
828 536 42
1038 358 279
301 252 363
1279 4861 105
714 3972 72
1693 3162 286
273 439 285
1201 983 57
1187 72 71
155 2077 465
139 633 271
1194 1106 452
1876 72 71
1296 1338 358
1799 493 15
584 709 137
961 179 49
1541 631 167
353 1055 89
648 4291 207
1381 3249 337
1832 1417 72
230 2927 55
729 97 71
2297 3886 57
986 3170 88
233 1007 285
1493 733 213
1384 181 453
209 288 33
1945 3072 416
733 777 71
1799 5501 82
1848 1195 89
430 18 268
333 1689 34
1358 4961 364
376 3265 33
207 2648 471
992 1839 24
1244 2595 10
240 621 12
1189 591 89
1156 2956 71
217 994 43
1321 1284 6
633 687 9
1514 5536 44
1342 577 105
460 478 86
489 515 41
1419 1735 41
900 3975 375
1710 139 404
492 659 303
1769 1046 206
414 4031 12
1187 705 384
969 3945 89
362 836 312
1339 114 72
451 1099 449
956 71 72
350 159 457
1155 27 307
1895 5291 56
1338 358 279
253 417 92
517 3925 89
1366 1780 34
319 2660 107
257 2842 72
852 1176 89
430 82 34
1098 3648 12
1409 483 72
1728 2912 89
237 288 33
1561 2958 370
1663 15 386
51 2274 54
1096 1938 24
225 881 452
2174 165 12
1828 1295 374
1258 447 181
599 3514 249
550 451 89
193 3805 142
19 3560 24
350 245 95
629 945 165
209 162 38
327 86 88
1912 887 305
2248 2076 137
1581 380 70
1056 29 12
482 3260 57
172 1683 10
1855 1692 73
740 2834 55
851 1868 104
1283 2304 359
186 2178 276
1459 1020 405
844 1695 72
501 359 56
1537 97 71
1265 3608 107
106 277 316
1874 5478 34
856 1525 56
1250 101 307
280 33 32
411 498 190
1205 2878 285
956 164 111
1022 2047 56
134 1898 43
29 4915 56
217 5093 143
989 1832 40
146 27 307
1674 3882 304
1951 498 190
404 3289 34
460 2330 187
920 501 44
1320 5 73
1348 864 260
851 159 457
1030 114 72
126 1079 43
787 518 363
71 5003 359
335 2546 12
360 103 295
791 1200 71
1176 5015 331
40 439 285
1173 2459 71
2042 655 89
497 906 370
311 1401 69
663 3805 142
38 767 78
4 1817 72
66 1498 115
1435 5420 405
351 3391 274
1710 2189 91
814 2764 89
653 139 404
436 142 57
1270 3551 57
936 472 100
363 2262 88
781 23 274
163 342 24
1216 1916 206
635 1712 71
791 1103 92
2186 3805 142
332 1 463
724 3046 159
1140 528 89
1791 903 62
1977 1525 56
483 578 10
2253 988 137
1481 3532 57
1146 1547 185
799 2915 91
1627 1671 206
1090 1712 71
1899 91 81
995 2727 15
1992 2273 43
1319 3448 44
1091 2392 207
410 895 38
1307 619 72
727 1251 12
141 605 137
1407 2766 56
1463 136 73
1311 2344 57
153 588 70
1345 3538 453
846 3290 404
944 1085 57
1075 1712 71
294 1605 54
786 2072 56
689 412 200
1075 3554 32
1160 3940 278
790 1914 232
509 841 40
195 68 71
592 274 42
1439 4454 206
512 1842 70
656 277 316
1415 5211 87
697 211 361
1894 4537 31
967 1391 137
882 237 71
248 960 57
1647 205 70
2254 2618 453
358 4509 57
851 2989 267
289 596 164
1063 273 89
198 1013 24
1163 253 89
2023 436 303
2186 657 185
674 393 71
1108 27 307
1039 906 370
1477 4198 278
1222 984 71
108 1337 87
491 4329 12
513 528 89
89 3547 196
517 3823 364
198 1295 374
731 501 44
1125 313 421
94 1109 89
828 895 38
501 205 70
1382 2194 44
1039 843 372
618 114 72
427 4342 73
846 533 42
900 1859 437
961 2252 21
1138 2326 159
161 573 47
1011 3837 364
1613 49 42
387 1634 96
212 2 75
18 2163 285
543 114 72
776 787 201
451 2926 12
1174 4712 386
362 2095 163
235 439 285
895 514 404
2113 433 12
1700 1034 54
379 1566 403
722 5189 52
1622 4924 363
1222 114 72
1125 1930 404
1213 2029 158
779 585 89
739 761 57
390 874 73
931 292 363
1644 2396 41
40 3134 57
31 3433 159
296 4997 57
1384 1019 375
38 163 32
457 2144 258
1093 1310 466
1579 4017 105
54 146 33
604 932 75
2231 5519 333
1189 4922 333
1134 440 10
677 193 43
1499 136 73
1233 114 72
2034 636 107
389 316 32
2100 787 201
562 2327 213
1 3013 57
297 3425 56
1512 85 89
1632 2254 468
1067 4730 386
1472 32 56
983 878 73
560 400 325
136 781 453
1661 1861 56
1388 1792 241
1168 436 303
1744 738 453
1483 255 285
731 2873 33
1138 358 279
141 752 44
1926 5120 47
1201 221 89
2184 687 9
904 605 137
1103 4059 71
1125 2390 89
1420 481 190
516 311 125
804 1290 43
2185 2344 57
417 564 91
1202 5320 10
1050 3427 278
459 4399 104
2195 124 105
1444 101 307
1248 4274 71
1258 4182 185
717 4216 278
1953 1123 112
2059 781 453
673 3641 6
2026 272 56
1003 633 271
389 1210 307
358 5071 73
317 76 89
1183 1362 73
1267 973 116
339 478 86
780 414 71
936 848 369
131 593 42
121 662 359
1221 3354 89
1052 327 43
731 707 29
618 1033 73
634 2139 284
869 3915 104
1609 2895 444
1376 2408 5
1566 1274 167
1774 836 312
2084 4087 5
2076 117 307
221 4906 104
1318 1107 32
824 27 307
1396 4559 70
1474 200 109
240 1156 33
711 336 33
1213 202 56
1376 3475 70
136 1657 190
1551 4487 375
515 3582 206
512 1627 232
887 2626 325
501 3981 89
2041 688 89
1869 5093 143
1122 792 231
1162 705 384
350 2159 390
557 931 406
1026 71 72
549 1712 71
51 247 43
816 344 137
1358 4175 260
324 4227 89
1084 2353 85
784 2456 24
746 272 56
314 1509 310
436 2459 71
879 2016 263
70 2757 97
177 2990 71
1339 429 453
825 1004 303
486 2278 24
1223 4445 465
1160 2295 325
396 402 325
1658 1931 444
1744 2444 12
1123 2956 71
1774 70 113
1050 3490 72
1008 289 56
203 220 268
1482 539 55
1492 3363 303
699 114 72
893 1696 89
1104 570 12
837 2171 42
1317 2291 72
2028 400 325
635 2058 72
1751 1249 72
165 400 325
173 1436 34
1248 1262 117
1580 311 125
99 551 67
693 3538 453
159 3090 89
29 754 42
516 867 73
989 181 453
978 287 307
2056 4653 383
683 111 43
727 3534 89
2277 323 89
375 17 43
492 892 54
181 2151 264
675 375 55
1357 4287 278
807 917 165
1205 659 303
208 163 32
275 621 12
1182 3427 278
617 543 172
998 4419 44
367 32 56
1305 2805 12
699 710 89
22 3331 139
600 347 40
1222 487 107
1283 513 357
1272 3935 57
1864 3827 304
2079 3003 56
1796 3456 258
172 3732 278
1587 2561 206
1973 4978 71
1270 811 116
1159 2027 439
1370 483 72
1298 1548 185
517 841 40
1143 604 55
1355 124 105
2071 3199 31
1008 4252 29
824 733 213
626 4641 300
66 580 66
1774 377 54
403 1193 72
1 5388 42
377 710 89
651 69 71
452 4284 32
217 1554 34
542 1801 43
1484 538 172
1408 1580 209
1414 5559 451
931 76 89
691 3298 350
507 98 70
1299 590 89
1160 828 276
298 75 89
630 3053 42
1033 4667 414
1355 396 185
110 2752 34
1017 69 71
587 1987 72
599 2696 292
587 4945 12
1590 176 104
734 136 73
1131 470 35
644 1439 34
2186 542 396
332 2462 149
54 270 107
286 5559 451
2254 4997 57
288 971 72
1499 59 33
391 5331 38
747 348 71
266 1252 44
198 101 307
412 2414 201
1990 1599 89
989 327 43
1154 4288 278
254 1839 24
996 466 55
721 1538 285
194 71 72
737 2926 12
517 25 79
477 27 307
108 4135 43
1159 361 333
1302 4666 65
876 2176 11
2015 98 70
877 121 89
251 1202 271
2077 993 57
1582 379 209
615 4997 57
1324 2263 86
689 4557 172
436 4457 89
1578 412 200
671 1063 457
1829 2813 72
1389 1504 71
389 1059 72
1576 1277 44
583 2653 89
1084 29 12
1567 621 12
194 2641 42
1618 2895 444
1131 372 285
616 1195 89
1721 2020 71
1451 1681 56
1070 1297 72
287 3359 284
274 1284 6
1137 1274 167
1237 2890 269
2071 5365 72
1162 4065 278
233 2120 43
1672 2625 364
101 833 307
1268 436 303
1020 15 386
245 3384 303
558 179 49
2198 2885 89
473 3916 83
51 490 159
1213 5141 71
1325 4114 190
689 124 105
2216 656 285
1587 844 40
349 1894 241
571 781 453
1279 380 70
1077 2791 92
1629 4509 57
648 404 43
51 1690 57
2115 316 32
1189 1060 457
86 448 333
1269 4940 73
1143 324 38
1827 3594 89
597 2067 84
625 664 363
1096 2195 10
700 498 190
1104 3509 89
1289 559 24
485 1046 206
1160 4051 172
835 1348 44
1258 1238 72
712 29 12
1850 297 73
663 71 72
459 4323 12
1062 4401 371
725 2296 12
60 2182 79
393 2563 203
478 1260 260
251 440 10
1427 614 113
1207 2890 269
1309 4693 209
1568 941 33
423 379 209
1026 655 89
452 1227 318
1289 4909 12
953 538 172
755 4593 333
1334 1712 71
1141 127 382
370 2889 341
1471 568 333
1408 305 159
1070 114 72
525 231 72
247 1258 73
1082 1014 35
645 1530 271
474 2231 43
1328 2973 72
281 730 89
1195 1766 71
713 953 70
157 815 251
1219 2762 89
1499 4043 89
261 1944 12
60 2687 38
1308 1019 375
1597 1599 89
304 737 386
777 4145 24
446 2934 97
1316 100 89
519 1200 71
831 76 89
1119 701 72
393 1983 307
1569 1180 271
1302 1375 44
949 498 190
1302 4882 104
1024 336 33
1521 4427 406
499 356 56
230 3236 32
222 569 71
1292 1921 425
432 2086 55
1617 5140 386
506 101 307
587 246 55
66 2883 97
350 3912 260
368 4040 23
1523 1358 89
1442 2853 143
2290 76 89
382 1699 78
2086 344 137
2188 3066 167
466 2213 71
1911 5524 183
269 2896 363
1 2165 33
1794 2217 276
2216 3180 286
2297 4051 172
1220 3517 276
111 3384 303
432 429 453
647 3370 43
1962 1251 12
2271 313 421
1227 828 276
215 872 73
471 137 135
1537 1656 250
414 27 307
1735 839 57
1341 4535 369
1827 656 285
631 82 34
764 1661 139
21 255 285
1625 4046 276
363 4984 52
145 2900 127
1017 204 71
425 287 307
1419 2628 57
115 645 246
668 2183 70
787 4152 278
753 1891 206
1419 2564 182
1464 3970 403
599 3567 89
613 561 107
253 667 24
169 1460 260
648 5033 43
524 26 109
1141 3016 112
522 183 115
700 2245 57
1273 3138 72
844 3010 86
173 3427 278
1278 2957 424
379 1712 71
894 577 105
790 76 89
1406 701 72
1489 294 363
63 306 72
213 336 33
2273 417 92
377 211 361
1675 196 89
25 4029 44
52 415 359
66 261 12
773 29 12
1751 415 359
142 3051 42
133 424 89
230 3798 43
1213 85 89
180 2001 89
219 221 89
233 5552 202
637 68 71
257 3141 318
4 197 43
794 53 363
292 2292 260
447 633 271
671 3319 206
588 489 72
1249 3188 458
790 568 333
1247 3349 43
1992 3744 43
1740 3145 159
219 5555 73
799 2590 271
1364 4031 12
656 316 32
569 2473 97
374 1439 34
803 2279 79
1307 785 73
828 1661 139
1879 255 285
360 26 109
860 1465 70
389 566 21
515 515 41
184 840 386
1083 331 56
1413 1817 72
343 4029 44
1464 15 386
629 2720 24
332 958 44
1103 1184 56
1151 342 24
1341 1310 466
525 259 307
663 3217 72
229 3089 232
396 483 72
1020 3968 57
133 3591 88
1265 4703 73
831 3896 92
934 2217 276
1665 4368 71
1044 4447 278
1345 485 72
961 2282 107
15 958 44
508 2969 55
492 76 89
1401 1054 190
92 76 89
953 3929 376
395 724 89
1596 710 89
1410 258 71
1092 82 34
688 5441 170
75 1874 43
1310 2737 221
1460 1579 12
2253 643 364
1187 4009 465
237 3107 138
279 1295 374
1572 357 278
388 5571 384
1307 9 475
1432 1583 73
409 2698 136
1074 4934 71
718 1444 427
2161 2917 259
1049 4149 85
822 3752 305
779 1451 75
1208 380 70
562 2229 370
1220 2638 55
2095 139 404
1225 803 43
157 659 303
174 3357 185
403 3360 295
1576 3218 73
1056 2690 12
145 464 92
523 4559 70
1377 1744 316
1619 2263 86
26 86 88
1067 92 38
1349 995 285
1443 767 78
37 2531 89
846 4368 71
1318 1034 54
854 1869 89
907 647 303
1060 797 39
1486 68 71
403 812 22
1801 4983 258
19 1231 276
1207 779 143
677 1770 48
319 608 43
526 4262 359
948 796 107
835 39 143
228 2269 43
92 3330 338
740 1315 303
785 3035 109
66 186 137
814 4643 12
847 5320 10
419 25 79
764 3596 185
1915 2962 150
795 4354 32
186 1462 404
1875 2059 206
1430 4502 48
797 3809 120
969 2420 404
286 435 73
895 1902 333
846 2091 89
1227 192 57
897 3932 34
1258 4190 184
1290 633 271
617 2322 57
1235 1671 206
521 2575 118
454 3144 89
1873 735 453
97 541 97
795 1270 55
1176 1126 274
207 898 162
2176 1477 92
1058 793 44
1667 2358 427
1224 372 285
343 2273 43
1945 568 333
547 1096 396
492 4672 232
170 1642 73
1862 759 333
2274 2666 226
1417 3084 333
390 448 333
653 4051 172
516 621 12
254 542 396
159 2085 33
1050 1600 333
648 2940 298
749 324 38
1429 4593 333
1607 1240 72
645 616 271
579 400 325
350 436 303
853 6 160
1860 750 70
673 847 291
1258 3596 185
4 76 89
343 1915 356
309 680 364
417 147 56
364 1685 57
635 4238 278
903 3984 457
1469 1687 72
640 72 71
490 888 71
60 3023 89
1109 505 57
1183 858 12
1354 114 72
372 1914 232
1283 1018 375
93 411 25
1216 2830 57
1249 181 453
353 998 70
161 1888 71
184 3657 201
1126 1451 75
1796 2478 120
2077 3135 43
412 1416 89
872 2059 206
1572 1331 457
1908 705 384
1228 3504 71
6 1557 72
2230 138 79
1270 5412 158
480 2648 471
1022 2897 54
931 660 284
773 1676 73
396 568 333
1460 358 279
1151 318 234
240 211 361
1281 3509 89
1178 470 35
1534 4023 93
1182 344 137
22 744 361
824 3510 237
2059 1331 457
317 430 43
1395 842 57
247 85 89
86 209 32
810 2518 92
847 3365 97
1062 840 386
993 605 137
525 546 89
2077 361 333
998 216 276
1132 4502 48
76 1890 289
979 864 260
1574 1060 457
328 2381 94
1418 140 253
859 372 285
136 1966 10
1644 1459 364
31 131 194
1182 1579 12
1203 3771 105
1230 774 32
367 2254 468
563 1440 71
1654 4399 104
2307 4929 57
1544 5004 213
816 4997 57
1742 593 42
856 3482 89
804 2194 44
1560 179 49
54 271 89
1020 794 72
90 561 107
835 1213 143
151 803 43
989 769 107
793 2561 206
672 216 276
625 1790 75
1283 29 12
773 1675 325
1218 3169 260
1138 4904 415
1765 764 143
1586 932 75
150 167 41
86 400 325
361 1284 6
165 2948 56
846 4005 44
1312 2647 276
742 891 137
2077 3717 43
755 68 71
286 5372 457
410 1782 56
1255 538 172
1502 2353 85
1389 4399 104
1728 1574 285
455 1970 87
201 60 200
448 1712 71
1696 162 38
1622 136 73
1980 5281 363
864 1560 87
881 2692 150
637 2212 32
585 1613 213
1410 4807 316
566 5339 71
2082 3402 206
326 1417 72
54 2884 89
92 3072 416
1657 957 333
534 1301 238
1333 834 70
1234 856 149
536 947 33
881 948 33
1337 29 12
893 1823 137
1805 691 57
731 4951 89
362 321 190
1164 764 143
542 3138 72
1222 1451 75
507 1101 239
1327 2053 72
1033 1184 56
588 2780 56
566 1045 57
1353 72 71
1058 262 318
2258 659 303
1319 82 34
478 372 285
504 2217 276
773 2957 424
784 2784 43
2115 856 149
729 181 453
797 4527 185
560 1112 73
1798 566 21
1131 1130 87
1407 1477 92
883 3427 278
92 250 89
291 439 285
711 657 185
1272 622 56
596 88 276
610 3844 72
680 209 32
947 1594 42
1005 728 113
1125 2572 95
183 903 62
1033 529 252
1466 2295 325
241 1071 12
429 32 56
13 2043 364
1095 392 89
636 636 107
1903 1 463
1869 583 278
749 2214 71
443 3221 116
406 1725 42
1653 3848 57
1106 3181 333
1204 2615 366
668 4721 12
773 628 174
1127 3181 333
739 3503 303
856 1919 310
82 3735 56
191 1340 72
1226 3145 159
1392 701 72
621 2267 89
1763 3541 185
997 1723 71
648 327 43
822 4020 42
695 1122 96
2147 1753 442
513 588 70
219 3800 89
587 661 72
620 733 213
1416 15 386
1110 666 43
1167 1616 29
978 492 12
363 3474 232
521 101 307
75 1858 285
1222 2791 92
588 879 57
1341 4912 55
77 2799 303
2185 2027 439
1315 536 42
2250 657 185
2203 2901 444
1645 3665 242
1938 5439 12
1283 70 113
1115 1014 35
1897 448 333
1908 777 71
568 1534 73
1748 85 89
71 2964 100
2230 538 172
277 4488 195
1021 3766 140
66 345 137
10 4659 276
96 844 40
634 792 231
989 164 111
825 792 231
157 5543 381
241 586 12
550 1113 89
1272 52 307
261 324 38
778 5550 72
1045 1414 32
647 2199 6
807 4343 213
2049 1192 92
1674 32 56
597 712 89
1330 2907 89
496 781 453
1066 1551 72
508 3162 286
996 2068 107
1982 3871 449
1138 2662 71
674 2158 89
1296 4175 260
267 1257 91
301 1422 56
162 3466 237
194 1943 12
245 641 120
180 1116 55
1848 3925 89
729 1396 426
157 99 70
955 1569 386
1258 4791 185
279 85 89
1344 2861 107
1480 1114 457
1699 211 361
394 523 57
1326 1623 72
391 4470 10
778 4368 71
1011 4831 311
1738 29 12
111 2838 44
343 828 276
1680 3568 278
1980 4950 364
1221 3702 71
1338 4909 12
2072 1162 113
2271 2103 424
1159 744 361
907 1201 72
1476 68 71
1050 4509 57
805 2379 457
565 70 113
166 136 73
217 3765 73
614 4734 57
1235 68 71
605 1328 473
492 174 54
1142 777 71
409 2701 137
791 3940 278
2067 2764 89
1055 4361 84
46 4749 324
667 520 89
1154 2133 190
399 396 185
663 1297 72
1428 1136 303
331 4756 40
1931 2645 32
169 2329 100
10 2620 333
30 164 111
198 4509 57
1392 1226 457
289 1148 43
240 1090 71
340 1103 92
1136 4828 134
623 728 113
6 1388 10
989 1796 43
1149 145 56
1744 1347 306
1969 3062 12
1513 440 10
451 3988 73
22 73 72
1634 106 120
953 610 173
1296 17 43
1277 5198 73
1407 4381 24
1667 2023 180
848 605 137
1236 831 117
1228 3551 57
1050 1624 57
209 4280 137
997 1258 73
509 1119 89
879 76 89
1215 1064 73
663 568 333
1067 840 386
1247 728 113
436 2645 32
793 1956 209
510 136 73
1470 55 56
2032 373 303
657 1656 250
1502 1115 121
110 1473 54
929 470 35
1396 485 72
1264 3758 10
87 2779 32
812 2077 465
1043 1609 10
1849 15 386
1250 2600 31
1538 4501 160
648 4569 192
1111 1802 34
886 36 44
678 1249 72
1226 169 54
1401 4406 189
635 1882 163
1123 1018 375
1822 3081 56
692 1071 12
1806 1796 43
1235 3808 206
2194 3830 299
1650 1760 12
1223 3152 40
257 586 12
734 4260 92
629 784 57
457 1020 405
1027 1249 72
301 355 72
989 1797 50
1206 2405 83
1643 1103 92
1044 2800 285
631 4019 89
1569 399 213
939 1680 412
1350 2778 6
1067 4509 57
645 3466 237
1386 767 78
1796 727 79
1139 1331 457
900 1189 377
186 3072 416
1569 2484 73
768 97 71
1032 76 89
1337 4565 282
1502 1291 303
777 174 54
1138 85 89
39 903 62
1358 3531 285
841 162 38
1504 4805 56
71 388 402
1066 72 71
1439 1817 72
560 15 386
1393 447 181
1461 138 79
1170 2132 33
1278 781 453
782 1046 206
131 652 333
820 1226 457
1413 4997 57
1239 316 32
31 826 43
28 393 71
1855 875 73
1149 4226 55
635 439 285
1050 25 79
377 1121 70
2218 2834 55
737 3048 191
58 5184 96
780 3990 303
2106 895 38
989 29 12
1327 76 89
203 211 361
1194 97 71
2243 136 73
1423 2951 192
1970 358 279
292 412 200
620 2966 42
1113 4561 278
1188 3504 71
306 4794 278
699 853 13
1221 2653 89
304 417 92
497 840 386
1087 1533 172
1637 155 38
1742 4825 94
1128 1842 70
1065 4378 172
119 3006 449
282 29 12
270 1084 10
585 4081 190
526 27 307
243 1165 138
222 4452 93
165 391 89
932 3877 121
169 608 43
627 4166 172
249 777 71
794 2923 185
1679 472 100
1173 4199 181
422 1850 272
1281 619 72
1913 2752 34
1588 811 116
672 4327 278
414 2189 91
368 217 71
1369 913 180
170 876 57
1530 400 325
694 1938 24
605 4804 32
1344 732 271
799 4061 70
979 965 259
1478 73 72
1917 1029 11
677 879 57
393 27 307
1099 82 34
1414 1739 57
1924 1219 185
1152 182 72
1601 327 43
760 211 361
409 4668 56
34 5342 10
25 1817 72
970 1960 72
779 3655 33
285 458 74
1901 485 72
2051 3812 182
846 107 315
1391 2878 285
1878 988 137
222 1539 71
221 118 44
847 4096 78
1344 2741 72
376 2580 259
377 1557 72
753 5380 333
2209 2137 176
397 27 307
1030 193 43
616 1354 72
1455 4123 278
584 1353 71
1291 515 41
842 1030 233
335 4013 57
122 369 196
894 3337 192
345 1316 110
1131 612 113
1719 1344 137
2230 1593 285
25 816 12
889 657 185
1159 4399 104
1099 3780 353
486 1070 70
691 414 71
18 724 89
706 761 57
939 2416 57
91 218 206
899 123 139
584 824 33
903 1310 466
1481 29 12
2021 3006 449
121 454 56
395 1579 12
97 1661 139
922 1041 370
594 4739 213
1299 3386 89
565 3200 181
845 1459 364
2150 647 303
142 882 87
75 63 71
975 15 386
1116 1697 55
1946 1687 72
1248 2755 303
1315 489 72
335 4969 44
1664 2056 453
1065 4005 44
699 2789 57
860 454 56
1222 3931 75
109 3427 278
975 3614 89
1210 1712 71
2235 211 361
1663 33 32
141 1018 375
1834 2100 113
687 676 118
1315 538 172
1215 1410 12
1903 2630 71
1246 3895 105
212 843 372
186 952 70
794 439 285
1477 995 285
596 98 70
1158 845 370
2176 2210 32
709 807 108
1153 447 181
881 3839 278
180 1963 71
1506 114 72
1215 3370 43
1264 1479 97
1026 3475 70
2128 1770 48
91 1081 72
1400 986 89
806 319 57
492 1596 284
314 2087 97
441 205 70
426 1094 73
1391 76 89
1315 3459 466
1144 2263 86
969 4044 70
653 289 56
816 656 285
1492 1004 303
1357 425 57
1024 1771 56
615 1418 25
228 1344 137
777 4637 70
1711 1258 73
1302 1461 5
1566 97 71
159 4667 414
1738 3493 71
989 591 89
1811 1909 42
1344 2752 34
2070 2884 89
1672 2578 285
1146 1370 73
973 5537 56
617 4625 406
408 3807 57
1302 3670 71
769 3432 57
969 781 453
956 1402 353
1315 5182 42
565 1877 56
939 1018 375
1565 1471 73
90 2323 75
326 4005 44
1096 2305 18
2232 1436 34
2274 354 78
544 1943 12
1505 400 325
530 268 55
783 599 33
925 1615 38
32 817 226
1664 2941 404
1277 753 56
296 1089 43
560 4615 43
225 470 35
1159 216 276
724 4645 107
166 728 113
233 294 363
332 1046 206
1901 97 71
542 272 56
143 245 95
1212 844 40
1075 4722 172
663 797 39
707 2448 381
1084 27 307
1021 977 73
1683 720 54
1537 94 276
1344 4723 278
713 1200 71
672 666 43
1746 1945 172
209 84 190
565 4135 43
1024 2117 44
1149 718 107
1726 5122 267
60 198 54
753 5127 72
825 201 162
42 197 43
2176 2232 297
2015 621 12
140 770 313
989 3511 40
690 2456 24
240 5449 43
422 841 40
1159 422 143
742 956 41
2087 4204 331
1278 1331 457
599 318 234
1244 45 276
399 1121 70
1728 4050 172
1141 793 44
647 32 56
864 1436 34
1205 1666 303
1174 2955 370
911 152 70
161 2930 243
1683 2003 209
1533 3304 97
179 2147 107
419 543 172
543 265 115
793 447 181
549 628 174
332 25 79
297 5467 43
1013 1364 60
186 2395 276
417 132 145
198 4287 278
1979 2080 92
396 2834 55
1323 436 303
90 1999 12
2159 3124 55
52 986 89
1047 271 89
1058 628 174
1009 2459 71
850 1576 42
315 1908 70
1481 436 303
1796 234 82
992 1234 107
997 3188 458
100 1033 73
489 174 54
1026 4658 275
1294 299 364
701 643 364
1970 3830 299
1087 2953 396
1832 1551 72
1361 1487 89
1507 2733 276
1700 473 285
2033 2666 226
618 85 89
1096 3175 19
831 72 71
1626 148 453
77 97 71
89 899 79
1753 906 370
668 4846 118
1127 781 453
939 4888 24
1541 336 33
132 4452 93
6 3862 57
146 557 325
813 481 190
1354 1375 44
560 763 25
489 891 137
2196 4024 42
1586 1558 72
937 4442 132
1405 302 71
587 29 12
236 1683 10
936 906 370
861 588 70
42 1777 188
1158 1939 12
487 4003 9
1220 279 457
779 3651 189
762 1598 70
1264 4934 71
32 141 72
1067 4469 89
777 5175 57
393 400 325
974 4840 284
1399 111 43
858 1249 72
406 2179 33
1515 4743 392
188 522 42
1160 3662 10
1791 116 42
1753 4313 370
824 179 49
871 376 55
199 3121 84
1174 15 386
71 3522 97
1225 76 89
1570 5416 465
1143 1574 285
2185 1822 464
114 617 41
834 1063 457
822 764 143
1209 4268 246
1209 1527 57
635 1230 276
264 299 364
127 1251 12
143 153 71
623 2359 463
1440 3222 206
403 3230 73
2019 2288 151
195 993 57
86 3568 278
597 2429 19
549 2305 18
261 1238 72
818 15 386
1622 2453 363
1648 111 43
1457 277 316
219 272 56
78 1898 43
1145 1600 333
992 2 75
2172 1931 444
1349 252 363
128 501 44
770 2077 465
770 358 279
1154 97 71
974 2887 303
46 262 318
935 1211 94
1318 3243 88
1270 1297 72
653 2408 5
989 234 82
360 892 54
2189 441 405
1024 2450 71
2299 620 73
484 5558 44
1154 1642 73
1067 5448 368
543 1900 71
1687 4364 305
258 4443 73
1055 635 271
1970 139 404
699 49 42
1726 3768 24
1003 176 104
795 3896 92
2256 3862 57
473 68 71
1450 176 104
2086 3181 333
74 1096 396
489 1625 297
1516 635 271
251 2695 159
16 967 91
2143 744 361
1629 82 34
563 27 307
62 1837 72
1314 689 56
2304 627 232
205 1038 398
620 306 72
243 318 234
300 753 56
1009 3219 259
507 1692 73
1159 5056 370
1546 500 44
265 1046 206
1329 303 316
367 159 457
2056 568 333
133 501 44
673 3831 370
436 3123 89
43 228 72
1610 29 12
1064 1972 89
1245 4255 453
509 4531 70
246 656 285
531 2279 79
2284 22 274
467 875 73
245 4083 71
543 549 89
339 1675 325
773 3066 167
395 2025 89
1371 3467 237
58 1824 31
2088 289 56
1728 1285 3
351 1048 206
483 2276 359
691 5373 378
635 138 79
1579 2379 457
1346 3990 303
1646 2973 72
1169 782 44
1963 772 89
711 272 56
1314 2456 24
1530 313 421
490 5192 325
819 29 12
562 234 82
1095 5515 120
264 1241 465
1311 2037 333
419 138 79
2192 358 279
331 3875 54
582 2145 284
374 205 70
1123 3712 375
1604 2954 89
955 3847 386
205 522 42
1530 2613 206
1657 1982 333
1951 3427 278
724 1254 285
953 400 325
983 1315 303
1172 895 38
1468 1121 70
989 781 453
842 304 219
1344 2291 72
92 2516 404
71 782 44
109 1976 57
358 1436 34
128 72 71
64 710 89
376 656 285
479 2242 85
1289 1766 71
567 659 303
1066 5048 71
217 1711 57
1751 462 71
336 5313 364
140 1918 434
550 1046 206
1967 27 307
907 1046 206
468 3145 159
1578 1074 71
1065 3763 307
955 3872 31
2120 379 209
683 666 43
888 3427 278
1820 4027 89
212 2560 89
1521 29 12
1160 816 12
538 9 475
718 298 71
1284 697 57
400 1177 89
1131 3082 404
729 4778 461
753 1423 72
1903 971 72
2022 515 41
1111 4198 278
1375 17 43
423 263 271
330 85 89
1102 1426 57
2195 5293 274
266 1251 12
751 878 73
1678 568 333
6 1367 303
145 85 89
244 1326 108
447 4848 110
819 1983 307
805 1310 466
308 1733 71
1903 439 285
618 27 307
1360 1489 2
1141 1671 206
2079 448 333
1640 787 201
946 483 72
859 176 104
1567 1817 72
270 901 42
159 418 307
1244 3659 374
2116 358 279
51 1146 33
1180 1096 396
1420 98 70
1099 3777 353
1806 2023 180
148 1754 73
1383 1278 144
700 579 222
332 2323 75
1146 1091 73
910 2017 25
1608 2347 73
1017 4947 70
2210 344 137
852 2774 72
1949 15 386
436 4007 310
795 1103 92
946 3508 137
1055 447 181
939 576 63
1486 298 71
270 2377 56
569 489 72
808 3728 73
2062 570 12
1317 1006 286
215 929 55
1193 3321 117
1018 412 200
1272 331 56
413 1914 232
754 318 234
496 447 181
2236 359 56
931 3327 192
1534 1060 457
339 3427 278
1171 5033 43
762 866 73
1405 5434 363
373 659 303
808 4419 44
1005 439 285
723 2400 55
1299 2059 206
792 3860 139
1923 800 246
1101 3886 57
1533 252 363
562 1042 310
648 3745 285
1686 4136 83
1167 362 71
110 1978 87
713 2524 42
161 77 91
599 2155 188
997 4237 333
1223 1472 29
196 922 77
264 3157 97
1861 1227 318
1298 3016 112
547 3909 31
695 277 316
661 568 333
423 2075 72
1556 1254 285
770 448 333
298 2416 57
2112 4844 57
377 1940 10
136 4815 188
468 1443 89
1220 2037 333
2071 162 38
1220 1249 72
583 3494 12
1163 295 341
647 1719 12
1391 4790 363
2305 1362 73
430 1700 171
1648 1015 355
1343 1380 473
983 4072 450
317 1413 44
1017 70 113
1237 1894 241
1391 417 92
73 98 70
808 5464 333
388 4264 70
2249 216 276
297 655 89
609 439 285
974 525 71
151 121 89
1624 5490 72
1334 2063 42
225 972 43
1761 4679 258
1441 478 86
2191 1817 72
888 2138 72
370 282 57
647 330 190
483 436 303
622 2606 197
1300 68 71
255 130 418
299 2628 57
377 2086 55
707 3254 71
909 1273 107
67 277 316
597 576 63
785 2628 57
953 72 71
421 27 307
1068 2985 114
1607 4173 57
1053 4710 285
1022 4067 56
1774 1831 40
540 2317 47
93 1851 41
1336 3898 213
1082 2374 421
831 1984 271
525 3009 57
1195 125 258
1202 2440 397
1024 3692 278
377 1055 89
2302 5496 96
313 2479 89
467 1593 285
487 1552 72
1901 246 55
1137 5296 40
743 68 71
1345 4482 268
388 853 13
1170 648 44
186 4051 172
718 4348 57
1745 3970 403
2084 5263 71
140 3504 71
580 145 56
596 3427 278
208 1056 386
219 1687 72
1220 448 333
453 782 44
1679 29 12
460 304 219
777 3003 56
1200 72 71
66 205 70
753 1908 70
736 327 43
790 3656 260
2191 9 475
551 29 12
770 4725 457
1323 2574 303
590 178 97
784 2309 47
1903 400 325
508 237 71
2165 3223 205
822 4392 303
2127 2158 89
1696 3285 354
1008 1277 44
1160 412 200
778 477 89
1645 3869 71
1102 1642 73
668 575 63
1404 318 234
1017 196 89
1195 2352 258
2195 114 72
969 124 105
451 2873 33
2176 783 252
1732 4060 278
1593 3971 338
1981 2657 12
108 3007 24
1132 4399 104
1499 15 386
490 1146 33
1578 1124 72
1009 183 115
623 2065 73
900 2710 71
240 3960 33
1228 76 89
1784 400 325
902 3184 1
1395 2381 94
1419 3200 181
456 70 113
2225 4645 107
1751 2997 42
1493 6 160
1853 568 333
1085 1624 57
1172 498 190
959 136 73
1779 4104 172
1146 2441 138
319 2099 43
790 56 382
59 2046 56
1319 2565 28
888 2328 107
1206 397 137
1228 4250 307
685 956 41
1067 3619 82
70 4411 303
478 1141 25
1272 525 71
90 98 70
1326 1515 89
1070 4917 72
18 1879 78
1140 4501 160
1043 5493 270
939 2729 111
319 2316 64
143 2086 55
1150 5073 57
1154 322 190
889 3944 104
1354 1 463
540 839 57
368 2559 91
1154 40 72
916 4336 30
1566 767 78
597 4426 214
819 99 70
145 2361 104
565 754 42
1427 3203 190
1405 1004 303
97 1071 12
225 379 209
173 4978 71
413 1810 84
846 3944 104
75 410 190
1720 198 54
2218 72 71
267 1154 97
432 3567 89
1111 529 252
59 720 54
71 373 303
267 1263 73
647 518 363
136 2813 72
1146 513 357
970 2912 89
1198 3821 285
409 1874 43
515 1070 70
54 4395 43
1212 1046 206
974 921 77
1022 539 55
888 252 363
1276 2108 377
1132 15 386
1125 3442 318
69 211 361
1157 4431 76
720 4198 278
1281 5508 43
968 4019 89
970 2262 88
864 178 97
824 1615 38
104 575 63
1435 2420 404
497 606 9
360 1841 89
1397 543 172
765 5120 47
286 1309 457
423 1258 73
814 1664 56
1469 85 89
1227 569 71
2192 397 137
292 2411 43
1753 470 35
451 649 57
484 4194 278
1765 498 190
1218 619 72
1854 5270 206
1418 1914 232
1410 5229 73
691 5097 453
1834 710 89
140 453 89
707 2092 307
871 568 333
648 728 113
295 575 63
1624 693 436
836 3427 278
961 298 71
793 1894 241
141 3401 274
174 1638 415
89 256 285
616 1046 206
1690 4290 318
1648 1409 135
1493 1246 75
1170 114 72
1310 4698 451
618 76 89
163 608 43
280 1551 72
1265 1146 33
1102 2824 56
141 1846 163
1516 801 187
457 2145 284
879 628 174
620 214 333
1498 245 95
8 164 111
396 131 194
92 221 89
345 295 341
1138 277 316
753 176 104
90 492 12
50 202 56
1160 464 92
900 4432 97
238 561 107
513 1642 73
1024 1896 56
753 1410 12
1260 4807 316
497 118 44
1891 4083 71
1281 379 209
2279 313 421
1139 382 39
246 3420 25
934 3427 278
1562 1297 72
452 931 406
713 777 71
891 3107 138
408 4270 24
765 998 70
130 766 78
1523 3173 453
1395 937 361
1553 3199 31
170 1124 72
1272 733 213
638 1285 3
88 36 44
430 4399 104
1444 761 57
486 1046 206
595 101 307
1514 2912 89
900 2607 12
742 967 91
1992 211 361
905 4426 214
452 1180 271
1493 18 268
379 758 115
1088 1060 457
1407 3508 137
1903 693 436
1211 358 279
360 1504 71
1602 5078 271
1595 4073 159
1216 3306 107
550 3734 109
840 1417 72
1763 5214 275
2027 82 34
1236 174 54
618 4594 34
1336 2803 40
1178 83 13
1151 252 363
1017 2 75
370 138 79
831 3490 72
1170 3904 293
1185 263 271
746 2000 303
1085 4264 70
702 148 453
1062 2361 104
549 1648 239
1367 2145 284
326 114 72
1355 1837 72
1742 4323 12
618 903 62
930 720 54
1173 440 10
788 525 71
127 5327 457
2218 802 107
1405 211 361
2223 2666 226
25 2311 56
2105 3420 25
659 2709 206
775 633 271
362 1765 107
1102 145 56
1218 1450 75
657 447 181
976 728 113
1137 777 71
469 4723 278
1506 227 103
1472 82 34
272 1691 70
1512 2129 89
1110 5336 190
1281 2361 104
995 3996 31
406 121 89
6 1548 185
2195 591 89
45 4909 12
1221 3493 71
2231 35 56
1790 1696 89
1755 5064 57
87 208 32
699 1999 12
67 4876 295
132 4007 310
113 1802 34
154 1277 44
1697 1536 56
39 608 43
111 1470 42
589 87 24
1009 620 73
269 2345 57
643 3733 199
258 27 307
1923 447 181
1544 4657 44
1561 3223 205
381 915 57
571 469 295
1078 643 364
702 2393 453
467 753 56
694 3322 143
1278 1249 72
373 1612 15
1501 405 33
1316 728 113
1309 379 209
786 2906 72
54 2699 89
2086 1310 466
1459 500 44
874 1446 82
1326 1373 71
799 3281 70
149 788 363
115 268 55
1004 205 70
991 1999 12
1147 169 54
1607 289 56
269 32 56
1380 915 57
1743 2059 206
1086 361 333
1645 3254 71
989 4220 71
805 3153 70
52 1071 12
235 1140 337
1047 604 55
984 498 190
74 1863 12
1355 145 56
1844 722 89
731 3608 107
417 5505 73
1009 116 42
327 97 71
1176 1938 24
1159 1570 233
1568 821 71
58 1359 71
613 3621 34
623 1060 457
248 605 137
396 439 285
1576 97 71
1569 591 89
1154 1585 56
451 101 307
157 820 40
155 2839 91
753 4593 333
166 1778 56
747 821 71
1014 839 57
1631 1192 92
1980 4863 325
1076 1912 117
466 1785 318
396 1975 78
1000 38 143
497 3541 185
482 767 78
136 70 113
1011 124 105
1326 1277 44
643 136 73
1699 5409 78
173 2779 32
2198 148 453
1925 4830 412
1576 5089 285
396 2026 307
2225 316 32
668 2901 444
1588 262 318
370 4427 406
1014 5221 163
1140 1909 42
1777 5470 72
990 770 313
843 148 453
753 983 57
959 3902 70
1279 3889 105
1187 85 89
1866 767 78
16 35 56
1308 2217 276
124 2287 71
490 2074 10
207 3698 57
1064 4034 285
795 4176 10
358 1554 34
228 983 57
1314 379 209
1767 17 43
1405 1414 32
1025 3719 453
1096 4422 57
1617 3575 12
707 3526 260
636 2131 98
878 124 105
527 483 72
483 98 70
1917 6 160
1312 4789 49
1066 351 89
930 349 90
1291 1968 318
626 3493 71
1395 3508 137
1024 2301 57
653 29 12
1717 2645 32
675 101 307
1152 1919 310
1963 474 229
1790 659 303
1395 314 119
246 2297 79
1326 253 89
1824 400 325
973 1766 71
989 1778 56
1796 4052 271
34 1352 57
2061 470 35
212 4300 56
714 3419 221
1365 29 12
526 2245 57
1151 710 89
648 2502 263
609 2895 444
1395 892 54
2285 498 190
286 724 89
825 101 307
1131 316 32
945 3205 98
1138 1502 157
1229 779 143
1055 4284 32
635 205 70
193 316 32
1954 347 40
1723 440 10
538 3310 453
672 858 12
1138 4671 278
1142 313 421
675 214 333
943 76 89
1639 2249 73
412 1262 117
44 1949 335
468 1900 71
373 2992 206
731 133 57
1350 101 307
1222 1334 47
198 1902 333
1539 4513 387
2188 2698 136
657 828 276
1215 400 325
1417 4938 172
1639 664 363
417 436 303
355 1506 33
1753 988 137
67 772 89
585 489 72
1008 387 201
1222 4445 465
1043 1 463
1012 1717 71
2247 1908 70
1268 865 303
92 1342 89
477 2006 160
1041 205 70
133 3729 10
1053 493 15
2186 5581 307
1279 5530 404
296 98 70
1056 1226 457
389 484 206
127 136 73
1525 733 213
1185 1815 34
1410 2827 74
1325 3666 276
413 841 40
397 479 71
1565 2310 71
504 1201 72
593 4640 94
347 4889 114
1154 655 89
989 2788 24
67 138 79
56 400 325
1450 4548 33
467 2969 55
1069 580 66
1406 1862 159
102 1501 71
1307 29 12
1145 1622 73
155 1206 32
1322 97 71
430 1336 48
615 606 9
1816 588 70
2037 1646 89
1546 1035 70
1413 3712 375
155 838 423
1228 1690 57
789 121 89
1138 3830 299
2102 490 159
370 3376 276
97 2986 172
2195 3916 83
34 1251 12
1886 4707 209
1189 2647 276
509 114 72
82 5468 303
1643 225 111
766 1812 12
226 3079 42
638 5406 97
1839 3946 34
2126 778 454
873 2633 364
133 1277 44
396 97 71
58 24 44
363 903 62
434 1825 44
64 2867 70
288 2400 55
192 2892 43
823 4683 83
521 211 361
2209 2561 206
1141 4303 57
1000 4194 278
775 1248 206
2269 2 75
441 45 276
1053 807 108
1036 2938 359
2225 3082 404
604 4531 70
553 292 363
2137 4375 453
454 2688 71
2299 1334 47
361 1070 70
184 498 190
1848 457 87
998 76 89
553 419 286
982 4945 12
553 483 72
965 2062 24
1438 4651 353
489 2440 397
1568 3735 56
1429 1544 33
1960 1202 271
807 140 253
1107 88 276
484 3266 307
351 470 35
1156 1815 34
663 358 279
257 73 72
699 1880 97
1443 4537 31
632 2965 107
1811 76 89
39 91 81
668 873 73
279 1292 4
1287 1331 457
461 4739 213
487 2273 43
92 153 71
1316 659 303
1352 313 421
501 5062 65
179 2742 72
832 216 276
116 3267 89
1410 1283 5
1034 1978 87
934 4887 457
1388 380 70
167 857 57
907 136 73
636 2409 10
643 101 307
1288 2972 303
1143 435 73
1460 2767 104
815 534 43
956 1256 303
1096 383 86
2182 216 276
1951 5322 137
1686 2116 89
1321 701 72
264 1312 458
55 3405 337
1149 489 72
1546 5220 71
114 1720 24
1248 974 92
1925 3341 392
617 379 209
1159 1721 422
1470 2074 10
82 3091 72
1618 2337 473
647 647 303
640 772 89
1797 1156 33
450 29 12
861 97 71
1925 4382 97
1616 97 71
497 3701 328
382 316 32
866 98 70
341 5335 94
85 1155 44
46 1254 285
1981 76 89
1227 2666 226
1213 436 303
575 1625 297
1228 2309 47
273 812 22
936 1696 89
687 1012 72
203 648 44
1925 4100 161
1182 1070 70
1612 4027 89
422 71 72
1572 148 453
1384 840 386
2103 4198 278
1247 1965 57
683 3442 318
417 1539 71
709 27 307
1500 436 303
85 3625 6
1018 1226 457
889 4871 89
373 565 91
131 72 71
1482 3427 278
381 1046 206
484 2775 56
903 15 386
540 29 12
1442 88 276
709 873 73
513 4145 24
836 1997 71
1282 235 32
1568 947 33
172 1680 412
998 2977 295
1635 5326 333
931 2349 258
254 5077 97
1548 211 361
874 1262 117
304 1374 363
1834 4419 44
1843 1537 47
724 1194 116
46 352 33
1181 1297 72
851 1380 473
160 205 70
747 2152 215
693 753 56
256 896 56
1299 1436 34
1022 619 72
132 960 57
1495 5483 139
779 1549 43
446 3395 71
1645 3610 276
408 1768 48
2117 749 43
1078 439 285
1227 154 26
75 3636 72
749 4083 71
1379 4664 457
1419 1805 368
2051 722 89
1938 4403 71
240 431 43
1272 2369 71
203 4427 406
969 1083 67
1541 1386 33
1103 2996 444
694 1666 303
1159 4887 457
1068 2420 404
1039 397 137
766 246 55
317 534 43
1781 757 404
1153 5056 370
1221 3089 232
490 3000 32
1615 1007 285
909 2699 89
1222 3349 43
1091 4190 184
9 281 73
530 193 43
2120 1563 25
1328 462 71
1069 216 276
1026 2353 85
1238 27 307
242 2159 390
691 400 325
10 3988 73
969 4724 93
1095 829 43
483 2252 21
1456 202 56
133 711 89
2225 339 106
1107 960 57
1272 211 361
441 2795 453
127 844 40
282 1894 241
542 2157 410
1175 754 42
750 3942 185
463 314 119
109 4771 56
1045 2740 32
198 214 333
1988 2895 444
904 1900 71
1233 568 333
487 2720 24
1548 159 457
227 874 73
52 381 43
360 3086 10
1760 18 268
1158 4329 12
387 1570 233
498 3240 38
1011 4604 83
362 245 95
1440 1772 213
90 2456 24
989 3585 104
1431 802 107
615 1945 172
1951 1295 374
707 398 89
1912 2302 32
1497 396 185
46 1804 12
1809 1101 239
647 191 44
1333 4531 70
996 4073 159
38 1725 42
1213 5094 140
1021 2042 318
513 5051 27
2023 6 160
633 737 386
750 3541 185
945 903 62
146 1297 72
1854 4423 291
169 844 40
836 2201 55
609 2528 449
1488 3806 396
1633 2834 55
1311 4686 70
795 245 95
808 364 276
70 2435 28
2040 3343 71
983 3928 137
41 188 232
510 3082 404
432 2814 467
565 5105 24
168 3067 73
893 498 190
790 3672 303
565 3427 278
195 1554 34
106 579 222
614 891 137
864 92 38
814 4441 19
807 114 72
2310 2309 47
1462 928 12
1272 5427 260
1774 560 33
68 2622 40
1107 566 21
1728 4759 200
566 3394 54
350 1310 466
2106 756 57
435 767 78
543 4338 89
809 162 38
205 461 25
673 530 12
871 3428 56
2115 836 312
1362 1631 71
95 2 75
658 3356 56
158 1734 54
617 4030 57
1020 4323 12
258 3853 71
1805 3009 57
1146 4742 213
467 4168 413
1244 2198 10
1371 3448 44
2221 122 33
566 1938 24
1532 359 56
272 860 172
736 621 12
131 174 54
1733 1235 89
668 32 56
305 821 71
1588 701 72
969 1035 70
1580 2189 91
731 5051 27
1231 1712 71
1634 1975 78
1222 486 107
1403 1210 307
466 3690 468
787 2956 71
1131 3449 296
404 1914 232
250 3293 355
1533 25 79
1066 3613 89
257 286 318
256 1213 143
218 400 325
108 2790 359
146 612 113
286 4698 451
319 1780 34
983 937 361
157 1451 75
509 2712 73
225 29 12
1652 4906 104
834 4743 392
1026 403 25
170 2119 57
907 1879 78
2204 2733 276
1384 4200 347
159 693 436
1464 4532 348
1256 2450 71
1235 218 206
1467 5219 118
1991 3673 303
766 42 276
1268 21 2
978 1200 71
798 1471 73
864 162 38
1631 1063 457
375 5204 73
130 608 43
454 1712 71
996 1262 117
1102 4082 56
1365 486 107
1811 125 258
1139 2618 453
807 3254 71
1116 4431 76
1413 3759 71
1134 733 213
286 2393 453
158 145 56
1326 1360 71
492 27 307
1639 21 2
2305 1183 206
1966 5405 89
1678 1548 185
1140 2481 91
707 53 363
893 253 89
1357 400 325
1541 2979 89
807 1548 185
396 315 32
777 202 56
60 4371 10
392 2909 190
398 2477 71
1628 1695 72
92 285 307
1202 4839 71
1187 4844 57
6 316 32
779 2456 24
393 3357 185
513 2904 43
2247 440 10
1202 3176 468
1789 58 147
512 1712 71
1300 1534 73
1541 4653 383
1873 4809 454
2295 568 333
1848 3717 43
1395 864 260
158 1251 12
1854 1496 246
854 91 81
266 211 361
1147 562 40
1221 246 55
561 4299 42
1623 5453 386
1397 2956 71
161 3113 72
537 470 35
513 3126 246
298 1759 442
34 3472 33
607 76 89
841 805 70
617 3427 278
1812 2326 159
1070 4238 278
1314 572 48
450 1902 333
358 4056 57
237 484 206
1008 527 71
1481 647 303
1657 100 89
945 856 149
860 621 12
1407 1906 32
1870 1731 57
792 70 113
230 4037 73
647 1593 285
436 826 43
1042 914 353
1212 1985 12
1989 439 285
631 4419 44
67 118 44
580 2860 56
1760 114 72
333 2141 303
790 108 71
1425 3023 89
1411 3538 453
468 517 359
132 2245 57
383 1479 97
1169 289 56
161 2116 89
1079 4374 465
799 5140 386
1751 118 44
2208 68 71
1302 3932 34
1140 1200 71
387 3339 9
808 1087 92
1398 289 56
251 892 54
1 1103 92
699 3921 57
2026 844 40
498 437 284
790 3336 10
364 18 268
301 447 181
466 555 71
39 891 137
52 3386 89
1216 2564 182
630 281 73
1144 1614 40
351 1247 57
1141 906 370
1448 2108 377
1174 3382 73
2254 568 333
1155 3991 90
1740 506 215
580 439 285
798 1772 213
78 3655 33
1631 1376 463
620 1046 206
947 5330 285
1944 400 325
1335 113 71
481 2039 91
861 2713 70
1142 1755 72
1318 228 72
1311 4285 172
789 4381 24
529 4241 12
1640 1710 409
324 4587 57
654 2870 185
96 1046 206
306 4780 72
936 792 231
1122 821 71
375 6 160
870 1984 271
2137 2298 158
1792 4868 206
1199 483 72
512 656 285
1143 190 42
200 1685 57
1183 1712 71
266 412 200
976 1451 75
594 1547 185
1455 761 57
71 5129 72
1797 355 72
1829 280 120
1348 486 107
311 1509 310
799 1652 12
326 377 54
936 1545 246
1251 3521 33
1344 4509 57
830 4233 47
425 1906 32
922 136 73
435 2849 202
52 1809 71
2114 360 57
1658 857 57
1335 748 44
1171 4906 104
432 3563 444
240 483 72
597 2239 205
115 2157 410
205 2069 57
886 590 89
605 753 56
1237 227 103
953 748 44
1888 1292 4
1154 152 70
2106 4559 70
898 1155 44
517 787 201
851 4255 453
114 2409 10
691 379 209
1435 136 73
249 715 32
1269 3156 453
1860 355 72
841 1696 89
1970 4928 163
1027 1232 206
199 73 72
40 2262 88
1178 3970 403
948 27 307
1065 4111 405
266 3529 363
1693 1983 307
333 1210 307
1097 2716 10
1133 1213 143
1563 1619 40
1082 728 113
396 29 12
1053 1712 71
2197 1705 374
1516 1613 213
1850 1615 38
778 4507 71
2165 32 56
1244 440 10
1714 562 40
211 68 71
2110 289 56
846 659 303
1202 831 117
554 27 307
250 205 70
1201 767 78
436 1605 54
1035 4037 73
731 1110 348
1534 1712 71
301 4 71
1022 2273 43
1820 1146 33
1871 1620 307
270 5104 75
565 1317 89
401 855 71
1207 2811 206
871 4702 71
635 334 12
995 1046 206
170 2117 44
1769 4619 105
1420 3946 34
414 277 316
1720 570 12
1011 5216 103
60 181 453
992 3427 278
643 3919 71
2260 3901 98
2209 1437 172
1519 396 185
1398 2623 276
396 1748 307
1951 159 457
989 4844 57
1500 1260 260
435 2761 303
1322 68 71
1795 3616 57
2077 1877 56
106 583 278
583 1221 338
881 1254 285
1152 4541 348
169 1227 318
51 4969 44
107 2599 24
814 793 44
1414 1138 29
1297 470 35
605 772 89
71 1739 57
1022 136 73
834 5530 404
782 1306 186
436 892 54
2046 1869 89
1541 5152 25
501 2675 254
25 3660 137
414 1353 71
191 1724 32
731 307 43
1245 1731 57
220 313 421
644 113 71
1676 255 285
1405 1155 44
1138 1096 396
1160 470 35
814 983 57
771 136 73
1180 939 89
773 2026 307
257 415 359
403 2790 359
226 527 71
1194 440 10
1077 322 190
1150 4865 190
787 220 268
2067 4827 72
1699 647 303
1279 4234 278
1035 4442 132
581 32 56
141 755 73
391 250 89
489 1352 57
2043 1284 6
1383 125 258
517 844 40
671 3826 285
2009 466 55
644 589 89
648 1705 374
719 906 370
900 4780 72
1188 1653 84
1483 1839 24
1563 2653 89
1576 1092 43
1281 4669 370
1611 2527 316
1577 715 32
2196 3576 12
490 2262 88
1501 3625 6
1503 698 333
2048 216 276
317 3078 51
634 80 33
417 937 361
835 2543 246
1035 1029 11
1702 76 89
1437 5024 295
846 400 325
336 1859 437
2062 3774 70
585 277 316
187 448 333
841 1785 318
1470 791 71
1654 4011 368
1435 3059 158
587 3556 12
587 617 41
388 1639 172
610 4163 75
1777 1407 71
554 515 41
292 2308 96
1235 183 115
848 1019 375
2275 1155 44
29 2041 71
282 2 75
5 1520 89
417 593 42
1903 174 54
750 196 89
396 2636 73
617 473 285
1561 889 57
373 4753 12
647 4687 444
1998 1353 71
607 928 12
724 32 56
2061 710 89
1328 764 143
306 5162 300
913 440 10
369 2593 12
360 1908 70
1155 86 88
12 40 72
367 2121 43
1200 1494 206
1363 196 89
1257 4901 399
1270 827 89
306 558 111
2192 139 404
2021 1214 365
335 4021 279
44 97 71
115 1797 50
451 1251 12
431 543 172
1125 2351 366
2185 3461 457
62 1012 72
645 148 453
333 2466 363
594 4370 272
1324 1115 121
92 509 190
1153 3694 73
1209 2088 271
452 1675 325
1300 192 57
1552 211 361
587 2345 57
615 1736 25
1645 3550 113
780 2637 307
648 4574 43
1181 619 72
172 3538 453
256 2676 34
1156 360 57
1036 1342 89
991 895 38
1628 3240 38
111 464 92
141 469 295
1709 462 71
819 2144 258
2185 819 447
746 3533 63
181 1446 82
1774 400 325
1457 305 159
1753 136 73
169 71 72
1512 4642 163
1270 5045 10
186 1190 307
1143 3277 99
516 1916 206
513 1446 82
71 1007 285
1686 1494 206
1587 1226 457
2210 126 304
438 485 72
293 3089 232
672 27 307
1488 4057 70
436 5458 107
328 1278 144
2315 68 71
633 1096 396
731 556 3
1030 472 100
841 68 71
631 412 200
3 319 57
714 188 232
62 621 12
907 2959 89
851 298 71
1206 3451 65
808 2294 326
699 1545 246
2088 5219 118
769 393 71
1472 2882 71
22 85 89
59 121 89
1625 482 70
1278 4621 473
599 4408 56
1125 2657 12
361 255 285
93 1908 70
1067 1631 71
922 2898 70
610 298 71
115 5430 155
568 1713 73
1194 2561 206
1954 1249 72
1150 3295 258
610 1451 75
580 1551 72
1440 4742 213
565 3951 70
1052 1644 206
969 4174 404
1050 784 57
1140 4059 71
1562 5 73
1492 1154 97
593 3149 56
1609 3704 267
619 958 44
619 477 89
931 3608 107
1574 3313 87
129 527 71
1379 3942 185
225 1099 449
1284 4760 278
2237 1512 405
1249 174 54
1842 318 234
1367 439 285
1984 538 172
807 3493 71
547 1692 73
1310 1046 206
84 219 71
2223 579 222
1499 101 307
792 78 315
1507 3277 99
986 1844 71
1 821 71
1427 3033 295
1925 159 457
719 37 138
1746 439 285
857 4198 278
26 2070 57
1681 4278 32
931 498 190
205 76 89
1087 4051 172
629 492 12
846 181 453
36 72 71
351 633 271
242 2286 34
1000 2551 57
1136 396 185
1784 2204 24
812 4565 282
1848 564 91
789 1940 10
1269 1331 457
1024 4799 32
173 933 77
1705 881 452
790 2404 56
127 468 78
1283 27 307
1443 3548 117
1580 791 71
1340 627 232
376 3295 258
2127 2167 57
1384 1359 71
141 1021 341
1728 681 303
762 171 12
543 253 89
1123 305 159
888 659 303
1817 1275 142
1168 5124 333
453 891 137
2034 1223 185
180 533 42
567 3069 285
525 392 89
100 231 72
2087 415 359
1328 1914 232
506 417 92
46 515 41
91 179 49
2128 1334 47
286 136 73
58 761 57
154 27 307
696 2912 89
689 447 181
979 2701 137
525 249 12
840 114 72
1774 4054 163
858 821 71
1411 1 463
925 1037 24
2110 647 303
1488 864 260
225 1100 54
542 1713 73
2045 454 56
561 1508 316
1516 101 307
486 68 71
1178 2057 53
1607 3034 457
2094 3457 258
1565 761 57
1302 1170 56
71 3553 113
969 440 10
1030 3431 262
524 767 78
1691 1343 318
585 1969 89
1991 68 71
169 1979 89
969 761 57
945 4336 30
496 1331 457
483 4887 457
40 211 361
1658 3935 57
1340 2142 258
1486 1624 57
34 3607 442
478 1258 73
1171 114 72
438 533 42
536 2478 120
1380 510 404
1299 1504 71
907 5121 258
989 2102 104
825 1179 63
41 1848 44
1351 2544 190
1590 1226 457
1098 1903 55
15 1768 48
828 4437 75
1493 2240 240
1013 1317 89
695 4637 70
486 139 404
1311 640 12
511 3292 207
1019 2781 73
291 647 303
814 851 84
1021 205 70
626 570 12
413 1204 459
336 1213 143
647 893 71
1339 3278 449
1141 97 71
279 1186 378
503 313 421
1655 660 284
192 5506 118
1574 1842 70
2186 3498 32
328 787 201
1178 186 137
78 429 453
1658 1666 303
1366 114 72
1095 137 135
2212 4653 383
621 5149 294
784 3678 47
1039 5085 367
1652 4490 104
261 1158 32
368 153 71
1855 1157 10
1221 4 71
195 800 246
1526 2921 185
1616 435 73
396 721 89
471 3958 33
955 485 72
2159 4368 71
457 982 56
683 417 92
1201 4 71
507 675 285
273 448 333
1139 291 380
580 3080 56
1335 2990 71
958 659 303
142 1819 359
1340 65 173
1587 1073 434
387 2189 91
257 616 271
798 3346 78
687 633 271
1945 4731 358
600 4453 73
1493 1805 368
1319 2974 71
1571 621 12
449 99 70
686 316 32
1744 2560 89
317 3859 56
711 229 43
307 2426 236
1248 5151 42
831 782 44
1283 123 139
613 1130 87
403 255 285
1151 164 111
1209 32 56
526 440 10
387 3460 163
1925 2631 393
327 2989 267
2160 1249 72
207 340 56
176 3037 285
879 777 71
259 5555 73
213 331 56
1526 27 307
648 519 71
1441 336 33
2101 2364 237
817 25 79
1492 656 285
1969 1817 72
1055 3405 337
1307 159 457
273 396 185
753 777 71
513 1537 47
1138 2013 73
626 3039 56
60 418 307
1979 564 91
299 4 71
689 1043 70
425 386 32
45 165 12
569 1533 172
161 1480 314
1568 1037 24
1328 568 333
1003 764 143
1151 2379 457
1190 72 71
1187 1331 457
1350 862 285
209 579 222
235 2057 53
1325 3878 295
945 1937 307
688 2283 152
1543 1238 72
1131 1044 17
1418 29 12
45 92 38
1835 256 285
1459 659 303
2110 68 71
1212 205 70
1468 1301 238
353 5051 27
354 5066 278
99 983 57
13 522 42
269 368 56
1383 4997 57
1243 1297 72
1631 1058 457
1289 2681 32
387 439 285
615 4359 285
698 4935 246
2109 505 57
1672 3461 457
315 1018 375
1444 703 120
1401 202 56
1450 1613 213
457 3346 78
831 4803 33
1090 3706 89
784 576 63
1135 3831 370
677 498 190
1247 5378 210
129 902 43
267 274 42
1787 619 72
1580 251 71
989 55 56
60 3706 89
81 1386 33
713 177 12
1343 114 72
549 974 92
1153 363 71
179 186 137
467 2100 113
50 101 307
3 561 107
1524 1587 285
1343 1712 71
478 1406 70
209 4729 256
228 1119 89
1345 779 143
1413 4184 61
1236 873 73
871 5054 41
587 1285 3
46 1006 286
1653 139 404
1022 2426 236
1611 277 316
731 3509 89
1066 2039 91
832 313 421
1334 29 12
1307 1422 56
572 68 71
779 4266 75
1501 68 71
822 4166 172
291 27 307
1672 1712 71
1391 101 307
311 82 34
1195 439 285
1913 3488 89
525 1856 54
1017 359 56
297 68 71
1806 717 236
93 1045 57
824 2512 297
108 2431 97
490 1163 118
1787 767 78
749 1295 374
2190 2913 308
1700 1396 426
135 61 129
618 469 295
1200 4967 268
261 1233 57
67 205 70
1301 379 209
1036 2041 71
1828 2420 404
2056 448 333
1532 211 361
1547 733 213
278 1074 71
1104 25 79
1169 1260 260
1436 5040 318
975 3896 92
1131 2800 285
969 594 112
1723 4004 34
764 1220 213
1162 3041 103
1862 4512 444
1310 840 386
1143 1274 167
1615 678 259
1451 2347 73
792 164 111
970 839 57
427 272 56
648 1017 375
301 4249 43
1717 3003 56
1053 3427 278
1206 1039 161
1187 4531 70
1957 45 276
1134 932 75
2059 159 457
2203 1258 73
934 5417 231
31 186 137
517 2764 89
1530 2561 206
1008 781 453
1848 1034 54
1062 4033 386
2248 199 56
691 1073 434
1916 439 285
97 530 12
2002 95 56
790 1315 303
114 697 57
1375 56 382
674 5423 71
643 5404 307
1193 256 285
1183 2112 325
138 1678 386
1269 1600 333
1567 98 70
248 98 70
1579 396 185
713 1233 57
1791 1399 107
656 4318 84
2194 181 453
1336 4028 38
1181 4684 205
736 3061 32
773 1324 316
1765 2547 346
2304 319 57
1561 2229 370
699 2532 89
1538 1726 91
1816 2699 89
528 4268 246
1160 5070 284
1067 4707 209
1690 1249 72
1848 3804 57
1555 1309 457
1026 1087 92
689 1914 232
2209 2525 123
1274 252 363
14 1598 70
1421 436 303
1188 3488 89
54 612 113
1134 1405 73
335 710 89
1059 501 44
329 307 43
600 289 56
1615 274 42
517 728 113
507 3138 72
554 2276 359
1615 1200 71
1813 181 453
814 82 34
407 2628 57
1120 3944 104
1104 781 453
899 2207 33
273 3922 57
1372 1312 458
617 1258 73
897 1576 42
34 1106 452
1349 1817 72
333 135 307
1523 111 43
74 802 107
192 2414 201
1230 937 361
614 316 32
581 1624 57
1472 2047 56
1 2161 9
354 608 43
1470 2180 325
647 251 71
1225 589 89
949 3033 295
1055 4198 278
161 594 112
846 1004 303
969 210 56
1429 3194 24
792 228 72
832 498 190
113 614 113
395 1451 75
742 1631 71
1278 76 89
1525 5078 271
888 2239 205
1064 3624 172
74 4254 79
1596 1804 12
1021 136 73
236 525 71
1701 3125 307
161 400 325
414 1076 415
2131 159 457
1047 3022 42
1024 2912 89
749 4181 89
1 940 42
1445 2752 34
831 4203 73
1053 3022 42
1498 631 167
22 594 112
358 186 137
1966 5454 260
1405 139 404
454 3193 89
1648 1041 370
467 2753 33
1035 2779 32
1450 61 129
810 400 325
1248 4165 71
1132 101 307
174 159 457
861 3427 278
387 614 113
1064 4009 465
1856 37 138
789 1953 32
2184 1574 285
1154 209 32
1221 1037 24
388 1451 75
264 227 103
689 1487 89
950 201 162
2204 363 71
1442 3369 190
663 1828 24
1189 97 71
1644 1055 89
1736 501 44
287 500 44
1612 2792 333
742 2804 12
1345 2989 267
1122 4627 12
753 306 72
848 5504 295
400 1115 121
1923 2776 187
1458 2710 71
1883 27 307
787 1078 390
195 136 73
427 525 71
790 675 285
1744 449 453
622 1538 285
2226 2994 270
45 219 71
1175 5311 259
1608 159 457
2002 362 71
1283 844 40
1638 2256 468
571 787 201
668 39 143
1473 114 72
1024 202 56
81 4452 93
186 2170 359
51 3981 89
2284 933 77
1648 440 10
1329 753 56
1685 5097 453
246 1712 71
1362 2955 370
413 705 384
1439 1046 206
41 4326 57
1728 245 95
1357 2800 285
870 400 325
74 870 43
1049 2252 21
263 3096 81
747 198 54
1221 2745 71
700 3351 302
1511 3320 73
1302 3703 49
186 1221 338
1225 3325 301
199 68 71
1070 136 73
1349 2736 44
1487 481 190
1234 3882 304
46 5039 42
180 2967 73
683 820 40
187 4371 10
677 304 219
389 2613 206
1383 27 307
1181 3402 206
1278 27 307
1699 371 73
299 2194 44
1588 4255 453
712 2530 55
168 1908 70
980 1250 12
1569 304 219
530 371 73
1018 318 234
1885 3169 260
1487 17 43
489 1348 44
1383 1080 96
86 2508 71
1292 2978 209
1299 97 71
40 2079 43
948 1199 56
464 3022 42
172 3086 10
517 430 43
955 5427 260
1154 515 41
610 409 72
420 2361 104
75 1420 159
1689 1908 70
1901 2722 101
317 2739 32
1586 177 12
67 1551 72
549 485 72
685 899 79
459 1597 303
1460 3898 213
1395 101 307
1038 498 190
370 1921 425
1104 1963 71
2250 4837 184
447 1175 415
242 183 115
25 84 190
874 4027 89
40 4188 107
1419 415 359
349 661 72
1350 781 453
2107 4743 392
2218 4671 278
597 1234 107
222 777 71
1019 1046 206
358 728 113
1188 2834 55
1368 363 71
551 1424 43
2261 2668 281
1536 761 57
1750 769 107
270 2904 43
1796 2943 118
2193 568 333
674 1036 32
1089 1712 71
592 319 57
770 498 190
1276 287 307
548 1234 107
1022 4394 78
382 3465 67
626 5061 72
1000 5309 78
1584 4541 348
31 1983 307
2116 129 359
10 11 276
1455 3860 139
589 312 42
894 2570 193
1364 1743 70
1172 72 71
955 633 271
408 3464 24
124 289 56
2051 162 38
1159 192 57
543 1969 89
2197 785 73
1966 1937 307
1189 159 457
510 422 143
1923 1410 12
1278 417 92
668 1843 70
2060 5238 34
1271 701 72
1009 380 70
2213 181 453
1058 4707 209
373 903 62
1850 892 54
2027 2758 44
1747 587 87
428 3374 56
967 1745 78
604 3594 89
834 97 71
1422 447 181
488 557 325
1220 469 295
67 40 72
1692 655 89
1147 1615 38
846 2620 333
707 316 32
394 114 72
379 1212 178
1705 2895 444
573 72 71
52 256 285
1326 1817 72
1149 27 307
1278 3359 284
1137 706 276
490 667 24
1091 4611 185
1210 136 73
1270 1467 43
390 1624 57
640 3329 12
1353 1192 92
423 447 181
1501 1175 415
1268 2729 111
136 481 190
498 4003 9
700 687 9
360 97 71
635 401 159
370 2613 206
1806 174 54
1119 2589 11
228 3086 10
1046 25 79
161 99 70
1219 179 49
329 2277 65
1405 4269 364
370 643 364
2217 388 402
2176 2456 24
565 269 54
536 386 32
516 1867 84
1 3898 213
2086 361 333
324 4634 71
1847 2629 19
975 159 457
258 2460 46
1793 2628 57
360 1530 271
1384 160 12
1225 216 276
317 1427 43
301 777 71
1866 5502 73
1978 5203 24
1608 97 71
1566 364 276
1031 1682 206
53 1392 105
288 3207 95
875 3046 159
1203 92 38
1530 1794 419
157 4936 406
220 1046 206
1096 4782 23
1401 76 89
511 1508 316
2216 4997 57
1277 1720 24
1245 88 276
2225 4014 54
124 988 137
427 1755 72
647 3894 105
651 3752 305
1068 3391 274
486 2273 43
1068 851 84
265 614 113
1206 2590 271
1860 2286 34
1084 225 111
233 373 303
1320 1265 55
1221 204 71
1511 1714 354
1171 472 100
1586 3026 409
834 4190 184
20 46 97
762 539 55
1076 188 232
57 272 56
245 3763 307
1216 2416 57
1281 915 57
1339 5237 455
2103 591 89
432 2817 57
1248 418 307
1312 2956 71
1210 379 209
549 3749 426
34 318 234
999 211 361
1229 25 79
1365 5147 131
720 1994 231
1171 415 359
713 1304 78
108 1109 89
865 70 113
1728 2390 89
288 1319 25
1065 3109 75
559 619 72
1013 2642 307
1344 3217 72
1187 1885 265
106 2093 89
939 767 78
1513 134 201
1351 2156 31
656 659 303
396 2268 71
961 814 446
1129 1227 318
187 839 57
1421 400 325
1482 4909 12
1035 26 109
923 498 190
1589 5470 72
360 5213 468
1514 1923 421
543 311 125
1468 342 24
691 447 181
387 3726 58
1104 555 71
807 621 12
1104 728 113
969 733 213
900 4042 71
787 1842 70
71 389 415
1395 400 325
1576 563 44
961 2669 26
753 4229 57
617 1754 73
1212 3982 56
388 759 333
617 2975 405
1151 1126 274
1213 447 181
291 419 286
131 99 70
1326 1439 34
1783 543 172
2184 515 41
570 469 295
358 501 44
679 587 87
445 840 386
1276 117 307
540 3586 89
1055 2913 308
673 1275 142
1503 4633 274
928 619 72
390 181 453
1182 3154 41
106 3601 71
1073 1353 71
39 2254 468
483 2474 71
1467 2492 114
657 216 276
945 5392 32
286 1058 457
973 2328 107
1085 221 89
2023 647 303
136 29 12
108 439 285
39 1464 89
516 2501 206
1797 467 107
1236 433 12
1043 5309 78
387 1587 285
2274 4048 67
1311 1538 285
593 1774 57
85 1629 234
714 481 190
1514 1712 71
571 2648 471
466 317 89
1658 3122 465
550 377 54
1317 4378 172
543 470 35
986 52 307
183 119 22
217 519 71
353 1598 70
473 439 285
1053 1999 12
195 2764 89
585 698 333
1170 4558 57
635 289 56
1736 3153 70
1093 68 71
647 252 363
802 734 89
922 840 386
764 657 185
1199 3878 295
1137 2896 363
447 1253 73
467 396 185
744 1115 121
388 1664 56
1812 4735 47
1343 543 172
2059 1226 457
947 485 72
1109 5531 292
531 1175 415
1011 577 105
1591 3960 33
790 192 57
279 764 143
432 1598 70
42 1536 56
1338 4124 403
1537 15 386
1228 769 107
349 25 79
1423 481 190
1432 32 56
1818 787 201
903 1839 24
161 1584 88
1578 777 71
1283 1195 89
1183 500 44
1410 829 43
1407 5026 103
493 4749 324
26 29 12
513 978 57
762 4320 292
2015 1887 73
882 2040 88
1834 2874 88
256 4509 57
1009 216 276
1180 4004 34
1212 3048 191
10 207 316
1316 3361 363
396 1210 307
230 454 56
153 3312 100
235 3105 70
805 2446 89
1469 1501 71
565 300 57
1071 1524 271
691 3310 453
821 245 95
283 101 307
979 677 78
1143 3166 396
68 1901 285
1256 4491 71
191 689 56
1532 1174 145
1441 9 475
256 1135 230
1129 5068 278
538 2528 449
2254 2895 444
1630 3156 453
627 1710 409
192 936 113
91 379 209
814 1414 32
46 1708 68
1973 604 55
1248 82 34
202 1025 420
479 2240 240
117 1260 260
1644 1046 206
899 1270 55
1050 1502 157
271 2831 56
231 3101 54
633 1803 42
1437 4198 278
417 3937 56
874 2345 57
642 3041 103
931 1277 44
674 3016 112
2140 1569 386
1395 98 70
527 912 181
1353 2277 65
225 5058 208
986 3189 457
1928 2878 285
395 3303 71
681 358 279
1222 573 47
893 4030 57
1222 733 213
332 1364 60
198 435 73
1237 3160 206
1466 636 107
451 522 42
2176 45 276
452 2059 206
2315 1342 89
1270 1227 318
2253 4535 369
44 476 57
1371 2645 32
1633 635 271
279 2382 12
1689 3560 24
1816 525 71
316 591 89
29 1113 89
466 1119 89
1249 568 333
2002 766 78
341 2666 226
523 2633 364
1231 4529 55
384 2592 75
1020 2199 6
997 4932 209
1514 1410 12
532 1119 89
799 1380 473
483 1138 29
1384 88 276
77 4034 285
1813 448 333
1413 2867 70
871 831 117
1206 45 276
1725 1118 33
2193 3427 278
389 4533 409
180 4707 209
543 831 117
1626 1295 374
531 960 57
2289 97 71
1282 4882 104
2247 35 56
556 689 56
899 5497 137
463 3560 24
1251 1072 38
496 272 56
770 440 10
2232 435 73
851 396 185
790 145 56
939 568 333
427 593 42
135 2564 182
699 952 70
317 2287 71
181 3185 206
38 2692 150
526 1031 260
2045 2421 273
451 2214 71
899 3073 73
732 685 40
423 72 71
64 2510 370
861 647 303
683 4446 40
1673 361 333
1169 72 71
791 5400 89
252 1204 459
907 1859 437
1245 750 70
947 3882 304
807 821 71
2265 323 89
280 1375 44
151 799 89
953 3325 301
945 418 307
1234 386 32
441 2753 33
1654 736 386
94 4997 57
507 4038 73
1051 1712 71
599 3566 89
6 1555 299
921 440 10
28 102 221
792 202 56
1376 1576 42
2293 5468 303
1289 3500 303
581 1014 35
967 162 38
1078 423 285
1317 1079 43
1144 289 56
1346 2194 44
145 1064 73
451 1085 57
814 118 44
435 472 100
1144 1295 374
297 2998 24
676 3253 78
1860 3939 89
1235 447 181
13 777 71
1250 1011 87
1738 2986 172
1819 16 43
52 1534 73
2216 756 57
323 1424 43
1103 4913 457
1307 930 227
457 1262 117
1652 903 62
354 1200 71
194 380 70
1410 4103 33
912 4680 44
2067 3343 71
361 2904 43
1 947 33
1470 2595 10
1410 4186 43
376 2420 404
1413 4264 70
762 2321 71
668 380 70
431 1146 33
1846 151 331
2069 1430 55
127 4844 57
1151 1074 71
1448 1110 348
861 1996 57
741 2460 46
707 205 70
967 3645 137
1295 1919 310
388 4217 396
934 568 333
618 4082 56
365 82 34
691 1 463
715 3974 474
647 1671 206
1878 4983 258
810 3734 109
90 2297 79
1595 159 457
175 3639 71
1311 767 78
476 101 307
1125 1070 70
2256 176 104
2221 5238 34
1570 252 363
341 130 418
374 4329 12
635 436 303
257 1238 72
1735 1894 241
1866 878 73
1760 3427 278
2211 1936 72
714 3835 190
52 483 72
170 261 12
599 139 404
10 568 333
55 3501 89
1973 4836 300
934 777 71
2187 299 364
630 3054 24
1235 400 325
311 4147 56
1340 380 70
1877 586 12
1187 2459 71
114 3853 71
888 289 56
543 4559 70
587 571 72
1360 4008 89
565 2935 32
1036 486 107
289 2951 192
844 1046 206
841 2899 72
311 3023 89
25 1607 73
1530 775 468
114 545 162
2041 693 436
1292 413 386
1595 1226 457
1026 525 71
1732 4383 225
1052 808 24
314 5137 333
1333 159 457
1738 2575 118
1146 1548 185
2004 2772 32
1026 2115 56
167 470 35
172 1493 241
1547 3041 103
440 1246 75
42 2480 10
624 1451 75
713 4173 57
1311 652 333
1321 4461 364
1282 5404 307
1692 3765 73
891 1060 457
969 5418 454
1111 4836 300
606 4587 57
1039 4473 295
1713 3859 56
1547 3840 35
1237 447 181
409 2433 137
560 242 33
1222 3021 70
111 2981 210
1572 5165 316
681 4198 278
1160 1414 32
438 3060 57
565 3886 57
979 627 232
1290 451 89
740 585 89
957 1966 10
2017 1297 72
1237 1490 268
734 5286 262
886 1583 73
549 2059 206
172 1600 333
1263 29 12
195 590 89
1245 1830 56
1079 2077 465
989 1196 71
1126 5053 359
635 1346 89
1458 94 276
1378 2361 104
1317 3729 10
1245 400 325
805 2713 70
2204 2722 101
1966 2481 91
78 710 89
558 1 463
707 833 307
687 216 276
1738 2926 12
1197 1625 297
1318 2099 43
225 1206 32
642 1442 152
2126 1019 375
1364 4932 209
658 2368 79
1299 2367 206
409 1450 75
848 844 40
1459 2003 209
1138 3427 278
430 227 103
490 1297 72
1455 2756 285
1247 2825 15
770 29 12
412 217 71
1393 5280 67
1435 821 71
556 472 100
699 4266 75
52 4122 278
847 142 57
441 761 57
843 1308 482
559 4665 92
1169 5424 213
2054 748 44
1372 833 307
1567 543 172
41 4499 45
22 1331 457
747 5114 33
1272 324 38
1571 608 43
1253 94 276
1967 2340 303
436 2 75
2172 13 467
463 1539 71
860 3018 70
2215 27 307
850 68 71
836 76 89
654 3176 468
1085 1768 48
1804 4917 72
186 3288 404
81 5193 92
2224 4075 199
792 4029 44
2171 501 44
363 400 325
571 439 285
1784 117 307
779 3334 43
1302 4150 210
2133 2198 10
1384 1164 208
668 2876 453
381 1612 15
1337 1661 139
256 1216 89
1323 25 79
629 380 70
1367 2142 258
382 1817 72
186 3802 113
483 1185 392
1167 3272 64
1797 228 72
709 728 113
969 1297 72
298 484 206
1140 2998 24
1230 4107 71
967 3063 57
1396 3003 56
324 3427 278
749 436 303
648 764 143
779 489 72
617 3174 214
2204 3296 333
1143 76 89
1174 5140 386
319 2194 44
1136 114 72
90 2600 31
758 3381 89
13 24 44
617 4086 56
1652 2399 52
97 493 15
433 691 57
1169 3034 457
1229 1197 89
225 4396 71
1270 3371 430
808 715 32
1171 5050 12
1076 840 386
1235 2804 12
585 4368 71
588 2030 86
417 393 71
876 3427 278
2259 2059 206
1982 4887 457
1245 3582 206
622 72 71
1034 121 89
1345 633 271
1323 358 279
130 1258 73
1526 1548 185
617 139 404
1435 3710 338
359 3818 42
566 1780 34
389 800 246
396 1674 326
1534 2536 444
379 2409 10
1274 5327 457
1302 17 43
1384 903 62
907 4309 139
1206 5556 252
1488 2198 10
1009 761 57
747 164 111
1216 640 12
1374 1262 117
335 4152 278
794 4175 260
1859 439 285
139 2048 217
2217 722 89
1410 4984 52
1577 4428 246
1205 4857 285
1464 98 70
1709 2973 72
1759 2266 412
1270 1625 297
1187 756 57
193 1029 11
834 176 104
339 305 159
108 139 404
1581 1594 42
1860 2799 303
749 214 333
587 379 209
1477 4411 303
719 68 71
1603 435 73
880 216 276
97 525 71
159 4610 56
1141 4590 82
1283 1221 338
543 2137 176
374 1451 75
594 1046 206
130 1175 415
473 3143 72
1096 3671 71
847 3015 97
86 2861 107
1985 439 285
315 1357 78
1143 787 201
360 1422 56
1211 519 71
28 105 6
1332 3538 453
1300 1249 72
100 604 55
195 648 44
1565 892 54
1358 4736 285
195 2564 182
4 2037 333
860 482 70
566 4341 42
553 1748 307
1097 570 12
1283 620 73
731 568 333
1501 101 307
1240 136 73
1188 1739 57
1103 4511 406
731 314 119
1800 2028 72
1035 277 316
1193 3656 260
1358 1713 73
712 4347 63
918 1885 265
108 29 12
1984 1887 73
535 2752 34
212 701 72
920 844 40
1638 4283 276
166 462 71
1516 5489 73
365 1561 57
662 440 10
945 4789 49
1075 989 137
2079 3538 453
648 339 106
857 205 70
1699 485 72
286 3796 458
1488 3973 285
1938 5168 71
795 1558 72
16 32 56
611 440 10
31 1752 453
124 4061 70
1472 3505 71
1557 1677 386
765 291 380
1260 3602 295
1083 1310 466
1287 3607 442
541 1841 89
1842 2176 11
332 3435 177
1608 363 71
566 4 71
1890 484 206
689 3420 25
417 417 92
306 3249 337
38 606 9
987 1634 96
847 2206 78
2216 2141 303
863 529 252
2121 436 303
1421 764 143
1699 2692 150
149 2392 207
1664 4972 466
1825 437 284
674 937 361
1069 1218 185
1841 114 72
97 659 303
1457 1739 57
819 2141 303
222 1898 43
1841 568 333
1111 891 137
966 840 386
1350 518 363
549 5160 71
961 2059 206
257 1968 318
997 3427 278
1431 27 307
955 664 363
1156 209 32
531 176 104
10 1231 276
893 785 73
673 205 70
368 1720 24
536 1114 457
2231 1712 71
2126 4487 375
204 772 89
1172 330 190
656 1672 72
1530 3625 6
1013 2802 54
117 659 303
436 600 33
721 439 285
415 604 55
1059 301 56
489 462 71
1057 1135 230
14 1064 73
1521 415 359
1288 418 307
1147 1408 54
213 2230 25
63 1712 71
1477 4026 364
731 1199 56
1568 1146 33
565 1105 57
683 1389 276
1441 400 325
127 1242 414
633 300 57
186 1117 190
475 879 57
412 1011 87
1326 2637 307
1223 1204 459
25 483 72
1523 1822 464
1410 162 38
244 2628 57
467 2024 355
395 4005 44
1039 5088 82
1039 2303 453
747 1755 72
2002 182 72
1798 439 285
1940 245 95
1353 221 89
1787 2373 288
1206 1503 72
348 4888 24
1244 4470 10
1664 1 463
186 953 70
447 137 135
375 1642 73
1837 4145 24
140 1410 12
549 1950 100
1026 1032 43
155 1800 56
1926 272 56
779 3200 181
1139 342 24
108 2329 100
1598 4639 208
417 3493 71
1435 3326 404
115 1096 396
1601 3062 12
52 2724 71
246 25 79
856 37 138
1153 1136 303
1159 289 56
1308 2492 114
812 2151 264
225 141 72
539 748 44
1198 1132 72
1256 568 333
1443 267 89
848 2756 285
1022 1966 10
604 2705 89
1629 4696 405
916 68 71
1698 1298 307
497 6 160
1807 1194 116
896 577 105
147 779 143
1546 3632 89
577 2374 421
1409 1331 457
939 3130 97
973 1414 32
327 5058 208
217 3379 42
1081 470 35
1521 1020 405
565 2062 24
989 525 71
409 211 361
2250 4726 185
467 289 56
423 1886 328
1440 3596 185
134 1686 56
173 754 42
2004 3830 299
575 3428 56
567 2755 303
990 3094 44
513 3430 57
970 3097 70
1219 724 89
604 2799 303
792 1014 35
1335 5090 57
598 485 72
1247 2245 57
88 5109 56
289 612 113
2153 245 95
714 72 71
71 1368 285
1270 4510 284
1482 216 276
1802 2439 177
1567 1213 143
1815 4813 75
1644 1155 44
195 33 32
587 289 56
565 271 89
900 1930 404
940 136 73
1628 1114 457
97 787 201
1176 560 33
955 2751 213
683 101 307
106 137 135
955 509 190
1463 550 77
953 235 32
1159 1326 108
617 3370 43
1315 498 190
1182 2201 55
1970 1780 34
1353 772 89
1323 761 57
419 4408 56
486 2030 86
553 472 100
362 3149 56
961 903 62
838 1675 325
290 1050 136
2027 4429 31
1037 2309 47
583 412 200
68 1142 120
1495 2640 57
1763 4229 57
151 2262 88
272 5075 32
506 4064 13
360 2199 6
2184 538 172
58 277 316
483 991 33
1154 2459 71
1420 45 276
668 1937 307
1017 3185 206
1433 4289 332
1 915 57
1147 2444 12
1960 1046 206
159 1029 11
1033 1778 56
228 2199 6
66 593 42
1720 21 2
133 1839 24
1923 85 89
1221 27 307
228 100 89
541 697 57
92 139 404
881 2800 285
819 2719 72
2056 884 57
1269 781 453
1245 4670 57
1850 29 12
277 98 70
1535 444 72
1307 2902 453
1234 1291 303
430 98 70
1842 5535 44
1214 76 89
289 71 72
1669 4565 282
1061 71 72
463 2682 78
1308 4487 375
575 1609 10
460 2149 137
173 826 43
367 3016 112
1420 5 73
280 501 44
1049 1531 71
1897 4622 333
1181 1216 89
1751 5342 10
127 3538 453
195 498 190
341 2765 56
635 176 104
127 5213 468
347 761 57
144 2062 24
2051 736 386
1242 98 70
1692 4607 268
1395 2194 44
396 1493 241
1328 4674 72
266 27 307
1986 3349 43
1819 2513 358
734 3560 24
286 258 71
450 181 453
1641 3894 105
1860 4511 406
40 932 75
623 3593 260
227 114 72
389 753 56
2067 4489 451
374 621 12
150 4421 285
546 501 44
1931 2374 421
2158 267 89
140 1158 32
614 621 12
1410 1034 54
1384 838 423
1536 2810 263
543 713 87
1394 5079 190
979 1817 72
496 33 32
854 1249 72
1609 1146 33
387 1096 396
2216 1226 457
814 605 137
1806 3022 42
203 4844 57
22 4723 278
1575 3835 190
1734 1647 238
18 342 24
830 29 12
2247 3076 24
557 29 12
1355 568 333
335 1929 404
872 2568 32
1218 2143 258
220 2535 137
1186 590 89
1565 4399 104
267 1256 303
878 1966 10
242 245 95
287 864 260
1492 1764 303
721 4030 57
1495 412 200
2176 440 10
1669 1046 206
705 1046 206
437 1844 71
1387 3655 33
2307 136 73
599 2718 218
1486 1249 72
67 365 457
979 2670 287
1664 1676 73
1832 1434 32
1329 1517 32
2165 68 71
565 3128 468
2073 826 43
2058 412 200
965 2345 57
2255 3249 337
517 856 149
1738 1091 73
2080 4198 278
520 311 125
637 5542 34
327 696 370
857 136 73
1486 472 100
1501 1707 86
1395 970 52
1701 2077 465
377 2127 71
240 2813 72
934 591 89
969 4274 71
2032 5037 303
569 424 89
1371 2361 104
517 3789 201
1742 4756 40
1202 1094 73
1419 3427 278
2218 3254 71
1020 371 73
656 3163 233
518 3875 54
319 311 125
1131 1464 89
1328 1719 12
205 121 89
1292 2222 88
2029 3370 43
1248 647 303
1047 1999 12
804 458 74
35 710 89
1032 541 97
1141 29 12
1141 361 333
563 4411 303
415 505 57
1979 379 209
1219 4281 89
111 5028 44
116 498 190
552 2010 73
2131 211 361
525 280 120
989 1788 12
145 728 113
351 1046 206
1585 904 12
952 3941 139
273 2634 88
755 4419 44
31 2913 308
1236 1836 73
1096 3040 42
404 393 71
389 693 436
432 1400 89
1700 995 285
543 3003 56
21 65 173
1278 659 303
1581 4702 71
1395 688 89
1862 1179 63
2210 101 307
509 2628 57
1545 2106 276
951 205 70
904 3829 206
64 1183 206
736 591 89
1185 3701 328
1644 1916 206
691 1132 72
1986 902 43
1751 229 43
2120 748 44
1734 3337 192
1360 1894 241
996 1207 72
1218 518 363
566 585 89
779 633 271
1906 5019 89
1292 1575 270
1269 3386 89
1151 439 285
1966 2123 71
2051 3639 71
895 776 195
124 1416 89
1744 1297 72
479 1249 72
114 2337 473
254 2906 72
270 2494 12
525 2891 117
409 988 137
305 588 70
2048 2610 21
1999 1200 71
522 4256 43
1054 1758 434
315 2558 33
207 3005 88
2072 400 325
1855 4198 278
1210 209 32
1402 2143 258
814 619 72
814 440 10
1921 4210 258
483 1133 56
1618 181 453
1752 524 71
1374 1211 94
1466 2247 73
1608 359 56
939 1827 43
466 3045 41
810 3201 72
928 4072 450
383 1466 143
2015 1519 71
677 97 71
406 2676 34
980 757 404
103 566 21
19 82 34
257 1228 185
412 619 72
1796 1765 107
245 419 286
1644 5247 71
1337 3146 115
779 3355 70
1564 903 62
443 1010 71
989 361 333
1140 2214 71
1787 211 361
1139 148 453
1274 3034 457
605 99 70
846 1937 307
301 1297 72
186 3427 278
869 1846 163
604 3175 19
631 2160 75
1313 85 89
1066 95 56
44 3442 318
887 1712 71
1044 255 285
2162 3211 196
457 2456 24
1022 1297 72
19 42 276
1300 4987 43
805 1353 71
1648 2007 57
2204 1654 354
1084 4429 31
482 457 87
851 76 89
94 29 12
671 1901 285
265 3160 206
583 4061 70
209 1712 71
2077 742 71
362 98 70
1483 5315 261
390 772 89
777 1479 97
397 617 41
1022 997 57
1498 3425 56
900 2831 56
753 1998 56
1443 1745 78
341 37 138
587 1251 12
1979 3034 457
1372 1060 457
384 3013 57
668 38 143
950 1202 271
688 447 181
258 5304 103
1125 1702 78
876 440 10
814 557 325
387 2688 71
1925 388 402
498 3458 333
2224 76 89
2049 576 63
1581 2707 97
955 162 38
379 25 79
1055 1572 206
66 327 43
195 2687 38
1532 440 10
1159 2240 240
116 1200 71
851 3074 73
2236 2502 263
229 4452 93
1270 2456 24
539 483 72
780 2603 172
114 2006 160
119 2047 56
505 1259 71
1197 1046 206
1572 2365 213
777 305 159
1037 97 71
819 98 70
1202 5022 73
1063 174 54
1137 29 12
2186 1155 44
386 1426 57
1137 1954 314
92 815 251
1185 314 119
1283 1249 72
511 3003 56
1839 761 57
1228 761 57
430 174 54
1707 2034 10
593 2775 56
1270 3795 177
1159 1563 25
809 380 70
1925 2466 363
114 2322 57
1341 2477 71
165 1938 24
1189 291 380
1071 440 10
798 1912 117
2008 136 73
1963 500 44
108 259 307
298 162 38
635 3376 276
1311 621 12
692 2460 46
303 3449 296
1297 4503 32
1186 85 89
1005 4785 89
627 178 97
691 124 105
1360 1284 6
1139 531 15
1463 1199 56
351 2234 401
779 6 160
953 5535 44
2189 847 291
838 3575 12
1266 305 159
1107 29 12
280 777 71
953 4641 300
423 97 71
34 136 73
864 454 56
671 76 89
414 895 38
1130 202 56
969 4067 56
1951 5350 40
1274 3538 453
1172 289 56
989 566 21
267 659 303
1581 777 71
1122 2636 73
807 707 29
149 144 72
887 3927 71
1302 1196 71
1274 3461 457
72 4565 282
985 2416 57
1747 101 307
1502 3587 56
637 202 56
355 1508 316
97 367 12
675 1619 40
668 1637 201
846 915 57
180 200 109
444 4269 364
731 577 105
448 2937 364
974 252 363
217 2286 34
888 2300 71
732 481 190
923 1615 38
1624 3692 278
364 2548 295
891 2819 457
991 209 32
228 2435 28
1406 2263 86
835 1282 24
904 158 276
191 2217 276
805 4355 32
529 1624 57
425 644 383
2006 4303 57
616 3065 387
151 482 70
1233 97 71
233 2070 57
343 2782 246
778 324 38
67 76 89
115 982 56
790 3684 57
33 2841 55
589 3076 24
1295 159 457
559 2254 468
1608 2615 366
1180 440 10
1479 4121 278
2206 3129 293
173 3683 33
306 621 12
1734 4399 104
425 5411 55
1144 983 57
1723 5262 285
489 3680 72
1804 4519 72
1343 2140 32
1577 4951 89
1222 76 89
1070 267 89
530 777 71
490 2199 6
245 2190 303
1021 901 42
588 2385 72
1979 85 89
1067 1477 92
1576 230 70
1051 2956 71
148 3373 261
3 958 44
67 4243 185
194 324 38
218 2408 5
1982 4489 451
1061 2658 78
1414 2521 85
1696 1728 72
1439 4266 75
1587 1488 139
51 673 120
1723 2574 303
647 2618 453
1341 447 181
696 1573 12
640 831 117
567 74 424
797 4190 184
160 1206 32
75 1876 89
518 3083 232
160 2732 375
504 2729 111
478 4186 43
507 3172 247
1848 306 72
192 2614 34
172 2121 43
1153 656 285
1771 3427 278
698 205 70
67 761 57
305 570 12
816 4189 70
1180 701 72
1601 1146 33
1283 435 73
1740 1671 206
1228 162 38
1367 2878 285
683 5036 278
158 165 12
795 1835 72
2095 2520 404
2097 252 363
184 322 190
1561 3691 206
489 4403 71
1537 906 370
92 5594 338
213 964 374
412 439 285
685 1046 206
607 2536 444
625 902 43
231 557 325
2102 3625 6
1278 1272 43
1697 5055 172
537 2836 72
1144 728 113
1293 3616 57
1017 3910 57
1067 3409 12
162 3107 138
656 2839 91
1821 728 113
1577 88 276
653 1999 12
296 839 57
541 861 369
1565 1249 72
945 4381 24
1681 724 89
1217 4844 57
1358 3413 363
822 4857 285
403 139 404
1132 82 34
1168 2528 449
1219 4027 89
895 4255 453
1657 4675 33
26 2214 71
1145 5384 44
961 1112 73
541 4693 209
174 3003 56
390 192 57
145 1827 43
811 3806 396
360 3492 88
1799 698 333
1472 1060 457
946 3183 12
10 3986 21
1050 2923 185
175 69 71
647 4523 44
1139 1305 445
26 96 252
1516 4399 104
605 751 295
1749 1177 89
2259 2439 177
299 229 43
1085 3775 89
577 105 6
617 85 89
347 4554 43
2155 887 305
749 2395 276
1255 3427 278
848 121 89
74 3199 31
907 318 234
140 2050 89
525 168 60
387 1846 163
1850 565 91
989 331 56
1267 88 276
436 391 89
1055 2845 271
45 636 107
279 136 73
158 1439 34
644 1337 87
108 196 89
1206 3125 307
1474 1063 457
1000 3006 449
248 454 56
1210 101 307
1470 4906 104
629 3010 86
504 1531 71
1155 1362 73
763 3427 278
1068 462 71
492 3026 409
2218 5487 405
537 525 71
991 4042 71
469 380 70
1362 4130 73
838 1280 23
2189 1651 89
1155 4227 89
415 2650 56
181 2861 107
1322 2141 303
2029 569 71
838 430 43
416 440 10
640 1817 72
868 211 361
1188 1322 55
583 1760 12
2209 2456 24
1583 777 71
447 2259 89
533 17 43
1346 477 89
1963 360 57
604 4567 285
777 219 71
290 930 227
136 724 89
1269 2795 453
1309 2956 71
288 222 182
391 618 72
587 1170 56
194 2682 78
40 416 71
362 2701 137
1405 285 307
866 472 100
410 2199 6
1786 1249 72
333 3882 304
1299 1352 57
91 145 56
2002 984 71
331 92 38
1324 5162 300
548 436 303
2218 753 56
185 102 221
1696 124 105
2071 367 12
513 1726 91
1462 15 386
1742 25 79
1355 380 70
1223 3531 285
2248 76 89
565 676 118
2016 5344 93
377 400 325
1908 3625 6
542 3006 449
432 231 72
737 619 72
303 472 100
433 71 72
49 3127 57
235 139 404
824 159 457
1523 291 380
517 27 307
1588 3274 333
1292 1811 206
1302 327 43
489 608 43
992 439 285
399 101 307
1411 2620 333
1295 447 181
1120 3223 205
617 277 316
1889 68 71
538 5422 457
22 68 71
1589 4198 278
52 628 174
1093 97 71
1455 4468 278
2185 842 57
1376 5008 71
490 516 41
1925 2801 10
1311 3807 57
436 2165 33
106 731 89
515 3089 232
216 4358 230
999 538 172
25 54 33
1451 2654 89
391 4740 10
1966 3021 70
2253 498 190
597 2406 65
362 1317 89
1143 1821 43
288 447 181
1395 1950 100
1733 104 86
1326 53 363
1807 412 200
91 121 89
770 76 89
1976 29 12
1110 2189 91
1026 278 354
1112 501 44
235 3427 278
434 2245 57
160 2358 427
1475 486 107
355 2956 71
2094 139 404
1805 396 185
1107 1143 295
1314 755 73
689 440 10
1144 1619 40
473 4136 83
1286 4842 73
945 400 325
1271 4556 73
600 744 361
44 277 316
1134 3687 187
1407 342 24
286 393 71
1271 996 303
161 304 219
1237 635 271
1407 621 12
886 628 174
338 3864 48
1494 139 404
1830 1064 73
1169 5076 370
1232 68 71
1206 1083 67
225 1102 29
1760 179 49
1743 379 209
396 1380 473
625 596 164
2184 1000 89
543 2922 185
992 2300 71
1431 3689 89
1099 1076 415
1678 1231 276
563 470 35
2219 216 276
1159 180 78
1020 2494 12
1805 4568 89
1802 1046 206
886 440 10
895 203 316
542 1843 70
1577 902 43
300 5185 394
1396 1756 72
876 640 12
1187 3822 414
1082 1817 72
1005 2637 307
41 1691 70
303 633 271
948 214 333
1826 740 386
1577 1194 116
261 1237 66
388 5201 358
907 145 56
675 655 89
424 452 73
1104 3289 34
753 756 57
93 515 41
273 318 234
1228 5283 84
862 3895 105
1645 4915 56
270 1267 103
747 289 56
292 400 325
718 448 333
707 52 307
1284 2013 73
791 4042 71
1790 2444 12
778 1695 72
135 3427 278
38 5592 139
1274 4550 412
1742 139 404
1479 4884 276
1282 1778 56
1362 2752 34
2137 2941 404
327 1526 137
1923 4974 241
317 2965 107
598 1835 72
1728 306 72
2179 935 70
129 430 43
343 4288 278
1821 663 70
179 2249 73
1856 1082 375
490 933 77
364 1175 415
1269 448 333
259 748 44
1146 830 118
1058 230 70
783 2 75
747 1206 32
1372 5241 457
482 2267 89
1881 27 307
273 4058 25
2190 216 276
181 1349 206
1799 1277 44
1502 3593 260
110 400 325
1407 327 43
1152 4297 271
759 304 219
226 85 89
77 3531 285
2246 3010 86
1312 2804 12
1147 2259 89
145 1572 206
1708 278 354
584 386 32
483 1736 25
2120 4179 386
961 27 307
1705 735 453
10 612 113
633 2590 271
1363 2607 12
780 3912 260
1859 568 333
1713 1046 206
994 5043 238
386 4004 34
367 3885 43
1515 1712 71
1711 101 307
330 457 87
1472 655 89
407 2313 33
2027 99 70
980 3088 404
1720 1494 206
140 4019 89
145 3955 205
1625 4396 71
721 1226 457
331 2865 104
494 1963 71
316 2079 43
585 4155 43
1292 2590 271
779 975 71
31 1533 172
389 4556 73
2202 114 72
317 3465 67
1087 439 285
762 4416 88
1189 211 361
489 1594 42
141 1034 54
1233 2628 57
115 3695 88
726 983 57
744 1146 33
2170 211 361
1044 3956 285
1368 3006 449
1612 1146 33
614 1766 71
1176 4674 72
335 4384 278
436 2222 88
1405 3726 58
59 318 234
40 138 79
861 2289 89
2092 4004 34
349 1 463
1154 1384 71
1360 2309 47
1202 148 453
537 33 32
660 568 333
1624 412 200
596 3530 254
1296 2244 468
2291 1331 457
1516 272 56
2216 32 56
569 4368 71
515 76 89
1299 5502 73
554 1459 364
2184 299 364
205 98 70
1940 1963 71
30 1737 93
283 2738 29
1845 4635 57
79 1254 285
1228 623 57
1141 2767 104
2093 2799 303
791 4003 9
51 2693 431
1154 1217 338
497 85 89
736 485 72
184 2471 71
668 298 71
259 3143 72
783 3670 71
452 1157 10
1008 2619 73
538 148 453
273 33 32
692 3301 340
1407 977 73
1151 101 307
791 318 234
1155 729 88
97 4087 5
197 501 44
257 1020 405
1268 659 303
332 1251 12
1797 754 42
1384 4011 368
2270 840 386
412 1798 25
1679 216 276
1245 697 57
1278 2481 91
905 4723 278
187 3045 41
709 755 73
617 1680 412
1138 3543 185
1328 4727 297
1247 2557 457
2015 29 12
317 892 54
955 3753 89
617 3442 318
1009 342 24
63 238 55
383 1620 307
1226 655 89
1724 3272 64
341 1752 453
1187 1297 72
297 3094 44
498 2851 78
1338 3427 278
1455 318 234
1735 2239 205
2250 796 107
1845 1451 75
1150 4398 364
464 3005 88
1219 4462 185
4 358 279
1569 4657 44
173 2734 89
2192 4743 392
969 851 84
2176 238 55
1425 3011 143
1314 2238 66
803 2105 185
1282 484 206
1420 289 56
35 151 331
743 4187 57
89 915 57
1017 32 56
1137 181 453
1500 318 234
1577 2889 341
1155 2469 120
1567 659 303
212 1226 457
1817 2804 12
1066 536 42
150 621 12
513 3324 154
1172 331 56
814 68 71
317 1405 73
1307 735 453
1138 164 111
236 60 200
1570 3977 363
1176 1908 70
1051 448 333
1141 4528 213
1615 1830 56
747 4055 42
610 538 172
1878 314 119
1458 448 333
1268 118 44
587 15 386
713 282 57
779 327 43
412 367 12
1245 590 89
244 744 361
1672 3034 457
1768 1737 93
1419 5246 359
895 568 333
1013 2686 72
1052 543 172
1607 1788 12
513 3898 213
1460 1359 71
1644 5576 42
910 3174 214
1667 2811 206
288 4067 56
24 4559 70
449 838 423
831 4227 89
256 256 285
422 844 40
571 38 143
1292 1918 434
1385 4525 307
861 272 56
700 629 275
605 1103 92
1413 777 71
720 2103 424
165 1358 89
1442 72 71
272 902 43
1630 4655 137
623 3983 412
781 232 11
663 3914 142
2275 979 78
174 3730 44
186 483 72
1058 1179 63
395 5068 278
187 5182 42
1266 1017 375
989 145 56
414 2726 358
2284 974 92
319 3271 377
1306 4528 213
1516 396 185
323 1425 30
423 1331 457
1381 289 56
26 1721 422
1008 594 112
871 4436 43
1736 101 307
181 3160 206
912 772 89
931 1084 10
455 306 72
1220 759 333
327 4909 12
1644 3765 73
742 5488 97
1170 756 57
374 29 12
106 33 32
393 4470 10
358 2979 89
1845 2124 354
1463 5099 169
1039 2647 276
1375 2537 375
163 1249 72
1274 2958 370
799 779 143
1153 1593 285
1507 1135 230
642 739 454
1146 4246 278
770 1076 415
2312 1177 89
261 1071 12
2036 633 271
989 63 71
1990 420 190
1272 1087 92
1375 4744 190
1563 1709 384
846 61 129
542 787 201
1069 2648 471
1966 76 89
436 2317 47
661 3395 71
598 891 137
1457 400 325
920 2675 254
930 145 56
1752 304 219
297 295 341
1578 3569 97
1683 5020 56
636 1467 43
1790 5425 139
725 3689 89
762 670 78
832 1167 206
415 552 57
2264 457 87
193 2908 89
611 684 57
685 1062 468
1145 400 325
103 569 71
148 2427 56
306 1408 54
1586 4444 95
209 1262 117
42 1561 57
435 2855 57
216 753 56
1615 5037 303
1397 619 72
635 246 55
972 568 333
1524 235 32
1166 4903 132
161 3260 57
1862 5469 453
248 396 185
326 1190 307
617 821 71
1326 4368 71
865 3910 57
341 2255 453
798 4067 56
964 3702 71
919 781 453
762 1398 247
1070 3425 56
1557 5549 386
1316 142 57
1431 1919 310
1403 447 181
1601 164 111
1855 2360 237
563 566 21
918 1493 241
1931 1372 33
188 1646 89
2088 647 303
52 1531 71
821 1712 71
1795 1854 79
370 68 71
1828 82 34
1735 3435 177
706 174 54
163 1712 71
272 588 70
462 528 89
1543 72 71
244 604 55
383 2193 78
1396 272 56
1318 1422 56
1279 3894 105
791 4795 32
1228 174 54
246 1286 71
392 3814 426
108 400 325
864 5558 44
333 4003 9
1499 1029 11
871 2279 79
1443 606 9
35 1755 72
1302 234 82
1760 3732 278
389 1811 206
2261 3939 89
1628 1331 457
2009 1735 41
922 1046 206
1355 4513 387
205 1436 34
1226 955 31
2277 4216 278
34 2778 6
308 1969 89
1206 577 105
1451 1254 285
228 71 72
1197 2498 366
86 585 89
867 2144 258
272 1197 89
790 927 285
1233 3427 278
1807 656 285
1123 1696 89
784 1249 72
1283 4067 56
443 643 364
1187 1095 57
1217 396 185
1258 5276 473
115 1989 204
1302 358 279
627 1868 104
1208 906 370
1740 205 70
1387 98 70
193 138 79
1922 420 190
871 101 307
1247 1982 333
1599 2323 75
360 267 89
593 860 172
2094 3940 278
2309 910 273
2176 628 174
648 5232 426
1275 5318 29
314 2440 397
1578 5376 279
1310 211 361
436 101 307
566 418 307
273 2096 232
62 3071 32
1990 4121 278
161 355 72
187 1696 89
1008 1226 457
1211 3437 42
789 1560 87
1340 311 125
1284 3614 89
1065 56 382
1925 291 380
1508 5115 98
21 2343 318
1345 1249 72
1401 2255 453
763 983 57
393 472 100
72 188 232
791 1507 25
846 2683 473
1248 2430 77
195 3370 43
1269 1424 43
233 1985 12
159 316 32
2027 2212 32
480 3010 86
1624 5096 303
1372 2256 468
1360 5407 71
1228 705 384
446 4130 73
1167 4735 47
1622 1031 260
604 643 364
355 818 406
2034 1411 32
699 915 57
1455 3990 303
1025 469 295
1068 4383 225
996 27 307
795 820 40
939 1914 232
159 4091 24
248 2880 404
1180 189 202
1296 5199 406
2192 1 463
1147 4894 66
60 1830 56
1572 5246 359
169 1964 54
230 104 86
1386 1090 71
821 4721 12
1459 255 285
2184 292 363
361 2297 79
2029 88 276
657 3979 180
367 1926 89
1383 518 363
1701 5122 267
173 888 71
374 2269 43
161 1029 11
521 3231 236
1810 74 424
1212 2001 89
1276 4264 70
1429 349 90
1053 3937 56
759 782 44
1387 4753 12
1746 183 115
1839 1652 12
593 5594 338
749 984 71
955 3653 104
1828 458 74
227 3081 56
77 1451 75
1450 4854 15
1147 983 57
158 1322 55
396 1739 57
1017 454 56
1227 200 109
699 1297 72
2037 2001 89
1379 1728 72
301 336 33
1160 98 70
430 3427 278
1057 2023 180
854 1485 359
773 1419 73
195 891 137
835 2078 127
753 435 73
531 417 92
151 164 111
814 4061 70
1880 1121 70
1099 469 295
1410 29 12
1459 664 363
1169 4685 51
724 2345 57
1418 1786 57
381 5111 89
1035 479 71
1514 380 70
285 216 276
1507 1 463
1160 1687 72
1360 440 10
928 2294 326
331 1027 54
140 1626 72
311 1846 163
1423 3254 71
969 371 73
743 3628 89
406 1642 73
190 396 185
726 1066 89
1140 1871 41
640 3604 195
259 1462 404
2077 2456 24
1476 1468 72
459 4979 434
1780 114 72
114 605 137
180 851 84
1537 439 285
1444 842 57
207 1012 72
1258 2767 104
1059 711 89
1472 2654 89
599 4933 54
1138 1074 71
364 1057 246
1051 419 286
1690 5067 278
1659 2753 33
1439 1806 97
2081 1213 143
1524 29 12
524 2804 12
367 2780 56
389 3929 376
760 359 56
1460 72 71
1137 3201 72
1847 98 70
362 400 325
1225 2321 71
1729 3756 187
424 1897 44
818 878 73
1253 1661 139
1658 439 285
1188 1778 56
836 4557 172
1972 3907 33
490 285 307
312 101 307
1199 605 137
403 390 163
1967 440 10
2123 987 285
584 417 92
2217 76 89
1393 3437 42
2313 1046 206
984 45 276
636 979 78
743 3427 278
2002 724 89
20 45 276
1303 4644 466
246 1185 392
382 1618 40
374 485 72
120 767 78
351 2692 150
353 4523 44
2306 1921 425
819 656 285
1025 843 372
1144 35 56
1093 1175 415
68 2374 421
1776 1015 355
707 64 362
1360 1417 72
685 875 73
1962 1063 457
2033 4897 48
773 518 363
543 1154 97
1401 4689 57
213 1931 444
1304 5 73
1981 1163 118
1144 1624 57
1160 92 38
169 712 89
787 1 463
140 1712 71
668 563 44
1765 4094 168
2117 608 43
1391 2466 363
668 490 159
409 4341 42
936 2506 457
798 777 71
515 621 12
31 4006 351
2175 1060 457
1760 687 9
1269 3885 43
2248 15 386
1443 693 436
249 4817 223
1141 536 42
492 4075 199
1724 4810 210
1862 2027 439
1441 246 55
2216 2361 104
967 440 10
955 5263 71
1168 5338 363
247 4083 71
90 468 78
203 138 79
687 4833 73
1346 451 89
617 1859 437
34 1461 5
4 1337 87
1483 2942 404
354 1761 33
222 4764 278
1565 543 172
1272 628 174
1786 794 72
186 4034 285
683 892 54
256 965 259
261 912 181
667 4419 44
795 71 72
174 915 57
432 389 415
1745 205 70
987 3447 332
126 1642 73
899 2254 468
343 5200 78
1239 785 73
1706 635 271
706 5255 190
1401 898 162
256 1389 276
602 202 56
689 1997 71
349 85 89
1855 1800 56
1231 1348 44
2094 394 71
116 4083 71
1471 76 89
653 222 182
1017 162 38
795 495 92
1344 2713 70
891 84 190
685 1359 71
266 790 364
2003 45 276
1035 2214 71
533 327 43
1309 2059 206
1276 4227 89
541 1249 72
1230 3224 209
1335 741 70
375 1348 44
1875 2027 439
17 1416 89
301 5481 10
1080 5263 71
687 219 71
158 2374 421
1469 2813 72
1227 518 363
1994 3427 278
1178 85 89
550 183 115
177 781 453
647 1738 25
1637 5113 75
1190 439 285
114 655 89
175 2134 190
1240 3427 278
698 3549 144
303 3810 272
31 181 453
327 448 333
1051 2301 57
322 2752 34
1188 142 57
1650 1319 25
412 453 89
1016 4003 9
1131 132 145
1140 3822 414
287 1588 285
595 568 333
1970 74 424
396 2638 55
1310 1354 72
563 2448 381
833 3882 304
1252 1704 33
863 2439 177
14 1471 73
1404 781 453
217 300 57
208 121 89
1319 1554 34
1174 524 71
29 1034 54
1908 76 89
1695 937 361
1247 4489 451
1395 2020 71
578 256 285
427 205 70
388 1073 434
1355 2201 55
1059 568 333
1141 845 370
174 5536 44
107 1146 33
119 159 457
835 163 32
861 1103 92
484 626 56
900 136 73
1357 325 56
197 608 43
151 728 113
1440 3308 185
1379 5575 71
217 902 43
809 1249 72
2167 77 91
1482 1627 232
1064 4368 71
689 5134 78
522 3117 172
1266 2108 377
695 2026 307
448 1715 357
204 137 135
336 937 361
1059 3869 71
1160 5522 172
1379 733 213
731 820 40
1811 452 73
1876 1982 333
841 1103 92
703 846 57
2044 2123 71
640 983 57
951 447 181
180 4103 33
831 1583 73
1338 586 12
731 3370 43
952 3026 409
714 3392 57
403 211 361
165 2079 43
830 5380 333
912 2564 182
627 27 307
1658 248 384
44 214 333
517 3795 177
406 3898 213
1832 5490 72
2088 3644 404
50 336 33
77 1001 285
383 1623 72
110 30 71
427 1335 48
618 400 325
720 4285 172
2248 2752 34
1906 2729 111
1358 53 363
225 1101 239
2072 2770 56
496 2917 259
807 202 56
486 662 359
858 3886 57
144 1226 457
1168 5131 301
381 1354 72
286 1046 206
864 2006 160
1728 489 72
1544 3916 83
1365 2415 56
2140 1164 208
998 4391 314
1746 5 73
1913 4360 45
845 472 100
845 767 78
1189 216 276
349 619 72
263 2748 43
1824 4611 185
1360 4939 44
1097 321 190
507 814 446
588 3427 278
1782 3427 278
2029 643 364
1149 2099 43
1845 412 200
412 2404 56
814 4534 303
2232 3511 40
714 400 325
677 3256 48
541 201 162
1976 272 56
1487 4238 278
1375 3441 318
969 82 34
1541 359 56
56 3502 42
1408 3397 463
59 3698 57
115 643 364
93 1369 56
827 1027 54
99 117 307
645 3847 386
432 2648 471
459 3814 426
186 983 57
1931 969 72
1441 97 71
1066 272 56
339 4986 55
133 101 307
1090 245 95
172 500 44
2216 234 82
684 68 71
2211 1304 78
1742 4851 278
326 117 307
151 35 56
1257 27 307
1 1617 32
1223 448 333
2176 1737 93
1563 3192 70
1296 3841 279
629 3501 89
240 1159 64
374 544 12
955 447 181
1199 2133 190
56 4247 465
1567 1533 172
1131 503 57
558 2550 389
459 100 89
526 92 38
1164 936 113
1125 1644 206
2232 4413 97
2158 2 75
848 1092 43
1062 4882 104
1209 733 213
1172 920 192
1617 3075 369
423 1885 265
108 922 77
332 761 57
1486 305 159
1532 792 231
1685 1753 442
974 4042 71
1967 1 463
225 25 79
588 869 57
819 138 79
2192 2420 404
1173 39 143
1081 158 276
1026 4317 54
1116 3427 278
1244 272 56
1252 564 91
1248 137 135
1779 136 73
419 1746 78
1068 1894 241
1039 132 145
989 768 6
187 426 43
1284 2912 89
31 5485 89
1209 661 72
814 929 55
1131 454 56
1405 1251 12
1412 3453 34
270 4399 104
1521 568 333
32 726 97
2241 68 71
790 5380 333
217 2328 107
430 755 73
498 2521 85
931 6 160
1811 1254 285
217 71 72
1931 440 10
542 1471 73
1171 3585 104
225 751 295
1230 5081 391
1155 72 71
1300 277 316
1035 2954 89
240 1 463
1444 5546 285
2002 2056 453
541 85 89
2231 4057 70
792 393 71
794 1910 72
1001 659 303
836 2481 91
45 2708 67
1004 181 453
84 548 277
637 825 12
1507 817 226
846 1295 374
912 3571 370
1384 2955 370
155 2084 72
504 29 12
860 288 33
2010 2628 57
1530 2795 453
781 2671 220
770 4025 55
389 412 200
131 380 70
2211 787 201
644 617 41
1550 3177 456
549 1984 271
846 2420 404
1145 2459 71
2231 891 137
1258 1547 185
651 68 71
1655 4050 172
1799 4747 72
1210 2150 242
154 2136 73
1119 519 71
2163 1134 286
1190 76 89
1968 2575 118
1615 2881 73
355 3332 9
1709 214 333
1155 1697 55
1244 4885 356
900 1146 33
989 333 32
1277 1387 57
898 923 12
1511 4205 190
831 1740 291
658 2895 444
25 1579 12
645 739 454
1790 4226 55
1236 489 72
1603 633 271
1483 5306 303
547 1021 341
1150 1217 338
670 3212 257
1157 4198 278
2147 4644 466
265 1508 316
817 767 78
561 1892 72
108 1022 24
114 26 109
995 3246 348
641 360 57
108 422 143
1219 5499 307
529 839 57
1352 998 70
207 761 57
747 623 57
388 4755 250
248 4274 71
790 263 271
1521 5179 465
1206 3135 43
1271 878 73
410 851 84
1513 656 285
1240 1341 143
64 205 70
1401 4404 189
1704 5050 12
2216 5038 32
1459 1262 117
1541 1109 89
17 1694 89
261 3143 72
565 2379 457
1848 2758 44
980 4235 404
1567 39 143
1533 3589 146
417 995 285
688 1712 71
712 4409 112
179 2149 137
240 5332 33
1657 870 43
358 318 234
636 1277 44
635 3722 219
384 814 446
789 807 108
831 363 71
1269 3310 453
2231 85 89
419 2887 303
230 4293 56
520 1923 421
1066 936 113
709 2852 302
1082 304 219
893 1632 71
1881 887 305
370 1854 79
938 1824 31
1591 1493 241
1515 1968 318
1502 3835 190
172 1664 56
849 4451 89
675 242 33
743 3698 57
1182 5577 87
367 201 162
1339 291 380
824 3665 242
469 1099 449
1249 1456 287
489 3045 41
1466 1921 425
1622 1683 10
60 3275 10
114 626 56
388 1642 73
395 70 113
1754 2647 276
309 988 137
1880 136 73
2024 1387 57
1318 4342 73
1009 422 143
1963 4856 71
967 1789 137
934 435 73
566 318 234
939 781 453
483 3425 56
575 178 97
388 1636 337
779 3812 182
743 2515 285
609 1204 459
1987 568 333
1221 736 386
1290 4381 24
1328 298 71
567 17 43
1234 70 113
1484 4044 70
71 753 56
426 2383 120
1194 396 185
1918 292 363
1673 1605 54
311 98 70
1396 1055 89
358 4083 71
900 2300 71
1578 245 95
2186 5342 10
604 1465 70
1363 3031 137
68 833 307
1096 245 95
794 1853 201
2067 76 89
1235 4509 57
792 21 2
201 755 73
1436 3011 143
1569 1353 71
778 4596 89
571 4617 91
1591 326 137
1477 417 92
795 2069 57
1137 1654 354
857 439 285
552 454 56
1058 2046 56
1503 1060 457
784 461 25
1563 1359 71
1553 4039 278
631 4042 71
638 2209 159
622 2146 144
1020 188 232
1410 2659 41
358 803 43
1090 520 89
31 53 363
201 380 70
886 164 111
1317 489 72
1227 4751 72
68 913 180
753 3691 206
1159 946 113
241 820 40
779 400 325
1146 3085 71
5 3344 137
585 5587 252
1490 138 79
938 68 71
1128 379 209
848 116 42
614 2873 33
1186 400 325
879 4673 206
2186 1459 364
293 2020 71
609 656 285
1187 99 70
995 413 386
1405 2046 56
798 25 79
1266 4670 57
1401 272 56
995 1677 386
1580 1582 73
707 826 43
1326 292 363
1284 3778 71
491 748 44
388 2655 138
1522 3427 278
618 29 12
1726 318 234
717 15 386
1486 367 12
1644 2127 71
619 330 190
281 1303 71
547 179 49
2077 4452 93
343 3332 9
658 679 363
1859 5497 137
259 3987 276
1392 3541 185
430 2959 89
663 1762 72
2246 76 89
1244 4218 10
1017 2047 56
1159 4700 168
132 4326 57
438 472 100
1302 586 12
2296 159 457
2302 396 185
1715 2890 269
948 1419 73
348 1486 56
28 2326 159
1538 476 57
888 3296 333
206 3451 65
1171 211 361
956 2861 107
2151 605 137
1020 1193 72
1247 327 43
2007 481 190
1405 4399 104
643 767 78
666 400 325
497 4547 206
1923 138 79
1064 1200 71
301 2868 190
1720 400 325
1 4557 172
67 4536 38
1050 5098 332
1501 4356 73
1024 1708 68
205 728 113
681 2464 99
267 1259 71
2007 2107 276
874 3702 71
161 1760 12
1949 205 70
335 214 333
496 518 363
1347 728 113
40 1059 72
240 4843 43
766 1322 55
1439 767 78
1938 761 57
736 2236 107
1419 2172 405
1235 1580 209
1387 4005 44
336 361 333
459 5572 71
301 1253 73
1455 2919 283
151 1846 163
952 1211 94
689 76 89
1920 498 190
2088 3326 404
668 2830 57
286 1368 285
360 1408 54
1566 440 10
1813 3401 274
1071 1850 272
1883 3538 453
1760 1110 348
387 1627 232
657 2471 71
1209 2969 55
131 310 72
725 1416 89
1603 4674 72
846 415 359
389 829 43
92 337 87
1059 4198 278
1362 92 38
683 94 276
292 153 71
699 612 113
989 2803 40
148 1337 87
1170 117 307
1650 377 54
2186 72 71
314 1126 274
40 1317 89
705 787 201
436 802 107
1087 1254 285
388 3625 6
248 1426 57
1623 15 386
26 95 56
1194 1891 206
1011 2933 105
1189 72 71
1053 821 71
838 2226 89
648 426 43
779 1386 33
902 2416 57
1873 211 361
1450 4146 33
1599 71 72
2294 2654 89
1248 3268 91
995 4638 348
240 2082 28
1270 3990 303
988 1365 42
794 1817 72
549 616 271
1136 397 137
1343 445 426
531 1332 42
403 277 316
409 2703 137
86 29 12
490 2816 71
1141 835 72
1706 2549 291
176 1775 72
56 278 354
647 1091 73
2264 7 78
674 2171 42
1088 807 108
1051 72 71
820 2337 473
1584 1580 209
777 689 56
1300 72 71
1577 33 32
538 1226 457
120 289 56
1009 548 277
362 1539 71
157 2338 463
1751 831 117
1584 1251 12
618 136 73
194 2854 78
106 1963 71
361 1283 5
1869 38 143
463 1649 89
1357 5130 404
1807 1830 56
1056 616 271
377 4028 38
1056 45 276
584 557 325
583 4083 71
225 3093 246
627 5471 157
1300 4381 24
49 822 24
1163 423 285
1155 539 55
1138 2 75
734 728 113
1970 262 318
1387 4748 72
984 2010 73
1951 27 307
584 2778 6
1322 1360 71
2094 462 71
1757 1331 457
793 400 325
1337 125 258
647 3826 285
792 1869 89
1411 29 12
1679 205 70
779 2171 42
1754 27 307
607 3607 442
958 4085 107
1455 4140 299
1298 1839 24
248 380 70
2196 85 89
1966 1746 78
2103 4194 278
1350 2438 120
1085 518 363
409 377 54
819 72 71
239 2758 44
1368 159 457
653 1583 73
311 795 89
1508 311 125
1779 3162 286
1019 1970 87
575 966 55
2181 435 73
1532 4717 200
1147 3356 56
228 835 72
1530 27 307
1713 97 71
1428 1942 202
990 1233 57
2209 3222 206
931 4211 258
969 96 252
169 5465 38
1350 1295 374
1862 1414 32
85 1905 73
1439 2402 16
1443 2985 114
936 984 71
1757 331 56
497 76 89
1155 1255 286
129 314 119
2218 1278 144
1272 319 57
270 2709 206
186 68 71
1070 245 95
254 76 89
370 1889 56
283 2137 176
1027 4029 44
766 2884 89
1742 2610 21
998 196 89
362 3427 278
2254 2876 453
710 1627 232
217 3339 9
805 68 71
368 336 33
2221 1384 71
626 3549 144
170 1624 57
490 377 54
2262 588 70
1287 289 56
196 1007 285
1284 1346 89
276 1322 55
412 400 325
1313 216 276
208 2198 10
56 380 70
423 136 73
742 902 43
1189 2604 473
891 629 275
1325 5239 295
1187 4947 70
487 4978 71
618 1958 89
2217 5437 325
953 1 463
953 631 167
1342 252 363
599 2005 107
526 2895 444
1323 101 307
202 1026 225
1016 796 107
354 188 232
1140 988 137
1506 621 12
1664 781 453
2204 636 107
13 710 89
250 454 56
955 3940 278
88 774 32
132 958 44
1879 538 172
107 2832 24
790 4066 57
778 3077 72
64 2974 71
241 3199 31
280 1232 206
725 3435 177
871 1964 54
1931 284 56
332 93 73
336 4003 9
1451 1544 33
1471 2709 206
618 2959 89
1580 582 85
1011 955 31
2248 1515 89
789 2474 71
222 1097 192
229 943 113
1366 98 70
143 3025 201
222 2259 89
1296 1794 419
651 3545 12
97 211 361
791 1436 34
951 543 172
907 1249 72
1150 3427 278
851 1615 38
256 3553 113
1292 2501 206
1977 3864 48
814 136 73
225 5558 44
1410 2202 42
247 4005 44
655 101 307
2195 68 71
1526 3543 185
1180 4997 57
1486 586 12
1138 2889 341
245 675 285
934 360 57
1268 1085 57
513 382 39
370 1075 12
731 754 42
594 29 12
1202 3864 48
907 594 112
114 3370 43
631 918 71
237 29 12
897 2328 107
2100 1712 71
1172 204 71
2248 1695 72
1026 4706 71
1026 462 71
64 3425 56
1129 4140 299
202 1029 11
773 1424 43
790 775 468
1714 342 24
420 400 325
912 141 72
1299 3663 10
155 2909 190
1009 181 453
617 2324 97
1281 216 276
100 2328 107
32 1637 201
1314 3727 92
2187 1460 260
798 906 370
1653 3082 404
799 3028 89
35 5250 41
1679 211 361
513 1416 89
1005 5148 373
297 305 159
5 1277 44
388 3832 458
1148 5373 378
373 2659 41
412 120 33
127 1297 72
1216 913 180
374 1594 42
234 1299 307
1272 68 71
2116 88 276
1096 4198 278
1131 983 57
1534 3538 453
947 229 43
1171 5020 56
615 4410 112
361 439 285
1672 1226 457
1538 322 190
2176 4130 73
314 3091 72
367 2061 56
1287 181 453
1308 2321 71
284 4003 9
252 159 457
842 2610 21
86 1288 239
876 1096 396
1745 568 333
1292 3808 206
358 400 325
1251 770 313
222 1797 50
2198 1275 142
1347 3183 12
1578 773 171
254 3560 24
4 3208 57
1409 647 303
1167 85 89
1036 277 316
846 781 453
241 1428 385
1104 753 56
256 2130 107
447 2458 181
1345 590 89
629 1900 71
1536 3894 105
489 1691 70
1053 1771 56
1136 2763 159
2215 136 73
626 3642 57
360 489 72
814 77 91
386 2599 24
1283 1937 307
2082 1645 206
1096 3437 42
973 3954 453
333 1255 286
1243 5467 43
2008 982 56
366 754 42
1145 914 353
94 915 57
1420 983 57
507 781 453
442 2070 57
1193 2576 145
807 3427 278
1253 72 71
1464 4638 348
1657 5118 333
1300 272 56
1314 4600 314
946 4542 73
1413 1813 357
766 1267 103
1068 1034 54
1253 2014 284
161 327 43
1863 3262 89
400 1359 71
1070 1064 73
28 1727 24
1648 2253 443
792 63 71
1367 4092 284
743 1939 12
1083 1154 97
2239 17 43
602 2883 97
1850 1270 55
1879 1587 285
588 1146 33
1515 5019 89
1641 779 143
18 1698 198
734 2694 57
1546 860 172
501 339 106
1842 3005 88
920 535 88
457 2551 57
1082 4714 89
396 1618 40
319 934 468
1026 316 32
304 856 149
1805 4148 43
486 5047 43
1411 1919 310
1681 3427 278
360 1525 56
509 1233 57
439 2023 180
1838 656 285
1472 4531 70
21 3228 383
363 201 162
1068 1344 137
1751 1872 72
136 586 12
1081 4665 92
1340 4530 284
2098 205 70
414 514 404
140 242 33
769 2640 57
945 1 463
355 29 12
1233 4004 34
245 2578 285
1805 4523 44
513 3664 33
226 598 42
1236 709 137
25 1726 91
291 255 285
351 2508 71
338 76 89
531 728 113
283 781 453
276 3339 9
548 4337 326
617 101 307
1411 1353 71
311 3138 72
42 4299 42
1431 399 213
736 2481 91
979 1385 57
714 4453 73
1554 1218 185
1666 2019 453
88 2660 107
302 1096 396
1577 469 295
1050 354 78
1395 252 363
1047 1606 71
71 755 73
174 180 78
1200 4474 291
2042 709 137
253 3764 110
1235 811 116
693 1073 434
1235 1999 12
509 2123 71
1669 1671 206
2234 136 73
121 1 463
1234 965 259
57 483 72
1052 116 42
341 74 424
1451 820 40
430 2464 99
408 687 9
198 202 56
1195 4194 278
536 1498 115
1870 3976 71
1021 1488 139
55 5595 52
1791 380 70
794 2105 185
1543 439 285
180 518 363
668 1175 415
1141 1547 185
246 1011 87
689 1157 10
1022 3713 9
1869 659 303
1493 1 463
939 5318 29
1065 292 363
822 160 12
374 76 89
1963 819 447
751 1460 260
799 832 117
260 705 384
260 98 70
335 1221 338
1070 5540 303
617 1566 403
798 159 457
1674 4049 303
1443 1887 73
1580 3601 71
838 3427 278
876 1621 32
1447 29 12
459 88 276
300 277 316
1478 1410 12
1395 2034 10
1301 619 72
565 940 42
1703 3204 100
2121 4307 416
518 3391 274
861 1421 9
888 1558 72
1189 1380 473
1186 4899 57
525 933 77
1619 1956 209
1140 4903 132
737 936 113
859 2736 44
1169 82 34
498 648 44
199 29 12
577 2387 263
1178 3883 318
145 492 12
1341 1295 374
897 85 89
341 1543 56
1486 2492 114
820 37 138
1235 543 172
621 1158 32
979 619 72
1692 85 89
332 888 71
1515 68 71
1586 1059 72
2241 4483 348
423 4208 81
1490 2329 100
260 2665 421
673 17 43
58 481 190
1601 1520 89
1137 3376 276
704 456 70
925 2562 25
514 732 271
160 770 313
57 282 57
2283 1112 73
878 3298 350
2194 2056 453
281 3409 12
1481 3169 260
1268 962 89
1383 145 56
568 1 463
376 1941 286
577 2171 42
1423 176 104
1828 2248 74
1668 1551 72
864 400 325
366 460 88
1131 2879 98
631 299 364
1682 5438 219
989 3306 107
1161 1354 72
940 529 252
1591 72 71
1093 1256 303
1035 813 159
454 627 232
1292 1494 206
1153 380 70
2127 5147 131
823 135 307
1269 215 73
504 5529 252
1994 633 271
374 619 72
1215 5047 43
1145 454 56
382 3346 78
1305 740 386
253 2787 72
799 787 201
147 29 12
1181 1258 73
1022 4418 370
268 1364 60
1673 224 295
1644 76 89
1873 136 73
1362 470 35
1215 4354 32
794 821 71
819 5484 172
599 454 56
1049 586 12
170 2116 89
742 3471 33
597 1613 213
240 851 84
1208 3939 89
747 2643 326
1081 488 246
562 1613 213
1248 4328 285
2190 3695 88
1268 27 307
904 520 89
621 3002 316
79 314 119
95 1786 57
1782 396 185
989 414 71
501 761 57
1387 2592 75
616 3254 71
307 1237 66
2112 2148 137
1149 1258 73
391 3343 71
339 3283 70
186 358 279
272 288 33
303 489 72
546 1910 72
504 3046 159
340 145 56
317 1404 54
700 361 333
1119 574 48
725 3437 42
369 4605 128
1096 162 38
1449 657 185
712 2908 89
1439 1739 57
675 1789 137
1342 418 307
306 433 12
328 440 10
340 3427 278
884 3626 89
2086 3459 466
1405 2 75
1472 477 89
1052 1046 206
479 655 89
724 3756 187
1644 1682 206
971 655 89
18 3890 465
841 636 107
1460 2 75
1155 1090 71
1592 787 201
979 1874 43
367 1564 449
38 5151 42
1070 2831 56
600 518 363
814 145 56
560 5063 60
767 3566 89
456 3881 75
1584 413 386
1158 4821 389
115 497 307
661 3178 38
1511 217 71
734 400 325
440 76 89
173 3334 43
11 1771 56
1045 298 71
75 1880 97
762 2872 3
1601 2831 56
546 2900 127
617 983 57
707 29 12
857 3427 278
349 136 73
240 4505 137
1022 590 89
1405 2225 44
883 4088 57
1487 3660 137
1000 1148 43
614 3936 71
387 4154 96
372 245 95
1039 444 72
543 97 71
749 1249 72
878 4551 369
270 702 56
945 4192 92
641 586 12
351 29 12
559 2337 473
271 498 190
591 436 303
1505 2543 246
12 3427 278
699 380 70
899 1754 73
1154 3153 70
1376 2006 160
1671 634 70
308 1965 57
2172 1687 72
1753 1046 206
286 3188 458
1168 568 333
1565 2356 107
245 114 72
1973 1273 107
1183 3210 110
1147 178 97
694 3321 117
2088 2374 421
1240 272 56
1222 211 361
824 1228 185
2301 1938 24
1024 4817 223
108 923 12
1050 114 72
69 4004 34
2084 5082 5
1020 5490 72
1547 1409 135
1257 299 364
747 400 325
79 76 89
1405 1098 89
2094 2957 424
1985 2896 363
1068 2392 207
38 77 91
2023 4034 285
1179 1789 137
499 1264 72
978 3864 48
336 2880 404
1227 2396 41
1138 139 404
195 3171 132
136 720 54
501 1381 29
190 361 333
279 856 149
208 475 89
1187 136 73
2088 4495 258
1190 4530 284
149 1511 195
922 2361 104
987 1855 79
1147 4428 246
256 777 71
221 1106 452
965 27 307
31 51 43
1899 1509 310
683 5115 98
1350 1096 396
1472 1633 120
670 1305 445
1600 116 42
1384 29 12
841 2096 232
1216 2981 210
1125 136 73
259 5314 57
947 3784 364
1097 1117 190
388 785 73
374 1946 28
436 59 33
1008 101 307
399 4929 57
122 1437 172
460 330 190
143 1594 42
955 3762 466
79 1685 57
1480 4552 104
749 97 71
425 1778 56
1317 745 71
1104 3401 274
775 1999 12
1377 125 258
1011 17 43
2232 31 33
2032 97 71
933 5498 285
1670 568 333
2186 501 44
2023 581 51
1526 3027 409
1926 3104 33
1315 176 104
1356 5120 47
529 2285 44
597 869 57
2087 2440 397
751 509 190
1358 136 73
952 1794 419
1692 3945 89
510 3648 12
674 68 71
260 114 72
407 302 71
432 2820 12
1775 1240 72
345 2308 96
1337 1186 378
668 1638 415
585 4955 279
638 163 32
1892 136 73
1375 4163 75
1272 3596 185
1264 1006 286
997 5309 78
439 314 119
744 4052 271
360 4198 278
143 1213 143
174 1687 72
1318 1815 34
497 1886 328
1188 1693 57
52 1829 55
1008 3526 260
92 2169 338
225 219 71
196 2874 88
1645 4255 453
240 522 42
286 1231 276
2184 29 12
254 2757 97
328 82 34
172 881 452
427 638 65
1488 2199 6
1941 3403 404
358 4143 57
1063 4408 56
1212 1580 209
1703 211 361
691 1931 444
1194 15 386
939 1538 285
23 27 307
874 1842 70
191 4997 57
955 643 364
663 758 115
1562 3065 387
1009 2268 71
779 1958 89
1929 4999 25
236 728 113
595 1 463
1229 136 73
837 3235 165
130 4096 78
1316 2358 427
332 2474 71
257 4228 213
1154 608 43
635 76 89
144 29 12
1150 3469 137
595 68 71
1121 621 12
713 493 15
974 822 24
1228 2416 57
1719 1642 73
412 2408 5
1315 3316 457
1228 1992 134
1455 3554 32
766 1954 314
920 348 71
66 1552 72
1234 256 285
2254 400 325
1160 4087 5
1168 72 71
489 5585 33
1032 432 303
492 3103 284
1268 1623 72
2124 4215 355
538 1 463
353 608 43
1732 2337 473
140 1184 56
1760 61 129
1248 2445 89
1979 1379 89
1138 1331 457
1610 3427 278
780 205 70
2194 159 457
60 5002 43
1761 380 70
1524 27 307
1141 1500 56
438 5274 154
1011 436 303
90 3240 38
1195 5121 258
939 1417 72
364 524 71
1407 582 85
1521 72 71
1 2718 218
1151 1999 12
1434 980 113
490 787 201
2140 15 386
118 651 453
1629 3288 404
1622 439 285
1672 1060 457
1544 616 271
489 1249 72
1824 717 236
257 6 160
807 1066 89
599 608 43
480 29 12
1879 2340 303
217 4354 32
136 77 91
564 1689 34
1247 1299 307
1905 3658 212
822 298 71
1362 1461 5
1574 400 325
706 5119 57
1442 4404 189
36 1759 442
1032 1184 56
498 3147 258
2097 435 73
487 4994 71
861 2794 107
1280 1073 434
640 3427 278
1572 139 404
172 2386 480
378 2833 89
1281 701 72
1188 4058 25
56 1155 44
261 1891 206
1034 2752 34
110 1828 24
814 1941 286
106 901 42
727 1429 213
615 3353 92
1275 13 467
2258 1254 285
162 557 325
1627 4593 333
1144 1146 33
1349 342 24
1428 542 396
1003 391 89
71 1353 71
635 1876 89
1126 3351 302
108 926 19
1529 3246 348
1356 621 12
939 2218 334
274 1703 54
509 1734 54
192 2398 440
1576 400 325
2214 1487 89
836 525 71
34 767 78
1296 3827 304
1410 17 43
1032 2443 24
647 1299 307
1415 1046 206
225 2647 276
672 97 71
2186 586 12
851 847 291
1538 874 73
910 4399 104
1160 390 163
172 396 185
1195 3082 404
512 3192 70
1519 377 54
432 1959 107
407 1281 43
257 1613 213
1062 767 78
312 4020 42
280 32 56
587 619 72
955 1057 246
866 1 463
1358 437 284
1194 3375 56
366 1867 84
1407 2787 72
173 2128 88
1149 3324 154
799 710 89
610 1713 73
1502 2026 307
1963 5313 364
1376 3016 112
1140 501 44
503 305 159
46 240 43
1334 844 40
329 1442 152
167 245 95
1696 5523 57
1539 4770 374
1265 873 73
717 937 361
788 2124 354
835 1249 72
1756 2 75
406 2771 32
1376 753 56
2110 98 70
989 538 172
683 3291 91
627 4051 172
1589 430 43
2290 869 57
1507 2077 465
1683 3444 71
1503 99 70
1532 4726 185
1969 955 31
406 454 56
4 1340 72
78 3425 56
679 88 276
1578 728 113
1472 983 57
498 860 172
1796 318 234
1730 3137 201
414 1902 333
2117 657 185
324 3044 361
2286 1046 206
46 5466 65
722 1579 12
1653 605 137
742 3335 303
265 1547 185
246 587 87
1449 121 89
1065 82 34
1017 2930 243
1733 380 70
100 29 12
97 1985 12
1511 710 89
1316 27 307
927 3165 209
4 74 424
1442 3862 57
810 4029 44
529 3657 201
188 3390 12
1198 4478 258
41 253 89
330 3034 457
1499 4368 71
606 6 160
483 1065 378
1268 1285 3
273 3846 32
453 216 276
504 706 276
247 4408 56
1009 27 307
1710 1174 145
1309 906 370
538 189 202
1071 160 12
976 501 44
517 1419 73
587 2023 180
483 2471 71
777 1748 307
486 1290 43
1848 3254 71
393 211 361
1200 2613 206
184 1680 412
1003 234 82
417 2954 89
388 4956 89
1849 621 12
317 3462 40
698 590 89
536 2475 437
1191 4462 185
2218 211 361
1686 2543 246
231 1337 87
1272 915 57
108 924 12
703 3063 57
616 902 43
479 1046 206
483 586 12
1928 364 276
587 2656 55
183 914 353
1512 1882 163
2056 698 333
40 1997 71
252 3125 307
1152 1870 181
1743 88 276
336 9 475
410 2130 107
216 2345 57
225 1999 12
496 70 113
2159 29 12
279 1415 97
331 3045 41
1009 4245 278
52 357 278
1059 1590 303
1245 527 71
814 3278 449
1178 513 357
1216 844 40
227 98 70
1673 2657 12
1021 4760 278
1156 485 72
169 2158 89
1499 3049 71
2245 88 276
1032 2057 53
2176 2057 53
1292 15 386
1568 4144 71
659 837 395
1125 111 43
1791 1490 268
1278 1255 286
763 756 57
807 1655 333
142 214 333
1070 318 234
615 2523 56
838 2548 295
1570 628 174
1631 380 70
459 5506 118
851 3128 468
1407 5332 33
1751 525 71
1065 38 143
801 229 43
39 2926 12
983 3037 285
1400 98 70
510 3993 91
412 164 111
753 5258 278
482 4892 44
181 2876 453
762 29 12
145 160 12
1215 3584 78
361 252 363
1692 874 73
1278 647 303
387 1628 304
286 68 71
1299 621 12
399 1278 144
805 1116 55
1664 500 44
995 4541 348
1082 447 181
36 2959 89
466 2834 55
219 915 57
1248 1838 72
1064 1903 55
387 3250 285
124 2239 205
1669 484 206
521 3560 24
1405 1079 43
1958 3667 71
1262 1114 457
542 728 113
1903 1320 295
584 298 71
580 3149 56
438 2013 73
546 3924 85
987 2171 42
108 5093 143
145 5452 12
1460 2566 83
1104 3033 295
419 136 73
482 4472 116
560 174 54
489 1997 71
89 417 92
1572 538 172
74 162 38
1537 3834 350
1087 2800 285
688 3887 238
689 472 100
2026 2647 276
1920 3135 43
731 576 63
566 3591 88
1168 3181 333
217 3151 57
831 2663 71
1227 231 72
1305 1459 364
170 5562 104
1238 807 108
1686 781 453
1565 292 363
38 167 41
970 32 56
560 2179 33
1589 1492 206
2011 3016 112
2220 1060 457
299 1354 72
671 252 363
1563 1353 71
525 327 43
1336 4641 300
719 136 73
1786 2121 43
536 174 54
548 1076 415
1344 1766 71
1413 267 89
368 1563 25
1219 1223 185
1512 764 143
106 587 87
2014 2 75
225 1573 12
1500 176 104
1673 935 70
1834 3395 71
1319 1504 71
1075 425 57
742 186 137
420 1850 272
1106 27 307
1414 958 44
835 76 89
379 779 143
1173 360 57
475 2307 416
322 590 89
228 3032 33
778 3985 56
2086 2945 292
1777 1024 98
1508 448 333
2207 137 135
587 5261 465
2221 4427 406
549 4997 57
455 2875 219
40 1544 33
366 2058 72
1824 1352 57
744 4790 363
490 3638 303
97 255 285
1296 3990 303
1290 15 386
969 3273 89
1384 164 111
668 687 9
1137 4752 94
907 1746 78
861 440 10
241 2051 94
583 1558 72
1131 5487 405
857 3678 47
1160 2056 453
482 2222 88
1740 216 276
2204 1226 457
834 3420 25
430 1246 75
1485 481 190
945 859 85
1011 98 70
2051 15 386
1715 1671 206
1532 3624 172
134 1417 72
1316 532 73
753 525 71
169 471 89
192 201 162
1284 4050 172
319 795 89
653 470 35
575 136 73
1128 1057 246
566 3202 82
706 98 70
594 589 89
1245 591 89
1384 4004 34
1645 400 325
1210 413 386
1269 4809 454
354 461 25
1774 934 468
1146 4021 279
753 1180 271
231 823 307
368 762 33
1303 85 89
847 1115 121
608 415 359
1799 1018 375
543 1057 246
2198 781 453
400 1872 72
169 255 285
375 309 64
1777 2354 66
280 124 105
1766 717 236
622 543 172
1296 470 35
1160 915 57
1188 4660 42
607 124 105
240 405 33
1318 4979 434
1686 98 70
60 5452 12
2192 4858 379
1906 68 71
1169 159 457
588 1611 20
1212 2471 71
1133 58 147
1522 4531 70
636 164 111
284 608 43
541 2502 263
44 5532 113
1258 4228 213
1512 3733 199
335 5067 278
742 3712 375
1281 3541 185
1160 178 97
1373 3964 105
219 803 43
71 1634 96
605 2891 117
1683 1318 291
1078 3384 303
1601 63 71
1066 892 54
946 1787 137
1664 2254 468
97 470 35
174 3138 72
1420 321 190
992 97 71
1654 840 386
291 1023 98
1183 4140 299
536 168 60
614 2697 70
1032 274 42
1753 4908 399
164 98 70
1182 98 70
40 1765 107
430 359 56
343 1327 79
1154 4076 100
1160 895 38
1678 1451 75
126 2720 24
140 2379 457
433 324 38
1637 2561 206
78 1896 56
775 222 182
2008 97 71
2200 781 453
691 590 89
1443 1963 71
1622 5281 363
307 211 361
406 4381 24
1318 2697 70
1270 4516 48
1349 764 143
453 2321 71
1287 159 457
459 3535 71
1442 583 278
2235 98 70
246 546 89
1720 15 386
1358 289 56
1757 3122 465
375 30 71
217 2523 56
2230 319 57
491 27 307
1587 1692 73
284 564 91
1560 3427 278
1132 4758 278
432 1063 457
419 99 70
169 566 21
1385 939 89
400 4999 25
1382 1451 75
1588 1802 34
397 2647 276
1264 4740 10
653 593 42
476 1013 24
581 1450 75
1312 10 386
483 145 56
210 248 384
31 3552 31
92 5031 379
1375 444 72
1302 635 271
1222 865 303
2194 761 57
131 2647 276
370 262 318
157 1624 57
790 759 333
2289 139 404
2111 76 89
934 1410 12
425 5264 43
1375 489 72
2106 2749 185
122 605 137
912 1900 71
982 176 104
1384 1713 73
1746 5521 72
1145 25 79
587 1090 71
746 1063 457
343 362 71
1459 655 89
1119 4930 104
961 1490 268
1935 2255 453
1139 851 84
1151 121 89
427 820 40
467 1297 72
1736 323 89
369 3479 207
833 577 105
698 218 206
1437 2988 143
1210 696 370
186 29 12
498 92 38
1612 2895 444
216 447 181
1365 397 137
1089 2069 57
780 988 137
567 1148 43
351 192 57
1341 1176 89
1586 3054 24
838 2926 12
2165 748 44
221 2736 44
1383 289 56
1324 1227 318
1786 942 113
678 2692 150
1631 1353 71
208 4408 56
1851 1805 368
828 844 40
470 3052 12
351 2068 107
105 748 44
1050 3746 375
770 4374 465
1861 4410 112
373 1094 73
131 216 276
530 1200 71
1593 538 172
858 517 359
140 4301 57
1966 1212 178
319 188 232
1008 4175 260
1524 255 285
280 483 72
1486 5366 10
467 678 259
141 2894 42
1092 4050 172
1369 1046 206
808 5244 73
34 1206 32
1058 3675 48
514 158 276
43 3472 33
932 1324 316
207 2872 3
1245 4881 56
623 873 73
1664 4617 91
2008 2954 89
887 417 92
1938 3382 73
1170 1969 89
912 68 71
1638 984 71
1709 1930 404
1154 4505 137
1744 4593 333
13 281 73
1572 2471 71
1974 4024 42
1268 4893 57
784 3935 57
1251 201 162
351 525 71
807 97 71
1457 1 463
1027 485 72
1691 2561 206
413 1534 73
120 656 285
1024 1739 57
1847 2873 33
464 1034 54
2165 518 363
483 1200 71
992 1090 71
979 85 89
1678 2757 97
417 465 12
438 392 89
6 4452 93
216 85 89
1532 860 172
903 3779 412
1324 2969 55
1793 3041 103
1169 5474 260
490 1674 326
733 2439 177
1206 2298 158
451 686 43
1397 3891 115
474 499 44
822 1999 12
1050 1712 71
1700 5048 71
844 3588 453
436 2744 70
695 245 95
701 297 73
870 2822 349
1201 3941 139
1961 754 42
1339 781 453
1126 439 285
517 528 89
376 1597 303
240 400 325
814 2152 215
1003 1777 188
714 5028 44
1368 1442 152
1708 393 71
947 987 285
516 3427 278
123 2005 107
1591 1940 10
963 3102 259
1234 436 303
814 4218 10
939 486 107
1886 3980 206
1402 439 285
233 1254 285
523 2882 71
1875 417 92
94 698 333
1140 729 88
451 2025 89
1488 27 307
979 3912 260
245 546 89
1395 5475 278
426 400 325
1308 151 331
513 628 174
306 3330 338
1397 860 172
389 1044 17
1828 964 374
549 70 113
2038 3613 89
747 1131 89
948 2659 41
948 1817 72
726 4487 375
1281 767 78
1394 1174 145
1173 583 278
1210 1378 371
1877 761 57
1281 68 71
1062 2006 160
487 1719 12
1401 2216 473
286 2979 89
1576 3919 71
261 851 84
512 4192 92
1699 2658 78
867 5574 232
952 1624 57
1746 761 57
975 3951 70
1370 2347 73
995 76 89
1754 781 453
1217 1255 286
265 2476 145
347 899 79
1851 2561 206
321 3274 333
1167 1683 10
225 737 386
288 2315 271
173 992 135
217 4802 56
1009 1999 12
1224 3137 201
320 1418 25
211 1068 333
190 1712 71
1009 1997 71
990 1648 239
1644 853 13
615 5317 285
1086 647 303
476 135 307
279 51 43
1272 627 232
805 5263 71
1291 588 70
413 2878 285
731 3088 404
2059 2077 465
1781 1200 71
271 3168 221
1315 4112 10
1162 2692 150
1172 361 333
1550 179 49
108 1077 318
327 3402 206
1497 929 55
1753 1835 72
146 621 12
1634 767 78
1131 837 395
1351 1161 163
1472 362 71
784 261 12
1387 4675 33
1809 655 89
221 839 57
1538 1 463
886 359 56
918 633 271
847 1879 78
1066 202 56
2034 3461 457
1971 245 95
1705 181 453
1187 4972 466
524 3078 51
549 1288 239
156 608 43
893 76 89
1068 400 325
827 65 173
1066 228 72
1790 663 70
1418 937 361
1245 5509 57
1584 4041 58
1069 1739 57
970 436 303
2077 4227 89
257 4726 185
763 777 71
599 154 26
92 340 56
1206 401 159
388 272 56
1955 1646 89
904 3099 43
1178 1322 55
658 1249 72
1178 844 40
1038 415 359
1825 256 285
208 1724 32
389 2804 12
1360 769 107
673 3833 371
779 1517 32
1281 1551 72
1326 663 70
1528 3257 220
286 743 72
995 3629 412
19 3446 43
1320 1254 285
834 2229 370
859 272 56
1612 361 333
106 1969 89
1806 29 12
389 1 463
1017 4677 89
1145 4408 56
683 1810 84
1791 114 72
1448 181 453
376 2578 285
388 1175 415
2024 643 364
372 439 285
989 4252 29
501 1190 307
124 655 89
1270 377 54
411 5292 258
389 5055 172
943 321 190
1566 38 143
1744 1396 426
1671 454 56
1169 4370 272
31 1059 72
984 698 333
427 4575 241
1488 2077 465
1222 314 119
389 1650 211
100 561 107
1274 1210 307
843 292 363
93 3842 139
246 2674 71
1149 3041 103
1326 125 258
1420 1249 72
475 1954 314
955 380 70
374 1580 209
668 4448 56
999 467 107
986 1331 457
173 149 71
778 16 43
237 2717 73
1855 2547 346
115 26 109
438 502 107
1095 793 44
478 1682 206
1183 209 32
1534 1106 452
1382 1414 32
588 525 71
1619 1563 25
1360 5333 44
287 1993 330
1176 27 307
979 2035 232
44 1231 276
1153 3855 172
40 1451 75
1137 469 295
317 348 71
822 439 285
947 386 32
770 2590 271
1569 4218 10
1059 4606 316
1519 4161 185
575 3730 44
395 655 89
383 450 181
365 2884 89
1176 1844 71
1791 76 89
1963 2214 71
645 447 181
770 2481 91
656 647 303
389 2616 370
874 27 307
1316 211 361
1619 5192 325
141 68 71
1310 361 333
2116 181 453
1797 2245 57
599 487 107
315 98 70
614 3061 32
501 3496 50
1477 5139 303
204 4508 130
1155 3971 338
1183 924 12
829 70 113
562 2543 246
44 1783 42
361 2734 89
917 114 72
2112 1925 402
1638 1 463
389 98 70
623 1063 457
245 1948 56
696 1817 72
1980 1353 71
2088 139 404
543 2327 213
1024 761 57
556 3859 56
1371 4445 465
321 753 56
743 983 57
297 1347 306
1311 482 70
1054 3903 336
332 847 291
783 2873 33
1026 2001 89
1614 4399 104
1335 3504 71
976 1364 60
319 2369 71
671 4297 271
489 2007 57
794 1504 71
1210 619 72
1464 1186 378
869 4357 206
779 2410 190
498 1436 34
734 1023 98
1324 4055 42
312 3819 42
525 4349 77
808 789 73
549 1164 208
490 4637 70
751 1076 415
821 1189 377
547 138 79
1495 3760 164
147 579 222
1056 1712 71
1369 4474 291
381 3448 44
1310 728 113
828 643 364
1923 2088 271
190 483 72
798 3427 278
290 312 42
1951 3237 32
1439 180 78
187 2001 89
1341 2456 24
509 377 54
1644 5508 43
478 4043 89
783 461 25
1174 3227 371
1673 3735 56
1226 3734 109
1455 2547 346
821 1338 358
780 156 89
754 656 285
194 767 78
212 2928 31
629 1416 89
576 2208 52
1281 4462 185
1343 97 71
773 3568 278
247 603 71
707 4322 56
1338 4468 278
1136 2241 73
5 1518 225
93 1936 72
1316 4229 57
388 4876 295
1178 5444 414
70 676 118
1462 2361 104
1 495 92
131 189 202
1798 892 54
529 643 364
1040 3775 89
31 4380 117
1567 1177 89
1184 2059 206
732 2424 235
360 1202 271
575 4701 231
999 609 98
1572 1744 316
1408 2075 72
799 4248 370
141 1421 9
1410 2829 87
1369 1620 307
787 380 70
489 2259 89
51 2778 6
475 2633 364
1009 2171 42
1435 4584 378
1278 1275 142
952 1258 73
925 2641 42
1141 3886 57
417 1819 359
1760 25 79
128 17 43
904 3087 457
186 1078 390
801 3474 232
1136 4739 213
1191 4726 185
155 1337 87
1462 1943 12
106 229 43
114 647 303
1159 1015 355
433 999 59
389 1648 239
711 621 12
1932 777 71
1140 140 253
1577 1979 89
607 1260 260
844 2427 56
2206 1984 271
1047 396 185
829 830 118
1191 3596 185
1055 248 384
1039 4401 371
727 2745 71
594 588 70
673 761 57
683 3560 24
300 4733 333
1416 417 92
1344 4087 5
2203 1094 73
1875 3027 409
106 330 190
311 396 185
788 118 44
1433 1393 276
1954 439 285
1804 2072 56
1217 1994 231
228 85 89
46 3113 72
1076 4722 172
144 493 15
228 152 70
1245 214 333
1176 2001 89
490 777 71
354 1892 72
130 100 89
1716 27 307
791 4499 45
658 687 9
97 2427 56
668 2683 473
955 1297 72
1404 1335 48
1276 3361 363
1214 1317 89
2103 920 192
270 740 386
1017 3510 237
513 3477 33
1125 4831 311
969 4997 57
754 1939 12
1287 1110 348
673 3298 350
1597 1725 42
261 326 137
1460 1508 316
1733 2645 32
237 2095 163
615 2383 120
106 458 74
1112 3149 56
1154 4194 278
1119 2413 71
377 1551 72
625 1463 73
13 588 70
245 1250 12
1720 2490 114
1146 4671 278
131 701 72
573 734 89
17 2653 89
1250 2471 71
432 568 333
84 355 72
948 3635 55
1764 1898 43
353 1969 89
2215 4631 371
1140 3677 47
1749 386 32
695 453 89
487 1737 93
1696 626 56
2076 753 56
1011 359 56
1860 5070 284
452 380 70
686 1683 10
311 217 71
1481 5270 206
1567 68 71
145 4945 12
1372 292 363
1903 2771 32
2003 5177 463
435 2854 78
1216 3757 465
918 2890 269
1244 5094 140
221 425 57
699 4040 23
110 3572 97
179 754 42
1455 643 364
811 1146 33
1055 88 276
1206 2647 276
1283 114 72
1807 4066 57
44 191 44
1931 1725 42
1112 1032 43
1519 3687 187
693 439 285
1314 3342 276
565 2396 41
354 2191 33
1067 4108 33
1796 253 89
1055 1251 12
1963 1627 232
955 2437 246
417 764 143
958 183 115
2088 3923 404
161 1686 56
45 98 70
604 2657 12
1516 2001 89
1102 4076 100
317 33 32
507 2648 471
1937 5007 340
343 767 78
40 1370 73
1061 656 285
1678 2750 185
1017 954 276
1908 300 57
1657 1250 12
2092 299 364
1363 5165 316
1459 815 251
1760 486 107
4 151 331
755 3228 383
1216 1157 10
571 3399 426
1022 3134 57
319 648 44
376 4329 12
1806 5514 92
1227 2804 12
262 4284 32
1272 4726 185
1724 4025 55
2067 656 285
783 1910 72
279 4198 278
283 1146 33
692 2805 12
286 1382 72
1439 4218 10
360 3046 159
227 478 86
944 543 172
483 3260 57
737 1844 71
1211 189 202
1035 5019 89
900 5436 56
1631 3297 393
778 2025 89
1812 3329 12
1176 1899 71
1267 139 404
1839 709 137
1462 5052 139
361 3350 57
6 252 363
353 1074 71
146 3606 403
513 101 307
1292 124 105
549 1150 62
1441 4744 190
807 245 95
382 347 40
446 4206 56
1383 1115 121
1567 2492 114
1443 4985 57
1440 4228 213
790 3427 278
174 314 119
473 513 357
767 492 12
373 542 396
937 772 89
795 1400 89
1999 1046 206
810 4452 93
258 99 70
1021 2910 57
1603 1419 73
1183 1297 72
1670 1029 11
1306 2105 185
657 3568 278
1848 4061 70
1645 3742 89
1351 1 463
1305 736 386
1452 1712 71
1052 4917 72
1210 3309 386
955 4158 296
1212 3023 89
1204 581 51
319 895 38
780 2358 427
1863 653 441
1236 2871 70
641 742 71
909 4311 72
768 4611 185
396 159 457
691 2361 104
1530 3128 468
327 2550 389
732 453 89
1437 5482 32
1468 4974 241
146 4198 278
1270 1079 43
1160 32 56
520 1551 72
1991 3966 83
192 2183 70
1724 4897 48
569 586 12
1311 4640 94
743 3359 284
236 3891 115
486 1605 54
331 2222 88
1068 33 32
1190 2420 404
364 2900 127
841 37 138
1624 1470 42
150 256 285
230 689 56
795 3694 73
358 479 71
1172 4169 278
856 4319 235
1833 149 71
1398 957 333
8 2700 137
1397 435 73
610 959 44
343 1414 32
1082 856 149
301 5281 363
666 76 89
1908 4849 12
388 1624 57
56 1982 333
330 3242 202
1168 1663 71
2029 628 174
677 3953 104
1213 1771 56
440 1968 318
1982 605 137
812 4409 112
1152 1046 206
384 766 78
169 3634 115
1058 501 44
1350 643 364
674 643 364
1228 626 56
1601 2652 70
989 4335 40
1323 937 361
557 586 12
1796 525 71
1070 4710 285
567 256 285
349 3308 185
1059 4732 318
106 447 181
396 2643 326
1140 331 56
607 97 71
1931 229 43
1626 3179 473
621 4029 44
2254 1810 84
1334 797 39
1808 2683 473
1146 4190 184
148 191 44
2088 4751 72
1249 125 258
186 759 333
656 5185 394
1437 698 333
821 4996 396
1657 986 89
1310 292 363
635 131 194
159 2940 298
581 29 12
1123 635 271
838 1472 29
1272 816 12
844 728 113
1454 1696 89
479 76 89
1528 573 47
821 85 89
616 1457 89
93 4029 44
1966 363 71
1774 151 331
158 4031 12
1066 607 137
790 2074 10
1906 4815 188
1263 2717 73
1992 4050 172
278 1398 247
1124 1251 12
1345 4012 370
1017 2950 54
1688 4323 12
1817 5243 89
1344 515 41
28 1731 57
1141 68 71
414 825 12
615 5262 285
1512 1598 70
1050 1654 354
854 136 73
287 372 285
2130 4679 258
2256 2585 246
635 4288 278
340 211 361
922 1383 364
443 920 192
891 3130 97
323 2193 78
91 741 70
242 515 41
270 3202 82
1055 1213 143
900 400 325
955 298 71
1642 2274 54
1059 4330 56
2042 591 89
1719 451 89
1229 4559 70
1588 85 89
1341 580 66
992 379 209
637 439 285
807 1270 55
1340 842 57
491 415 359
414 4561 278
887 764 143
2277 139 404
700 606 9
956 4997 57
1359 211 361
1187 653 441
1212 1346 89
486 379 209
2041 518 363
1848 475 89
217 162 38
1805 29 12
116 937 361
97 2382 12
1068 591 89
1472 844 40
623 1583 73
578 3329 12
205 604 55
1395 37 138
403 566 21
793 11 276
1633 879 57
807 3149 56
870 27 307
631 439 285
1216 1359 71
109 599 33
755 4958 276
597 728 113
683 27 307
307 1388 10
1653 4303 57
1569 2613 206
612 2001 89
1644 97 71
1149 4912 55
655 211 361
309 2076 137
359 646 42
895 396 185
1252 211 361
1229 1684 72
856 4029 44
1090 634 70
1247 2981 210
707 1441 152
1146 139 404
412 140 253
1617 4905 386
749 4593 333
1228 732 271
362 1661 139
486 2471 71
807 2990 71
1675 1200 71
1472 1646 89
1124 1221 338
1542 2514 10
1817 2894 42
1324 817 226
529 3249 337
1221 884 57
1384 3643 361
599 2094 71
2094 2352 258
403 2475 437
2105 5068 278
1195 2974 71
1850 761 57
1134 1228 185
1395 659 303
1247 289 56
798 1153 199
934 114 72
1382 3368 89
1296 3442 318
537 25 79
627 485 72
1272 136 73
326 1433 214
22 17 43
167 3625 6
879 1175 415
2105 393 71
1135 361 333
1420 451 89
215 3010 86
1740 3580 206
1094 400 325
92 2173 405
1239 1726 91
2223 72 71
1515 983 57
331 3529 363
851 733 213
798 3793 89
189 1978 87
549 2035 232
1488 1041 370
814 3705 57
88 468 78
1194 1416 89
563 3862 57
1057 17 43
1442 5180 295
2038 1956 209
79 3026 409
762 761 57
123 5106 97
969 2266 412
954 2300 71
373 4929 57
1579 704 83
2091 3676 64
396 4922 333
307 2606 197
886 3163 233
217 338 91
1669 1682 206
354 2305 18
1219 289 56
1132 633 271
52 211 361
688 4549 89
588 657 185
788 2471 71
765 101 307
509 191 44
76 205 70
1068 5149 294
1174 4378 172
263 1218 185
799 851 84
6 29 12
1160 2390 89
115 99 70
985 5036 278
64 327 43
1271 3733 199
864 3427 278
1265 718 107
141 295 341
585 1551 72
155 561 107
1137 1115 121
622 2603 172
198 1081 72
1661 1558 72
543 4669 370
1026 794 72
1457 775 468
1221 433 12
1324 155 38
1194 4593 333
1530 1226 457
1757 4596 89
1292 18 268
58 294 363
1642 821 71
259 4027 89
2055 633 271
1304 225 111
589 802 107
851 70 113
707 3949 363
1247 159 457
1413 4328 285
799 380 70
1140 801 187
1538 114 72
407 4560 95
743 4722 172
558 1680 412
1473 4548 33
979 3526 260
1463 1174 145
603 242 33
1476 2692 150
212 2069 57
478 4368 71
727 2696 292
457 644 383
1888 563 44
2166 1404 54
1264 5203 24
245 5264 43
50 1290 43
1395 4410 112
490 3572 97
1285 1143 295
1127 448 333
1472 4061 70
636 202 56
538 1060 457
1342 581 51
1661 761 57
589 3386 89
389 777 71
390 3085 71
1278 643 364
1779 3089 232
792 3620 54
1708 4051 172
140 2370 57
31 419 286
2111 68 71
571 162 38
1199 1463 73
1241 3587 56
1182 202 56
916 85 89
468 1908 70
435 1942 202
1234 205 70
847 5496 96
1043 493 15
1596 2083 56
1709 1929 404
180 3379 42
1984 2994 270
1066 4417 71
2053 1018 375
1349 5434 363
189 3665 242
978 1265 55
1308 3235 165
617 1322 55
731 1275 142
1300 2755 303
1403 304 219
336 543 172
311 272 56
1758 3371 430
920 1046 206
848 3624 172
1264 23 274
1503 4922 333
2129 3359 284
1299 484 206
979 1193 72
270 1908 70
1353 1979 89
680 1359 71
1066 570 12
291 1174 145
1154 3086 10
1895 85 89
1174 1671 206
1460 207 316
1131 1999 12
412 1712 71
918 124 105
1252 3032 33
452 440 10
1008 538 172
707 3474 232
1969 756 57
301 1055 89
829 379 209
144 1869 89
1282 655 89
736 435 73
1045 3427 278
846 1625 297
633 4033 386
1169 659 303
326 4937 71
1344 1551 72
955 4161 185
339 648 44
1 496 113
1056 5038 32
787 3427 278
2084 3667 71
955 1868 104
1299 4937 71
581 1590 303
319 1829 55
1496 4179 386
307 1386 33
1623 3348 32
270 3001 10
1563 1210 307
339 839 57
355 4564 279
1793 1318 291
1039 5369 246
1149 1234 107
470 53 363
67 68 71
363 1422 56
1842 4692 70
725 440 10
248 3315 201
351 4674 72
1154 835 72
647 577 105
2294 3153 70
1153 3822 414
1030 2655 138
1066 1468 72
731 3864 48
181 911 180
2083 174 54
1288 5311 259
996 4426 214
1212 164 111
973 1937 307
412 2712 73
384 3606 403
387 101 307
1720 2961 370
92 1393 276
395 33 32
581 26 109
1565 5358 89
2111 4902 73
1283 1146 33
513 27 307
1670 318 234
1239 532 73
989 580 66
742 326 137
257 629 275
1606 1143 295
721 45 276
165 853 13
738 1343 318
823 528 89
1219 1410 12
1888 4427 406
606 4086 56
460 164 111
687 3287 92
1149 400 325
862 263 271
1206 1014 35
108 570 12
1388 1 463
1086 1455 40
449 1999 12
192 477 89
566 1572 206
1777 5490 72
2027 3446 43
683 1543 56
370 4198 278
436 377 54
1235 98 70
1251 415 359
176 520 89
110 1914 232
1377 2753 33
1584 4532 348
492 306 72
734 4132 146
176 209 32
1194 2150 242
342 339 106
2199 1041 370
967 933 77
1318 523 57
1303 2863 12
1419 3830 299
1147 859 85
1296 1615 38
169 1604 201
1047 3394 54
1152 1193 72
1881 4307 416
409 5245 137
1930 5044 412
1780 3131 43
65 325 56
1097 501 44
29 111 43
775 1662 19
628 2262 88
1475 455 107
865 735 453
1178 393 71
86 3427 278
1644 1468 72
1459 448 333
1578 661 72
552 2024 355
1578 4873 276
1699 1713 73
1324 5053 359
1248 915 57
2301 1253 73
616 211 361
370 1835 72
1644 3371 430
177 2752 34
388 3402 206
515 2646 355
2060 211 361
97 3662 10
554 380 70
186 149 71
705 709 137
1612 4198 278
683 910 273
905 3200 181
1451 1943 12
899 150 72
1360 3717 43
1170 27 307
1397 412 200
430 787 201
813 3393 23
289 1265 55
142 3883 318
106 582 85
789 3077 72
699 1815 34
87 27 307
869 5058 208
182 608 43
1408 221 89
900 4822 419
1250 4381 24
1293 568 333
1501 803 43
333 887 305
311 4000 71
550 1035 70
743 440 10
702 1 463
1691 5248 406
998 3039 56
799 5044 412
900 37 138
71 207 316
1140 2049 56
1488 1461 5
88 205 70
1012 1619 40
172 2487 453
836 2910 57
361 3347 79
41 1155 44
1657 4997 57
1209 2074 10
457 4051 172
192 659 303
182 1642 73
1072 440 10
764 70 113
1772 481 190
1376 1547 185
1206 895 38
1449 293 362
241 114 72
1796 4724 93
2021 27 307
1136 5592 139
828 99 70
736 379 209
1324 588 70
1357 1909 42
397 4919 72
1153 2747 137
2158 205 70
296 1316 110
1387 3592 202
356 960 57
388 1853 201
1217 2414 201
1503 751 295
956 1079 43
1052 3421 25
2218 358 279
736 136 73
644 2 75
1258 4911 103
394 817 226
912 1210 307
362 3536 33
1070 777 71
900 114 72
1215 3624 172
543 414 71
610 2799 303
979 687 9
278 314 119
1723 4682 278
1966 887 305
1951 4255 453
270 92 38
1187 3974 474
1218 299 364
1699 1451 75
2155 294 363
1235 636 107
2186 4396 71
733 2182 79
635 1921 425
1268 88 276
441 99 70
358 1185 392
824 1268 56
846 1414 32
1517 4442 132
805 5060 55
1326 518 363
829 2873 33
1934 5102 71
1164 842 57
1314 2376 43
404 316 32
618 619 72
672 4245 278
836 728 113
413 653 441
561 557 325
1849 3548 117
1502 4392 303
1222 28 47
314 1270 55
1576 191 44
1318 137 135
161 157 71
1548 728 113
1008 1310 466
523 2106 276
744 4009 465
85 459 73
1582 1984 271
403 4232 74
286 3701 328
379 27 307
492 82 34
387 4328 285
1160 400 325
672 4198 278
1024 1594 42
517 3222 206
2149 1703 54
946 710 89
1228 2406 65
860 795 89
1437 3249 337
1159 3254 71
441 2888 71
1281 2922 185
71 676 118
681 666 43
1131 1964 54
459 954 276
175 111 43
163 396 185
736 1146 33
1192 518 363
1689 3071 32
1337 4997 57
2209 4034 285
642 3788 31
2186 101 307
1003 29 12
677 209 32
396 1624 57
403 470 35
657 327 43
1230 211 361
1627 124 105
1443 3792 25
84 456 70
286 1136 303
657 761 57
1971 1860 89
1782 4296 143
635 186 137
1268 1249 72
575 958 44
396 874 73
1064 2764 89
1648 4542 73
1090 742 71
1516 242 33
17 1516 89
727 2926 12
1979 5496 96
629 2558 33
1788 136 73
699 1450 75
601 85 89
712 3256 48
132 142 57
141 3034 457
1189 1894 241
867 5419 414
1508 45 276
587 770 313
1963 447 181
1481 3625 6
1107 4844 57
1235 15 386
71 1006 286
907 439 285
1022 3570 10
1500 860 172
1314 529 252
699 330 190
2089 1682 206
230 860 172
326 1429 213
1305 4282 40
2003 1743 70
868 200 109
1865 4585 228
799 485 72
1237 155 38
1187 966 55
276 4763 32
212 1210 307
1661 3526 260
736 1464 89
1306 125 258
1460 5295 70
960 748 44
430 1362 73
525 1897 44
593 1032 43
2146 1175 415
2147 705 384
140 621 12
1470 17 43
1156 216 276
1268 1815 34
791 1543 56
2126 3551 57
317 3857 40
159 37 138
280 906 370
52 4333 92
1637 484 206
743 1712 71
1788 1827 43
1009 2016 263
114 5535 44
117 3861 113
2189 1999 12
246 1188 181
1451 761 57
1307 1058 457
1322 1712 71
584 1365 42
195 4734 57
1359 33 32
166 655 89
569 3010 86
289 2786 448
409 393 71
1237 5078 271
1140 4051 172
1402 101 307
1343 3814 426
2297 5553 129
2086 568 333
1066 2947 24
1709 415 359
1194 633 271
1078 3425 56
1250 3845 89
1423 865 303
571 1102 29
1212 4019 89
1927 379 209
1411 3016 112
1128 222 182
605 1029 11
1134 155 38
2029 953 70
1178 489 72
1283 485 72
1672 3935 57
1294 5116 73
1734 983 57
504 216 276
1744 4687 444
1850 1055 89
1899 3461 457
1858 794 72
1160 538 172
298 390 163
1347 817 226
112 613 87
683 3427 278
75 234 82
639 3806 396
266 726 97
2184 3894 105
194 3817 19
74 228 72
543 489 72
2237 441 405
665 272 56
71 378 209
1056 4012 370
1371 4711 70
828 76 89
711 211 361
565 1756 72
1750 1309 457
2296 2604 473
721 5575 71
689 400 325
2029 4367 258
1059 3268 91
735 315 32
1411 781 453
1615 97 71
656 1835 72
393 705 384
1839 5209 319
1232 81 451
862 633 271
62 3138 72
1059 4169 278
2203 5148 373
2278 245 95
1182 573 47
2029 1697 55
140 5114 33
507 661 72
1052 577 105
531 3793 89
589 2282 107
1498 689 56
1131 68 71
1294 1713 73
1459 2780 56
1162 643 364
1579 3503 303
1825 3638 303
1248 1778 56
1563 3505 71
651 1249 72
1515 2713 70
6 400 325
674 3882 304
393 4051 172
360 1306 186
489 3442 318
1140 3794 136
1608 619 72
1910 4600 314
2034 5085 367
1211 1025 420
888 518 363
640 1262 117
2082 2981 210
747 4425 97
1589 577 105
1574 5359 172
599 2628 57
1488 433 12
1394 1100 54
1561 1613 213
15 2813 72
228 302 71
1432 1656 250
1563 1519 71
191 2857 33
172 1194 116
77 418 307
279 448 333
438 1920 206
2142 3680 72
173 2883 97
1159 9 475
1009 393 71
1025 155 38
459 361 333
1066 3732 278
337 76 89
1270 4399 104
784 5561 56
1433 3216 285
620 526 47
931 4077 426
538 1758 434
106 140 253
2247 4284 32
1151 97 71
1 949 113
1455 4392 303
736 1712 71
350 13 467
955 753 56
590 3560 24
1428 1639 172
226 1726 91
110 2030 86
1983 3715 56
387 2023 180
279 1828 24
1999 440 10
597 179 49
126 692 89
1039 557 325
1503 1982 333
543 1388 10
192 76 89
790 205 70
1368 3185 206
1410 97 71
907 2371 73
212 287 307
464 1689 34
988 1211 94
792 376 55
1159 4483 348
1142 1686 56
565 27 307
2092 4245 278
1325 1394 190
397 767 78
516 2634 88
336 807 108
1777 2892 43
1894 5163 31
306 1908 70
1330 1696 89
1340 767 78
51 1349 206
2231 4061 70
194 986 89
1449 1358 89
310 2564 182
1624 1260 260
1328 72 71
25 184 12
1407 1514 10
362 377 54
892 869 57
1194 2059 206
980 221 89
796 3704 267
714 101 307
306 705 384
1472 5570 103
1562 1552 72
1383 9 475
267 1937 307
1363 216 276
1391 159 457
1774 2647 276
393 3526 260
127 2056 453
390 469 295
497 3629 412
2190 214 333
1817 139 404
115 4082 56
283 1046 206
1353 2240 240
580 359 56
709 3228 383
718 176 104
1 1613 213
355 1270 55
250 568 333
1008 436 303
167 3432 57
100 568 333
277 162 38
115 2378 426
1268 888 71
85 1969 89
795 3962 43
1588 3751 307
969 25 79
430 417 92
638 27 307
209 2909 190
186 533 42
593 202 56
1053 176 104
6 1940 10
333 211 361
789 3259 71
179 2369 71
979 97 71
68 1547 185
989 2801 10
480 1341 143
1460 219 71
1328 29 12
432 528 89
419 1879 78
846 2516 404
19 2565 28
1421 748 44
74 27 307
176 316 32
492 4499 45
159 2699 89
333 101 307
262 281 73
1599 864 260
360 1712 71
1215 5155 91
423 1091 73
317 1128 73
114 1270 55
1547 4629 65
542 2722 101
1410 228 72
90 2783 79
1329 2079 43
490 769 107
989 3653 104
2078 3427 278
1276 485 72
1228 4507 71
395 359 56
615 1169 25
483 1839 24
176 5457 303
265 2364 237
2315 3599 88
1413 3889 105
361 4396 71
91 2390 89
115 2495 62
54 1601 97
1133 4276 57
186 786 163
235 415 359
1512 5212 57
1283 4025 55
1644 524 71
1009 385 12
1759 1331 457
1429 938 338
1383 1857 394
218 4015 133
111 3576 12
310 689 56
480 3461 457
1300 3043 25
52 1517 32
452 2952 399
955 3946 34
1326 3370 43
1318 5367 435
587 2751 213
350 5111 89
213 358 279
2139 2180 325
1 2168 113
150 748 44
1042 164 111
1798 844 40
1021 979 78
503 36 44
142 761 57
1567 1637 201
2299 3678 47
438 1613 213
1376 1672 72
809 418 307
412 2752 34
1699 5134 78
998 792 231
1828 5415 333
1455 623 57
543 3559 204
1512 4473 295
955 321 190
749 4997 57
1278 4079 258
475 2513 358
1832 963 89
264 159 457
1455 3656 260
1799 2585 246
912 209 32
549 447 181
272 669 197
1481 1410 12
777 147 56
939 97 71
80 1558 72
790 3247 414
1915 3427 278
483 1387 57
2098 135 307
1003 379 209
198 1126 274
30 116 42
317 2836 72
188 246 55
84 457 87
511 1950 100
995 498 190
2282 1331 457
1173 313 421
689 444 72
598 76 89
496 647 303
1021 3443 318
48 576 63
136 2329 100
1387 44 43
969 29 12
82 445 426
1717 1622 73
948 400 325
1138 1566 403
2211 1970 87
21 2187 57
317 1409 135
1318 68 71
2086 1309 457
1394 520 89
1519 3308 185
1753 5430 155
1855 175 104
714 3891 115
1623 840 386
1309 72 71
566 1977 87
1128 1547 185
1187 2302 32
1131 1746 78
306 3842 139
1578 1999 12
1045 2273 43
415 1712 71
501 3420 25
599 807 108
1470 593 42
615 2753 33
1576 1712 71
1221 620 73
1493 542 396
565 1331 457
507 3785 463
837 4943 42
369 101 307
382 382 39
1507 470 35
488 1537 47
1515 362 71
2222 2940 298
335 3254 71
760 97 71
473 915 57
1081 274 42
1194 3765 73
466 2494 12
799 1063 457
423 2785 205
871 728 113
1296 2172 405
26 88 276
330 1158 32
36 3455 71
1266 200 109
51 27 307
379 1610 10
1817 1020 405
276 79 353
1169 279 457
1226 2274 54
189 229 43
2015 901 42
242 4119 192
1478 4446 40
1156 123 139
1155 1994 231
822 958 44
1140 4050 172
169 2114 367
626 1851 41
2003 363 71
311 589 89
169 5063 60
1141 761 57
335 400 325
1236 380 70
214 2233 165
286 196 89
724 318 234
747 92 38
497 3764 110
996 713 87
1371 3276 177
540 25 79
549 728 113
117 82 34
1066 655 89
1082 2926 12
188 1804 12
942 853 13
2238 29 12
1425 583 278
1123 2239 205
1983 1184 56
62 310 72
259 5543 381
515 4851 278
1576 728 113
1133 1712 71
1298 211 361
1774 3300 72
1538 4805 56
97 2872 3
1230 2184 55
1492 135 307
589 561 107
2104 860 172
304 581 51
1231 1889 56
1488 568 333
648 688 89
374 1573 12
1183 318 234
1167 1493 241
131 707 29
1229 97 71
362 1355 72
362 5412 158
141 2400 55
1278 5208 363
1324 4144 71
464 2640 57
1481 5159 386
169 861 369
698 2538 96
71 1136 303
1032 2188 75
1803 3895 105
256 400 325
929 71 72
71 377 54
454 1278 144
1150 99 70
1607 4247 465
370 472 100
2026 27 307
1813 892 54
1450 4340 55
327 2332 369
207 645 246
412 643 364
554 362 71
607 279 457
1055 415 359
217 3003 56
1235 2397 209
1855 229 43
1310 792 231
1137 176 104
2271 2778 6
1601 4796 71
1473 711 89
1629 3923 404
753 4455 89
2250 379 209
1305 489 72
888 1115 121
1468 4967 268
265 1057 246
489 4242 163
1016 5248 406
1615 891 137
1067 586 12
303 732 271
955 5347 245
889 76 89
31 1310 466
693 568 333
1190 298 71
907 211 361
51 1285 3
552 29 12
521 182 72
350 211 361
481 388 402
196 2040 88
1393 1179 63
604 312 42
432 32 56
1299 844 40
1516 649 57
1797 2926 12
110 1034 54
283 568 333
636 506 215
85 3763 307
1104 5133 71
468 4780 72
379 2584 71
88 4061 70
1315 764 143
807 2203 192
1856 4922 333
1074 796 107
1851 1228 185
382 4336 30
136 550 77
542 1552 72
207 1101 239
1753 3316 457
20 216 276
1143 3 12
1279 4531 70
1596 802 107
1728 1240 72
835 906 370
100 2029 158
97 27 307
1368 1682 206
472 1410 12
1571 1871 41
1442 5563 202
1180 5197 34
71 4984 52
643 5011 172
1492 1 463
2186 295 341
846 2892 43
1266 3723 297
1348 3078 51
145 98 70
795 231 72
1831 4564 279
851 2307 416
79 435 73
1793 1046 206
1435 514 404
1324 114 72
181 340 56
1600 250 89
236 470 35
534 2283 152
314 1212 178
1081 980 113
1806 4548 33
1855 501 44
1145 2094 71
1578 2137 176
1807 3427 278
1588 903 62
100 425 57
900 608 43
278 2494 12
835 205 70
955 705 384
1223 1712 71
1339 181 453
703 3501 89
2088 4368 71
126 775 468
1363 4399 104
1481 1784 32
1274 1671 206
63 1908 70
71 1859 437
584 2970 89
331 1713 73
1796 1682 206
1419 5066 278
111 2831 56
84 1284 6
184 101 307
932 138 79
1231 229 43
670 369 196
584 2295 325
339 245 95
1610 76 89
767 4508 130
1059 980 113
808 462 71
1918 124 105
763 3278 449
353 1815 34
509 1731 57
2169 4596 89
173 2573 159
952 181 453
637 520 89
1059 4407 44
425 1029 11
531 415 359
1269 2654 89
490 1007 285
89 3549 144
2211 525 71
349 754 42
1872 4757 271
1575 2329 100
227 2007 57
376 1185 392
425 785 73
1222 3533 63
1023 210 56
1154 939 89
857 2895 444
1420 1888 71
350 321 190
336 1245 373
264 1244 416
1039 4935 246
324 586 12
148 786 163
1245 3134 57
1677 245 95
700 3585 104
2300 5574 232
259 2065 73
1851 33 32
1410 1200 71
608 435 73
634 2799 303
1314 30 71
1009 3401 274
1236 777 71
1464 790 364
742 1019 375
119 2055 442
324 1319 25
292 254 57
1267 583 278
1020 826 43
92 327 43
1059 1077 318
1216 633 271
1271 1373 71
543 5145 71
1221 1085 57
1360 5462 108
1344 1838 72
355 277 316
1214 4843 43
962 2834 55
2131 5138 405
931 3427 278
128 33 32
427 5198 73
709 3427 278
1203 3983 412
393 71 72
1861 462 71
1202 3158 468
396 1600 333
93 5514 92
94 1442 152
989 581 51
59 1729 97
1174 1210 307
819 3048 191
477 3437 42
721 581 51
1675 681 303
1534 4979 434
1567 439 285
438 3758 10
836 782 44
2279 701 72
848 454 56
2214 211 361
163 2056 453
1003 3782 245
1090 318 234
74 380 70
452 1886 328
1270 2461 149
35 5257 32
1035 371 73
1384 4932 209
1311 2100 113
399 942 113
240 3073 73
1480 4051 172
1151 659 303
893 802 107
1653 804 72
256 4997 57
947 2100 113
1408 2672 209
1036 3003 56
447 1249 72
2298 5367 435
257 3542 185
2318 2880 404
1941 1221 338
794 136 73
967 408 43
1236 529 252
266 1451 75
99 472 100
2241 222 182
778 3003 56
1052 3769 42
1694 139 404
272 4849 12
1349 400 325
2108 1588 285
984 1951 300
2165 1212 178
1183 4122 278
443 1046 206
71 73 72
1212 5221 163
1746 29 12
1887 903 62
1360 501 44
324 287 307
736 391 89
77 420 190
1272 4759 200
51 248 384
1276 436 303
432 781 453
170 1439 34
677 415 359
894 2696 292
225 454 56
1855 4264 70
1572 27 307
1913 199 56
668 1983 307
731 1467 43
2229 4116 25
1491 925 276
196 4088 57
1765 628 174
999 71 72
583 893 71
1612 25 79
2296 4778 461
2162 4227 89
969 659 303
387 98 70
1197 3722 219
1414 847 291
1212 234 82
1127 2244 468
1104 1379 89
1090 76 89
867 1980 224
665 1310 466
54 1198 78
1550 68 71
1402 4478 258
1264 4411 303
151 1033 73
910 791 71
108 261 12
542 3010 86
361 2396 41
507 136 73
1258 4766 352
3 2534 334
1263 68 71
1124 4451 89
1187 4890 465
1096 710 89
973 101 307
186 621 12
108 2569 12
912 3239 272
556 856 149
433 1041 370
1064 1584 88
1202 4061 70
1035 975 71
62 5175 57
1008 252 363
1103 1984 271
1302 728 113
1268 1853 201
918 2709 206
2033 3427 278
76 568 333
1 936 113
130 754 42
1395 2953 396
1407 306 72
674 216 276
31 839 57
2200 159 457
1439 3144 89
618 181 453
1673 412 200
1619 4011 368
3 418 307
1271 2141 303
6 2444 12
151 316 32
161 966 55
224 439 285
677 2100 113
1178 2724 71
306 4731 358
1901 697 57
387 619 72
592 2220 78
1923 906 370
1088 3169 260
369 2317 47
1282 5237 455
81 137 135
1799 1222 12
780 473 285
1 1819 359
1580 1402 353
276 4341 42
1596 272 56
1172 92 38
31 324 38
1036 4330 56
793 633 271
2165 35 56
1493 724 89
25 640 12
1276 779 143
435 2853 143
828 761 57
1609 2208 52
41 1766 71
1221 4200 347
483 2409 10
1310 5423 71
511 1690 57
267 1260 260
1068 659 303
1349 4216 278
83 5142 71
1338 5043 238
157 568 333
871 1365 42
467 1175 415
2049 278 354
870 308 47
972 2090 374
1049 628 174
251 2328 107
1014 522 42
1326 4478 258
846 1561 57
1413 1902 333
1295 342 24
1252 2191 33
1210 298 71
604 156 89
565 1888 71
1145 983 57
1076 3520 396
149 97 71
707 1155 44
2250 1342 89
1302 4131 56
1024 3249 337
1240 85 89
454 286 318
1225 2276 359
386 666 43
80 836 312
149 3705 57
498 3432 57
985 205 70
541 988 137
1700 1579 12
1499 2620 333
948 1281 43
1093 4483 348
377 2023 180
244 1240 72
1061 2637 307
961 1613 213
992 709 137
304 728 113
1413 3987 276
1790 4714 89
54 268 55
1139 2567 201
28 97 71
773 3252 42
1220 1011 87
734 1332 42
870 1045 57
2200 74 424
1929 76 89
1984 6 160
1395 33 32
1132 142 57
314 2439 177
263 153 71
1530 633 271
912 2797 350
1269 744 361
1147 5059 246
1188 1284 6
1258 2254 468
464 101 307
969 318 234
1324 2481 91
912 4810 210
97 1460 260
90 1253 73
610 3014 220
619 3775 89
1917 4560 95
75 3929 376
1907 2589 11
1169 363 71
668 3730 44
93 1970 87
1584 849 348
1296 2980 406
169 1346 89
41 3565 57
857 3285 354
147 724 89
939 448 333
1960 1615 38
268 3164 55
1228 4198 278
1286 3924 85
869 774 32
370 362 71
18 4785 89
948 1018 375
1488 1031 260
1622 180 78
482 36 44
1820 146 33
377 761 57
859 71 72
1532 920 192
743 764 143
764 701 72
668 2941 404
1410 1411 32
1272 581 51
814 4176 10
27 101 307
254 475 89
34 4284 32
92 1927 281
1103 181 453
400 608 43
736 1691 70
989 1260 260
423 1591 304
836 3074 73
798 420 190
1058 782 44
720 1175 415
1381 74 424
806 4419 44
2216 647 303
370 2720 24
1676 2859 57
1547 988 137
2247 2445 89
1247 1713 73
73 4063 56
1753 3278 449
1052 3514 249
2105 1968 318
181 1046 206
891 76 89
261 2494 12
1724 1146 33
2073 522 42
1384 764 143
1472 4300 56
1192 1 463
572 440 10
1562 2058 72
116 728 113
814 874 73
1938 2 75
1345 1956 209
1303 221 89
887 4199 181
13 1045 57
805 4796 71
1155 380 70
1538 605 137
1589 174 54
2151 3018 70
361 28 47
270 5216 103
1324 3689 89
463 1525 56
219 464 92
1817 162 38
1899 518 363
67 362 71
1066 2701 137
580 928 12
871 4955 279
370 710 89
727 1285 3
956 882 87
1322 2462 149
648 3616 57
936 68 71
94 4600 314
1380 3430 57
169 370 50
1066 216 276
1143 1702 78
237 3108 75
246 3005 88
145 3991 90
1335 2623 276
9 2212 32
1635 3082 404
1009 3588 453
1625 190 42
1536 2426 236
473 3370 43
554 219 71
154 2430 77
1252 2304 359
459 1654 354
1936 903 62
1312 2454 190
1429 186 137
835 1580 209
1460 698 333
241 311 125
1055 3587 56
1115 619 72
291 790 364
991 2894 42
194 298 71
79 439 285
337 1470 42
990 2245 57
1216 1167 206
412 3137 201
374 2928 31
1360 2443 24
629 171 12
2195 5165 316
67 216 276
867 3427 278
194 136 73
1210 1886 328
25 1384 71
374 1251 12
1416 1677 386
1926 122 33
248 761 57
1031 279 457
1136 137 135
4 3956 285
1316 4089 89
420 722 89
248 4701 231
196 3673 303
1601 1712 71
265 526 47
1298 3353 92
37 4182 185
1395 2122 92
1221 2720 24
248 76 89
432 3564 57
538 764 143
1123 73 72
1438 483 72
2186 1627 232
805 4051 172
1626 136 73
351 136 73
453 728 113
478 63 71
384 4775 43
1398 469 295
1009 32 56
699 3922 57
1843 4473 295
451 779 143
294 1074 71
1375 2773 32
1 2169 338
1777 2273 43
706 5415 333
1760 29 12
798 590 89
180 1801 43
1384 70 113
1226 1618 40
969 1258 73
1316 1824 31
360 3306 107
419 3504 71
930 79 353
335 2295 325
286 893 71
699 529 252
248 1034 54
992 1810 84
1066 2979 89
554 781 453
225 2699 89
1018 1099 449
1265 1055 89
795 805 70
435 360 57
671 1136 303
1235 715 32
626 1133 56
2173 1942 202
1201 2214 71
1895 2489 307
851 507 404
1690 27 307
140 27 307
314 29 12
121 663 70
842 68 71
986 5279 396
969 697 57
1382 77 91
173 2374 421
1556 810 43
1170 4499 45
215 626 56
235 501 44
149 485 72
408 171 12
725 305 159
1036 1015 355
1093 659 303
1824 449 453
1744 5029 115
1396 76 89
1548 287 307
1 533 42
1058 400 325
1229 4840 284
867 3634 115
1153 97 71
1394 200 109
1062 15 386
900 3601 71
253 2336 43
354 4245 278
977 4839 71
950 736 386
2156 1675 325
635 3303 71
1305 85 89
871 2926 12
1271 4722 172
1576 251 71
207 453 89
49 1804 12
1487 1813 357
597 68 71
915 124 105
174 4072 450
278 937 361
2262 468 78
1215 358 279
1480 1310 466
503 673 120
791 858 12
997 701 72
1035 3578 72
647 3216 285
249 136 73
838 844 40
554 1970 87
937 3186 142
1714 3239 272
1963 1256 303
1053 543 172
1199 37 138
1412 178 97
510 29 12
246 1065 378
573 440 10
1172 3023 89
140 829 43
1465 5108 130
691 3554 32
482 501 44
1562 523 57
524 3254 71
559 2553 333
132 122 33
1308 1353 71
1464 358 279
713 3970 403
240 3112 63
1317 490 159
736 2379 457
317 1027 54
1346 887 305
495 2669 26
372 92 38
775 1545 246
1208 2327 213
1673 1789 137
828 98 70
1427 2844 276
1247 2528 449
974 2002 89
1220 2784 43
1020 983 57
280 1251 12
51 3484 72
303 2427 56
792 179 49
1300 1278 144
755 4198 278
436 2004 107
1350 4051 172
674 1508 316
804 3427 278
872 179 49
1338 418 307
696 97 71
1528 454 56
427 526 47
648 1310 466
41 3145 159
1652 2566 83
131 248 384
1964 15 386
1862 2733 276
1493 447 181
1102 2374 421
707 1298 307
1020 3701 328
157 2263 86
1471 2813 72
1473 306 72
711 4803 33
169 621 12
241 245 95
993 1287 75
432 1909 42
1281 4171 89
1339 98 70
88 470 35
1517 1186 378
888 3940 278
1442 628 174
736 1696 89
44 70 113
1097 1055 89
1435 3530 254
1093 840 386
396 996 303
1776 316 32
406 163 32
273 2889 341
581 1254 285
625 203 316
2073 181 453
1082 5091 360
452 1456 287
803 1218 185
948 2712 73
1299 1571 206
629 4241 12
1642 3097 70
283 4324 44
1139 214 333
1250 5555 73
1492 3823 364
2168 4307 416
2194 2107 276
1839 1146 33
1499 428 33
41 655 89
1043 1310 466
710 472 100
846 3868 241
1189 1505 386
1188 403 25
396 359 56
42 1620 307
1236 1117 190
969 214 333
1681 72 71
66 343 33
314 4600 314
455 200 109
541 4300 56
965 440 10
2010 506 215
879 1227 318
165 2277 65
996 4381 24
1502 761 57
417 4640 94
1685 5442 442
668 892 54
52 3626 89
1149 929 55
842 543 172
1319 294 363
192 297 73
1003 205 70
628 3483 42
343 915 57
1855 1200 71
654 959 44
1 1467 43
1903 915 57
1579 3814 426
1778 2690 12
1159 781 453
233 647 303
1084 200 109
1867 2547 346
557 1410 12
1206 2369 71
799 4713 104
414 458 74
1342 628 174
1546 1231 276
635 2204 24
1457 655 89
435 918 71
1287 1615 38
196 1934 10
1330 744 361
1172 709 137
2084 1461 5
997 606 9
71 381 43
425 2752 34
742 2390 89
163 98 70
1538 1439 34
59 3931 75
544 1041 370
1682 815 251
899 5195 468
377 989 137
1825 274 42
235 1817 72
184 1852 53
1138 72 71
795 4011 368
1341 1842 70
1532 1533 172
1110 1165 138
627 3370 43
406 298 71
361 1396 426
413 200 109
617 74 424
1235 1200 71
452 905 370
1013 2979 89
240 3549 144
1981 1192 92
1169 359 56
51 5292 258
1681 4078 258
554 536 42
483 2747 137
66 1551 72
1706 912 181
63 27 307
2195 590 89
1062 4997 57
829 759 333
1744 1000 89
1329 1623 72
109 117 307
1615 36 44
1903 603 71
417 3499 285
1374 4813 75
1484 659 303
1799 176 104
1580 814 446
194 102 221
1225 767 78
314 98 70
1447 734 89
1487 777 71
917 5144 307
2068 1126 274
2301 3033 295
1520 311 125
1067 737 386
1904 797 39
64 2882 71
1187 1 463
263 4399 104
1577 342 24
159 5165 316
728 27 307
417 2474 71
1915 3399 426
807 5186 185
1572 415 359
303 2421 273
125 3731 25
1540 2666 226
1811 1006 286
805 4188 107
396 1251 12
1206 1598 70
854 836 312
1342 447 181
1569 5439 12
1879 3897 56
910 816 12
828 71 72
1369 4482 268
60 76 89
1 1565 56
1070 1149 33
34 3588 453
1233 748 44
379 2398 440
860 3886 57
2195 4028 38
588 1046 206
1986 314 119
130 2028 72
1295 76 89
39 1331 457
780 118 44
2199 2059 206
1502 92 38
619 164 111
1910 88 276
812 5256 57
245 2279 79
154 1091 73
592 767 78
516 4399 104
1678 5210 117
1284 454 56
844 2100 113
308 1390 355
2015 2275 56
1317 1277 44
129 472 100
900 5390 70
1064 1456 287
561 418 307
587 435 73
925 1747 78
1225 1453 147
1415 68 71
1287 4849 12
390 390 163
1026 362 71
814 539 55
483 3254 71
1982 1226 457
540 3135 43
97 99 70
1142 608 43
787 3348 32
1058 1274 167
2104 439 285
1812 5136 89
659 85 89
794 647 303
304 1046 206
462 117 307
658 1714 354
635 1800 56
549 4365 348
1146 5017 278
180 4798 285
1965 886 71
31 5577 87
663 216 276
876 82 34
1292 435 73
174 4425 97
1340 543 172
1125 1046 206
335 1683 10
1813 162 38
192 4219 449
1226 912 181
546 2240 240
992 1254 285
1462 2613 206
1417 2800 285
359 3669 72
907 1592 286
984 1194 116
209 1053 137
1281 15 386
629 196 89
625 767 78
425 400 325
1302 4607 268
549 2561 206
1391 792 231
626 4261 12
1342 636 107
1578 608 43
230 857 57
501 211 361
544 1712 71
969 568 333
1048 4909 12
319 490 159
1244 37 138
327 2701 137
523 3185 206
1128 4405 209
247 3022 42
1360 1 463
1524 25 79
130 124 105
1407 1289 33
1288 1776 159
1972 3899 21
1154 98 70
468 3568 278
990 393 71
1044 469 295
1084 2873 33
989 2855 57
1492 85 89
1355 5464 333
881 298 71
824 3276 177
1140 4373 57
388 1461 5
833 439 285
1233 4284 32
1191 3515 185
1745 2666 226
1523 2254 468
41 5536 44
1254 3427 278
1328 2405 83
1435 4977 405
290 2408 5
1576 2916 43
277 3002 316
259 1860 89
79 434 73
1492 3853 71
1039 4717 200
1634 1971 78
1302 709 137
154 1451 75
66 72 71
2303 4026 364
1527 710 89
1588 3692 278
97 3339 9
396 3153 70
1760 364 276
497 3308 185
1847 414 71
1053 542 396
2104 4051 172
68 995 285
824 97 71
1235 635 271
629 2445 89
2014 1999 12
999 3348 32
34 816 12
2148 1703 54
242 3327 192
787 3585 104
2218 853 13
798 4963 278
412 1175 415
696 248 384
1379 915 57
161 3127 57
362 772 89
1410 4120 33
2015 4586 12
1110 2474 71
349 175 104
391 76 89
779 1060 457
791 4091 24
1 715 32
989 633 271
663 2381 94
64 482 70
355 5325 278
1323 586 12
900 2259 89
767 1461 5
636 29 12
679 400 325
979 33 32
1739 277 316
97 814 446
1326 359 56
1351 256 285
1713 1533 172
1812 4664 457
1774 513 357
1923 27 307
1336 646 42
1473 2046 56
734 3724 38
762 2782 246
1296 1154 97
995 744 361
1372 279 457
2147 3128 468
1618 2604 473
163 439 285
193 338 91
1059 1922 359
888 1889 56
1863 318 234
1368 2392 207
301 102 221
1265 121 89
866 2827 74
1861 656 285
2216 108 71
261 1170 56
115 2 75
39 27 307
1014 1325 115
956 211 361
163 1999 12
159 1909 42
799 905 370
2100 728 113
1821 2958 370
979 1278 144
1066 3792 25
1601 114 72
401 2900 127
97 228 72
1281 3504 71
1215 3074 73
343 3427 278
1272 4051 172
244 2329 100
383 782 44
180 4438 44
668 1471 73
1147 3152 40
1415 15 386
753 46 97
1500 659 303
787 4653 383
1395 1325 115
158 4943 42
1818 564 91
2225 101 307
52 536 42
246 2992 206
2114 124 105
987 4997 57
172 1424 43
489 3546 42
89 205 70
1395 5115 98
264 2359 463
1548 3990 303
2058 2758 44
351 613 87
918 2059 206
1851 4547 206
350 36 44
904 2842 72
2105 277 316
2015 566 21
1141 136 73
2226 2812 270
565 4844 57
1844 2167 57
31 1239 72
260 4221 56
1620 29 12
59 1242 414
608 523 57
317 901 42
490 489 72
922 1563 25
1336 4385 406
1110 448 333
1128 180 78
1355 2727 15
834 1217 338
1962 605 137
549 1153 199
2176 1199 56
729 76 89
2185 159 457
1811 2144 258
1171 347 40
1020 1240 72
1295 13 467
1141 2548 295
151 1537 47
1350 3250 285
106 1074 71
1190 568 333
1182 174 54
201 400 325
1754 289 56
1361 183 115
71 4328 285
1232 1664 56
340 1451 75
869 753 56
719 4357 206
241 333 32
902 458 74
501 1575 270
846 363 71
2038 205 70
706 1312 458
1060 1199 56
999 1211 94
1289 1055 89
566 5419 414
114 3579 40
584 1734 54
1765 1258 73
1572 21 2
721 538 172
1762 3089 232
1341 787 201
1160 659 303
540 41 55
149 2223 364
1249 751 295
273 3427 278
841 1436 34
62 761 57
689 304 219
367 145 56
1217 4497 143
1195 136 73
936 18 268
1178 1325 115
939 2161 9
1677 659 303
2082 1671 206
1953 17 43
1221 2345 57
1057 178 97
515 180 78
1016 3022 42
707 5581 307
310 3850 369
568 1419 73
1661 709 137
674 117 307
556 1801 43
1701 27 307
521 262 318
1384 305 159
350 787 201
117 3580 206
1521 1712 71
1357 4198 278
1949 5553 129
1175 1012 72
931 490 159
955 1504 71
269 196 89
1425 4699 192
1221 2529 70
822 1254 285
422 581 51
1125 318 234
146 776 195
1188 3029 55
1220 3746 375
1340 3530 254
1406 2365 213
1953 361 333
2206 2366 290
322 1292 4
662 1874 43
998 815 251
1044 643 364
568 1213 143
945 1950 100
1234 412 200
14 2240 240
1110 855 71
1170 87 24
2149 439 285
608 2736 44
136 289 56
543 98 70
1220 4289 332
480 1046 206
192 136 73
437 1756 72
2257 29 12
362 3475 70
187 101 307
1469 99 70
1758 1212 178
41 1183 206
367 4077 426
1516 633 271
1923 2930 243
1396 4785 89
157 291 380
1138 2870 185
1907 396 185
1401 472 100
779 3835 190
1700 482 70
128 29 12
1222 137 135
729 735 453
969 1277 44
208 1050 136
1686 2150 242
2172 98 70
389 493 15
1533 1122 96
565 4145 24
880 2983 305
1154 1931 444
1393 2367 206
1878 2771 32
449 2764 89
1529 3430 57
483 1331 457
736 4013 57
1212 76 89
869 3058 82
409 489 72
1269 2604 473
944 286 318
807 3601 71
742 3438 137
360 4370 272
2254 781 453
753 32 56
1790 942 113
1182 42 276
1314 1231 276
687 2452 33
501 2103 424
258 2263 86
1540 181 453
1178 533 42
1560 5017 278
790 378 209
1632 483 72
374 973 116
1061 2426 236
1420 3854 70
86 464 92
1270 732 271
1059 1508 316
62 1834 32
92 514 404
64 1263 73
836 245 95
1264 88 276
97 2806 173
1054 983 57
274 1908 70
1629 4594 34
1131 272 56
1271 5546 285
668 4347 63
1147 1719 12
1452 4958 276
1830 211 361
279 3427 278
1871 761 57
1405 480 190
330 2647 276
413 1226 457
1340 2057 53
2088 568 333
1020 483 72
969 101 307
1143 724 89
1898 3857 40
85 1794 419
114 3736 56
1253 3225 314
1818 2869 32
289 2456 24
2123 5011 172
15 3454 12
1831 715 32
1316 805 70
1868 5167 57
435 1278 144
361 1254 285
553 27 307
1428 659 303
637 1889 56
583 2089 12
1754 847 291
17 499 44
43 76 89
787 4806 465
2153 1045 57
301 2010 73
770 3538 453
2087 27 307
195 539 55
2184 3771 105
1032 1322 55
996 137 135
1336 676 118
1875 435 73
263 324 38
787 802 107
1477 3666 276
60 439 285
1660 3500 303
449 2258 92
798 99 70
473 3710 338
1233 3542 185
393 58 147
1102 1115 121
162 2703 137
1841 2648 471
370 922 77
998 2194 44
31 1400 89
1310 3389 451
1451 5252 32
341 40 72
14 4706 71
554 400 325
355 3605 33
1202 735 453
547 1956 209
1017 97 71
525 895 38
370 2855 57
898 2569 12
381 5480 260
118 652 333
1411 2876 453
483 1319 25
1951 2107 276
487 875 73
186 3550 113
337 1370 73
846 1451 75
727 192 57
516 162 38
106 584 10
1557 5261 465
261 3468 72
67 356 56
900 501 44
1022 892 54
81 453 89
1097 2410 190
1401 915 57
340 400 325
1460 3002 316
71 1004 303
1577 1613 213
89 2681 32
637 2938 359
705 6 160
387 602 71
2252 4743 392
721 462 71
548 4128 209
1150 289 56
736 196 89
1117 146 33
265 1795 71
955 359 56
1020 4470 10
2180 1046 206
1637 1897 44
1066 2770 56
1039 568 333
13 2025 89
598 1458 285
1863 1876 89
1925 68 71
315 5521 72
1009 1712 71
629 3867 32
1711 5406 97
1350 687 9
683 2752 34
1472 1467 43
926 3887 238
1274 3402 206
1300 4229 57
943 2971 190
1043 1312 458
1258 1310 466
139 740 386
816 3303 71
1561 3058 82
1141 2749 185
330 777 71
1584 1615 38
1644 489 72
91 76 89
2095 1227 318
367 1798 25
955 714 104
207 431 43
628 4154 96
1311 98 70
1727 1921 425
1035 4027 89
358 5483 139
1615 5293 274
144 542 396
1982 3177 456
1516 2361 104
1096 3936 71
648 3717 43
600 756 57
1151 4349 77
674 423 285
1859 400 325
706 343 33
668 159 457
1346 76 89
1700 5519 333
2067 1220 213
124 684 57
77 728 113
1275 76 89
1236 4588 103
721 3886 57
363 3709 56
689 647 303
851 181 453
537 112 384
1578 2139 284
303 3845 89
550 3930 143
965 1583 73
587 92 38
1470 3633 64
258 2068 107
1103 3427 278
1472 526 47
1623 2266 412
52 4390 316
361 355 72
1544 1508 316
1742 1888 71
1216 5307 207
1236 2971 190
388 1640 201
846 2358 427
1832 5129 72
852 2833 89
687 454 56
2256 633 271
778 3308 185
380 557 325
1236 1615 38
1013 1849 155
618 3427 278
656 4125 32
1320 1937 307
854 844 40
1159 840 386
2216 1490 268
92 496 113
1344 5226 15
187 102 221
1146 216 276
913 299 364
261 1530 271
1421 1999 12
1216 400 325
778 2607 12
1406 4930 104
1389 4509 57
1102 525 71
1064 4093 88
2078 1879 78
1507 74 424
92 895 38
637 3281 70
106 590 89
445 2078 127
1428 773 171
1202 2462 149
186 4355 32
192 2379 457
515 25 79
1564 4719 102
830 4302 365
1140 667 24
1411 2945 292
2065 29 12
94 590 89
538 767 78
1155 4895 7
736 2063 42
581 3954 453
1011 3473 83
1585 2297 79
86 2827 74
132 827 89
1300 748 44
1362 85 89
1814 3879 89
2116 97 71
802 4674 72
1501 1229 192
2084 2382 12
1467 2428 31
814 205 70
1296 643 364
725 1337 87
795 3126 246
1345 15 386
1371 1226 457
1578 1122 96
1476 2070 57
1443 5 73
13 1135 230
1292 3679 73
2186 323 89
207 1048 206
1225 586 12
127 3954 453
1887 132 145
259 2267 89
510 358 279
1189 1331 457
1051 507 404
651 3753 89
2142 439 285
2239 5001 210
1928 3638 303
329 1440 71
2208 72 71
1156 5483 139
186 4384 278
1689 281 73
254 68 71
1325 2260 251
699 229 43
1556 558 111
1406 1228 185
1229 4722 172
2190 99 70
368 1331 457
341 593 42
2023 1240 72
454 522 42
1578 784 57
195 489 72
1477 5434 363
237 140 253
727 5332 33
2230 542 396
1483 1941 286
173 1815 34
731 3355 70
299 139 404
1990 4548 33
599 391 89
1541 211 361
1631 3796 458
446 1326 108
1235 327 43
452 159 457
1270 3276 177
1967 1055 89
1451 71 72
515 922 77
276 111 43
103 310 72
212 915 57
1309 229 43
1641 4004 34
573 655 89
792 873 73
549 4971 457
515 4238 278
808 458 74
2216 5139 303
1302 802 107
1151 4413 97
1584 1040 89
1395 29 12
1602 15 386
362 728 113
2120 1680 412
1282 4086 56
426 2469 120
1172 1394 190
354 178 97
567 1565 56
151 5369 246
1389 1046 206
1966 3688 143
749 382 39
1488 4368 71
171 2638 55
97 502 107
822 3157 97
996 4414 73
228 82 34
1583 177 12
108 3008 35
568 211 361
1046 983 57
974 1282 24
837 2666 226
955 1290 43
565 3189 457
1917 541 97
1219 101 307
705 2762 89
191 4103 33
436 2497 66
604 2977 295
1340 202 56
52 45 276
257 1219 185
308 2375 70
723 655 89
1835 436 303
2015 4531 70
689 620 73
54 2066 12
900 277 316
111 2777 190
1208 3065 387
329 25 79
1730 2713 70
1501 5345 409
19 1625 297
1151 1633 120
1216 4420 107
1248 1676 73
1668 136 73
1070 3250 285
955 626 56
912 850 388
1531 1079 43
1623 781 453
1059 251 71
1584 1014 35
247 1199 56
222 774 32
565 1451 75
1740 29 12
155 1143 295
1678 631 167
1131 1977 87
1123 72 71
67 97 71
1774 5247 71
492 255 285
948 2049 56
437 2214 71
1326 3169 260
97 2 75
78 426 43
1400 2082 28
1475 906 370
54 2517 57
869 2900 127
60 119 22
651 543 172
807 298 71
689 297 73
1031 498 190
1188 2641 42
490 255 285
1314 4329 12
875 5272 66
1154 71 72
939 4640 94
451 1055 89
110 41 55
1229 647 303
401 371 73
1720 4399 104
529 3521 33
1151 1320 295
1622 1275 142
1277 485 72
381 487 107
762 1535 73
1861 415 359
379 1603 107
799 2183 70
389 1262 117
169 3752 305
370 1654 354
1421 2077 465
955 3778 71
1276 611 285
1584 136 73
747 777 71
1393 1269 43
1505 1210 307
97 2374 421
454 3401 274
1215 4051 172
1467 656 285
2055 1099 449
1486 2065 73
792 17 43
1419 1046 206
711 68 71
838 955 31
846 772 89
195 947 33
407 5506 118
1520 2445 89
1323 3819 42
790 3685 137
427 4133 344
979 436 303
1299 842 57
370 2921 185
76 659 303
889 99 70
1168 216 276
556 711 89
406 27 307
1205 2349 258
240 2916 43
2279 717 236
1283 2666 226
31 1284 6
2266 2730 44
2246 1997 71
529 118 44
314 479 71
1136 4976 56
432 29 12
1037 761 57
207 698 333
358 245 95
903 2738 29
460 134 201
699 4752 94
851 1558 72
1153 3216 285
374 1817 72
225 5513 137
1141 1990 213
111 1252 44
2040 4945 12
547 29 12
1047 3648 12
2318 2726 358
2006 5524 183
1663 3165 209
1143 3039 56
2061 1122 96
1651 933 77
1194 2001 89
1437 4660 42
1299 2388 73
1125 406 36
1151 299 364
1145 205 70
451 748 44
6 1115 121
782 1034 54
1039 137 135
114 3538 453
2104 2925 259
828 462 71
185 453 89
1615 1210 307
867 4540 89
937 318 234
1515 2941 404
790 937 361
1315 3427 278
64 1900 71
1163 5067 278
825 2753 33
248 1198 78
335 3869 71
1727 1888 71
683 3198 23
543 4187 57
1428 85 89
1182 483 72
40 807 108
874 5021 104
1879 5540 303
60 4515 42
1071 716 155
947 795 89
548 1637 201
445 657 185
220 148 453
374 90 82
196 255 285
819 2456 24
1954 1074 71
388 2167 57
525 864 260
762 1046 206
558 2078 127
2201 447 181
326 227 103
1265 2226 89
434 2994 270
79 433 12
747 599 33
155 4264 70
886 627 232
551 5570 103
605 1986 6
900 5444 414
2117 655 89
609 84 190
1138 431 43
507 2264 185
48 1386 33
127 698 333
270 1914 232
71 2141 303
1139 2903 453
409 2970 89
1355 347 40
483 33 32
997 524 71
691 3277 99
847 3727 92
989 2085 33
1141 1545 246
2150 2077 465
997 3309 386
512 1073 434
1003 92 38
673 3834 350
792 304 219
360 522 42
1817 2690 12
635 761 57
256 979 78
1131 39 143
565 835 72
1846 1963 71
1153 538 172
2062 5592 139
1139 761 57
1695 1171 361
2184 71 72
1125 1554 34
4 139 404
432 1646 89
10 751 295
2194 1210 307
864 3077 72
529 1525 56
1218 436 303
237 1143 295
842 764 143
60 162 38
417 520 89
358 158 276
1625 2899 72
699 183 115
792 1871 41
1578 887 305
1991 1192 92
689 2492 114
272 1075 12
25 1417 72
457 2987 170
296 202 56
1350 58 147
1577 722 89
1806 1840 56
789 4452 93
2 1059 72
2038 3006 449
187 4593 333
604 995 285
2297 581 51
870 2309 47
1391 2156 31
946 1129 57
2054 4603 364
120 591 89
526 4399 104
1222 141 72
525 29 12
1167 1115 121
173 453 89
1025 501 44
906 297 73
41 4997 57
2216 2077 465
2290 1613 213
423 1676 73
956 5455 12
1009 189 202
432 181 453
145 1046 206
2023 1193 72
1529 229 43
172 1306 186
400 288 33
1501 3884 194
565 3368 89
157 2277 65
674 705 384
1132 589 89
647 1596 284
490 3030 113
733 1931 444
509 209 32
1391 3806 396
728 829 43
1607 717 236
835 4248 370
2152 2666 226
610 2920 213
141 97 71
3 5563 202
267 2371 73
193 4957 89
939 342 24
2056 3426 314
1026 515 41
1045 3986 21
629 1037 24
2126 2053 72
274 5196 33
102 802 107
1209 2543 246
2106 1547 185
430 447 181
986 1696 89
1301 1091 73
1168 2534 334
831 359 56
331 1545 246
1432 1637 201
68 17 43
1988 2901 444
1272 1192 92
1159 1217 338
31 554 57
1230 2942 404
1481 1 463
169 1109 89
2184 4604 83
1855 3427 278
2306 3302 340
241 1096 396
1176 3777 353
1174 1057 246
1821 279 457
1360 211 361
1435 29 12
1350 72 71
566 748 44
900 3437 42
304 5135 266
480 5179 465
1842 2034 10
961 1115 121
355 1464 89
2307 1773 71
742 4873 276
716 4418 370
440 5271 194
808 1096 396
1488 644 383
1317 5582 93
875 1602 107
1911 101 307
1131 1327 79
599 174 54
654 77 91
1792 358 279
1182 1871 41
1924 3542 185
1355 29 12
1182 5481 10
1210 774 32
265 19 44
1619 4200 347
2245 2572 95
1452 2056 453
414 3027 409
1265 3199 31
1472 527 71
1920 4255 453
166 1735 41
753 1651 89
1967 4945 12
991 1366 54
816 2941 404
389 4042 71
1414 5535 44
712 4998 71
1449 3005 88
92 1451 75
280 2690 12
1131 211 361
700 1094 73
2261 478 86
925 3554 32
468 1253 73
1229 5469 453
1132 3732 278
1368 136 73
1721 94 276
1149 3241 271
2253 636 107
314 267 89
1385 29 12
51 2184 55
176 101 307
1501 836 312
51 4028 38
1682 4955 279
1322 221 89
437 1482 71
51 1815 34
1062 3964 105
1188 3060 57
257 1218 185
1452 2306 296
422 1221 338
1287 2012 57
2122 27 307
691 3230 73
1751 1936 72
989 298 71
521 1567 33
270 687 9
2092 3427 278
1753 3921 57
834 2557 457
2306 5576 42
1790 330 190
1585 396 185
824 36 44
796 2240 240
691 3296 333
771 2855 57
520 2761 303
1507 25 79
15 608 43
1317 5151 42
169 314 119
1913 2417 89
1260 2260 251
40 962 89
617 840 386
688 1894 241
1615 754 42
983 987 285
1066 1073 434
1405 2642 307
361 138 79
870 1768 48
436 712 89
1361 1712 71
1227 2493 241
678 659 303
1733 4025 55
1672 3826 285
727 186 137
1151 2353 85
1303 227 103
670 693 436
513 1862 159
222 2001 89
1991 958 44
270 485 72
670 2633 364
1799 2295 325
480 814 446
763 4621 473
449 214 333
388 4155 43
2186 628 174
553 3363 303
324 2076 137
1216 1940 10
314 164 111
1419 3010 86
1611 76 89
236 2681 32
1765 4716 169
1093 1254 285
979 543 172
507 3173 453
394 568 333
531 2450 71
1621 669 197
1159 2178 276
52 603 71
208 76 89
420 76 89
169 465 12
1147 176 104
1746 3275 10
1677 436 303
1968 420 190
1161 781 453
1049 93 73
1798 484 206
404 185 12
281 4063 56
651 4975 9
635 2266 412
1050 4399 104
1009 588 70
735 269 54
1316 483 72
997 1966 10
509 318 234
2246 4426 214
1232 440 10
1848 3982 56
332 1275 142
858 412 200
1987 1902 333
612 461 25
308 798 89
1565 2767 104
46 3478 221
1355 1355 72
1963 3119 363
1022 5311 259
2120 145 56
1038 2628 57
1367 591 89
954 136 73
472 76 89
1826 3309 386
135 718 107
1842 585 89
2288 98 70
1245 1848 44
116 1384 71
431 5524 183
449 1074 71
1053 804 72
186 2168 113
755 693 436
415 154 26
998 250 89
791 21 2
310 2435 28
778 80 33
1216 5274 154
529 1439 34
1137 1627 232
1560 4224 89
1768 242 33
1708 4284 32
1131 3362 71
495 2333 345
1484 1854 79
438 1046 206
1095 4502 48
265 1248 206
1350 4285 172
792 4368 71
912 2764 89
732 97 71
1146 2038 54
1130 77 91
2268 128 318
600 439 285
1271 4225 334
645 2056 453
1138 3016 112
1856 525 71
1151 4860 97
157 2892 43
744 2996 444
827 189 202
1005 2240 240
912 536 42
1050 1739 57
339 2656 55
543 76 89
1736 4087 5
512 728 113
978 807 108
1038 211 361
438 1316 110
1949 2127 71
314 1193 72
1316 3202 82
193 1908 70
517 394 71
841 4606 316
1320 1 463
1567 3370 43
571 1060 457
857 29 12
1451 382 39
1296 3949 363
790 1046 206
795 984 71
71 2121 43
846 3363 303
1534 2674 71
354 3066 167
821 448 333
1530 4565 282
68 5497 137
989 155 38
566 2600 31
1131 4941 192
1829 761 57
1268 1346 89
451 4714 89
361 2522 423
381 4080 71
807 1766 71
1233 860 172
651 1094 73
1287 1057 246
1141 1143 295
1245 3601 71
814 4594 34
605 307 43
907 983 57
1220 2541 333
2243 1575 270
63 3383 70
1212 4403 71
142 2103 424
659 628 174
862 111 43
6 1551 72
1653 1175 415
358 2310 71
361 4722 172
1523 817 226
1567 1857 394
1030 3427 278
753 498 190
973 1404 54
272 98 70
431 40 72
360 3427 278
237 498 190
1938 675 285
1744 433 12
343 63 71
867 2145 284
356 2267 89
1194 5452 12
116 3091 72
787 955 31
298 2328 107
639 34 57
1743 450 181
762 792 231
1611 1999 12
1704 245 95
1159 767 78
1607 2176 11
588 4583 56
1538 1396 426
818 278 354
99 553 232
46 137 135
727 763 25
452 4550 412
620 955 31
1428 439 285
1345 4399 104
614 456 70
74 2005 107
1894 2181 33
645 4699 192
1556 2018 72
1389 2300 71
1324 2 75
145 200 109
192 1060 457
753 1324 316
1194 5418 454
687 1989 204
1199 1143 295
588 2752 34
725 1964 54
1141 1219 185
301 101 307
1239 3560 24
1805 1046 206
71 641 120
1302 2067 84
2125 1676 73
624 3503 303
1272 543 172
668 458 74
1274 1885 265
898 3115 12
707 3448 44
991 3427 278
1299 3991 90
953 656 285
1272 2492 114
1967 3247 414
78 318 234
831 101 307
820 2528 449
2186 98 70
1587 2361 104
1556 1101 239
1326 73 72
451 4306 43
1065 1460 260
316 3860 139
2209 1212 178
836 3840 35
512 189 202
266 255 285
2129 2143 258
519 5545 57
1212 1524 271
893 399 213
1313 1231 276
969 1351 57
97 2801 10
931 608 43
1342 211 361
215 262 318
45 3 12
1854 289 56
1637 1035 70
92 767 78
1622 27 307
212 1071 12
144 400 325
66 1594 42
291 842 57
1139 4809 454
931 1940 10
487 3427 278
161 234 82
1432 785 73
2057 3461 457
279 184 12
19 216 276
1160 2461 149
91 2786 448
248 118 44
630 1549 43
1862 4875 64
903 5296 40
804 145 56
1436 1458 285
668 3310 453
762 677 78
1223 1590 303
647 2901 444
777 542 396
1407 690 33
1777 4368 71
744 3527 33
807 5271 194
155 2911 38
1691 305 159
1155 1155 44
912 906 370
2122 121 89
861 4326 57
807 962 89
373 1685 57
1093 1073 434
998 3602 295
1278 330 190
1245 289 56
46 911 180
1310 200 109
1085 4210 258
300 1789 137
710 2640 57
615 1912 117
1322 2988 143
1235 586 12
593 1551 72
172 815 251
1173 629 275
1808 1063 457
674 3064 285
728 666 43
874 4627 12
409 2991 71
1362 1320 295
1969 525 71
1962 272 56
657 814 446
180 3938 57
1741 733 213
2237 72 71
601 15 386
1774 412 200
1578 5151 42
1966 1771 56
1000 1841 89
1635 955 31
989 621 12
265 3306 107
1553 109 255
753 1154 97
1576 865 303
1344 2299 71
1343 955 31
402 1780 34
1147 2920 213
140 1079 43
1391 518 363
607 214 333
1296 4196 190
1397 4399 104
1009 766 78
593 400 325
373 1951 300
1316 814 446
1924 3980 206
59 104 86
212 3998 73
109 2833 89
192 767 78
1182 2774 72
482 2456 24
1276 159 457
1113 841 40
362 5173 70
1125 1679 386
1572 2641 42
1889 4279 215
1222 4075 199
1423 621 12
565 472 100
687 2766 56
304 2550 389
1260 2107 276
432 3283 70
106 3569 97
831 344 137
1567 412 200
731 764 143
1154 252 363
1455 983 57
1589 4374 465
414 162 38
43 97 71
1546 1200 71
617 1739 57
50 176 104
554 2416 57
2130 543 172
193 1651 89
831 792 231
135 15 386
931 72 71
2159 4577 40
1024 1177 89
626 1460 260
489 448 333
242 2234 401
931 210 56
773 1587 285
824 2612 206
626 4387 24
643 211 361
199 759 333
283 298 71
226 2965 107
1462 5091 360
1221 3054 24
478 316 32
1336 4817 223
1587 1916 206
934 1801 43
2254 124 105
1068 501 44
360 3345 271
672 4246 278
902 4399 104
857 2410 190
67 363 71
1762 1386 33
1429 388 402
1082 2692 150
437 888 71
32 1451 75
2235 1191 57
380 2442 182
979 768 6
580 1277 44
277 76 89
979 1922 359
154 4154 96
76 5 73
1563 2621 31
1171 98 70
23 2184 55
194 1970 87
807 68 71
1269 1297 72
772 2374 421
208 2390 89
1443 400 325
1311 4194 278
2217 25 79
131 1880 97
1209 316 32
1045 2727 15
1991 290 340
2218 2887 303
2095 2420 404
1689 166 32
1301 3562 240
651 619 72
1472 1598 70
1135 2361 104
641 498 190
876 29 12
1766 1231 276
1563 2009 95
2208 289 56
1125 5237 455
778 1398 247
2008 210 56
819 412 200
1281 2229 370
1138 612 113
476 231 72
1275 951 359
2231 181 453
1644 4209 42
1302 539 55
1970 292 363
551 4399 104
335 3670 71
549 1868 104
1728 4363 72
1809 3510 237
1142 1778 56
1876 4273 374
1384 2797 350
227 1696 89
1572 88 276
565 2582 75
1800 453 89
1212 1657 190
34 224 295
247 4144 71
1340 5459 259
753 420 190
2015 770 313
1778 4530 284
354 1828 24
1690 4717 200
1169 1984 271
1228 136 73
684 2816 71
456 676 118
678 5552 202
1246 4861 105
138 2045 71
847 77 91
1829 2733 276
4 5031 379
270 4448 56
1 2951 192
518 2774 72
132 4543 86
607 2502 263
222 783 252
1400 394 71
1302 1035 70
41 2345 57
1711 3427 278
2111 4557 172
595 92 38
159 989 137
559 370 50
2225 1536 56
1328 3033 295
1752 761 57
1891 525 71
4 1489 2
106 648 44
283 2707 97
593 101 307
626 1226 457
1499 4580 89
257 205 70
762 659 303
1018 400 325
2253 847 291
341 2537 375
1439 2514 10
373 3638 303
390 5068 278
2140 633 271
1405 299 364
1357 2413 71
191 39 143
1154 2198 10
1678 29 12
355 74 424
634 183 115
1229 2142 258
834 1223 185
1858 1359 71
1009 720 54
1296 767 78
58 1688 43
648 1272 43
1004 4509 57
1442 360 57
244 2827 74
1997 1414 32
870 1183 206
114 101 307
1533 3013 57
798 1639 172
317 391 89
1178 764 143
1805 1968 318
461 298 71
900 4709 137
1938 5360 72
1437 388 402
699 3281 70
2034 342 24
406 3209 43
331 1361 82
573 728 113
510 787 201
396 1667 78
1734 2437 246
648 1583 73
1736 5572 71
483 4668 56
1240 1439 34
1755 1258 73
1681 2420 404
1451 2626 325
1710 2770 56
516 1568 206
1762 3430 57
1442 272 56
250 260 317
611 2910 57
1992 4079 258
638 21 2
812 1046 206
186 3203 190
807 4594 34
1070 4392 303
1199 2302 32
1367 221 89
1075 3054 24
635 178 97
1283 4445 465
1266 84 190
51 640 12
2202 2024 355
1593 5373 378
722 418 307
838 4762 333
67 1217 338
1 211 361
937 4499 45
1090 2152 215
657 573 47
698 523 57
1355 2239 205
1005 5499 307
749 462 71
1481 2020 71
388 2064 70
946 3735 56
937 2099 43
1907 2 75
1490 550 77
225 1104 300
1066 1623 72
299 1353 71
259 358 279
2004 583 278
1026 5190 54
1384 2853 143
258 715 32
647 5306 303
593 2774 72
588 592 43
1296 5137 333
1356 3427 278
2008 883 70
1292 3650 206
1069 29 12
366 311 125
130 4439 73
300 1635 356
996 2709 206
1541 1739 57
946 2181 33
1576 3853 71
819 790 364
287 557 325
158 493 15
1420 142 57
1027 1756 72
1615 4579 70
2008 1046 206
900 224 295
335 2726 358
753 3735 56
486 31 33
502 1978 87
1631 3480 465
659 396 185
1320 3279 42
1235 1331 457
690 3294 258
1322 388 402
1327 29 12
821 68 71
929 174 54
1410 2270 44
671 906 370
635 45 276
635 344 137
1410 2273 43
443 3163 233
1610 3667 71
281 4066 57
1139 3538 453
1305 6 160
1817 1615 38
173 4069 24
1324 2926 12
640 591 89
1026 3041 103
143 568 333
1182 2940 298
79 1 463
1032 754 42
86 340 56
2236 439 285
1245 4521 466
1159 2371 73
483 2307 416
1068 1972 89
560 2202 42
1833 1286 71
1140 1249 72
1437 4852 278
2250 1547 185
1212 5349 309
74 1034 54
1508 2420 404
390 211 361
1605 2592 75
234 36 44
1251 2686 72
948 97 71
218 598 42
1665 3625 6
605 625 89
1651 2613 206
340 1 463
473 319 57
1550 521 55
2159 1579 12
1202 173 432
171 433 12
288 27 307
2109 1218 185
2126 1590 303
1882 145 56
813 318 234
1925 764 143
1879 71 72
201 1196 71
52 440 10
395 1253 73
1195 1558 72
665 591 89
1516 3689 89
1366 29 12
613 1708 68
765 174 54
2152 1702 78
314 1402 353
1150 136 73
1074 211 361
319 3427 278
467 274 42
1221 101 307
137 1146 33
1578 4411 303
332 114 72
483 422 143
1355 589 89
1377 415 359
565 4226 55
217 782 44
1700 4384 278
1249 5 73
301 32 56
1187 4194 278
562 76 89
1686 1682 206
374 921 77
1188 204 71
1180 561 107
1969 347 40
796 1613 213
525 1702 78
1284 1331 457
773 4909 12
1299 378 209
1945 1546 416
370 145 56
1742 211 361
408 1047 57
1154 3100 89
852 483 72
145 237 71
547 3427 278
1643 483 72
94 1112 73
174 735 453
1532 3826 285
693 4970 408
1189 439 285
1413 3192 70
1846 2355 57
1940 1758 434
2086 5343 73
187 2037 333
240 836 312
1329 470 35
1237 1180 271
1785 833 307
1388 33 32
1191 1548 185
979 3242 202
908 3427 278
448 211 361
115 641 120
1273 1094 73
798 435 73
1158 2981 210
1421 1451 75
709 2144 258
301 250 89
1721 2107 276
92 4051 172
2131 3814 426
1754 2328 107
937 764 143
1150 298 71
468 2099 43
1472 2006 160
373 3379 42
846 174 54
324 1146 33
1700 5066 278
90 816 12
1145 4969 44
145 209 32
814 617 41
369 3954 453
2248 2377 56
858 1008 285
313 1908 70
60 1825 44
1318 3203 190
2110 1331 457
2104 1231 276
1319 1667 78
222 400 325
2117 482 70
361 453 89
1395 4573 407
931 380 70
1530 2895 444
119 1969 89
1411 4531 70
1050 82 34
1358 538 172
76 3427 278
1644 1270 55
198 289 56
383 2469 120
1457 2535 137
684 152 70
221 379 209
151 245 95
1992 4674 72
604 472 100
436 17 43
1723 2322 57
1346 482 70
71 3922 57
655 5036 278
1753 2648 471
1187 651 453
1565 97 71
2079 974 92
736 396 185
821 659 303
1299 68 71
1817 1671 206
731 1984 271
1150 5426 259
1938 950 359
525 4260 92
1039 655 89
1618 2683 473
215 701 72
1556 2066 12
301 2161 9
1039 4110 113
549 413 386
477 318 234
1168 1794 419
618 155 38
1472 2268 71
157 811 116
563 3835 190
333 1458 285
1418 2172 405
762 82 34
1295 3386 89
552 1295 374
689 4470 10
1753 2005 107
1482 76 89
117 618 72
1951 5418 454
762 605 137
137 599 33
132 4662 201
773 4610 56
1146 205 70
794 1547 185
2031 2131 98
806 1062 468
1923 1096 396
1786 786 163
888 995 285
1156 536 42
626 3472 33
2064 1437 172
1275 3088 404
409 744 361
1087 767 78
995 3980 206
948 1712 71
1082 18 268
1423 1070 70
554 136 73
962 3053 42
699 1117 190
548 1057 246
217 3254 71
1288 1354 72
1369 1885 265
270 895 38
74 4426 214
1230 4700 168
373 1155 44
525 1895 438
1292 209 32
1225 207 316
180 4863 325
874 1234 107
1150 4653 383
2216 2102 104
1411 881 452
828 221 89
508 211 361
626 3151 57
634 114 72
1777 1900 71
1753 2936 387
1194 2590 271
414 4315 357
1462 633 271
462 395 71
193 2131 98
543 5408 73
1067 736 386
131 528 89
361 915 57
2094 1929 404
790 5317 285
130 1914 232
203 483 72
699 1686 56
718 216 276
114 3765 73
1383 2146 144
2134 76 89
1542 3551 57
527 2692 150
1000 3746 375
136 436 303
1818 3379 42
1215 377 54
1223 647 303
2202 1356 56
699 1083 67
1678 1219 185
222 174 54
622 422 143
1883 591 89
668 3414 426
1375 1172 25
27 1409 135
54 972 43
89 1135 230
1455 4121 278
1000 1919 310
88 3488 89
1095 3589 146
590 1006 286
1052 3562 240
1827 4857 285
1211 2194 44
762 456 70
49 2659 41
609 291 380
647 136 73
1706 248 384
1208 834 70
286 3427 278
1609 379 209
1411 2019 453
2002 360 57
1673 4089 89
1330 76 89
1300 5089 285
989 5012 5
807 2765 56
1552 321 190
989 2254 468
172 5082 5
351 1909 42
1727 3682 71
725 4043 89
545 396 185
765 1439 34
673 845 370
1167 28 47
1668 5371 95
213 5320 10
955 361 333
1055 131 194
373 2904 43
1955 1197 89
969 4017 105
719 1155 44
1644 362 71
571 1175 415
256 3140 215
565 1749 453
1949 525 71
317 40 72
1842 3350 57
542 4063 56
2192 211 361
902 185 12
558 162 38
1618 705 384
184 5567 303
1272 145 56
1125 2749 185
1292 4598 206
976 27 307
1168 1931 444
6 500 44
302 2250 111
674 3427 278
1949 1632 71
550 3354 89
686 2669 26
1611 3209 43
804 3905 34
1585 603 71
1491 1219 185
2035 15 386
22 1199 56
2186 518 363
1624 3526 260
1464 149 71
490 1917 89
598 4106 121
196 3400 28
613 2927 55
629 2327 213
819 2799 303
1236 1121 70
1407 4158 296
1201 123 139
324 2228 57
22 532 73
467 448 333
795 2197 10
702 2256 468
1546 5247 71
788 501 44
878 1153 199
1065 1213 143
1095 1785 318
384 1166 71
1159 983 57
1635 496 113
1005 1886 328
1223 501 44
1104 3105 70
159 1621 32
1537 379 209
166 5465 38
894 104 86
685 3276 177
1202 271 89
1523 2876 453
191 2041 71
1581 3560 24
1085 4411 303
1436 136 73
393 4175 260
1381 2801 10
1170 4976 56
816 2598 303
499 501 44
233 1359 71
246 205 70
1861 139 404
104 28 47
900 2295 325
1072 3339 9
1679 440 10
1949 605 137
324 1925 402
174 245 95
1714 3427 278
1711 4135 43
1492 1414 32
1533 85 89
1149 3150 89
1960 543 172
1699 2784 43
543 4462 185
64 183 115
706 205 70
1213 205 70
1302 216 276
1149 619 72
1221 3706 89
1394 136 73
516 729 88
301 763 25
166 3755 33
1155 3044 361
1026 2709 206
1292 715 32
616 390 163
1970 3427 278
420 4087 5
1570 2953 396
333 746 303
1067 171 12
691 1319 25
423 264 268
552 17 43
764 400 325
520 400 325
979 2013 73
24 4680 44
501 3498 32
1567 821 71
900 3625 6
2186 319 57
946 3805 142
467 3419 221
343 91 81
984 1712 71
414 3993 91
1808 897 137
436 97 71
368 1034 54
931 97 71
1985 4302 365
294 311 125
107 5412 158
1146 3540 71
583 5495 234
1413 568 333
1664 4744 190
743 255 285
383 921 77
2150 39 143
51 782 44
187 379 209
1988 380 70
1443 1985 12
52 1844 71
1733 3778 71
775 824 33
678 3853 71
1219 1226 457
330 4580 89
631 1732 71
2087 988 137
812 1492 206
1140 2285 44
387 511 307
525 3840 35
1199 68 71
1912 1965 57
1654 1331 457
486 2285 44
1067 2048 217
1996 1034 54
50 3027 409
1596 1264 72
1082 1275 142
866 1693 57
396 4363 72
2261 3078 51
405 617 41
847 1880 97
647 4411 303
689 1410 12
425 1131 89
1212 3224 209
157 3420 25
1263 982 56
1096 420 190
467 1983 307
846 906 370
540 976 32
317 3199 31
1063 211 361
360 772 89
1199 4043 89
1443 1325 115
983 5330 285
167 2082 28
1448 3441 318
463 2073 201
52 543 172
553 1327 79
56 4915 56
1044 234 82
647 52 307
1760 2495 62
1441 3586 89
2090 1213 143
1020 562 40
406 2212 32
292 2410 190
335 2420 404
1438 3350 57
1696 121 89
747 240 43
768 1167 206
141 76 89
565 118 44
1365 2222 88
1728 2005 107
864 1174 145
1235 3427 278
1172 2868 190
272 474 229
1690 1097 192
2212 76 89
93 307 43
1413 1810 84
283 4476 29
910 3240 38
807 477 89
41 3742 89
147 880 453
92 797 39
222 2454 190
436 1696 89
1955 1547 185
34 282 57
1619 289 56
2025 4106 121
1340 3245 199
162 2090 374
427 5019 89
668 2811 206
461 1130 87
1637 1987 72
286 475 89
1137 188 232
1679 5408 73
169 3169 260
1020 820 40
2279 1210 307
1720 2225 44
512 4431 76
889 2361 104
251 399 213
799 4454 206
894 114 72
2115 439 285
315 1093 56
691 5350 40
1175 4955 279
370 3378 56
1380 4509 57
264 4184 61
1398 5418 454
904 1897 44
396 285 307
1308 214 333
565 2337 473
1230 4322 56
51 720 54
1589 2022 72
478 1417 72
192 608 43
723 3859 56
248 3304 97
1599 380 70
881 3867 32
1592 1659 382
326 4064 13
1015 840 386
1421 915 57
1252 3326 404
620 5293 274
1526 1342 89
2088 3248 336
651 205 70
1097 1560 87
524 422 143
567 5540 303
689 3894 105
1410 561 107
1155 296 382
1008 439 285
2038 3762 466
2255 70 113
1159 101 307
1591 3153 70
1966 668 175
1011 474 229
1234 4378 172
2029 498 190
1443 3425 56
792 855 71
1862 440 10
277 1103 92
257 4844 57
1095 811 116
132 2532 89
1104 324 38
370 1500 56
438 4207 70
1187 162 38
846 631 167
1979 5 73
1036 4332 6
1084 3421 25
836 1921 425
1086 32 56
143 676 118
758 1475 57
830 1278 144
364 3226 389
573 136 73
973 274 42
13 2571 72
900 834 70
1824 15 386
468 3697 70
354 498 190
51 2001 89
1773 1342 89
1844 2064 70
602 4097 9
1672 279 457
2109 3516 213
1222 1769 48
1966 4767 73
892 3560 24
217 5284 84
967 2297 79
486 839 57
1260 1744 316
18 728 113
846 483 72
1187 581 51
1138 2358 427
540 2346 43
525 1224 405
1220 698 333
787 72 71
271 659 303
1302 2101 103
1215 586 12
159 2426 236
1154 2134 190
1813 4183 185
230 501 44
1774 4427 406
368 1076 415
887 1885 265
1532 3037 285
527 1234 107
370 1876 89
233 3826 285
1159 633 271
114 1526 137
1907 3414 426
388 887 305
1929 4578 278
242 2308 96
876 590 89
370 25 79
96 4368 71
675 1251 12
1768 827 89
492 4327 278
389 231 72
1213 2776 187
248 3584 78
850 3097 70
1105 787 201
764 1547 185
1823 4264 70
2231 2647 276
1784 4091 24
891 470 35
1896 73 72
435 2848 40
805 99 70
997 2263 86
2195 4029 44
743 5535 44
348 277 316
1102 1059 72
472 3605 33
1540 5436 56
617 1189 377
1734 29 12
1241 1033 73
1582 3856 73
455 2679 278
1584 710 89
640 420 190
1020 1046 206
411 330 190
1335 237 71
1725 2361 104
389 3698 57
452 740 386
400 803 43
1324 4164 71
810 98 70
606 2897 54
1155 97 71
1317 174 54
631 3554 32
1521 136 73
78 4686 70
436 452 73
1146 1075 12
159 3474 232
1178 17 43
1744 274 42
301 76 89
760 412 200
978 76 89
1879 2983 305
1052 2561 206
65 338 91
831 210 56
1954 2783 79
1209 2753 33
1194 1387 57
511 2059 206
483 1819 359
39 85 89
1180 485 72
604 5163 31
1358 656 285
1828 510 404
1790 2036 70
831 906 370
361 3522 97
306 568 333
899 316 32
396 2092 307
352 1377 12
1169 4806 465
543 895 38
904 29 12
490 826 43
1326 3377 101
1435 1763 109
506 1780 34
1324 1210 307
1669 2890 269
1472 98 70
660 216 276
1367 518 363
997 1842 70
886 3214 73
349 2099 43
749 640 12
1033 1594 42
1580 358 279
554 722 89
626 2833 89
432 3010 86
376 2581 437
2062 2818 71
1471 1226 457
38 4436 43
317 2531 89
696 2881 73
1951 72 71
795 1914 232
1258 3128 468
1141 2952 399
633 2782 246
1143 675 285
927 2182 79
1705 5006 70
1746 27 307
1367 995 285
132 2940 298
275 124 105
1188 772 89
136 630 111
468 386 32
543 1965 57
631 4050 172
1532 5216 103
507 1063 457
258 5577 87
899 515 41
158 2094 71
788 219 71
711 1329 464
602 676 118
52 4751 72
767 289 56
437 189 202
192 287 307
592 707 29
1278 770 313
89 1177 89
1149 2994 270
1333 781 453
2086 4972 466
1141 4831 311
689 2813 72
1340 2144 258
694 647 303
918 1350 206
1584 913 180
1557 76 89
2257 912 181
369 2059 206
230 268 55
1147 91 81
1104 3635 55
918 3650 206
100 156 89
527 2442 182
482 3730 44
1261 1382 72
317 1410 12
1841 3058 82
396 649 57
613 3313 87
294 1329 464
3 1067 89
469 145 56
436 1554 34
6 361 333
2121 3297 393
363 2087 97
2025 2813 72
1492 1432 307
1066 4039 278
578 5456 42
1530 840 386
982 311 125
1181 1046 206
792 5074 279
743 29 12
2258 439 285
197 2773 32
1084 4956 89
280 472 100
170 114 72
1167 21 2
1612 772 89
226 2787 72
884 3427 278
1733 3005 88
1380 1943 12
1512 221 89
1154 2492 114
1158 2229 370
131 396 185
256 3549 144
1789 2156 31
1537 256 285
1974 98 70
618 79 353
1723 3448 44
1824 2495 62
317 3427 278
1503 568 333
1518 777 71
86 2764 89
1220 97 71
764 1997 71
151 455 107
1137 216 276
306 1240 72
1851 616 271
1395 1879 78
130 419 286
1578 3979 180
387 211 361
1765 586 12
2254 824 33
1309 1817 72
1586 4086 56
288 261 12
880 915 57
688 380 70
1275 820 40
195 76 89
1410 822 24
842 252 363
689 380 70
1745 1106 452
279 4625 406
1320 5080 78
542 114 72
2138 330 190
32 2502 263
955 840 386
1874 3734 109
1624 4470 10
1862 434 73
860 113 71
86 40 72
743 2912 89
306 5201 358
951 319 57
1274 740 386
1182 32 56
760 5204 73
1384 3847 386
186 512 299
1659 3573 470
747 269 54
1166 2543 246
1726 2753 33
1586 619 72
976 4230 73
188 85 89
846 470 35
144 762 33
130 3 12
1791 2601 71
1152 906 370
100 1157 10
1308 619 72
714 2807 32
1693 211 361
2303 2137 176
773 3837 364
51 675 285
242 1 463
1226 380 70
2016 5595 52
814 1816 97
179 496 113
53 266 209
129 2297 79
467 136 73
542 659 303
1758 1657 190
819 2143 258
794 3595 316
279 1968 318
435 417 92
2087 2420 404
1612 2553 333
1159 485 72
956 744 361
19 810 43
1565 3424 396
1068 152 70
597 3522 97
713 3427 278
91 873 73
961 1057 246
498 1935 57
2077 245 95
120 1657 190
883 2151 264
1363 245 95
497 2060 9
1611 404 43
93 1730 56
529 1687 72
999 1683 10
1141 4739 213
931 844 40
227 4003 9
266 1014 35
156 2714 70
1291 272 56
571 2312 19
1203 3889 105
591 1815 34
732 467 107
1888 4381 24
944 136 73
1150 357 278
2236 4977 405
831 97 71
2078 1199 56
301 888 71
355 2304 359
419 108 71
358 29 12
468 1864 159
1245 10 386
2063 4273 374
1088 563 44
125 237 71
688 915 57
2198 469 295
1244 568 333
47 4023 93
585 1954 314
34 159 457
2159 165 12
719 1099 449
1095 472 100
2118 501 44
126 2610 21
483 996 303
1695 915 57
363 566 21
1291 892 54
286 842 57
949 3060 57
1401 4241 12
217 2912 89
1886 4323 12
1513 469 295
2250 92 38
1845 4864 461
75 518 363
1305 1626 72
1357 299 364
879 3333 336
1357 1638 415
1147 767 78
999 937 361
725 417 92
1577 2647 276
1130 4470 10
332 1449 44
1206 1937 307
490 2321 71
621 2779 32
675 318 234
192 3941 139
1038 1654 354
597 3859 56
604 3079 42
567 524 71
1685 3746 375
656 777 71
1846 192 57
1134 2690 12
795 230 70
1368 1 463
613 3164 55
1326 139 404
1110 1551 72
1222 3504 71
900 4524 384
955 4694 185
192 121 89
159 1513 10
861 200 109
1138 2544 190
142 183 115
193 555 71
272 1256 303
1559 318 234
1442 380 70
1481 3850 369
154 3738 120
1689 1708 68
1333 1331 457
1938 915 57
395 5 73
569 1414 32
1358 255 285
1017 2463 381
2165 5185 394
1384 359 56
846 968 42
1249 814 446
159 229 43
1541 142 57
1423 45 276
1155 17 43
347 3304 97
857 1066 89
1234 505 57
743 2569 12
374 1071 12
1443 4344 72
319 76 89
1320 3638 303
750 3308 185
1214 1088 221
1233 1547 185
744 4773 78
1171 1911 54
621 1779 33
127 148 453
1421 4009 465
1648 606 9
179 743 72
396 2144 258
1418 5135 266
1067 1111 70
1141 5093 143
1645 1562 457
23 1898 43
807 292 363
1192 1914 232
1580 625 89
1923 1615 38
1856 1088 221
1544 781 453
888 4981 57
598 4069 24
269 3966 83
1906 3145 159
584 162 38
706 3230 73
1565 5538 57
1225 5165 316
822 1460 260
1350 4767 73
563 4997 57
850 5126 71
367 38 143
772 2517 57
469 1331 457
331 1627 232
1500 1702 78
808 2160 75
1799 1490 268
1319 3063 57
1244 3430 57
2211 582 85
459 72 71
1961 1332 42
605 1292 4
494 1272 43
1661 3362 71
436 745 71
110 1337 87
828 379 209
2227 1142 120
389 2206 78
509 1285 3
587 313 421
1254 4604 83
172 224 295
1069 568 333
1138 2664 72
798 2472 89
479 1083 67
270 4911 103
2003 3122 465
281 358 279
1383 2969 55
353 1316 110
2304 4062 103
1601 4734 57
1096 3577 57
421 593 42
1930 2425 369
377 1566 403
88 3902 70
543 897 137
1929 2857 33
960 27 307
1677 439 285
857 1242 414
201 1551 72
92 562 40
578 353 78
787 655 89
1907 363 71
1226 5062 65
1717 1277 44
736 5289 386
447 219 71
2097 4486 340
1419 216 276
157 101 307
1355 580 66
375 1426 57
2246 97 71
870 92 38
470 4650 43
1971 2 75
2202 136 73
647 1266 105
421 209 32
1803 164 111
380 27 307
342 4419 44
995 4586 12
71 5462 108
1234 229 43
780 2467 150
576 2001 89
1302 2561 206
1302 1490 268
234 101 307
259 874 73
1561 1682 206
133 2489 307
630 4798 285
566 1632 71
819 1175 415
2097 518 363
1562 5275 57
1090 253 89
799 76 89
787 1114 457
1223 626 56
1898 447 181
263 2782 246
523 2296 12
1169 447 181
94 2459 71
749 5134 78
1557 159 457
100 2808 24
1777 16 43
4 528 89
361 4911 103
690 3295 258
1197 314 119
698 506 215
1243 235 32
635 1373 71
379 1902 333
1532 136 73
1022 1871 41
1603 3473 83
1268 4356 73
492 5401 143
623 1210 307
544 3909 31
1170 76 89
321 779 143
1862 2065 73
648 4926 453
1036 68 71
1360 1921 425
1302 3680 72
1425 4509 57
236 1846 163
107 4003 9
1107 101 307
1676 2647 276
1 659 303
1174 27 307
617 114 72
535 561 107
25 318 234
1050 2870 185
375 1583 73
52 313 421
2157 1504 71
734 4860 97
307 1389 276
1555 1178 209
1381 2077 465
155 807 108
1221 3324 154
317 1146 33
1139 380 70
1153 2441 138
1381 4880 406
226 882 87
1195 3088 404
689 3041 103
452 2101 103
651 252 363
119 111 43
1388 1573 12
1455 3692 278
1298 1057 246
278 456 70
1567 1275 142
779 2240 240
1178 412 200
1692 5314 57
2 3006 449
567 252 363
119 810 43
174 4381 24
2094 3294 258
80 1970 87
2247 456 70
360 1251 12
564 932 75
311 1496 246
438 3432 57
1591 591 89
1153 178 97
1318 2194 44
1074 68 71
114 4032 234
1862 2690 12
1360 3521 33
1271 4636 42
976 106 120
1169 715 32
1817 3673 303
1421 659 303
1407 3838 32
1000 1893 304
26 136 73
133 709 137
1500 1299 307
604 2188 75
1780 448 333
440 1258 73
1131 5138 405
1066 943 113
714 842 57
1889 4932 209
1838 2340 303
335 1186 378
1199 98 70
1161 807 108
870 162 38
361 5002 43
1239 5204 73
93 2562 25
1502 3216 285
230 111 43
1455 3282 364
1168 1217 338
543 2692 150
1020 82 34
871 483 72
1824 2375 70
1568 420 190
1312 4593 333
2119 331 56
1487 420 190
1262 5084 75
51 2276 359
490 4288 278
904 1253 73
2194 68 71
156 2132 33
815 2188 75
44 1908 70
368 3104 33
122 715 32
240 1477 92
1436 2574 303
626 1687 72
2256 5256 57
760 1633 120
38 2428 31
597 4816 84
1154 316 32
1229 3804 57
1937 1274 167
1422 1756 72
1212 2654 89
1326 2610 21
1240 245 95
187 88 276
245 2313 33
326 1772 213
117 486 107
1171 248 384
266 440 10
1255 2449 71
1634 211 361
58 297 73
1042 1297 72
2192 114 72
1344 2444 12
787 1773 71
19 1711 57
71 77 91
1147 124 105
361 4389 57
967 96 252
1886 1626 72
967 1155 44
1054 1552 72
562 1990 213
907 192 57
241 1601 97
1218 29 12
1315 881 452
1460 68 71
1231 1607 73
996 3199 31
1009 4873 276
270 288 33
1066 3636 72
1276 3882 304
1689 4964 57
700 1461 5
1663 627 232
2265 3407 71
172 880 453
2161 3377 101
1588 837 395
367 272 56
1797 457 87
1865 3573 470
2105 3016 112
1071 2607 12
471 2287 71
1371 4579 70
1429 3004 417
463 1696 89
1069 447 181
1316 2183 70
403 448 333
1790 123 139
1745 643 364
1495 3294 258
1102 5204 73
1658 2340 303
260 899 79
939 3276 177
1499 4503 32
836 1496 246
2198 653 441
2231 1295 374
770 1073 434
1194 162 38
1842 400 325
1027 5299 72
974 105 6
599 1252 44
314 2640 57
131 772 89
1299 27 307
249 3427 278
591 184 12
1420 2551 57
92 1046 206
1160 355 72
762 1844 71
204 839 57
76 621 12
1319 841 40
1203 3625 6
1020 71 72
1667 2059 206
483 3692 278
1782 1018 375
1834 3883 318
777 993 57
831 3776 412
904 2390 89
792 98 70
979 5498 285
753 892 54
1583 767 78
1322 915 57
1146 4723 278
2078 710 89
515 216 276
1758 3434 137
1252 1546 416
1813 5049 275
1089 2774 72
469 68 71
2107 1226 457
1287 3303 71
778 76 89
2100 894 107
563 1832 40
1929 1032 43
1477 2070 57
1791 2361 104
1728 3115 12
221 1316 110
867 211 361
396 3032 33
1562 1017 375
306 4760 278
1248 4166 172
1858 1657 190
900 3554 32
1140 4368 71
436 3869 71
540 1573 12
618 1164 208
1032 5437 325
1102 767 78
1277 2923 185
1464 849 348
218 478 86
2034 633 271
1194 3927 71
1849 2379 457
807 4540 89
1306 568 333
172 312 42
180 483 72
1765 289 56
298 98 70
351 114 72
1308 2065 73
1464 1046 206
1370 4051 172
799 2824 56
668 2023 180
548 763 25
1221 2 75
1329 1285 3
107 195 42
194 1539 71
257 442 338
108 893 71
172 211 361
2 380 70
1319 76 89
232 1195 89
1352 68 71
513 803 43
1245 3254 71
390 334 12
1615 4650 43
1572 361 333
1380 312 42
747 767 78
1487 3940 278
1543 1249 72
307 5451 91
1319 2220 78
743 697 57
784 3368 89
900 101 307
2269 4683 83
1689 1793 429
2094 125 258
363 216 276
669 3204 100
1904 1794 419
1753 2831 56
162 1871 41
1744 860 172
222 316 32
282 3255 138
798 2077 465
2226 1135 230
723 3000 32
358 3161 71
1153 2272 43
543 608 43
60 5046 32
151 3174 214
1312 740 386
1717 5479 406
45 418 307
1371 1063 457
353 85 89
753 2812 270
1695 1096 396
1619 2384 209
1441 205 70
1292 327 43
565 2058 72
1670 1034 54
1740 3758 10
358 2975 405
696 104 86
599 211 361
1819 396 185
1229 4494 258
151 1429 213
1135 136 73
1454 1547 185
1695 1627 232
1681 414 71
1548 4917 72
1187 752 44
195 2964 100
1994 68 71
813 5385 190
1068 100 89
437 2713 70
1401 1177 89
1690 2538 96
1745 707 29
1352 76 89
513 2046 56
677 412 200
472 2098 33
1607 68 71
2186 412 200
1153 761 57
1363 4021 279
337 1160 359
483 2012 57
1383 1096 396
1228 27 307
599 164 111
1805 3113 72
948 916 107
1584 4638 348
32 142 57
1367 272 56
687 2328 107
1481 27 307
743 4324 44
938 358 279
1075 205 70
1017 1963 71
1842 304 219
466 928 12
1565 272 56
1214 2655 138
154 431 43
1410 622 56
1296 359 56
93 4823 44
540 2931 54
245 1086 121
678 3859 56
1152 696 370
648 1 463
174 3553 113
50 240 43
97 534 43
1162 3644 404
97 4382 97
100 267 89
731 2521 85
626 1953 32
506 2140 32
1257 400 325
52 2642 307
1283 5490 72
1924 2420 404
503 1688 43
78 430 43
131 145 56
1011 136 73
1096 561 107
663 1290 43
513 4399 104
736 1978 87
1411 3290 404
1361 5539 43
617 440 10
1665 1629 234
879 97 71
317 566 21
141 3041 103
2185 1312 458
290 1325 115
1310 4475 370
569 4717 200
1817 810 43
2116 1295 374
824 2956 71
389 4598 206
861 750 70
193 191 44
1 1896 56
1425 98 70
517 135 307
2031 136 73
1216 272 56
1966 1558 72
1308 568 333
1 246 55
1411 1004 303
181 1728 72
193 145 56
1000 3656 260
380 355 72
208 2180 325
492 485 72
819 709 137
985 1304 78
1066 2895 444
770 389 415
955 647 303
25 4499 45
998 316 32
1247 5169 57
1614 5234 205
1796 767 78
725 4284 32
1300 4916 305
821 55 56
59 1398 247
1570 4009 465
807 1220 213
1189 4095 469
163 136 73
324 289 56
367 1992 134
1714 1547 185
1063 252 363
900 2584 71
1481 3503 303
145 661 72
1003 2171 42
1307 1320 295
114 2843 199
114 998 70
59 2069 57
2219 88 276
370 2804 12
1313 76 89
135 633 271
370 842 57
2042 439 285
59 174 54
742 1251 12
172 202 56
1851 2613 206
12 1369 56
2023 818 406
22 533 42
637 2787 72
437 145 56
1335 2070 57
753 4740 10
550 1979 89
2291 728 113
106 593 42
1402 4479 303
1175 3427 278
1292 72 71
486 174 54
758 1169 25
512 27 307
1165 3966 83
515 3242 202
364 5308 201
1097 1135 230
1251 1297 72
358 3342 276
978 29 12
1169 3979 180
684 3164 55
56 20 89
1037 518 363
308 98 70
1096 76 89
1524 3448 44
115 32 56
22 78 315
1134 97 71
734 1011 87
1408 5493 270
931 4564 279
2263 3163 233
73 391 89
286 2118 57
673 748 44
2131 3591 88
1337 4509 57
1560 4202 404
459 4687 444
192 5396 12
1009 1533 172
979 1463 73
92 451 89
726 291 380
1096 1410 12
517 2108 377
1966 539 55
191 4795 32
74 1559 89
549 851 84
1026 5230 82
797 2682 78
648 2452 33
2171 568 333
1464 29 12
2293 1910 72
1012 3802 113
1534 1894 241
1583 4635 57
1092 770 313
1355 5249 57
111 1141 25
310 1337 87
930 2306 296
2110 594 112
560 384 79
604 425 57
1877 920 192
1413 4509 57
1183 1579 12
376 1103 92
955 4749 324
2023 3961 260
931 33 32
2127 455 107
1751 101 307
279 1 463
937 1712 71
946 3439 285
1 4005 44
1470 573 47
1435 1924 404
418 836 312
955 2037 333
1679 568 333
912 845 370
1209 4935 246
611 697 57
934 3016 112
1035 3161 71
1768 558 111
210 666 43
291 4989 363
1009 2564 182
177 666 43
79 1070 70
1616 359 56
2284 94 276
1702 289 56
1153 98 70
1061 295 341
381 1318 291
1862 70 113
1443 4071 89
389 4368 71
1470 576 63
1024 536 42
747 1729 97
136 2039 91
656 164 111
1886 25 79
108 2030 86
306 1135 230
895 585 89
436 211 361
1742 216 276
1857 3425 56
1777 4914 24
1097 3033 295
94 1258 73
1360 412 200
1143 85 89
67 1661 139
791 2617 33
301 4003 9
952 25 79
933 498 190
566 561 107
626 5090 57
1051 744 361
1123 1318 291
61 1770 48
34 781 453
1554 98 70
1634 1667 78
670 838 423
1369 380 70
784 277 316
108 934 468
1398 709 137
1269 214 333
1063 4436 43
1615 3138 72
912 489 72
217 3927 71
151 2906 72
619 531 15
1231 312 42
304 3262 89
26 433 12
343 379 209
1372 3177 456
1578 781 453
1828 5327 457
1774 1558 72
351 1523 38
157 485 72
2188 200 109
731 5485 89
483 1186 378
1202 787 201
598 1999 12
390 2254 468
352 1491 269
1437 984 71
6 1375 44
1187 621 12
409 3512 137
1222 5045 10
1133 472 100
13 1781 56
314 2328 107
427 420 190
1745 814 446
228 800 246
917 675 285
1966 4030 57
2033 4157 104
1415 76 89
2045 124 105
847 3311 47
1898 1046 206
1319 888 71
1832 5371 95
214 83 13
1355 761 57
1336 3431 262
1026 35 56
374 2435 28
174 360 57
389 1763 109
1569 483 72
1455 4561 278
1366 76 89
762 1408 54
1141 4631 371
1484 3752 305
1011 628 174
6 3380 73
59 268 55
663 4636 42
683 174 54
1408 777 71
65 560 33
507 159 457
490 1732 71
1474 5006 70
1515 101 307
1441 174 54
1429 3645 137
543 4531 70
1206 21 2
187 1143 295
1000 362 71
948 5054 41
1055 180 78
1410 1461 5
1107 27 307
1244 1813 357
324 88 276
26 3395 71
742 314 119
460 1173 120
1152 2590 271
2075 2558 33
1428 3320 73
1545 164 111
2135 2565 28
1357 996 303
1583 937 361
1858 1045 57
308 267 89
332 2686 72
831 1164 208
1351 568 333
833 5265 259
108 281 73
484 68 71
857 568 333
725 3574 190
1309 4726 185
30 777 71
483 174 54
106 1999 12
1796 893 71
1044 3979 180
106 3568 278
1660 1591 304
939 4379 43
618 844 40
1583 72 71
565 136 73
978 586 12
707 1919 310
52 3427 278
62 385 12
548 312 42
2114 3343 71
1487 2730 44
1253 1451 75
417 3843 42
225 1108 43
1132 298 71
594 1057 246
2184 1121 70
571 735 453
1994 3036 333
918 605 137
1123 15 386
1158 1719 12
233 2121 43
1272 4841 97
174 622 56
386 152 70
1189 5327 457
1516 4061 70
1235 3510 237
1656 4844 57
1644 4835 70
1099 400 325
1521 252 363
925 4756 40
1115 4357 206
1085 3162 286
978 500 44
225 1938 24
217 557 325
320 1416 89
892 3908 57
795 188 232
562 440 10
119 70 113
605 2456 24
195 205 70
1075 2563 203
640 341 137
2256 3782 245
793 1297 72
1227 4707 209
647 2239 205
1441 1963 71
1530 1249 72
207 5353 88
129 1113 89
438 180 78
989 3381 89
186 1297 72
1281 3475 70
429 634 70
1614 15 386
314 568 333
1165 3894 105
414 3625 6
1068 1947 9
526 748 44
820 485 72
353 2908 89
2307 3289 34
2250 76 89
207 511 307
216 3056 25
798 68 71
399 526 47
189 970 52
2008 76 89
747 1536 56
1318 1249 72
370 4760 278
14 1 463
196 1364 60
1132 1061 457
355 415 359
1301 124 105
1369 912 181
379 76 89
176 29 12
370 1398 247
548 2082 28
123 5565 364
1181 1491 269
1857 4641 300
1650 3379 42
1300 436 303
1248 4947 70
1240 767 78
1206 4683 83
710 1124 72
689 2409 10
799 1046 206
304 3924 85
1652 3096 81
1284 2230 25
17 162 38
791 4999 25
683 2132 33
1455 5022 73
854 447 181
114 114 72
492 68 71
1137 448 333
1429 1654 354
599 921 77
1678 11 276
2200 1331 457
846 3138 72
1271 715 32
706 619 72
886 782 44
775 2900 127
1335 2096 232
566 772 89
2092 2760 222
264 2254 468
900 4198 278
279 999 59
1546 2075 72
2146 1813 357
1315 4237 333
1052 947 33
891 4709 137
1742 4087 5
101 562 40
1576 1032 43
303 98 70
196 1881 71
969 998 70
1214 1821 43
907 4 71
1680 4569 192
1546 1712 71
191 4137 32
973 1726 91
1962 3557 12
1091 2105 185
567 1830 56
490 2766 56
1367 4769 285
350 2254 468
413 2266 412
490 456 70
1396 227 103
1344 5257 32
1963 1733 71
1300 2130 107
508 1049 32
1813 4809 454
824 2328 107
889 162 38
847 101 307
1248 380 70
902 227 103
797 557 325
85 764 143
377 557 325
51 3069 285
1472 772 89
1530 4638 348
2147 2157 410
1791 766 78
2199 528 89
1104 2654 89
964 164 111
1051 761 57
339 4723 278
675 499 44
1408 3720 399
657 2488 453
1355 4403 71
1082 101 307
900 621 12
1312 214 333
1202 619 72
304 3461 457
1141 4222 185
743 391 89
97 537 12
1274 3708 389
414 3557 12
1324 1382 72
833 3752 305
889 145 56
2181 1742 72
1581 1434 32
1209 3272 64
1414 159 457
862 839 57
1066 76 89
339 617 41
912 2328 107
699 145 56
1276 256 285
1419 1968 318
483 3897 56
955 3942 185
1104 5504 295
396 1642 73
1419 4851 278
166 4108 33
367 470 35
212 29 12
543 5211 87
1375 3370 43
126 695 32
1546 4699 192
1938 4884 276
598 4411 303
1405 3688 143
1432 3006 449
119 5002 43
613 2752 34
340 141 72
1352 159 457
317 645 246
1075 1045 57
1318 377 54
106 29 12
1898 2845 271
1371 2127 71
1541 435 73
928 313 421
1068 277 316
984 379 209
269 2933 105
1156 3856 73
154 1059 72
1563 5329 219
1051 621 12
931 1924 404
1644 358 279
1020 4241 12
266 4709 137
1567 3427 278
1383 183 115
1212 915 57
354 4119 192
242 97 71
106 6 160
114 2481 91
743 767 78
432 159 457
1004 705 384
779 4523 44
832 2078 127
1248 1800 56
64 1545 246
115 639 65
1202 3651 189
1212 3370 43
1862 88 276
1694 568 333
668 77 91
589 515 41
1147 515 41
63 1184 56
1409 209 32
1068 4368 71
835 505 57
1253 4838 304
1355 628 174
301 234 82
1942 5479 406
75 937 361
691 5361 72
1254 2956 71
1802 2503 206
1170 99 70
2078 655 89
448 568 333
1781 483 72
867 660 284
116 527 71
2162 4017 105
513 3940 278
1442 2962 150
53 265 115
1475 1678 386
1008 2073 201
663 178 97
436 3698 57
2312 1410 12
1375 400 325
907 322 190
513 116 42
1567 292 363
246 1059 72
526 1508 316
581 697 57
1777 1727 24
1310 3509 89
1082 1254 285
1445 237 71
327 3685 137
1433 3789 201
1093 4541 348
974 98 70
920 3450 89
437 101 307
2275 601 116
534 440 10
1576 1691 70
396 2633 364
29 1736 25
1460 3046 159
212 2273 43
388 3404 89
1372 764 143
2086 181 453
6 958 44
866 2961 370
1300 533 42
1269 485 72
2177 2715 33
301 2205 32
1017 98 70
459 761 57
169 705 384
626 3120 120
451 3775 89
219 798 89
358 3474 232
1154 764 143
1726 4568 89
75 865 303
1174 176 104
516 4173 57
1016 85 89
1608 710 89
1326 1317 89
539 37 138
94 1251 12
1326 5426 259
169 138 79
525 3981 89
1443 1359 71
1407 92 38
749 832 117
990 2259 89
2202 98 70
207 5466 65
27 4083 71
1512 1173 120
850 728 113
881 85 89
578 1889 56
1686 2993 206
1131 1880 97
1623 205 70
1309 68 71
2185 1226 457
1228 728 113
350 1285 3
336 615 299
233 1696 89
899 3898 213
631 864 260
1140 2746 137
1644 2001 89
116 160 12
1318 4608 316
1735 2240 240
791 1804 12
1972 2635 57
1263 4697 369
945 390 163
242 70 113
807 3516 213
713 85 89
354 400 325
1137 2035 232
517 1374 363
49 1683 10
637 1839 24
1026 2502 263
2248 735 453
733 2214 71
1537 4475 370
1269 358 279
1093 5474 260
1009 1963 71
1388 88 276
64 1696 89
1381 359 56
1813 657 185
1473 2086 55
907 436 303
1142 27 307
2240 245 95
1253 1016 355
1270 1374 363
370 4034 285
71 1100 54
194 1240 72
265 1177 89
821 4254 79
333 3048 191
1342 2528 449
335 3686 71
52 1027 54
663 580 66
1293 101 307
617 211 361
1656 4823 44
1753 1359 71
256 610 173
632 3057 89
1939 2107 276
794 412 200
194 214 333
656 2969 55
1371 1058 457
706 330 190
1137 593 42
409 503 57
1488 32 56
212 628 174
989 200 109
2221 2675 254
1247 1331 457
668 659 303
97 586 12
1704 367 12
1160 3348 32
693 1286 71
62 316 32
1090 1654 354
319 1999 12
970 451 89
489 2474 71
945 3063 57
193 4144 71
1027 1372 33
1235 705 384
370 2564 182
1615 412 200
483 2063 42
632 1143 295
1251 568 333
54 3494 12
1363 2692 150
1302 701 72
1228 3472 33
1699 3015 97
1006 159 457
907 3119 363
1244 983 57
2186 299 364
557 139 404
558 272 56
1302 5231 210
685 400 325
616 3298 350
193 1011 87
1532 138 79
490 5176 201
379 3005 88
936 620 73
615 38 143
173 1094 73
51 802 107
886 97 71
1021 1617 32
1341 412 200
1014 1712 71
732 324 38
1486 1774 57
6 1697 55
2147 4255 453
1388 29 12
219 1090 71
882 352 33
1480 710 89
408 4293 56
1053 436 303
1311 289 56
1144 3649 89
647 1631 71
1766 22 274
746 1769 48
733 3480 465
1744 400 325
2209 4291 207
858 2245 57
1927 1749 453
396 454 56
1287 616 271
297 5440 316
314 693 436
1205 3885 43
1270 1798 25
1769 640 12
876 2023 180
1413 953 70
1636 438 71
1556 94 276
254 178 97
429 418 307
1618 1054 190
625 2182 79
354 5106 97
1469 3940 278
830 3177 456
1167 621 12
18 477 89
1738 5169 57
989 347 40
1820 1506 33
108 929 55
377 3578 72
538 205 70
136 4633 274
125 1029 11
303 621 12
1219 591 89
2185 1712 71
1797 2873 33
143 101 307
955 3303 71
130 661 72
1117 3066 167
92 1278 144
1329 271 89
645 655 89
1169 4400 300
10 158 276
877 76 89
1972 182 72
45 313 421
29 475 89
2056 292 363
1521 4445 465
233 439 285
2097 4738 303
301 205 70
1348 4397 66
1153 2994 270
46 836 312
1271 4838 304
41 5557 56
1164 419 286
1578 971 72
40 1271 56
409 3268 91
907 181 453
1140 2078 127
46 229 43
795 2615 366
795 2518 92
828 581 51
389 101 307
360 4015 133
2204 76 89
871 791 71
104 572 48
689 543 172
1381 4470 10
390 1211 94
461 3979 180
617 1593 285
861 4139 71
1215 1126 274
503 1685 57
1057 46 97
1222 4338 89
403 27 307
1145 221 89
1183 1722 71
1315 4698 451
2175 98 70
307 764 143
798 787 201
400 711 89
1128 5122 267
237 859 85
1501 966 55
2105 415 359
246 5051 27
995 3822 414
1671 3534 89
387 1632 71
476 76 89
2119 4483 348
423 2767 104
1026 3877 121
1180 899 79
1032 372 285
1884 99 70
1753 5321 370
1362 1607 73
1768 5451 91
26 279 457
1489 659 303
634 412 200
159 585 89
1139 1110 348
1657 621 12
689 360 57
341 1915 356
1848 761 57
1072 97 71
1953 1016 355
900 640 12
467 3427 278
1133 184 12
2094 1003 107
866 400 325
1486 2199 6
395 1660 70
1093 470 35
110 1297 72
859 396 185
1591 724 89
114 501 44
1842 1664 56
208 274 42
792 1294 375
468 4999 25
912 1500 56
568 435 73
451 5148 373
294 174 54
4 4734 57
1375 101 307
1251 1231 276
1517 200 109
1925 1816 97
1666 2475 437
132 383 86
41 523 57
965 2358 427
1272 360 57
1360 728 113
860 3921 57
819 2180 325
1907 2456 24
736 32 56
742 175 104
408 3272 64
195 2634 88
187 767 78
1868 4368 71
709 4760 278
1783 752 44
332 1115 121
779 3254 71
1172 3667 71
225 903 62
831 4168 413
130 3637 325
1816 980 113
1568 3538 453
547 159 457
93 3043 25
331 1558 72
373 4547 206
1472 1427 43
1172 4744 190
752 730 89
1825 355 72
1169 3239 272
1174 3425 56
770 568 333
35 3016 112
1269 416 71
1229 4131 56
1644 3023 89
1003 1772 213
225 605 137
4 200 109
116 31 33
1323 279 457
847 309 64
1603 2239 205
169 4997 57
894 121 89
74 4381 24
1135 906 370
1478 347 40
515 5248 406
107 35 56
1454 3715 56
1327 643 364
674 132 145
133 1358 89
969 500 44
114 1073 434
1134 2029 158
57 2358 427
1444 543 172
301 753 56
1462 2590 271
127 772 89
222 4471 91
1809 591 89
787 2288 151
944 1262 117
92 1566 403
225 2137 176
1347 4723 278
1841 5352 452
2151 5577 87
526 68 71
945 329 56
376 3504 71
1212 2064 70
1577 1951 300
1485 1712 71
22 2077 465
297 76 89
542 4782 23
204 201 162
483 1352 57
1344 4842 73
133 1743 70
1154 55 56
1310 440 10
2248 2445 89
475 1712 71
1952 2958 370
1678 176 104
309 421 190
361 101 307
918 62 82
354 888 71
1388 1532 12
707 2457 206
362 1676 73
1163 3082 404
1744 5399 89
1728 5316 78
817 1251 12
1644 4212 12
261 3165 209
241 1852 53
831 840 386
114 196 89
1567 2966 42
582 72 71
513 1200 71
1851 484 206
2084 159 457
1686 4509 57
1216 1183 206
1272 629 275
145 136 73
490 1892 72
149 789 73
969 192 57
1478 5335 94
4 3209 43
216 4724 93
259 139 404
779 88 276
1269 1495 73
900 2456 24
353 777 71
1460 1603 107
756 4470 10
391 734 89
490 4429 31
1451 4137 32
292 3395 71
1199 1059 72
1103 2328 107
93 4154 96
1082 27 307
1273 2969 55
734 1903 55
2038 4071 89
917 454 56
713 892 54
549 361 333
2061 829 43
2231 29 12
787 211 361
100 4003 9
2144 2337 473
931 4390 316
1227 4552 104
97 538 172
1633 2804 12
566 1079 43
66 772 89
1249 3427 278
778 4452 93
492 498 190
1657 568 333
1050 2063 42
1137 3972 72
1097 1812 12
1344 5432 313
945 2454 190
1139 860 172
566 522 42
969 1742 72
1487 4606 316
637 1932 143
617 229 43
1790 136 73
1360 3001 10
810 532 73
483 3088 404
1747 29 12
497 3146 115
864 4802 56
1414 543 172
744 3413 363
999 709 137
791 1726 91
1381 2941 404
903 1388 10
1481 358 279
372 3536 33
831 3414 426
710 2381 94
599 1353 71
1229 3169 260
899 5187 172
1174 2902 453
1419 4696 405
955 1015 355
482 5252 32
1296 3224 209
1405 2295 325
91 493 15
369 4212 12
354 1186 378
241 33 32
43 99 70
64 1844 71
1939 568 333
2252 439 285
1790 4043 89
1247 1426 57
635 4476 29
1563 162 38
1565 526 47
1407 3625 6
1878 3009 57
1043 420 190
1726 1046 206
766 5325 278
807 4083 71
834 3461 457
1272 842 57
937 1275 142
1305 761 57
1873 4053 340
1172 3765 73
525 806 57
572 755 73
1435 1999 12
715 3397 463
775 2889 341
831 1310 466
1406 733 213
2231 4922 333
1212 136 73
497 3781 412
647 439 285
1145 71 72
1567 860 172
1979 700 32
131 211 361
1224 3758 10
914 767 78
548 216 276
1532 4705 172
1151 2912 89
543 1240 72
1634 4051 172
233 887 305
881 939 89
1384 5334 347
168 1285 3
1673 380 70
705 398 89
2149 4933 54
706 327 43
1 4382 97
1867 3272 64
525 4873 276
146 568 333
54 626 56
2014 4297 271
1176 1900 71
565 205 70
240 1263 73
1361 1806 97
1457 77 91
1443 1216 89
91 183 115
568 2896 363
1850 76 89
67 4800 185
776 3086 10
1141 915 57
311 3708 389
1199 4205 190
1869 3930 143
176 777 71
71 27 307
936 101 307
1036 3427 278
910 379 209
716 1613 213
544 29 12
1405 2069 57
1199 4751 72
247 3050 71
108 5291 56
240 2412 43
956 761 57
871 68 71
931 181 453
513 1020 405
1169 4264 70
108 8 55
1773 4416 88
907 1817 72
1129 512 299
1413 3505 71
1904 349 90
257 71 72
685 327 43
707 3118 307
159 4492 78
1229 299 364
678 2249 73
1596 1651 89
360 2519 44
702 216 276
647 3613 89
1692 3223 205
1875 1793 429
805 3742 89
835 5549 386
566 485 72
489 4996 396
876 162 38
1923 205 70
1762 1868 104
912 2955 370
1022 3001 10
530 3038 70
543 2958 370
2190 5319 186
1576 76 89
272 807 108
1276 3363 303
734 1804 12
1071 732 271
1742 1934 10
100 2152 215
1676 5516 73
270 1475 57
1160 462 71
1830 1422 56
1149 1207 72
1484 4284 32
1578 5126 71
1299 2495 62
1965 4705 172
582 1684 72
517 2800 285
169 1358 89
367 2528 449
1068 1715 357
1356 4233 47
460 2456 24
743 498 190
1172 586 12
527 566 21
1748 27 307
1591 1749 453
689 2240 240
1344 1250 12
712 3675 48
858 915 57
1218 764 143
744 5504 295
2096 920 192
1517 855 71
1188 302 71
744 1843 70
1709 4564 279
223 31 33
2280 3082 404
1299 586 12
625 2570 193
1063 787 201
2061 4523 44
1273 136 73
566 1834 32
1790 5222 301
1898 458 74
521 3243 88
1918 4421 285
2299 440 10
979 4950 364
633 1969 89
798 4177 135
1135 3708 389
195 2315 271
597 1849 155
617 4122 278
2259 2628 57
707 643 364
2119 3246 348
77 1739 57
114 205 70
1247 1226 457
1406 2429 19
995 913 180
100 314 119
542 1083 67
1147 1649 89
1977 98 70
553 3360 295
423 912 181
1333 85 89
586 2105 185
640 1155 44
922 761 57
599 619 72
824 3942 185
176 2 75
1529 4513 387
831 435 73
1022 139 404
335 4372 404
1125 386 32
689 1317 89
1368 4061 70
2218 216 276
2110 1353 71
1886 1175 415
2288 955 31
521 917 165
1205 2198 10
1345 1 463
1 4819 92
1564 1277 44
711 2519 44
600 3321 117
1008 1331 457
502 186 137
463 29 12
592 359 56
1970 764 143
1704 1158 32
939 5351 295
780 4461 364
1588 1 463
1724 636 107
136 1054 190
403 1817 72
1222 670 78
794 1278 144
673 647 303
239 139 404
400 289 56
1855 2328 107
565 2596 54
946 2570 193
1925 840 386
1979 211 361
1221 734 89
6 2033 87
127 767 78
1450 2495 62
492 1712 71
160 25 79
330 482 70
1216 3062 12
136 3358 12
1336 1039 161
458 27 307
169 1031 260
1168 418 307
2015 570 12
195 1965 57
2200 2276 359
663 289 56
2167 4200 347
1455 4779 232
1346 250 89
430 472 100
244 3841 279
400 932 75
1417 76 89
584 237 71
1137 4721 12
1838 2973 72
227 782 44
1561 4832 12
633 656 285
948 643 364
253 693 436
995 1459 364
453 70 113
99 3078 51
71 217 71
978 25 79
1199 3031 137
1043 160 12
1486 255 285
1623 4463 481
799 447 181
1538 4909 12
1743 2890 269
375 2329 100
94 164 111
1187 5072 38
317 2400 55
4 2345 57
622 439 285
374 597 307
256 189 202
1563 1641 70
629 1695 72
1609 2615 366
1154 29 12
235 1029 11
808 4610 56
1855 191 44
406 31 33
1317 4368 71
552 158 276
145 547 12
1138 643 364
1195 76 89
707 4217 396
549 2627 70
2055 2812 270
1609 498 190
1132 3098 309
1131 4323 12
523 4043 89
18 160 12
498 1233 57
376 139 404
1226 589 89
2223 835 72
772 2145 284
1060 176 104
1407 380 70
1981 302 71
1313 1558 72
728 4650 43
219 2247 73
1639 835 72
1065 3427 278
1067 1091 73
1132 114 72
795 1728 72
117 412 200
388 2537 375
542 25 79
243 670 78
1028 4039 278
838 17 43
549 4911 103
654 3127 57
1188 915 57
1568 68 71
640 209 32
1536 5011 172
1797 1970 87
151 3052 12
1022 777 71
452 4791 185
117 2000 303
114 221 89
904 1321 137
1119 761 57
376 1020 405
1133 621 12
2196 272 56
709 4848 110
514 2395 276
1601 391 89
1355 448 333
1796 590 89
116 2858 71
789 4083 71
858 2097 73
1134 895 38
1216 2804 12
1903 767 78
270 587 87
225 174 54
719 736 386
762 325 56
35 156 89
111 1886 328
1131 5181 316
362 3385 92
995 3779 412
1138 498 190
1617 4329 12
173 255 285
2200 2077 465
94 88 276
2094 3923 404
713 2388 73
270 839 57
656 2666 226
374 2720 24
644 27 307
799 1624 57
2193 4460 333
20 3639 71
1852 139 404
1856 3517 276
1020 1886 328
1015 88 276
225 85 89
1169 68 71
1 943 113
1097 29 12
2105 698 333
373 937 361
1863 391 89
946 2369 71
1230 860 172
1235 1275 142
151 2657 12
184 97 71
107 1336 48
778 1830 56
198 489 72
691 272 56
985 1242 414
923 2381 94
663 434 73
1910 45 276
598 124 105
376 313 421
423 1682 206
334 447 181
189 489 72
1220 359 56
1035 1094 73
881 640 12
584 894 107
383 314 119
1227 1231 276
593 98 70
438 4088 57
195 2926 12
1467 3162 286
64 1249 72
1532 3541 185
1575 3587 56
233 3684 57
1094 767 78
828 72 71
1216 2444 12
599 2728 55
728 1936 72
819 1020 405
1035 440 10
739 453 89
751 3544 72
1081 3427 278
457 1589 259
1637 2974 71
1013 2006 160
236 5513 137
1308 1145 95
1161 4809 454
620 2834 55
60 3726 58
94 2125 355
1032 85 89
84 3089 232
775 176 104
349 1273 107
131 557 325
314 835 72
128 625 89
432 2555 457
304 1580 209
750 1548 185
451 81 451
1644 886 71
1692 2988 143
1101 539 55
240 1073 434
1843 2871 70
127 267 89
1146 4462 185
870 316 32
230 164 111
678 608 43
1584 756 57
45 4721 12
114 635 271
910 3853 71
330 677 78
226 453 89
381 1908 70
601 318 234
315 806 57
605 2778 6
1246 138 79
313 1146 33
1350 3913 56
486 4594 34
895 591 89
515 440 10
1150 2647 276
296 5167 57
331 27 307
9 4722 172
165 458 74
415 4439 73
1723 4085 107
163 5025 37
973 30 71
131 1982 333
2205 3213 285
597 72 71
1039 270 107
1305 4653 383
516 4241 12
1893 4608 316
1044 2279 79
311 2959 89
743 180 78
266 2368 79
2287 3475 70
1849 4617 91
1566 1883 57
1864 1575 270
141 764 143
2200 2379 457
1545 980 113
1478 170 66
933 2716 10
856 2752 34
1706 2561 206
136 525 71
1283 1384 71
410 3150 89
1925 5091 360
1487 3242 202
1368 2240 240
1043 1331 457
1512 4606 316
1404 1386 33
103 4131 56
798 761 57
1583 2276 359
1017 5568 89
588 1606 71
1141 88 276
2239 121 89
616 1920 206
210 533 42
496 2337 473
2211 797 39
793 732 271
1229 2386 480
848 568 333
336 568 333
536 1369 56
2256 4428 246
256 3439 285
141 955 31
1443 4084 56
1084 1874 43
1702 860 172
512 98 70
396 501 44
1627 2522 423
682 3427 278
384 2031 274
862 3270 87
12 3767 417
1160 4988 419
480 3720 399
1203 76 89
984 5535 44
168 76 89
2033 1999 12
126 453 89
628 1712 71
1290 3872 31
1270 681 303
1190 2071 258
432 285 307
940 400 325
199 2969 55
539 216 276
1419 937 361
177 2 75
1586 4556 73
273 2381 94
59 1553 93
2209 2364 237
1533 2966 42
1529 1046 206
468 2908 89
1357 27 307
1268 3063 57
1233 25 79
35 1035 70
827 3049 71
909 4045 55
2256 2752 34
40 2956 71
1769 4017 105
1072 1327 79
355 5298 12
437 569 71
946 136 73
214 3897 56
409 2045 71
958 1414 32
737 874 73
945 2468 41
507 2895 444
513 4582 43
923 4723 278
468 114 72
640 874 73
52 4507 71
2092 141 72
353 1119 89
626 828 276
1388 2890 269
970 1255 286
1351 88 276
51 792 231
1634 1161 163
443 932 75
969 2072 56
1553 4610 56
1229 2580 259
731 4637 70
2089 1891 206
732 655 89
1098 492 12
1785 3325 301
1966 3955 205
1743 3089 232
969 4927 104
501 730 89
419 85 89
1328 4621 473
173 2126 246
1376 5347 245
1245 501 44
475 2020 71
833 937 361
1695 188 232
468 4043 89
473 3895 105
1054 361 333
1226 1874 43
787 88 276
2091 1227 318
680 1636 337
132 2816 71
1523 947 33
689 4568 89
390 3494 12
734 3522 97
886 2194 44
92 3550 113
1229 1545 246
1951 2254 468
1272 27 307
1653 29 12
969 498 190
1903 138 79
819 1342 89
345 2096 232
599 2607 12
108 463 70
89 475 89
1055 363 71
1480 361 333
181 382 39
794 3542 185
990 2295 325
1903 4390 316
945 860 172
1717 1419 73
406 4429 31
90 1908 70
792 379 209
1253 88 276
764 733 213
299 245 95
278 454 56
1728 1853 201
526 3092 292
1056 847 291
74 2764 89
1580 2001 89
1330 928 12
1925 5277 405
1451 4335 40
1064 772 89
1044 5109 56
2155 657 185
742 350 137
381 234 82
1143 1671 206
1774 4397 66
1330 902 43
1063 477 89
1326 2323 75
60 720 54
1003 97 71
324 1426 57
1318 2973 72
1052 843 372
1154 298 71
513 2834 55
1814 3886 57
899 5235 55
1288 767 78
1043 1209 89
484 688 89
1153 3624 172
1269 2648 471
489 4304 135
1054 2 75
1984 643 364
1341 2275 56
920 498 190
394 186 137
1869 831 117
1196 1917 89
1066 492 12
1055 5207 215
297 3145 159
1249 2253 443
832 183 115
531 1177 89
948 983 57
166 176 104
1966 1697 55
360 2652 70
1879 412 200
2154 1065 378
361 4381 24
749 2628 57
1317 178 97
1673 612 113
124 635 271
1063 1874 43
1187 3006 449
196 1010 71
1332 364 276
52 842 57
636 712 89
230 2763 159
131 1712 71
1478 417 92
319 35 56
530 183 115
725 777 71
412 177 12
60 113 71
547 347 40
10 2615 366
1 2451 33
625 76 89
1597 1429 213
592 2464 99
351 174 54
1222 1129 57
365 140 253
2033 2708 67
310 861 369
936 590 89
804 211 361
71 1858 285
1200 2590 271
197 1012 72
468 4170 279
780 1683 10
1624 2199 6
1580 2331 453
360 318 234
1516 1311 89
1159 1046 206
630 100 89
460 826 43
711 4303 57
1570 937 361
94 2027 439
483 413 386
996 5198 73
1143 210 56
955 577 105
1310 1692 73
326 2927 55
1303 575 63
459 424 89
1086 4733 333
2185 568 333
1851 2483 265
537 342 24
41 1460 260
2116 435 73
550 1496 246
6 2632 44
1568 3869 71
109 1708 68
2193 5131 301
838 1951 300
861 403 25
1307 68 71
383 211 361
1187 4971 457
1139 3864 48
222 1085 57
315 114 72
2005 439 285
462 470 35
288 2562 25
1072 377 54
208 2221 38
1137 1 463
1430 3427 278
1667 844 40
474 2083 56
1032 384 79
978 255 285
2257 316 32
2035 2266 412
1096 4019 89
725 3556 12
1063 1950 100
677 2388 73
793 3887 238
1800 27 307
512 3054 24
478 4345 378
45 1766 71
1413 419 286
114 1683 10
717 3222 206
884 518 363
1493 1681 56
273 1298 307
1798 36 44
60 1685 57
1544 27 307
1299 4399 104
851 2732 375
332 2083 56
948 1613 213
1302 3463 71
417 2188 75
699 1012 72
1011 5434 363
1312 72 71
1045 1594 42
639 5301 57
886 140 253
1466 216 276
1615 5206 64
297 132 145
21 54 33
286 363 71
780 397 137
2241 3427 278
1211 3427 278
151 2066 12
230 1908 70
1095 211 361
822 4474 291
412 37 138
613 3896 92
388 1894 241
529 200 109
615 1254 285
909 1810 84
1058 183 115
1326 4384 278
1081 1 463
490 4131 56
831 400 325
41 29 12
1481 136 73
434 193 43
790 656 285
145 1112 73
93 101 307
1575 775 468
2311 17 43
548 1034 54
1302 2924 104
1388 2630 71
264 162 38
1381 931 406
490 621 12
1141 647 303
934 851 84
747 4731 358
1565 2 75
373 3386 89
110 418 307
1680 2440 397
617 1101 239
1397 2574 303
249 1217 338
937 217 71
778 2926 12
1009 3165 209
1654 3847 386
195 162 38
250 136 73
1155 159 457
638 2884 89
891 2575 118
240 895 38
955 2249 73
1622 839 57
388 2606 197
1143 3756 187
362 1712 71
1055 2803 40
376 647 303
2071 21 2
657 1414 32
174 4833 73
39 4678 184
1339 651 453
281 139 404
285 505 57
2223 363 71
910 498 190
108 3615 72
2216 6 160
1072 2069 57
1 1290 43
1664 159 457
1235 3074 73
362 2045 71
1491 3543 185
2199 2392 207
1572 2262 88
199 380 70
795 1084 10
886 1141 25
1512 102 221
623 3034 457
965 4963 278
1323 2408 5
192 4143 57
2208 2926 12
955 4344 72
1395 4175 260
1405 5456 42
654 709 137
383 1778 56
1602 2812 270
1262 1562 457
1327 533 42
699 2751 213
647 526 47
515 2701 137
1534 655 89
303 221 89
44 205 70
127 4282 40
1591 2058 72
2084 334 12
1053 439 285
2106 1548 185
1482 3089 232
196 178 97
52 744 361
724 305 159
749 1615 38
368 98 70
489 2195 10
575 2991 71
1546 954 276
2240 3829 206
144 2061 56
743 647 303
648 648 44
831 29 12
1342 3984 457
707 960 57
889 348 71
269 3875 54
2282 88 276
374 1046 206
1209 2771 32
1216 2077 465
677 362 71
814 1686 56
2187 983 57
232 98 70
851 4992 190
1272 1880 97
1811 422 143
1581 4628 89
719 2543 246
2039 621 12
1892 2027 439
1299 1494 206
524 204 71
413 1680 412
1010 549 89
106 589 89
1268 4060 278
1141 4012 370
242 5106 97
1436 3169 260
390 1197 89
624 631 167
1137 1238 72
1262 4677 89
1 942 113
1180 3391 274
1772 4079 258
386 244 71
1145 1964 54
1371 136 73
784 575 63
1797 515 41
1170 68 71
1017 733 213
405 3427 278
982 1682 206
789 2262 88
1132 983 57
1222 2637 307
207 298 71
217 810 43
362 114 72
466 4466 12
1519 136 73
655 1508 316
1044 180 78
1004 211 361
513 2402 16
1681 2928 31
1472 3639 71
297 1946 28
349 218 206
400 892 54
787 4150 210
217 1364 60
1489 27 307
1368 498 190
301 976 32
351 661 72
1269 3719 453
633 211 361
370 3859 56
1102 5335 94
1683 820 40
744 2800 285
819 4997 57
349 4901 399
1874 1802 34
172 4427 406
1052 3104 33
969 901 42
1368 1868 104
1233 515 41
969 728 113
308 17 43
1316 371 73
1251 101 307
86 797 39
647 2122 92
1082 3058 82
900 27 307
251 3621 34
2105 4194 278
1278 761 57
852 688 89
758 4090 89
1020 2620 333
1253 2940 298
879 1046 206
1640 2801 10
955 1421 9
246 2322 57
1096 1286 71
148 136 73
2130 3295 258
1318 2895 444
729 2342 414
846 5306 303
466 114 72
1053 68 71
1969 777 71
186 3610 276
693 4873 276
209 761 57
1370 4596 89
126 1339 137
227 718 107
605 2752 34
533 5002 43
2108 3117 172
2165 1046 206
71 807 108
846 1929 404
2195 2342 414
1178 4198 278
396 1939 12
314 1519 71
556 281 73
40 2571 72
1816 5019 89
34 3427 278
478 2758 44
364 847 291
1411 3667 71
351 1843 70
1449 4396 71
31 498 190
229 1128 73
9 2245 57
753 1622 73
197 3615 72
1369 4967 268
2017 292 363
1024 982 56
1990 867 73
1676 2070 57
279 1115 121
362 1541 137
1170 504 57
386 1934 10
332 3279 42
1503 469 295
751 3928 137
750 4462 185
374 417 92
1238 5021 104
1193 380 70
1278 709 137
620 1862 159
1631 647 303
731 2009 95
173 20 89
2247 1396 426
2090 39 143
989 4849 12
217 425 57
659 2717 73
1470 2782 246
121 678 259
687 245 95
506 1074 71
339 1473 54
383 917 165
66 362 71
985 25 79
425 1719 12
1414 162 38
1278 116 42
364 2693 431
381 318 234
355 1189 377
1561 1103 92
1068 530 12
1521 68 71
606 3702 71
851 3272 64
620 1251 12
617 2981 210
434 809 42
593 3386 89
29 764 143
173 2412 43
212 95 56
209 363 71
108 55 56
1221 413 386
476 3501 89
1245 159 457
910 159 457
663 3804 57
1140 404 43
992 864 260
777 4064 13
1295 211 361
1842 2278 24
1950 245 95
1541 895 38
100 3554 32
2106 501 44
922 1248 206
1709 4760 278
1320 4384 278
180 4509 57
1490 3744 43
1742 2020 71
1270 1044 17
2009 1500 56
563 5037 303
1577 1331 457
1429 76 89
618 3249 337
894 561 107
78 3440 39
244 263 271
248 1070 70
192 291 380
1699 255 285
493 1761 33
222 1207 72
1153 3427 278
349 1756 72
136 417 92
979 1712 71
833 792 231
172 3876 56
2189 608 43
60 1827 43
1064 2222 88
1410 1033 73
393 3427 278
58 136 73
819 219 71
1802 1696 89
834 2516 404
1572 1338 358
1061 659 303
635 1761 33
1017 4827 72
183 3560 24
647 3363 303
778 5257 32
779 1014 35
1178 71 72
1677 3444 71
85 2281 70
765 86 88
106 3852 277
1689 4419 44
973 2259 89
1537 3192 70
969 1512 405
1734 715 32
599 3755 33
1123 826 43
1458 4523 44
1460 1227 318
712 3731 25
899 4951 89
1306 2249 73
206 200 109
1444 1637 201
625 1516 89
1483 298 71
208 1621 32
751 2019 453
617 3728 73
770 586 12
1054 36 44
573 3422 89
1200 3828 206
1892 2075 72
2261 546 89
967 179 49
1587 781 453
1519 1223 185
2065 27 307
306 29 12
1476 1624 57
1705 1712 71
196 3427 278
970 591 89
1390 5316 78
2261 4851 278
780 1541 137
1796 1908 70
395 791 71
767 1692 73
198 759 333
280 1957 144
1613 2526 89
1180 4264 70
2298 17 43
814 2632 44
142 1085 57
1901 205 70
1838 5330 285
525 5010 418
1844 3297 393
1020 3535 71
659 906 370
1229 160 12
904 3461 457
912 2660 107
123 1210 307
483 1929 404
720 3880 120
635 791 71
864 3532 57
75 664 363
1383 1747 78
1701 291 380
1912 5417 231
1618 135 307
508 787 201
720 1639 172
259 477 89
255 3132 424
1688 2892 43
939 229 43
45 1687 72
490 302 71
969 1661 139
1281 983 57
265 2367 206
1480 71 72
94 400 325
1577 2832 24
1887 1459 364
1940 2429 19
228 156 89
1107 289 56
1154 462 71
376 1735 41
32 767 78
2216 3894 105
1265 1964 54
1336 339 106
1797 1146 33
72 501 44
1568 1657 190
205 840 386
668 160 12
822 3139 285
29 3939 89
1327 1817 72
1546 2217 276
1016 3005 88
775 4719 102
106 493 15
1024 1980 224
798 1247 57
1236 298 71
1508 216 276
2231 96 252
1363 1359 71
1418 3162 286
537 538 172
31 1664 56
1340 628 174
452 619 72
399 2 75
893 97 71
1090 1057 246
593 2096 232
1401 72 71
896 3770 105
1216 3034 457
663 835 72
69 134 201
1954 1374 363
253 2873 33
2110 4507 71
132 453 89
2110 847 291
895 2177 130
795 3978 101
779 4750 44
807 362 71
706 3941 139
3 3055 44
186 937 361
311 1400 89
530 1041 370
4 2660 107
1088 1099 449
317 2296 12
1856 709 137
1934 1494 206
1172 393 71
538 1308 482
759 1295 374
254 453 89
861 3801 89
1292 2063 42
1500 4227 89
1406 777 71
54 5002 43
614 336 33
34 1788 12
599 453 89
86 915 57
1247 1563 25
1886 5494 457
124 401 159
108 4849 12
1222 4531 70
1499 5202 137
1154 68 71
1009 3176 468
1067 29 12
492 1179 63
630 5045 10
989 710 89
808 5509 57
984 929 55
61 309 64
1570 4945 12
758 121 89
195 4903 132
227 504 57
1154 4470 10
549 4830 412
1066 398 89
2136 302 71
92 3608 107
828 605 137
1141 3129 293
675 400 325
1345 1038 398
846 1034 54
63 1841 89
874 947 33
2196 2752 34
864 2206 78
2214 4454 206
1691 1 463
867 2142 258
1391 27 307
1320 1843 70
1017 2501 206
791 479 71
1209 145 56
1045 1463 73
1195 750 70
2029 4557 172
1233 76 89
541 2501 206
859 3279 42
1159 3587 56
958 1298 307
1122 4359 285
719 3417 136
779 764 143
1016 2408 5
26 1060 457
1299 379 209
1596 3046 159
2184 76 89
1377 1270 55
1418 1546 416
258 895 38
1227 313 421
989 2309 47
127 1804 12
1030 3097 70
1141 5347 245
1565 1712 71
462 1900 71
549 2594 71
367 764 143
1315 76 89
864 1577 73
1211 1767 56
626 1908 70
1239 1952 24
1147 3653 104
526 396 185
955 3349 43
247 362 71
834 5375 285
1058 4363 72
1056 628 174
1925 2323 75
678 101 307
1218 543 172
19 43 33
1140 3318 159
1237 1620 307
170 4251 57
1571 1708 68
497 3777 353
2053 3427 278
950 1524 271
690 1292 4
543 4603 364
362 4093 88
96 162 38
1447 1 463
930 336 33
77 1592 286
857 4805 56
396 911 180
997 1907 113
543 302 71
1278 5474 260
688 3427 278
1271 1181 392
1318 4594 34
647 965 259
2204 183 115
913 3051 42
955 666 43
591 1451 75
997 571 72
462 519 71
358 3923 404
440 311 125
26 2675 254
1524 754 42
1481 1574 285
1160 1683 10
1375 4427 406
1611 4997 57
707 296 382
1842 3585 104
390 4350 355
110 5446 155
426 2478 120
987 1 463
1405 2752 34
493 1561 57
739 1486 56
1188 36 44
2290 99 70
948 895 38
30 118 44
1212 390 163
286 4849 12
247 1198 78
1318 2493 241
270 1465 70
1163 2772 32
1619 1341 143
245 226 56
1323 1283 5
957 458 74
1571 1060 457
354 4985 57
260 1467 43
598 472 100
800 3278 449
1272 580 66
626 2270 44
1644 1113 89
425 3269 91
1498 3990 303
948 800 246
1345 1248 206
343 2951 192
1015 1212 178
736 983 57
844 1170 56
879 577 105
217 76 89
452 2053 72
1137 214 333
209 897 137
1980 2026 307
330 814 446
798 1251 12
1760 196 89
1018 1712 71
1949 590 89
315 2758 44
707 569 71
1595 1295 374
1181 1055 89
1678 4380 117
2254 3607 442
1173 1277 44
1190 4439 73
2192 2304 359
1059 2479 89
436 2267 89
1271 3427 278
1251 316 32
1235 2982 210
1053 85 89
539 5326 333
1410 4886 73
1312 2114 367
1249 2342 414
2040 418 307
607 181 453
989 2176 11
2099 715 32
1270 4472 116
1222 98 70
1383 1451 75
40 693 436
1085 98 70
1848 1480 314
1576 5490 72
1008 27 307
1270 1071 12
1174 435 73
2299 4159 156
2088 4600 314
1287 1295 374
1537 200 109
1343 174 54
12 97 71
34 5163 31
475 2928 31
1393 1671 206
114 1594 42
1003 472 100
778 1615 38
194 2324 97
235 1999 12
2200 1758 434
1357 392 89
1665 174 54
780 761 57
286 591 89
1272 657 185
1966 1112 73
529 1536 56
284 3241 271
1460 3451 65
1078 4679 258
77 3427 278
50 5272 66
427 68 71
1373 29 12
1508 3427 278
1 944 42
205 2212 32
1965 2666 226
1655 2139 284
231 2997 42
1367 4494 258
1808 3372 57
199 313 421
435 860 172
240 1704 33
1302 227 103
412 3635 55
1175 4824 72
1710 1278 144
955 1257 91
490 515 41
1532 2073 201
1512 538 172
1708 880 453
6 2752 34
341 101 307
846 2322 57
1709 3326 404
1700 2755 303
1110 4637 70
648 3035 109
5 98 70
713 983 57
377 3625 6
537 4914 24
1569 2426 236
2144 4970 408
2084 171 12
1270 4889 114
1579 361 333
2002 139 404
631 3295 258
955 764 143
490 186 137
1026 1911 54
1695 64 362
1530 761 57
409 2149 137
1147 269 54
1431 640 12
2109 4611 185
449 4523 44
1278 1217 338
1601 3981 89
1413 205 70
629 1156 33
799 170 66
516 777 71
317 1414 32
835 311 125
2027 4680 44
1475 3951 70
981 568 333
615 1037 24
479 915 57
1229 439 285
1908 1214 365
1355 1299 307
1159 628 174
1376 5085 367
1248 4368 71
108 2157 410
1052 1614 40
1696 2701 137
280 779 143
218 2634 88
554 1192 92
887 915 57
997 1837 72
969 211 361
1393 3185 206
792 5254 89
1631 1 463
430 538 172
813 648 44
1215 271 89
998 147 56
1578 2463 381
1146 1353 71
2041 2628 57
1168 1331 457
618 1128 73
1768 1473 54
189 3003 56
955 1696 89
83 27 307
1760 787 201
575 4132 146
1957 94 276
180 1731 57
1168 500 44
991 2495 62
1139 2648 471
535 2595 10
20 1997 71
2078 1810 84
162 1295 374
414 449 453
929 2460 46
634 98 70
2108 299 364
571 85 89
1175 412 200
389 1248 206
1026 1517 32
2246 3725 71
600 4368 71
249 1277 44
219 447 181
444 2074 10
1140 4446 40
1915 2429 19
388 3952 71
149 231 72
1635 1126 274
1052 851 84
360 3201 72
154 2329 100
1464 181 453
1401 937 361
483 841 40
1324 97 71
1102 193 43
1734 2539 411
648 4322 56
1373 4017 105
283 852 221
809 468 78
1087 76 89
225 608 43
1209 444 72
1160 917 165
907 1275 142
1024 85 89
1212 4086 56
2223 321 190
791 2474 71
1656 4181 89
1501 1519 71
170 254 57
1213 319 57
1972 327 43
1239 1213 143
75 80 33
723 483 72
1970 3325 301
797 3541 185
446 2933 105
617 1186 378
451 1234 107
1127 3822 414
444 290 340
370 4326 57
1158 472 100
1221 320 71
203 305 159
2227 5100 201
270 3511 40
1311 1091 73
1841 4617 91
880 4029 44
750 2105 185
1248 318 234
814 4419 44
1104 1380 473
2099 205 70
115 1210 307
908 2459 71
1425 76 89
871 2656 55
319 272 56
490 104 86
713 589 89
923 3427 278
1681 2941 404
222 1420 159
327 3469 137
303 1522 89
1360 27 307
876 2114 367
419 2722 101
1050 3689 89
1521 4754 56
1134 2221 38
1370 4411 303
1236 912 181
1666 5058 208
387 400 325
1526 2341 185
962 2085 33
141 229 43
1653 507 404
136 205 70
1825 152 70
936 1999 12
1330 2390 89
863 2 75
975 2716 10
14 4959 12
635 735 453
1232 2047 56
159 1319 25
70 136 73
794 5163 31
1768 325 56
691 4003 9
1724 915 57
222 4429 31
838 2331 453
225 177 12
1408 4200 347
1302 3794 136
582 507 404
2256 906 370
856 5082 5
792 3150 89
726 278 354
2158 3489 89
1136 29 12
240 1179 63
368 447 181
255 74 424
1415 2517 57
393 1937 307
1475 5360 72
1228 417 92
1270 3875 54
1668 821 71
462 472 100
435 439 285
1228 5424 213
437 362 71
604 271 89
153 4324 44
581 2560 89
773 3644 404
67 33 32
1298 2379 457
1106 844 40
1686 1857 394
1439 550 77
653 722 89
1416 1358 89
515 272 56
657 1328 473
1567 2526 89
516 2307 416
549 722 89
209 4113 142
22 2441 138
97 1939 12
1848 4561 278
1445 4029 44
1929 4396 71
486 2119 57
934 1249 72
1049 3660 137
337 286 318
230 1285 3
207 325 56
2116 4169 278
658 1053 137
361 717 236
2120 5035 411
444 1278 144
615 1907 113
261 2644 12
969 3176 468
1658 135 307
409 5462 108
985 2598 303
166 2098 33
350 864 260
552 15 386
51 98 70
384 1525 56
779 3668 89
1481 363 71
1327 252 363
1231 164 111
96 580 66
731 1871 41
1232 98 70
1908 367 12
1380 27 307
1587 85 89
681 4027 89
893 216 276
482 2705 89
705 1415 97
246 4208 81
980 116 42
615 4114 190
694 3375 56
1407 4907 87
1823 37 138
1156 3427 278
70 70 113
1097 3625 6
2037 5019 89
96 2288 151
1235 2013 73
1722 657 185
1912 1817 72
1405 5543 381
328 1436 34
332 581 51
1513 4873 276
1206 88 276
174 4574 43
1394 2195 10
154 1855 79
2015 4371 10
480 2876 453
617 659 303
867 767 78
491 1189 377
1887 289 56
75 2175 251
484 2043 364
1011 1258 73
566 1106 452
535 242 33
496 4013 57
2243 498 190
412 1134 286
1503 2026 307
1081 1519 71
408 2121 43
864 1163 118
1768 641 120
815 3334 43
1125 380 70
1053 1383 364
599 5529 252
452 1046 206
371 535 88
1049 953 70
390 3982 56
103 1822 464
1140 1375 44
159 336 33
1314 2299 71
1843 4892 44
787 3060 57
474 211 361
157 821 71
1522 1096 396
1910 139 404
1195 3216 285
1523 82 34
1534 29 12
512 2713 70
1524 3228 383
326 2632 44
1284 2328 107
560 4796 71
551 145 56
663 498 190
51 3266 307
469 874 73
1217 3068 113
565 1931 444
541 1063 457
1349 136 73
1344 1683 10
1317 5588 172
369 1184 56
1281 433 12
225 3016 112
779 2532 89
743 748 44
13 5155 91
1266 1986 6
1234 608 43
138 2047 56
1724 2320 64
565 3765 73
1235 2641 42
1490 767 78
1187 2800 285
250 2029 158
552 840 386
705 3371 430
1493 2959 89
753 2239 205
1248 1997 71
187 390 163
2120 5444 414
486 1566 403
1817 121 89
71 5391 73
1003 761 57
1004 2107 276
1225 1874 43
851 148 453
1801 1910 72
955 1984 271
381 847 291
192 172 12
92 1227 318
795 564 91
1272 4434 104
1910 3197 276
303 2930 243
328 25 79
1095 4568 89
217 1046 206
2071 1029 11
1384 9 475
1523 4512 444
363 1129 57
1444 472 100
878 1331 457
136 453 89
671 436 303
705 755 73
691 5 73
1317 655 89
161 1032 43
230 1986 6
805 418 307
417 191 44
1219 430 43
62 318 234
1357 307 43
25 1976 57
27 1085 57
367 1114 457
80 277 316
720 141 72
208 1051 32
1022 1436 34
404 211 361
1981 3460 163
737 2773 32
647 1067 89
784 3769 42
501 1424 43
1754 5145 71
146 688 89
902 1446 82
1375 3338 223
543 1552 72
67 1295 374
789 1761 33
1344 915 57
157 915 57
1834 29 12
270 55 56
1603 545 162
324 118 44
1084 440 10
1714 400 325
938 76 89
617 5354 87
1889 15 386
115 1129 57
93 3907 33
846 1546 416
995 1213 143
1658 1254 285
1432 159 457
1335 1022 24
631 4752 94
1323 458 74
1097 1444 427
34 2428 31
913 3169 260
430 272 56
1248 606 9
246 140 253
2102 4264 70
169 2963 36
2007 96 252
2088 1175 415
754 1046 206
483 722 89
787 5416 465
2176 1146 33
1335 1814 71
609 2952 399
486 983 57
264 1246 75
888 1817 72
458 4125 32
679 27 307
821 836 312
1531 2870 185
1024 1161 163
803 3324 154
1395 648 44
2084 1251 12
489 85 89
444 4079 258
1498 701 72
2065 64 362
1719 807 108
245 1803 42
628 468 78
1341 1869 89
1155 1583 73
207 3560 24
958 339 106
1345 506 215
1152 4248 370
170 5465 38
1168 1310 466
1020 2331 453
1563 1195 89
1948 230 70
286 2254 468
78 543 172
304 3789 201
241 183 115
637 1031 260
150 27 307
504 1034 54
961 4547 206
1634 3901 98
565 211 361
516 820 40
180 373 303
2126 13 467
1499 2955 370
1035 2401 71
1966 5591 43
1132 3272 64
889 4663 56
1749 2086 55
1316 1187 71
374 396 185
486 92 38
498 440 10
847 5509 57
1738 3649 89
376 412 200
389 1234 107
2157 2203 192
1516 1551 72
1283 99 70
814 5 73
483 1627 232
683 1024 98
1 842 57
673 255 285
257 1220 213
498 3474 232
542 3217 72
2298 1146 33
543 3596 185
1546 470 35
1496 3320 73
157 2564 182
1724 1817 72
556 400 325
832 3809 120
480 17 43
1154 396 185
1272 4163 75
589 2587 24
297 4214 333
1424 379 209
2030 2303 453
970 6 160
1440 2286 34
2176 1697 55
865 255 285
1340 610 173
1875 2810 263
395 1200 71
173 4507 71
1039 2641 42
483 2458 181
25 2328 107
1343 15 386
322 116 42
1768 754 42
2302 5101 44
1335 4844 57
1395 5302 137
483 675 285
1516 733 213
2290 1908 70
616 2914 386
807 984 71
296 1507 25
615 1096 396
1488 2332 369
1350 4741 172
656 4056 57
900 2311 56
1248 543 172
1345 459 73
1524 261 12
1442 216 276
1338 472 100
1155 1 463
565 4887 457
400 1964 54
433 764 143
598 4801 12
866 5234 205
295 1336 48
387 1438 6
483 3879 89
92 504 57
1760 2425 369
1966 71 72
1774 25 79
241 4362 139
92 40 72
436 2627 70
517 3335 303
124 2015 40
517 458 74
677 1343 318
791 163 32
1977 1214 365
1162 4473 295
361 117 307
1622 567 219
538 400 325
133 29 12
74 501 44
1388 2565 28
1008 9 475
1614 2222 88
1492 1574 285
2186 289 56
78 1251 12
613 2001 89
1314 3427 278
939 698 333
918 3324 154
332 543 172
1231 604 55
772 2144 258
523 136 73
575 1959 107
258 136 73
56 2730 44
2250 413 386
326 355 72
1187 1487 89
1719 2 75
455 106 120
1178 5324 224
942 85 89
1360 2660 107
1245 802 107
1372 2798 394
68 862 285
258 76 89
969 2555 457
1345 1677 386
175 907 43
568 439 285
685 2199 6
685 136 73
2016 33 32
955 310 72
1638 1213 143
374 3853 71
1174 1056 386
842 3854 70
1177 659 303
1708 1270 55
29 4003 9
1174 4631 371
531 1791 12
1801 1872 72
526 661 72
1150 1055 89
1174 304 219
1235 342 24
874 4824 72
1283 568 333
1195 2349 258
212 2979 89
1 1065 378
1189 1493 241
1318 462 71
593 70 113
1619 1912 117
1414 851 84
1342 1226 457
1523 2655 138
2174 1540 89
1 605 137
486 1359 71
1413 1082 375
2120 1594 42
518 101 307
781 1553 93
1850 915 57
923 301 56
1095 4720 324
228 433 12
770 202 56
1523 420 190
2059 4445 465
2079 94 276
401 573 47
174 4198 278
1214 974 92
428 3409 12
787 205 70
113 3373 261
1139 189 202
393 38 143
2087 1212 178
1424 3165 209
1052 1146 33
358 1512 405
46 1183 206
710 1059 72
1630 710 89
1067 796 107
298 2709 206
1410 2481 91
986 1873 43
931 778 454
790 3426 314
1274 5001 210
1155 833 307
517 687 9
1668 5116 73
2127 1160 359
1104 893 71
1751 3945 89
550 750 70
52 255 285
871 4300 56
544 2456 24
1711 1926 89
1322 1451 75
193 1080 96
1567 1914 232
483 4198 278
1138 1820 72
1283 97 71
1102 4349 77
1478 2995 271
1824 4018 104
187 1489 2
593 501 44
1727 777 71
1328 4686 70
85 440 10
167 1938 24
1832 202 56
1774 2082 28
1570 400 325
1067 1615 38
1206 5032 137
136 1841 89
88 777 71
1180 205 70
2095 123 139
212 1100 54
1951 764 143
1328 3895 105
1843 4524 384
597 1046 206
1204 2641 42
439 3202 82
259 498 190
621 2977 295
1132 5443 292
365 234 82
978 3509 89
854 3051 42
1860 4572 32
66 1845 137
712 4702 71
1831 2440 397
1617 2089 12
109 311 125
1620 74 424
1403 5422 457
1622 5144 307
332 1453 147
1826 1167 206
1341 363 71
668 3747 460
123 277 316
617 1384 71
759 1366 54
1565 271 89
2177 568 333
684 1344 137
510 5143 88
1818 3442 318
1310 2077 465
20 47 71
297 3667 71
1590 3986 21
1536 1199 56
427 377 54
588 3731 25
1911 4521 466
464 183 115
1311 2045 71
736 534 43
1748 3858 127
466 3196 10
42 3509 89
1203 2933 105
103 1032 43
1272 323 89
310 3258 347
1355 1226 457
1779 4814 411
2068 1192 92
1300 803 43
335 897 137
931 277 316
1566 1014 35
799 831 117
524 4019 89
1150 1193 72
19 1844 71
1757 4348 57
823 1249 72
490 2817 57
76 471 89
1287 531 15
554 2523 56
110 274 42
347 1289 33
1159 1654 354
1375 1146 33
1165 4619 105
1693 3232 322
233 4 71
734 464 92
872 2561 206
1187 2310 71
585 440 10
620 636 107
235 76 89
12 292 363
140 4103 33
637 1416 89
1314 3756 187
1359 4773 78
744 647 303
1865 3215 145
998 1359 71
267 1133 56
1307 568 333
202 1028 54
1997 4462 185
1328 629 275
1323 97 71
1003 506 215
180 201 162
1085 3638 303
2008 1671 206
1299 1615 38
244 3647 206
1020 1914 232
41 1306 186
147 687 9
276 2 75
1463 88 276
1168 2298 158
217 1761 33
1103 413 386
1989 1275 142
449 1886 328
1405 5279 396
814 1839 24
1797 2763 159
454 608 43
874 1692 73
1309 136 73
511 1116 55
1502 996 303
784 892 54
975 1990 213
301 412 200
387 1233 57
405 593 42
1216 1712 71
1631 4044 70
74 787 201
736 289 56
1154 3326 404
955 255 285
736 2189 91
1198 114 72
45 1788 12
2078 2911 38
191 1821 43
774 37 138
247 4867 70
169 2961 370
77 590 89
574 1063 457
310 1298 307
866 3331 139
1931 3664 33
1965 1736 25
1210 917 165
771 323 89
1038 303 316
1508 4288 278
198 277 316
1743 1575 270
1315 4564 279
1086 159 457
628 2241 73
133 1417 72
1250 99 70
40 185 12
814 4433 279
753 358 279
1178 4419 44
301 659 303
944 2013 73
1460 5318 29
1323 656 285
240 1275 142
784 29 12
331 363 71
1313 3804 57
240 4187 57
95 2132 33
1585 3581 155
441 448 333
60 1386 33
1000 2648 471
743 2141 303
1967 323 89
1988 3898 213
271 1073 434
861 1286 71
699 640 12
1314 1073 434
2027 1802 34
626 466 55
1537 849 348
1337 5070 284
430 3016 112
1344 2305 18
4 2470 89
1696 470 35
1410 1285 3
374 472 100
1586 1103 92
1236 1718 246
151 267 89
1232 1935 57
717 568 333
1683 3490 72
443 4724 93
1362 3461 457
191 4602 34
471 4341 42
417 4022 56
828 3802 113
1383 5515 120
1154 1504 71
483 2892 43
1292 844 40
1367 4079 258
1097 4317 54
1757 289 56
1247 4307 416
2161 11 276
368 3427 278
523 298 71
1056 413 386
75 498 190
979 1458 285
713 319 57
985 2778 6
2095 358 279
447 79 353
1255 1437 172
1407 4434 104
444 292 363
904 5130 404
193 1841 89
28 646 42
1315 97 71
555 5284 84
259 85 89
858 1739 57
723 287 307
1309 17 43
565 2973 72
617 110 117
987 1146 33
846 3216 285
279 3423 194
1140 500 44
114 1987 72
1850 192 57
1131 4449 307
1109 1984 271
711 3962 43
1087 3947 285
1150 643 364
640 533 42
771 396 185
1892 1563 25
288 2397 209
744 1827 43
1212 5302 137
1790 731 89
1013 136 73
1596 2066 12
317 937 361
2247 1164 208
1065 440 10
893 42 276
2094 2420 404
1636 2683 473
671 1096 396
276 4796 71
661 709 137
1231 2311 56
673 3757 465
1537 4044 70
970 477 89
1694 82 34
961 76 89
1638 366 476
782 3277 99
111 5092 303
1690 1560 87
359 2001 89
1135 800 246
1420 3404 89
989 3725 71
718 277 316
325 70 113
297 525 71
1253 2592 75
1981 379 209
273 98 70
953 2009 95
184 2563 203
566 625 89
1887 3902 70
2157 1016 355
1395 1461 5
463 250 89
1322 99 70
2217 93 73
1070 485 72
43 2230 25
499 1552 72
60 2950 54
851 29 12
2075 237 71
907 1256 303
97 1251 12
1926 640 12
120 761 57
1020 5254 89
1172 2713 70
483 2715 33
358 2682 78
2195 181 453
387 1004 303
225 2282 107
1780 710 89
1275 92 38
1428 1213 143
1834 772 89
1404 4635 57
683 3313 87
953 4460 333
197 268 55
333 3531 285
2248 1348 44
270 1699 78
489 2271 44
1216 2089 12
1328 2386 480
909 4147 56
497 114 72
998 4561 278
787 400 325
227 3921 57
248 3434 137
1178 797 39
145 201 162
203 937 361
609 4522 253
408 4031 12
588 875 73
1218 1254 285
26 72 71
2 4371 10
1125 2733 276
659 843 372
678 412 200
1646 2 75
1977 400 325
110 422 143
658 1979 89
1071 5161 212
1951 88 276
1578 4567 285
928 1921 425
1371 3650 206
1067 4064 13
1934 4578 278
1109 906 370
482 35 56
1401 1830 56
374 1575 270
2306 174 54
871 604 55
1315 2595 10
71 5155 91
90 3427 278
326 2456 24
75 31 33
136 5214 275
1043 2610 21
2186 53 363
965 300 57
1043 4708 272
92 4448 56
465 2997 42
221 2374 421
73 733 213
1149 174 54
515 2361 104
879 2418 263
2291 1591 304
1923 1250 12
1695 4524 384
889 1934 10
380 4509 57
2302 834 70
1136 313 421
1498 586 12
1948 588 70
747 162 38
51 3528 108
1726 5168 71
179 799 89
629 2879 98
1178 532 73
734 711 89
694 327 43
1624 3568 278
1515 380 70
617 92 38
1555 906 370
297 2037 333
1745 2917 259
552 1768 48
1248 2799 303
1624 4751 72
389 1785 318
24 1280 23
1135 2436 349
760 4795 32
183 2995 271
1731 2654 89
1852 3427 278
1962 1451 75
2119 2459 71
1867 529 252
1303 1357 78
807 3521 33
698 2669 26
111 1907 113
257 141 72
777 1184 56
1111 748 44
899 1061 457
644 733 213
186 2605 338
225 902 43
552 2124 354
1696 701 72
1159 1889 56
1521 289 56
8 915 57
1602 1805 368
613 608 43
283 1539 71
1619 2988 143
2185 701 72
814 4801 12
1742 1712 71
1270 865 303
1443 2455 57
2246 1049 32
25 3183 12
1512 835 72
956 864 260
706 2556 457
1516 2839 91
1935 3538 453
1225 2641 42
668 5045 10
1472 2533 368
691 76 89
540 4543 86
795 4423 291
1065 771 12
794 176 104
119 3164 55
109 1908 70
984 2123 71
1704 29 12
130 2138 72
64 2663 71
172 2120 43
1078 3973 285
1408 3543 185
148 70 113
617 505 57
630 274 42
1316 3973 285
1896 1 463
1378 577 105
1227 915 57
918 34 57
131 76 89
880 211 361
501 931 406
1960 2561 206
2003 379 209
1143 4749 324
947 1626 72
592 32 56
1578 604 55
614 1970 87
1546 29 12
1951 76 89
1200 82 34
2206 715 32
953 3659 374
795 489 72
1309 1671 206
543 1206 32
1016 420 190
1723 2428 31
524 1951 300
882 5482 32
1053 1384 71
873 1193 72
67 2365 213
760 1669 32
101 1716 166
1637 1671 206
1155 901 42
1323 878 73
780 298 71
363 767 78
131 400 325
791 98 70
1336 1978 87
1511 4853 89
362 364 276
376 965 259
1168 447 181
880 501 44
127 159 457
961 2383 120
1249 5070 284
1385 3882 304
687 164 111
1306 3903 336
858 1096 396
3 29 12
523 227 103
1398 1600 333
540 100 89
34 304 219
946 2058 72
1164 3302 340
1333 5080 78
241 676 118
1418 2161 9
114 1299 307
1054 3427 278
784 1436 34
483 469 295
1296 1460 260
230 3218 73
1298 1213 143
41 4368 71
1227 1580 209
241 2302 32
2233 29 12
1703 277 316
309 1657 190
998 3123 89
2040 4767 73
1355 15 386
1323 1006 286
699 3307 209
572 728 113
807 82 34
585 1117 190
66 1697 55
29 36 44
868 1227 318
1033 823 307
668 4715 472
2248 2683 473
1567 25 79
46 2297 79
1478 2853 143
648 3506 33
874 440 10
1447 2561 206
324 1910 72
1600 4061 70
1850 483 72
2231 2178 276
1292 4399 104
848 519 71
127 2876 453
306 542 396
1049 289 56
1584 4646 348
1711 4728 138
1139 590 89
659 5159 386
586 715 32
637 4381 24
1511 2293 137
1442 579 222
1963 707 29
2196 193 43
2144 4270 24
558 845 370
1391 1260 260
770 4112 10
1644 456 70
191 3668 89
7 3876 56
1741 1990 213
114 624 57
1744 5322 137
1954 5146 89
571 3416 434
1187 1060 457
1300 76 89
1286 1046 206
1634 4626 120
814 3632 89
387 2602 285
89 5425 139
283 1623 72
2076 2 75
114 629 275
2225 400 325
673 3932 34
483 566 21
1160 688 89
755 5098 332
2117 121 89
961 121 89
108 3009 57
703 842 57
368 2171 42
1463 764 143
1169 1258 73
2141 88 276
1971 4411 303
1233 1548 185
1228 4399 104
1685 330 190
2168 995 285
26 216 276
436 1002 82
862 2266 412
1102 2247 73
1032 1006 286
63 2743 70
609 298 71
400 136 73
2200 4920 457
1437 99 70
1278 290 340
1709 4235 404
895 3427 278
1442 76 89
798 1257 91
2319 1299 307
249 1682 206
1601 342 24
1160 216 276
358 4265 89
187 1914 232
1129 4039 278
1630 2228 57
760 3174 214
947 701 72
1317 570 12
1009 892 54
2 272 56
1493 1956 209
291 1696 89
556 3099 43
409 2018 72
1448 865 303
1578 3212 257
791 4796 71
324 322 190
1096 1430 55
1053 1756 72
653 4064 13
585 3427 278
108 3022 42
1323 647 303
233 728 113
1193 1254 285
997 1987 72
604 1005 303
360 1598 70
15 76 89
844 2345 57
1187 2969 55
374 1075 12
114 4086 56
406 400 325
997 1310 466
1288 864 260
1514 483 72
618 821 71
297 182 72
990 505 57
1750 636 107
1664 3543 185
1228 3986 21
1172 1985 12
651 400 325
934 2331 453
1677 4810 210
1925 415 359
1738 643 364
1449 1958 89
1206 470 35
551 915 57
953 2302 32
2063 4458 163
1413 5535 44
931 3947 285
1360 2240 240
2252 1683 10
1212 196 89
114 632 271
1960 92 38
846 2799 303
1799 793 44
1176 1342 89
414 889 57
161 380 70
1209 928 12
1850 272 56
1102 4459 73
2195 1161 163
1388 379 209
553 1211 94
1569 1046 206
1299 311 125
1011 33 32
181 223 241
699 1251 12
645 222 182
610 396 185
1516 1778 56
1284 1908 70
1085 2057 53
1619 4184 61
1643 1286 71
1387 440 10
1048 2446 89
1316 915 57
1955 101 307
1283 643 364
1672 5265 259
552 76 89
1908 679 363
637 2471 71
1218 4104 172
1167 1285 3
260 3427 278
170 1351 57
629 3655 33
498 532 73
2289 252 363
1269 136 73
766 871 43
1368 1054 190
916 1472 29
314 814 446
667 457 87
44 209 32
507 3607 442
2137 363 71
1198 4278 32
1141 531 15
2060 1175 415
1380 568 333
874 1361 82
1137 4957 89
1239 4649 32
1189 3128 468
1221 4891 386
767 75 89
1645 4031 12
1488 761 57
363 915 57
199 360 57
1443 3420 25
1926 1386 33
1586 4069 24
765 135 307
702 3100 89
186 1394 190
816 205 70
899 1060 457
1000 4320 292
1194 4005 44
1343 4715 472
2090 687 9
1428 4970 408
430 1583 73
1653 2286 34
1596 1042 310
308 4419 44
1795 777 71
489 1712 71
1009 1339 137
441 2906 72
534 3874 267
912 205 70
1310 2811 206
62 313 421
179 1976 57
778 5 73
1855 1712 71
1085 404 43
2062 4517 21
542 5548 75
887 3200 181
754 3548 117
457 422 143
1035 1103 92
2176 3385 92
571 3006 449
2157 568 333
2190 3195 244
483 3082 404
52 2594 71
114 340 56
645 724 89
753 205 70
899 151 331
1462 202 56
374 577 105
2204 4864 461
1182 3272 64
97 4945 12
778 4282 40
1187 1226 457
225 2261 208
1084 4452 93
791 1800 56
1167 596 164
177 598 42
1300 1756 72
1084 4407 44
1645 4320 292
2316 3822 414
2260 216 276
1780 29 12
2010 3160 206
483 415 359
1151 2781 73
95 2361 104
1085 805 70
540 2499 187
1222 3255 138
52 950 359
1480 728 113
995 4646 348
523 3068 113
332 718 107
1736 440 10
1350 1551 72
1408 1680 412
1850 2039 91
596 906 370
2266 769 107
979 3148 258
1429 4427 406
2086 159 457
237 2082 28
253 3129 293
396 722 89
341 272 56
1015 252 363
746 418 307
1262 485 72
195 990 43
1395 5205 71
263 2327 213
289 2053 72
1711 4552 104
1236 377 54
426 3051 42
1397 761 57
1530 2348 348
549 2361 104
449 1902 333
1529 906 370
356 1750 9
1150 1249 72
225 1070 70
1161 591 89
1362 155 38
1849 2926 12
395 5574 232
668 2252 21
634 710 89
654 3763 307
615 1175 415
168 5261 465
571 3967 21
749 3539 71
618 4902 73
671 272 56
1673 1133 56
186 45 276
1294 3405 337
55 1004 303
647 440 10
1916 538 172
1742 3891 115
512 659 303
332 1155 44
490 702 56
319 342 24
261 720 54
192 1587 285
620 4011 368
1528 1029 11
249 586 12
1159 5188 73
2104 1712 71
1150 5338 363
1817 2001 89
370 3471 33
1607 3542 185
434 4360 45
280 2456 24
456 2329 100
871 2161 9
1055 179 49
110 304 219
610 412 200
931 4494 258
1464 68 71
1169 1202 271
339 1390 355
1790 5376 279
2254 29 12
743 473 285
363 2222 88
828 4476 29
1761 5121 258
510 2787 72
75 3442 318
1577 216 276
195 847 291
1803 3520 396
712 2174 14
1362 2729 111
1099 97 71
1579 2253 443
1308 2647 276
1446 3148 258
1211 331 56
688 906 370
467 1661 139
1050 4391 314
20 462 71
1443 136 73
1622 619 72
1226 851 84
645 1073 434
1806 1979 89
1062 906 370
829 268 55
1744 701 72
1144 1018 375
1223 636 107
1269 5136 89
730 2364 237
1355 905 370
1953 145 56
588 977 73
1234 285 307
1681 140 253
510 4795 32
1439 5294 10
548 3925 89
15 3687 187
969 4095 469
85 162 38
1926 2784 43
1131 192 57
70 971 72
298 1951 300
432 2905 89
74 1864 159
1052 3475 70
653 2265 33
1216 4756 40
1052 336 33
1484 440 10
842 1386 33
846 298 71
1125 99 70
2026 216 276
739 454 56
1196 1940 10
1484 5401 143
841 4371 10
1178 4492 78
133 1908 70
673 3856 73
607 379 209
1453 165 12
307 3252 42
384 2516 404
2314 259 307
1672 2878 285
82 895 38
1435 72 71
696 139 404
1452 915 57
283 2266 412
1578 881 452
1095 3178 38
22 4931 465
689 1451 75
1096 388 402
1017 453 89
1075 1637 201
114 4051 172
604 502 107
263 3337 192
571 1999 12
688 2455 57
1194 1886 328
1296 544 12
1228 1544 33
288 1146 33
482 76 89
1982 76 89
180 400 325
2280 2942 404
115 1273 107
631 4172 89
492 879 57
1141 3591 88
1090 1651 89
119 1739 57
696 136 73
396 915 57
1216 4244 107
1185 440 10
1472 176 104
60 1594 42
396 1090 71
396 4328 285
859 647 303
579 866 73
749 1712 71
735 3301 340
1000 910 273
831 3503 303
1143 5318 29
1311 1238 72
1651 1530 271
341 2487 453
490 1280 23
526 4194 278
476 1055 89
370 545 162
1460 29 12
1332 216 276
1081 777 71
948 917 165
330 3582 206
270 1514 10
513 3046 159
140 1554 34
1017 657 185
412 1827 43
1324 388 402
1510 55 56
1012 892 54
742 346 137
846 29 12
136 88 276
965 3833 371
1292 3160 206
1794 162 38
2247 622 56
66 1149 33
1523 1901 285
381 97 71
1818 1549 43
248 3015 97
1877 4902 73
1140 1646 89
1039 4000 71
1223 3281 70
507 568 333
969 259 307
2202 785 73
1250 3434 137
1276 394 71
170 3774 70
1565 4149 85
1002 1183 206
1308 380 70
1765 2195 10
967 3758 10
867 2352 258
1579 2122 92
515 1206 32
997 737 386
116 5323 142
1397 2986 172
147 2427 56
511 1067 89
877 205 70
1413 604 55
1181 15 386
774 1129 57
1470 4028 38
170 867 73
240 189 202
750 3542 185
1332 698 333
1492 2144 258
1760 88 276
174 229 43
317 249 12
961 633 271
128 2823 48
35 440 10
122 659 303
351 701 72
186 4202 404
1038 1225 358
443 319 57
1635 2323 75
1159 1331 457
742 3290 404
614 181 453
1481 1581 209
2147 785 73
1221 3307 209
1138 396 185
1436 995 285
1189 214 333
821 1258 73
1072 1055 89
1626 2969 55
936 29 12
1563 1 463
180 899 79
1402 2071 258
1754 1310 466
489 661 72
367 311 125
1247 3412 307
934 3200 181
1078 125 258
678 1970 87
241 4999 25
1874 835 72
1303 3272 64
549 339 106
1923 4528 213
432 1146 33
516 3817 19
51 229 43
696 1908 70
507 3171 132
256 1654 354
247 121 89
418 225 111
886 3941 139
276 1436 34
1634 676 118
2317 72 71
824 4742 213
891 3006 449
245 3115 12
1179 633 271
900 1296 72
1980 1451 75
195 734 89
81 289 56
1569 845 370
2248 648 44
1342 1312 458
1616 518 363
859 3864 48
2010 1721 422
815 844 40
1287 633 271
1066 4844 57
382 29 12
1415 1680 412
1744 2758 44
1601 252 363
1673 1018 375
1268 5103 15
435 252 363
1095 338 91
786 1422 56
359 4139 71
230 302 71
1125 5125 338
452 2341 185
731 2603 172
1608 29 12
1586 833 307
454 174 54
1609 4154 96
1455 25 79
1387 76 89
1870 750 70
1187 92 38
384 277 316
1699 2188 75
1751 235 32
1686 1073 434
248 400 325
1187 5312 43
1574 4373 57
543 3541 185
97 1437 172
1329 4027 89
1118 1046 206
749 1896 56
1834 1464 89
1176 751 295
1009 4155 43
46 101 307
397 2903 453
1158 2053 72
396 88 276
417 597 307
1231 4331 13
485 2219 152
225 561 107
230 2721 88
1296 2329 100
1236 1103 92
846 2059 206
230 277 316
60 1034 54
2178 2606 197
714 587 87
617 3641 6
31 890 72
1937 2361 104
1005 1112 73
809 5042 89
799 1209 89
1147 2361 104
605 770 313
504 1958 89
700 29 12
1327 2641 42
953 2856 359
1668 1179 63
498 1615 38
1783 4104 172
668 611 285
345 513 357
1876 781 453
326 3076 24
2193 518 363
114 181 453
1319 943 113
736 3701 328
368 1175 415
635 1860 89
1145 3891 115
489 3580 206
719 15 386
1258 4715 472
1000 1979 89
516 313 421
419 1199 56
4 875 73
795 61 129
41 455 107
1472 2524 42
1492 440 10
948 646 42
1384 2337 473
838 5389 43
295 1334 47
732 539 55
965 1260 260
1623 3834 350
1482 2307 416
1231 971 72
21 58 147
674 2799 303
490 1084 10
233 1451 75
565 2623 276
444 2070 57
744 606 9
165 854 89
32 216 276
724 121 89
787 1517 32
1362 3575 12
587 1355 72
1700 2467 150
1534 1638 415
1068 4593 333
937 3321 117
1147 4568 89
1236 85 89
814 3561 89
1848 4188 107
1413 701 72
758 1519 71
278 5002 43
177 478 86
1541 1073 434
161 585 89
2 1119 89
1114 124 105
1371 4507 71
383 2591 56
1356 3356 56
23 1030 233
1623 655 89
1949 5048 71
740 4 71
598 174 54
483 4031 12
195 901 42
1140 272 56
240 921 77
831 1460 260
1222 2523 56
380 114 72
4 1290 43
1110 1712 71
2082 1041 370
414 2170 359
742 4728 138
1137 1167 206
1841 705 384
511 787 201
735 2161 9
691 136 73
335 689 56
724 490 159
1141 470 35
1543 454 56
1458 2873 33
1068 3357 185
162 71 72
2185 215 73
108 185 12
1310 29 12
267 1262 117
753 568 333
75 1800 56
1581 2006 160
717 1076 415
168 571 72
1269 4926 453
900 3088 404
1673 4964 57
1929 3135 43
1428 136 73
1793 97 71
1318 251 71
1066 5218 72
2231 1936 72
609 2925 259
58 782 44
1578 211 361
1506 485 72
1159 3310 453
1460 892 54
1673 349 90
83 2992 206
1282 4547 206
1134 816 12
179 525 71
31 2078 127
736 619 72
1250 1354 72
515 698 333
1371 761 57
31 126 304
336 76 89
588 600 33
85 2595 10
19 1815 34
1563 5154 57
1249 2157 410
1539 3542 185
100 5155 91
1877 1249 72
1202 4767 73
529 826 43
165 2780 56
1154 4176 10
1147 2319 64
108 184 12
1771 4399 104
635 1146 33
373 3139 285
736 2252 21
1953 2895 444
1526 840 386
457 831 117
1382 1194 116
193 973 116
1228 3019 137
1498 5312 43
283 1056 386
1467 493 15
955 2372 218
2085 5187 172
1302 2360 237
1912 101 307
629 2752 34
304 958 44
1530 3386 89
1146 892 54
871 1252 44
1131 892 54
116 2856 359
882 2912 89
727 4543 86
1149 2804 12
389 2907 89
1390 2290 118
2291 85 89
601 92 38
1104 98 70
1154 156 89
1291 2023 180
931 4039 278
953 2843 199
233 606 9
1530 79 353
647 248 384
1644 5250 41
1419 2222 88
905 1501 71
517 2016 263
1512 1227 318
656 436 303
306 2166 357
75 3558 32
410 2580 259
874 1828 24
690 643 364
2096 4163 75
1534 1295 374
1868 274 42
238 2764 89
71 4801 12
473 3064 285
2104 1569 386
1881 436 303
1413 4772 70
787 33 32
498 162 38
1723 1254 285
1009 2381 94
229 1129 57
798 633 271
1350 1745 78
1842 397 137
45 177 12
862 36 44
1657 759 333
974 4834 92
1489 101 307
945 5477 29
1253 436 303
1145 4148 43
93 1096 396
1810 5460 33
1176 608 43
1207 1580 209
1817 761 57
1410 2967 73
1851 4228 213
2007 568 333
1302 2027 439
919 181 453
1256 3835 190
56 2267 89
1465 4723 278
2186 761 57
1 1127 259
846 1566 403
1190 68 71
554 5342 10
831 1331 457
1154 3114 473
368 1013 24
1233 216 276
319 1843 70
1295 844 40
1820 689 56
1624 2027 439
350 1060 457
1279 3169 260
532 1270 55
237 1046 206
946 1006 286
1020 2684 5
483 750 70
68 5086 321
1686 205 70
658 3685 137
1082 1607 73
225 4080 71
835 733 213
1672 1794 419
207 156 89
417 2058 72
308 2259 89
456 1847 56
157 1553 93
151 561 107
425 3268 91
1410 490 159
770 1063 457
699 4531 70
1177 373 303
24 274 42
912 4112 10
1294 605 137
350 722 89
219 866 73
1951 844 40
1986 4691 463
2205 2984 305
1511 3891 115
6 621 12
1147 4361 84
2058 142 57
86 1926 89
15 983 57
408 612 113
2218 3780 353
1443 528 89
1506 5021 104
233 2291 72
1222 380 70
1398 1320 295
2040 2800 285
635 1064 73
1546 2786 448
1300 3826 285
381 1296 72
637 659 303
2273 2649 359
638 4750 44
790 1458 285
1265 198 54
1756 1180 271
181 484 206
1085 3383 70
956 588 70
1214 114 72
246 3165 209
955 724 89
460 41 55
284 636 107
978 74 424
1861 643 364
2057 39 143
1039 277 316
1864 1374 363
999 5139 303
1318 2400 55
556 787 201
859 4016 64
221 114 72
437 659 303
534 439 285
1328 3889 105
1709 1546 416
1036 27 307
920 5414 57
940 688 89
481 3087 457
10 1211 94
2120 3983 412
379 401 159
492 1999 12
846 246 55
762 403 25
222 601 116
896 1600 333
41 3671 71
1569 5154 57
1799 3434 137
159 1086 121
1044 3503 303
1503 4281 89
143 79 353
186 1375 44
1065 3925 89
2100 2183 70
319 3862 57
340 27 307
170 588 70
65 1398 247
1199 5034 89
700 1295 374
1110 4657 44
2059 3222 206
1272 3516 213
1188 1045 57
1052 1671 206
1212 943 113
1891 3791 71
1546 1790 75
1227 782 44
1231 747 44
384 828 276
88 114 72
256 756 57
995 2811 206
1581 711 89
947 1238 72
162 277 316
311 4947 70
387 927 285
421 1324 316
989 698 333
1305 518 363
384 2047 56
742 3266 307
1619 1914 232
1155 2800 285
1481 3826 285
1456 4323 12
196 3100 89
272 2722 101
315 4602 34
1139 1380 473
530 2763 159
1206 76 89
1248 1907 113
63 1296 72
1572 4147 56
1258 3542 185
279 403 25
814 2628 57
1316 767 78
81 3385 92
1560 1435 32
286 3694 73
247 983 57
1439 76 89
387 1260 260
979 2988 143
1979 1046 206
1044 2390 89
130 810 43
974 4338 89
1229 2143 258
405 101 307
1097 772 89
632 211 361
1315 355 72
1499 153 71
1696 2252 21
734 1634 96
92 501 44
685 440 10
830 2025 89
1592 3882 304
201 1615 38
1563 447 181
212 697 57
10 76 89
377 3427 278
955 2245 57
166 415 359
1046 2154 233
1024 1413 44
131 1212 178
1316 205 70
933 792 231
1228 750 70
1205 3760 164
1147 3922 57
1324 984 71
1481 4397 66
1455 229 43
1066 2653 89
304 1 463
283 98 70
386 398 89
315 4198 278
565 2895 444
245 453 89
97 5226 15
1263 2305 18
1299 1762 72
691 676 118
366 5548 75
1384 568 333
1487 397 137
1357 3379 42
562 1772 213
275 116 42
1538 4264 70
414 2042 318
1008 1299 307
1639 489 72
90 249 12
1534 781 453
1271 3085 71
821 1456 287
847 2196 10
1227 530 12
1291 2222 88
225 1109 89
1742 1194 116
1613 1602 107
97 2863 12
1278 358 279
1183 1817 72
94 318 234
2 1001 285
1231 953 70
2200 2556 457
1365 316 32
62 715 32
222 302 71
1594 415 359
663 1980 224
1195 777 71
924 139 404
693 216 276
174 754 42
387 2193 78
414 3923 404
995 1504 71
1067 4586 12
1596 3617 71
351 3308 185
644 33 32
361 304 219
773 621 12
143 136 73
1964 4746 65
1524 1642 73
831 2690 12
660 13 467
1076 1366 54
208 2023 180
1153 4531 70
1024 621 12
1855 4593 333
2194 380 70
1627 1756 72
648 1766 71
2006 5064 57
1476 2842 72
1663 840 386
1260 2 75
604 1260 260
834 2105 185
263 3102 259
46 4799 32
986 3370 43
851 3461 457
263 4462 185
1287 330 190
616 3552 31
604 200 109
331 3575 12
1180 698 333
339 2485 42
1154 2745 71
358 1696 89
1291 807 108
120 32 56
561 501 44
580 5544 33
1850 25 79
465 2245 57
195 1144 57
97 4075 199
1522 4994 71
685 1846 163
4 2413 71
1005 75 89
47 400 325
1137 1707 86
637 140 253
515 4368 71
876 2337 473
1685 4235 404
698 162 38
443 1916 206
1219 1219 185
1648 1057 246
1685 76 89
427 114 72
3 1654 354
673 5352 452
553 803 43
154 70 113
961 1332 42
483 3672 303
736 3490 72
345 4863 325
1262 1375 44
747 772 89
1171 2896 363
381 5448 368
120 325 56
1244 761 57
1486 4501 160
1371 97 71
736 4036 126
1302 2691 81
564 1607 73
975 584 10
341 1676 73
1945 1297 72
1418 659 303
207 202 56
900 2946 462
1169 2496 71
1056 878 73
473 3181 333
861 104 86
1738 1945 172
1009 568 333
1242 4371 10
961 1034 54
781 923 12
1181 2239 205
1813 1412 71
991 114 72
2270 2748 43
599 2892 43
1696 4524 384
1270 5031 379
1162 412 200
233 3961 260
951 218 206
1940 1999 12
1307 3310 453
1362 2923 185
1499 4669 370
1564 2963 36
1364 255 285
762 1584 88
166 2293 137
242 389 415
955 2029 158
1834 225 111
1260 3285 354
2218 1666 303
1262 202 56
166 1737 93
566 371 73
384 418 307
1442 2454 190
1850 777 71
874 2502 263
172 422 143
970 1176 89
900 1786 57
1155 1226 457
792 440 10
727 1653 84
115 1475 57
115 636 107
814 1316 110
1260 205 70
1025 148 453
1060 577 105
387 232 11
1249 589 89
655 4214 333
275 1602 107
1396 1910 72
308 412 200
1137 433 12
244 3974 474
705 2010 73
222 2245 57
127 1193 72
1315 4518 279
1202 32 56
1052 484 206
764 379 209
1150 29 12
413 3283 70
1842 980 113
1860 4021 279
1146 3517 276
436 313 421
1147 4159 156
214 2441 138
934 145 56
1728 5515 120
2042 101 307
1150 139 404
1713 3427 278
969 482 70
183 200 109
2148 3409 12
157 4385 406
297 313 421
264 642 477
2019 2382 12
1443 3346 78
388 1215 91
617 811 116
550 4225 334
743 1593 285
2100 413 386
1877 1579 12
291 543 172
627 3507 57
618 621 12
1586 2345 57
1603 1101 239
2234 2 75
449 3097 70
808 828 276
286 3639 71
423 3214 73
861 2779 32
882 535 88
1449 2341 185
52 659 303
637 1539 71
145 1920 206
412 2713 70
35 153 71
1403 5579 468
459 5141 71
370 1380 473
377 1600 333
389 3408 54
1683 1911 54
1358 543 172
1210 1046 206
1012 136 73
1171 1168 25
1323 435 73
2156 4051 172
1353 61 129
734 1539 71
846 1073 434
2127 3308 185
784 967 91
136 440 10
912 4467 369
1275 594 112
723 27 307
1439 27 307
337 1465 70
1700 373 303
1138 590 89
1651 912 181
1391 17 43
132 2220 78
2175 1 463
518 2600 31
820 1063 457
610 2925 259
876 462 71
945 2687 38
1141 2750 185
880 57 361
1572 4990 72
388 913 180
787 2077 465
110 277 316
517 3215 145
2084 2663 71
1523 140 253
1085 5075 32
101 1387 57
648 2412 43
996 453 89
1330 1375 44
1248 710 89
1265 3482 89
1131 2889 341
1032 4863 325
689 325 56
1097 4176 10
2251 472 100
27 1269 43
618 1936 72
1099 1753 442
1125 4005 44
1863 3046 159
779 420 190
1435 581 51
235 137 135
230 1539 71
566 1712 71
4 515 41
454 3822 414
1160 3624 172
1325 568 333
230 3313 87
1294 779 143
1310 3119 363
1207 2422 327
107 454 56
2212 2946 462
702 5269 406
948 1909 42
1172 2544 190
1137 4446 40
552 1175 415
932 3377 101
810 1 463
1084 998 70
1825 568 333
606 76 89
2221 97 71
1231 4083 71
358 566 21
880 27 307
672 68 71
1428 4688 117
674 139 404
361 4425 97
1466 98 70
859 312 42
71 756 57
985 3368 89
1449 3485 382
1281 2413 71
60 1313 56
226 98 70
876 2692 150
1311 133 57
1245 331 56
2270 400 325
1584 3823 364
293 1327 79
1634 27 307
1818 23 274
15 483 72
525 261 12
31 453 89
1760 380 70
966 1471 73
831 84 190
1319 761 57
1550 1839 24
1888 615 299
510 71 72
1265 4632 40
158 27 307
161 5408 73
1953 15 386
92 3163 233
301 634 70
583 787 201
1375 2098 33
1208 2315 271
1146 3541 185
1455 1874 43
303 3239 272
725 3591 88
243 2052 305
319 1375 44
1222 5480 260
1303 576 63
1903 1654 354
556 1270 55
1309 657 185
1154 33 32
1344 2881 73
995 5035 411
1216 562 40
961 4674 72
1009 2518 92
403 498 190
1119 2309 47
1188 3931 75
127 689 56
700 581 51
222 3268 91
1183 4198 278
370 272 56
604 864 260
1222 5323 142
1420 422 143
1212 543 172
27 953 70
1699 2089 12
317 288 33
1137 363 71
389 245 95
1778 3427 278
6 1539 71
349 5028 44
173 1403 73
516 822 24
1063 619 72
795 1278 144
876 1109 89
492 2264 185
501 4311 72
2237 2736 44
1134 3504 71
1499 1041 370
561 2570 193
1603 132 145
617 1675 325
973 94 276
643 621 12
989 1107 32
515 4051 172
688 1916 206
928 136 73
1222 1375 44
94 2496 71
978 558 111
1270 3573 470
2094 211 361
163 202 56
1744 2804 12
597 689 56
984 85 89
1146 269 54
124 3329 12
1189 227 103
279 3030 113
987 1935 57
953 2666 226
749 626 56
2125 415 359
1209 308 47
543 605 137
1241 4683 83
303 2422 327
887 85 89
1223 1999 12
546 1894 241
1216 1349 206
667 891 137
1887 53 363
26 1722 71
244 1451 75
387 189 202
341 1462 404
1131 396 185
1971 1006 286
14 1455 40
173 1103 92
1329 98 70
753 301 56
335 5268 278
2072 958 44
1015 124 105
161 1651 89
354 2184 55
814 97 71
377 448 333
1753 1776 159
1744 2395 276
245 3127 57
955 4155 43
2082 266 209
1126 505 57
790 2254 468
1221 29 12
115 2905 89
217 1085 57
1760 764 143
1268 4794 278
2180 181 453
1588 489 72
1045 715 32
1503 3728 73
212 3058 82
1270 4988 419
400 4103 33
2309 1349 206
34 29 12
268 1249 72
417 519 71
194 1979 89
498 71 72
64 4957 89
2013 1726 91
2021 2613 206
1353 3167 83
1125 3291 91
1718 3427 278
1692 1490 268
1619 3573 470
32 2684 5
899 189 202
1218 439 285
2060 873 73
696 4546 89
1287 1014 35
2168 135 307
207 833 307
1345 1331 457
2042 659 303
10 479 71
186 748 44
103 469 295
1586 394 71
489 267 89
617 373 303
462 3669 72
2030 2758 44
31 3013 57
1155 252 363
1330 4829 285
1510 32 56
1793 159 457
888 3083 232
688 378 209
270 1269 43
181 2993 206
1429 4145 24
221 2900 127
1132 3541 185
1780 539 55
2051 3427 278
363 529 252
92 45 276
368 388 402
311 2628 57
54 2002 89
1068 539 55
93 2 75
2041 2660 107
621 2030 86
1492 5526 44
259 3144 89
955 171 12
931 2037 333
413 181 453
1206 92 38
1361 356 56
1872 1843 70
1875 5431 235
744 1226 457
1601 5 73
791 3689 89
1248 4075 199
833 304 219
351 1771 56
1498 2305 18
589 2720 24
1578 3563 444
2094 893 71
1424 4482 268
837 2492 114
60 2353 85
78 3504 71
186 1135 230
273 1735 41
1229 3420 25
1108 568 333
324 983 57
54 400 325
1275 75 89
1159 4383 225
483 4398 364
1229 3837 364
120 689 56
1011 840 386
834 4837 184
465 1688 43
1172 3613 89
947 792 231
1145 1332 42
2220 4481 384
584 2704 202
1323 85 89
490 423 285
668 2450 71
1760 1423 72
858 1284 6
531 2451 33
460 2997 42
1363 472 100
599 903 62
1159 2541 333
289 1321 137
1582 5337 271
330 843 372
478 218 206
1131 1833 87
1292 2615 366
924 2938 359
698 645 246
1212 1705 374
451 5256 57
889 811 116
1103 3859 56
515 643 364
2235 3996 31
1155 3773 89
2197 380 70
1208 748 44
1679 3271 377
1925 3109 75
1953 5156 72
1213 3603 159
41 1908 70
729 124 105
59 70 113
1665 1908 70
1183 621 12
672 3427 278
1417 2567 201
707 76 89
2249 568 333
1422 906 370
1938 2697 70
794 984 71
777 475 89
1227 1046 206
1310 3297 393
779 1 463
64 1682 206
549 840 386
625 439 285
92 766 78
1281 3227 371
1644 29 12
1074 814 446
1206 3659 374
834 13 467
1222 2823 48
550 2666 226
349 2029 158
1244 358 279
1888 1079 43
2229 217 71
979 1368 285
742 1146 33
59 1115 121
412 1356 56
1620 3295 258
549 2249 73
186 517 359
212 3059 158
163 850 388
1245 1057 246
390 505 57
1099 298 71
1341 1226 457
1848 433 12
1962 2604 473
212 3063 57
32 140 253
459 4946 57
393 53 363
38 933 77
974 3381 89
367 279 457
1800 101 307
833 1128 73
475 2599 24
1140 33 32
331 371 73
1175 908 42
1440 3516 213
1095 2926 12
999 656 285
749 364 276
1413 331 56
97 3497 260
1342 289 56
823 27 307
540 1976 57
46 1802 34
1981 1165 138
158 2753 33
180 2672 209
1044 864 260
409 1690 57
1636 2183 70
838 1102 29
1146 5081 391
463 177 12
498 3496 50
1310 1562 457
583 76 89
620 2300 71
518 380 70
1138 3052 12
1222 1226 457
614 3817 19
1383 2152 215
1567 2607 12
1202 192 57
384 3753 89
1538 420 190
19 1632 71
565 761 57
1218 4679 258
141 953 70
1708 4844 57
584 1999 12
762 740 386
1781 2420 404
1700 277 316
1242 4176 10
1664 18 268
2131 2037 333
1245 1632 71
256 1893 304
2249 1380 473
1860 2194 44
344 145 56
1615 3218 73
1206 2306 296
1007 216 276
1273 3924 85
1070 211 361
1872 585 89
673 531 15
353 1525 56
1658 643 364
1139 29 12
2216 29 12
185 5183 219
1337 4079 258
351 420 190
1181 2804 12
1308 1498 115
217 2411 43
437 205 70
1309 3596 185
1014 4306 43
691 138 79
1168 1226 457
2307 1537 47
1546 114 72
537 97 71
1614 4648 370
46 965 259
247 136 73
2237 3427 278
593 1914 232
308 5051 27
34 493 15
947 758 115
1580 661 72
467 5419 414
1038 3903 336
646 361 333
1154 2804 12
1318 5260 316
1259 3010 86
1131 136 73
332 121 89
754 767 78
1451 191 44
604 5306 303
469 1842 70
31 71 72
136 915 57
1644 1222 12
1567 2184 55
25 29 12
1155 3567 89
1272 1057 246
124 324 38
905 1474 305
1748 2867 70
899 3437 42
233 3738 120
968 4202 404
205 118 44
671 960 57
335 826 43
677 277 316
1183 1251 12
1820 3954 453
286 3389 451
1931 826 43
549 10 386
515 2704 202
68 4368 71
158 688 89
225 228 72
1476 398 89
1728 4061 70
1744 1908 70
174 2572 95
354 163 32
191 4120 33
2147 2746 137
567 3990 303
1798 2561 206
482 70 113
1325 330 190
1221 4348 57
51 189 202
1195 697 57
423 1956 209
347 4997 57
1387 1183 206
2088 2941 404
387 419 286
1197 1908 70
366 2047 56
644 564 91
2092 76 89
1245 1046 206
517 821 71
217 4187 57
1085 4983 258
115 3814 426
1577 1154 97
1274 1060 457
492 1031 260
510 810 43
1410 666 43
1918 1249 72
547 15 386
903 498 190
1117 4911 103
18 289 56
828 347 40
873 134 201
1630 728 113
349 340 56
720 1945 172
1052 4965 206
2088 5373 378
1149 76 89
1676 860 172
1699 761 57
235 613 87
34 3101 54
283 3680 72
496 3510 237
2315 3040 42
2138 380 70
731 913 180
814 4710 285
60 1828 24
671 636 107
1227 4376 104
761 3057 89
360 179 49
1812 668 175
1009 1174 145
1195 4961 364
107 1826 44
286 3682 71
653 2252 21
760 106 120
1024 327 43
115 1990 213
1546 722 89
256 4217 396
58 145 56
732 638 65
516 2926 12
1295 17 43
395 730 89
1248 1687 72
464 1471 73
412 422 143
1180 4922 333
1827 734 89
836 3842 139
2211 772 89
186 1902 333
513 379 209
913 2023 180
1054 781 453
907 1869 89
1270 316 32
462 313 421
87 4244 107
1901 2371 73
1059 4005 44
955 977 73
244 92 38
1512 1103 92
1234 2036 70
871 915 57
510 4997 57
523 3427 278
208 1085 57
1560 655 89
847 634 70
367 4027 89
1043 29 12
483 2988 143
350 1217 338
483 724 89
1676 277 316
1269 1073 434
2090 2576 145
1067 2507 370
319 95 56
1235 470 35
1410 2680 70
513 198 54
1275 3427 278
1410 1735 41
1299 1682 206
1043 3427 278
1026 2441 138
858 2741 72
1217 439 285
289 557 325
1166 772 89
1159 4729 256
2040 2026 307
279 76 89
389 3581 155
1238 492 12
565 2552 33
784 4481 384
1862 2056 453
912 15 386
1131 5412 158
1437 2713 70
434 3202 82
1391 2492 114
1636 313 421
1482 701 72
607 1637 201
1866 761 57
358 1297 72
1567 1278 144
1478 2753 33
516 3165 209
1009 2491 332
781 1154 97
501 5404 307
805 2648 471
1071 25 79
762 1633 120
1569 5218 72
301 2834 55
778 2291 72
108 1815 34
876 736 386
578 2373 288
1095 4824 72
1813 652 333
45 3202 82
170 5366 10
847 532 73
1955 29 12
123 678 259
123 5077 97
1124 4977 405
969 5518 70
1152 15 386
1107 1696 89
697 2273 43
1133 4744 190
1614 400 325
1308 1756 72
779 2013 73
846 272 56
207 99 70
369 2494 12
59 2245 57
78 999 59
1222 3700 47
1314 4356 73
355 4198 278
1678 1228 185
333 412 200
768 1712 71
1423 2647 276
621 1285 3
166 77 91
395 403 25
1393 3829 206
1125 148 453
1039 4198 278
1336 3777 353
1073 97 71
635 4067 56
1462 4905 386
347 2423 33
789 1022 24
953 61 129
1652 1439 34
1618 3034 457
1035 2123 71
132 1348 44
339 915 57
1309 1101 239
984 568 333
412 3 12
1156 2323 75
498 1914 232
212 408 43
1480 4683 83
111 1708 68
587 4399 104
2199 3402 206
821 467 107
550 5356 56
1264 1608 78
1066 5505 73
395 4627 12
551 631 167
566 1022 24
1194 76 89
675 1642 73
2185 97 71
838 1748 307
787 1259 71
663 4113 142
2303 4535 369
891 477 89
936 216 276
1860 4039 278
78 621 12
437 666 43
1363 402 325
1272 1220 213
169 899 79
779 2660 107
1581 1284 6
656 3037 285
242 178 97
2138 97 71
2096 3802 113
1235 591 89
795 70 113
1227 68 71
881 183 115
435 1731 57
693 138 79
591 2766 56
1199 3835 190
1420 4157 104
979 4078 258
1466 3900 295
1078 3282 364
747 234 82
1050 698 333
455 1436 34
1426 2329 100
244 2785 205
1049 298 71
75 221 89
536 1254 285
1813 720 54
156 1285 3
1472 1844 71
11 16 43
87 4656 116
171 2968 56
1881 439 285
989 4452 93
876 2003 209
1149 705 384
1318 1143 295
212 840 386
92 2790 359
918 3704 267
1700 4314 278
1179 2020 71
388 3538 453
45 4810 210
481 5022 73
1465 98 70
122 1256 303
114 3578 72
348 76 89
145 4087 5
62 536 42
1131 2121 43
559 2593 12
1036 2069 57
513 1598 70
99 380 70
1021 4284 32
934 1753 442
393 5437 325
1753 27 307
206 3046 159
837 659 303
1701 1299 307
38 198 54
196 1009 260
791 3218 73
246 1182 378
1799 335 137
989 3047 43
97 4557 172
360 1 463
361 4034 285
867 76 89
559 174 54
1462 179 49
898 3224 209
765 15 386
869 124 105
1650 1238 72
332 4398 364
869 4956 89
256 787 201
1797 1594 42
1172 1070 70
305 1733 71
1187 5494 457
1507 4217 396
1016 4496 89
1313 1081 72
451 76 89
1411 651 453
844 960 57
512 2144 258
1664 4462 185
207 1045 57
193 1249 72
674 422 143
1825 4491 71
1173 3427 278
815 892 54
326 1428 385
391 1396 426
1095 206 188
195 4412 56
604 372 285
1681 2071 258
560 1642 73
1187 1697 55
341 2488 453
1665 317 89
1203 2266 412
387 433 12
283 148 453
814 2245 57
629 4376 104
620 136 73
1530 4715 472
528 1710 409
955 98 70
881 2574 303
459 1093 56
737 785 73
1244 505 57
1588 1780 34
1067 71 72
1020 417 92
355 834 70
1145 2262 88
301 255 285
349 1033 73
512 643 364
1281 4018 104
384 261 12
673 4012 370
937 114 72
1382 316 32
228 2046 56
1564 555 71
1658 5574 232
1281 531 15
1674 1288 239
364 2157 410
1013 3380 73
522 289 56
608 33 32
696 2705 89
1888 417 92
1918 1460 260
524 902 43
699 596 164
66 55 56
798 133 57
2098 1226 457
225 277 316
1763 3596 185
462 15 386
1159 88 276
56 2731 12
51 777 71
341 2876 453
1470 761 57
2269 3303 71
1499 2797 350
256 986 89
157 110 117
923 415 359
1167 2309 47
798 148 453
1068 540 9
1141 4587 57
432 454 56
110 92 38
233 4070 303
390 570 12
97 533 42
159 4690 98
438 1650 211
1344 4368 71
1199 345 137
348 2252 21
26 2244 468
549 1060 457
1861 76 89
268 1029 11
867 3266 307
133 1693 57
1644 3135 43
1187 1046 206
777 400 325
755 785 73
1193 3294 258
375 27 307
1563 4740 10
822 1912 117
967 1054 190
401 3161 71
179 1725 42
1815 619 72
1036 652 333
52 2180 325
92 3427 278
1416 1530 271
240 98 70
1234 4663 56
778 4061 70
1955 3763 307
435 2655 138
192 101 307
1273 1254 285
115 1451 75
435 2851 78
537 1 463
517 873 73
1050 589 89
2159 1436 34
707 385 12
1309 1228 185
60 2471 71
1355 4061 70
405 855 71
1147 3689 89
673 33 32
792 204 71
316 3735 56
414 1985 12
530 1802 34
1028 1859 437
607 5431 235
1789 5 73
2178 656 285
1580 3919 71
1353 1299 307
1728 5282 172
1959 3461 457
339 1420 159
452 148 453
2203 856 149
529 1286 71
653 2752 34
317 3262 89
889 454 56
907 70 113
419 3328 32
292 948 33
1665 1964 54
2253 4767 73
2156 864 260
1996 1100 54
502 334 12
1797 1781 56
289 4471 91
893 915 57
144 221 89
92 761 57
867 2574 303
1187 4303 57
1609 1683 10
1355 204 71
1760 849 348
917 498 190
2100 616 271
614 4595 232
1429 5479 406
270 4590 82
677 1175 415
525 4849 12
430 2917 259
87 1581 209
85 915 57
612 3554 32
1899 4481 384
1305 447 181
900 2039 91
893 207 316
1962 988 137
1568 525 71
426 3439 285
2079 268 55
440 3710 338
504 181 453
1816 3022 42
531 1046 206
331 5570 103
390 3409 12
155 1848 44
1644 3468 72
521 561 107
824 1218 185
566 870 43
1222 842 57
714 4389 57
6 72 71
1221 1668 325
1580 5232 426
1235 4399 104
176 114 72
1132 2245 57
1963 1985 12
1209 4428 246
1848 3427 278
1140 3210 110
1011 176 104
697 3427 278
1421 211 361
887 2666 226
114 2371 73
673 2 75
706 159 457
217 27 307
1173 4785 89
1087 4328 285
970 5111 89
130 2692 150
657 136 73
1516 1696 89
790 1538 285
244 4595 232
1299 205 70
451 983 57
735 299 364
2217 2531 89
910 767 78
726 605 137
2057 3833 371
52 1343 318
128 2471 71
1229 252 363
324 84 190
355 791 71
1589 85 89
553 5426 259
925 92 38
723 164 111
263 1057 246
536 454 56
1587 3701 328
1171 777 71
710 1023 98
317 211 361
1293 139 404
4 1339 137
430 3215 145
945 5252 32
931 289 56
787 498 190
1244 1600 333
414 3623 12
1186 1254 285
846 1383 364
402 2068 107
1832 476 57
580 5455 12
441 3427 278
549 4156 246
1959 15 386
699 1311 89
617 594 112
504 4884 276
38 172 12
741 4573 407
56 2734 89
105 1103 92
835 4691 463
1228 3692 278
1581 336 33
859 2361 104
1135 915 57
1093 4638 348
1330 655 89
1418 2420 404
537 3427 278
1563 3554 32
1820 216 276
1573 98 70
1312 327 43
874 2921 185
1026 3504 71
66 568 333
1111 79 353
94 4624 113
660 85 89
810 4198 278
1024 244 71
1181 1101 239
1690 2172 405
1485 4173 57
335 3290 404
1803 1851 41
212 895 38
1103 13 467
1138 17 43
172 1940 10
1227 3734 109
240 177 12
1661 2456 24
627 1836 73
1408 4768 347
376 3004 417
945 5528 82
473 211 361
881 590 89
460 4459 73
984 3427 278
753 175 104
288 2587 24
51 440 10
1672 3687 187
707 5543 381
443 568 333
1022 689 56
2086 988 137
1645 1519 71
1202 5255 190
58 27 307
553 272 56
384 2596 54
674 4250 307
1365 988 137
1452 2 75
332 469 295
679 2337 473
1011 4461 364
838 3201 72
1143 764 143
1236 753 56
572 1795 71
593 2456 24
265 3159 290
1799 1682 206
907 289 56
483 4042 71
1910 4559 70
85 3958 33
732 4253 40
1855 2303 453
931 2144 258
195 359 56
1908 833 307
365 1277 44
1132 4028 38
1416 2981 210
1022 3773 89
466 29 12
1464 1110 348
1187 493 15
1421 180 78
1045 1939 12
1811 253 89
1044 4427 406
1521 619 72
1923 4190 184
1584 1677 386
2169 205 70
970 4929 57
2 625 89
114 554 57
1781 3710 338
1183 400 325
955 3041 103
1312 447 181
1066 501 44
1487 76 89
1419 1546 416
775 4200 347
1040 525 71
1517 393 71
280 477 89
623 3036 333
767 493 15
2276 1422 56
1228 1540 89
651 1021 341
1624 3139 285
444 5095 363
454 764 143
885 1 463
526 101 307
1216 3701 328
1342 162 38
1492 1744 316
725 1342 89
1798 2568 32
31 321 190
1133 2079 43
824 4528 213
1414 1375 44
139 738 453
511 1794 419
208 774 32
819 1944 12
998 2001 89
1596 29 12
863 3694 73
552 2541 333
538 2648 471
1877 1227 318
1733 4896 130
58 439 285
1162 4723 278
989 1845 137
108 1976 57
2085 1451 75
1047 1465 70
1895 4366 271
1580 2060 9
651 1055 89
1317 1285 3
693 4460 333
731 162 38
1083 4375 453
64 3510 237
459 5567 303
566 2358 427
831 709 137
431 1958 89
230 1337 87
654 1297 72
1093 472 100
1155 331 56
1147 2801 10
1282 4598 206
851 1046 206
66 676 118
304 1057 246
961 1948 56
2115 245 95
1019 657 185
1920 1822 464
367 2470 89
124 3599 88
1035 482 70
393 98 70
648 1821 43
468 4051 172
1512 2001 89
257 1264 72
286 536 42
379 608 43
419 3370 43
790 5423 71
1245 3319 206
987 29 12
1174 696 370
2045 3241 271
953 214 333
2032 4371 10
1577 4641 300
349 1247 57
358 1511 195
2256 1057 246
145 3510 237
1410 4311 72
1050 895 38
1411 568 333
814 400 325
989 162 38
967 1554 34
452 2958 370
2250 5424 213
2 5513 137
620 29 12
1464 481 190
663 88 276
2220 1931 444
766 2785 205
1167 4233 47
777 25 79
219 777 71
1119 860 172
1538 2317 47
1634 240 43
105 202 56
1058 4153 206
2078 851 84
1216 5348 239
675 5582 93
2033 2969 55
494 4997 57
486 2287 71
1811 753 56
794 164 111
497 1990 213
645 1046 206
599 245 95
301 1157 10
1475 3345 271
264 2049 56
1419 1992 134
2112 759 333
1175 305 159
38 1917 89
1295 1331 457
431 412 200
151 3608 107
286 362 71
186 3325 301
1765 3186 142
1155 101 307
1442 4944 202
1654 413 386
339 1316 110
277 413 386
1814 15 386
905 748 44
1144 5188 73
1377 143 316
345 836 312
1117 467 107
1377 1235 89
437 1170 56
1017 1269 43
1528 98 70
51 3448 44
1299 1326 108
1510 1909 42
1221 98 70
689 1983 307
1036 4331 13
100 915 57
115 76 89
369 668 175
912 2296 12
1831 2023 180
186 2230 25
1044 761 57
381 5574 232
325 1427 43
287 58 147
846 3060 57
1140 298 71
773 331 56
400 3057 89
1601 4957 89
1095 314 119
888 76 89
2155 2984 305
349 772 89
886 614 113
846 756 57
2198 298 71
1011 4572 32
1581 2821 73
508 255 285
1350 4705 172
396 55 56
193 874 73
960 1343 318
1244 3088 404
1208 1252 44
94 501 44
1009 3617 71
155 1680 412
110 281 73
1096 5420 405
75 136 73
18 1213 143
2104 4844 57
175 174 54
23 80 33
436 1046 206
527 2435 28
699 4281 89
233 865 303
596 4552 104
486 492 12
956 891 137
1090 728 113
1350 132 145
1137 4922 333
1024 1636 337
190 1046 206
1003 748 44
1456 454 56
396 482 70
1302 2238 66
937 1213 143
1492 2113 260
1966 1183 206
861 221 89
82 781 453
515 4003 9
1110 2996 444
884 136 73
1159 4844 57
97 656 285
97 76 89
1154 983 57
1176 323 89
1903 2077 465
1061 27 307
834 159 457
1099 955 31
775 1490 268
1672 70 113
108 157 71
172 1084 10
783 3268 91
1844 379 209
438 122 33
1221 557 325
188 1760 12
515 2804 12
843 4166 172
886 1912 117
516 174 54
1912 1842 70
1699 628 174
910 37 138
2194 777 71
708 518 363
438 2854 78
584 5141 71
62 144 72
1250 3705 57
1480 4307 416
1223 748 44
513 635 271
283 88 276
1274 983 57
1454 1353 71
172 2196 10
83 5090 57
1499 1249 72
685 3279 42
1544 3473 83
1790 72 71
749 1258 73
225 1627 232
65 1211 94
344 884 57
599 501 44
159 1064 73
816 448 333
436 1045 57
1382 2564 182
437 505 57
2066 121 89
1053 915 57
127 2481 91
1503 4725 457
155 3427 278
1395 335 137
1251 2833 89
1969 289 56
1861 1546 416
709 3117 172
305 792 231
1056 659 303
1563 1979 89
563 1381 29
961 2613 206
233 4019 89
452 272 56
698 2131 98
131 1020 405
857 216 276
176 436 303
1768 270 107
103 570 12
1155 4451 89
1384 4768 347
304 1376 463
254 85 89
1936 2374 421
1832 1664 56
291 1326 108
1363 2182 79
97 3069 285
900 1210 307
742 29 12
1255 3784 364
792 1584 88
618 519 71
743 833 307
247 3394 54
1064 138 79
38 169 54
16 75 89
900 1550 43
86 3462 40
383 31 33
399 29 12
247 1999 12
969 485 72
393 656 285
270 4882 104
34 469 295
297 4034 285
766 3311 47
2044 487 107
1796 76 89
936 3657 201
1861 1746 78
1307 277 316
1062 3895 105
969 3026 409
92 512 299
1130 466 55
1566 4811 421
1022 2396 41
245 3113 72
204 4304 135
1454 4695 50
1468 4111 405
333 787 201
730 136 73
565 3390 12
1969 2175 251
1269 483 72
481 1723 71
1892 76 89
1547 621 12
1059 5404 307
2274 1004 303
208 27 307
1060 400 325
97 983 57
1449 659 303
1066 821 71
1622 252 363
1202 1 463
1164 72 71
1313 2647 276
980 901 42
1131 76 89
2220 2137 176
437 153 71
317 70 113
1923 833 307
1377 1368 285
633 5140 386
279 980 113
360 655 89
1324 1968 318
822 2800 285
1468 3776 412
1565 2272 43
1173 88 276
374 2501 206
2253 3427 278
1000 279 457
996 400 325
2101 3647 206
1250 2389 33
2183 4719 102
1455 512 299
166 2831 56
350 1716 166
1407 2063 42
335 4419 44
1055 1227 318
1866 482 70
1787 1121 70
1245 563 44
543 2696 292
133 636 107
1227 2445 89
1421 518 363
706 2095 163
2004 361 333
115 638 65
1410 72 71
778 3349 43
1615 3427 278
314 1613 213
699 929 55
1312 1060 457
436 2193 78
773 4790 363
1528 802 107
1146 101 307
1874 4844 57
851 358 279
1296 3088 404
567 1815 34
140 2046 56
423 76 89
1362 2713 70
52 1413 44
1372 72 71
824 3653 104
955 70 113
417 2012 57
749 1902 333
955 797 39
1278 1941 286
369 27 307
1140 4843 43
6 423 285
1376 546 89
808 1064 73
1429 3127 57
648 1242 414
997 4142 89
1443 114 72
1742 76 89
410 2086 55
452 484 206
333 116 42
1235 1234 107
508 82 34
1391 436 303
1444 566 21
1649 3636 72
207 2309 47
867 436 303
888 538 172
1427 1573 12
286 1312 458
1648 2171 42
1412 1631 71
2044 425 57
451 1063 457
1459 3420 25
1174 2027 439
1859 1951 300
85 728 113
1005 3501 89
1796 588 70
1316 234 82
174 1080 96
1586 4899 57
1178 3897 56
1171 3674 47
368 1096 396
630 4834 92
1903 636 107
807 2560 89
1956 152 70
1344 2607 12
193 97 71
1050 3343 71
509 3184 1
46 234 82
1180 751 295
610 5070 284
1986 229 43
1217 955 31
1414 136 73
2195 1508 316
2229 1544 33
1245 1 463
161 2584 71
998 162 38
201 104 86
1103 1902 333
1437 2534 334
99 1010 71
794 1218 185
376 3085 71
512 438 71
216 1079 43
876 1046 206
1486 2456 24
645 2364 237
1044 748 44
1311 663 70
415 1 463
111 4930 104
706 340 56
497 2495 62
229 27 307
1307 98 70
350 2506 457
1629 4198 278
593 3709 56
671 2811 206
1318 4682 278
881 877 73
225 1914 232
418 295 341
955 1046 206
388 1937 307
1433 1420 159
1035 25 79
106 888 71
196 2196 10
2244 797 39
1870 717 236
1156 619 72
2218 4696 405
286 4321 333
38 162 38
1311 70 113
2314 27 307
981 4238 278
126 2490 114
670 3051 42
286 915 57
936 82 34
1183 3903 336
2144 485 72
957 82 34
247 1012 72
951 379 209
1098 604 55
101 835 72
316 400 325
466 2342 414
1583 655 89
790 2981 210
1817 458 74
1866 1712 71
116 1997 71
333 2467 150
364 5034 89
1044 4091 24
2241 3769 42
1330 4402 89
412 1830 56
1405 4565 282
1009 412 200
1615 2764 89
140 1388 10
38 1283 5
975 2713 70
304 92 38
1801 659 303
1052 1916 206
1516 485 72
1953 2125 355
1454 438 71
1455 418 307
106 621 12
1586 4717 200
659 1436 34
92 415 359
2084 3454 12
914 136 73
990 1010 71
600 138 79
1216 2495 62
60 4137 32
888 777 71
269 945 165
258 770 313
1136 1503 72
1585 3591 88
1 343 33
1848 2526 89
139 2049 56
1677 2647 276
432 4894 66
1057 3162 286
370 588 70
553 2194 44
788 400 325
1367 256 285
460 1869 89
2111 543 172
1316 879 57
1607 5382 185
460 3313 87
1018 3990 303
515 3957 299
400 1707 86
1777 3536 33
656 660 284
393 4833 73
1227 2646 355
736 1726 91
953 68 71
308 1103 92
282 4399 104
97 532 73
1410 1521 89
40 76 89
270 2607 12
247 162 38
903 840 386
195 1037 24
1674 1213 143
1586 3083 232
1055 2361 104
1119 5492 47
2285 787 201
1351 1054 190
71 2559 91
1860 2664 72
537 5197 34
1181 761 57
355 817 226
1086 831 117
1 938 338
284 3010 86
995 840 386
2004 3427 278
298 3224 209
377 1125 72
396 1672 72
2185 2628 57
1969 807 108
1328 594 112
1464 536 42
989 4586 12
31 1740 291
961 3072 416
193 1307 439
387 180 78
656 1163 118
92 3016 112
807 63 71
303 3092 292
1360 2554 292
892 5486 32
173 4776 285
947 5400 89
1591 85 89
1083 2397 209
310 189 202
2051 3541 185
670 3416 434
389 3223 205
773 3990 303
604 2574 303
487 820 40
1467 628 174
1323 862 285
1645 1716 166
1330 2653 89
724 1687 72
1850 2182 79
163 3427 278
747 1687 72
1208 2273 43
816 1661 139
1230 5479 406
565 4920 457
1237 633 271
1300 5037 303
1878 192 57
1376 3636 72
421 3990 303
88 466 55
1960 68 71
1511 5449 43
1429 816 12
829 492 12
1438 4894 66
180 1155 44
846 568 333
1449 1228 185
1199 326 137
1328 782 44
1092 710 89
538 705 384
532 246 55
1005 591 89
145 2607 12
421 670 78
1399 777 71
711 2195 10
565 3391 274
1451 400 325
1035 2403 84
1523 847 291
1128 1277 44
1276 112 384
360 1249 72
2223 101 307
1654 4725 457
540 2829 87
475 2926 12
489 2736 44
814 2699 89
1617 1318 291
357 4266 75
47 4718 257
699 4966 113
1961 3053 42
1214 2 75
598 867 73
1110 4452 93
2135 3650 206
1103 159 457
533 4801 12
1394 2888 71
1130 237 71
503 4640 94
1842 5341 56
1886 3085 71
2021 1432 307
694 136 73
990 4997 57
1311 761 57
1974 2956 71
937 648 44
41 100 89
70 4382 97
548 2527 316
1102 3215 145
2094 1631 71
635 4359 285
763 4946 57
335 76 89
1258 5195 468
877 1200 71
1362 3711 272
1244 2111 285
155 207 316
588 4844 57
353 929 55
754 659 303
60 1425 30
794 27 307
1565 2286 34
537 3901 98
270 1273 107
939 1212 178
1663 850 388
1036 63 71
1053 2625 364
34 27 307
1127 4814 411
1122 777 71
254 4559 70
1413 4593 333
1295 5227 274
1368 781 453
1212 25 79
1026 4610 56
1407 324 38
317 3263 88
1969 3575 12
1247 447 181
1455 701 72
1349 1675 325
1622 139 404
438 378 209
483 3568 278
1405 1396 426
1311 2314 73
1096 839 57
680 2676 34
525 1579 12
1016 277 316
225 1184 56
609 181 453
63 1432 307
979 144 72
1841 5225 276
866 3 12
1275 817 226
629 2863 12
1753 1 463
2270 1310 466
1162 1145 95
489 652 333
15 573 47
1149 2361 104
1647 912 181
989 4911 103
1363 3538 453
123 5282 172
151 418 307
2113 400 325
1253 4653 383
1481 289 56
1232 1249 72
1026 3738 120
1963 4983 258
91 71 72
819 3568 278
367 3374 56
1191 2533 368
876 400 325
1200 2101 103
431 3447 332
1410 2123 71
1154 2742 72
32 145 56
360 733 213
141 2057 53
642 1046 206
94 322 190
693 2087 97
1523 6 160
1967 2534 334
907 95 56
1410 893 71
1068 3153 70
795 4825 94
1085 1815 34
1058 327 43
1477 252 363
974 858 12
619 5149 294
271 1771 56
819 4079 258
680 3082 404
827 3800 89
154 767 78
49 754 42
517 5437 325
330 1187 71
329 1214 365
76 416 71
908 205 70
1534 3814 426
2241 2724 71
1798 1938 24
1513 277 316
484 4565 282
1221 2588 24
575 82 34
742 3660 137
110 3022 42
1531 278 354
1751 2142 258
1667 1180 271
319 1903 55
1799 186 137
396 4604 83
138 2046 56
161 1769 48
168 1869 89
920 4823 44
699 4354 32
1561 2561 206
647 1410 12
1692 451 89
1721 74 424
1342 3796 458
348 1488 139
722 1075 12
1484 1437 172
52 259 307
1228 3040 42
714 501 44
1827 5016 463
155 3269 91
683 4040 23
876 2607 12
2186 485 72
1282 1648 239
343 3150 89
1093 3421 25
58 1093 56
277 4474 291
108 3972 72
1174 1299 307
668 576 63
423 1214 365
1615 2840 285
246 4810 210
1024 2245 57
616 2955 370
315 4664 457
1140 4895 7
1103 1440 71
508 1651 89
711 3961 260
29 114 72
1262 301 56
454 629 275
473 4604 83
658 1631 71
1508 2345 57
1324 200 109
1287 1318 291
1424 1046 206
615 3016 112
1552 3936 71
489 68 71
1656 2 75
1149 716 155
1753 1712 71
397 1519 71
1017 205 70
700 1 463
1050 216 276
743 5499 307
523 3247 414
1380 515 41
1971 1153 199
489 4095 469
687 3859 56
1818 1475 57
573 1582 73
414 2456 24
1644 4403 71
846 56 382
341 321 190
1074 97 71
660 298 71
444 2877 57
377 2858 71
1138 4432 97
989 37 138
2149 2456 24
955 2105 185
613 2711 32
1660 318 234
226 2126 246
1485 213 190
1235 318 234
28 2439 177
1223 289 56
787 1226 457
349 5564 206
1633 229 43
1550 2499 187
1862 2615 366
2014 1539 71
985 761 57
1187 88 276
1143 458 74
582 2690 12
50 1 463
854 1064 73
156 2711 32
183 1046 206
1244 15 386
347 1951 300
354 967 91
974 3486 382
1407 162 38
276 1286 71
2200 3416 434
2023 836 312
955 782 44
2088 1181 392
115 153 71
1843 267 89
1429 1037 24
212 1128 73
955 4499 45
326 1545 246
599 733 213
719 2048 217
625 711 89
1353 319 57
743 2127 71
175 522 42
1620 4523 44
689 25 79
834 616 271
151 1911 54
46 211 361
678 1194 116
1869 647 303
1576 5268 278
2321 105 6
103 2822 349
1216 3858 127
2215 4618 350
1211 145 56
544 895 38
174 29 12
1011 761 57
819 2701 137
815 2 75
1146 799 89
1672 289 56
388 327 43
317 1386 33
1661 1658 148
1610 2732 375
588 440 10
1194 736 386
517 3037 285
50 1143 295
1601 205 70
400 2660 107
1265 453 89
1551 1017 375
1324 4877 44
186 936 113
1395 341 137
1235 761 57
534 3282 364
2082 1046 206
155 3090 89
731 347 40
1577 4044 70
742 4372 404
1990 114 72
2065 1292 4
1862 2537 375
279 98 70
2185 2056 453
1577 5148 373
410 255 285
1066 70 113
1821 2926 12
195 1172 25
685 3128 468
766 4107 71
1302 912 181
994 895 38
749 68 71
1876 4885 356
1111 4506 24
1009 101 307
668 485 72
1687 373 303
1225 3427 278
1277 396 185
1949 3420 25
1923 518 363
2314 2141 303
324 917 165
445 124 105
1084 228 72
1218 1085 57
1753 636 107
130 702 56
1116 1676 73
1528 1179 63
1890 2734 89
1563 4461 364
1700 4174 404
1865 1583 73
1713 139 404
1177 3990 303
1532 577 105
880 1197 89
1190 697 57
1567 1451 75
25 4371 10
319 698 333
1435 1968 318
548 3427 278
1053 5220 71
180 323 89
626 5301 57
1124 4455 89
198 27 307
187 1615 38
1677 2361 104
111 2441 138
1130 1642 73
523 2425 369
1222 101 307
2206 1234 107
1140 1898 43
618 97 71
1159 849 348
1169 1884 104
1058 4964 57
1056 61 129
1213 1256 303
310 3064 285
225 1105 57
1678 25 79
1059 211 361
562 807 108
777 461 25
1443 5510 73
629 174 54
1908 2683 473
983 4302 365
888 1221 338
809 5204 73
1197 3046 159
1044 2879 98
2209 1249 72
187 3427 278
1227 114 72
2092 4982 316
1391 659 303
388 298 71
161 440 10
2145 148 453
2264 137 135
29 2640 57
1677 1153 199
1039 2554 292
1858 1091 73
799 2497 66
1296 959 44
1719 252 363
931 4362 139
1373 1667 78
369 1956 209
197 446 56
265 3323 43
894 4381 24
807 994 43
484 3427 278
1336 2267 89
1661 5139 303
135 2035 232
308 107 315
1181 1094 73
64 99 70
1444 4051 172
681 4029 44
689 3365 97
301 1963 71
279 1818 57
1586 285 307
1374 470 35
644 1687 72
865 183 115
1259 3810 272
427 4849 12
1194 205 70
615 3474 232
1403 4034 285
668 1073 434
283 1671 206
2302 2286 34
373 687 9
554 3535 71
841 605 137
862 98 70
1312 396 185
907 3692 278
125 1551 72
292 915 57
1647 101 307
116 2508 71
1561 3510 237
1323 4961 364
2096 1249 72
67 289 56
753 3910 57
507 1759 442
654 1542 112
620 27 307
1753 4 71
1577 4606 316
1310 365 457
237 297 73
501 2092 307
296 915 57
671 1226 457
874 489 72
1353 1675 325
877 314 119
93 211 361
1760 1914 232
333 4004 34
1140 3861 113
1247 897 137
1521 1676 73
73 29 12
1009 3109 75
67 2749 185
519 350 137
619 4839 71
294 36 44
734 3263 88
2297 27 307
1335 3690 468
2084 4725 457
2072 655 89
937 29 12
998 2641 42
1382 744 361
2086 657 185
2085 180 78
886 123 139
1740 1164 208
1890 1650 211
101 485 72
928 490 159
1187 2894 42
159 2260 251
1792 4463 481
1593 2512 297
1287 732 271
483 4760 278
476 98 70
1563 4440 89
781 1370 73
1694 439 285
14 3214 73
1216 5416 465
216 3712 375
899 3472 33
373 2424 235
1421 3427 278
119 101 307
977 974 92
1484 1938 24
599 2454 190
525 4676 406
990 214 333
1384 2564 182
807 2001 89
514 3198 23
1460 4018 104
684 457 87
846 566 21
1071 32 56
319 2447 41
1858 3894 105
764 3074 73
1095 455 107
258 5594 338
1016 590 89
866 3298 350
831 1249 72
256 4411 303
2062 636 107
406 1800 56
478 2612 206
413 35 56
155 2110 71
115 4896 130
565 2817 57
92 3242 202
907 27 307
604 5086 321
770 361 333
498 82 34
1104 221 89
753 2804 12
998 2046 56
107 1661 139
391 101 307
746 2944 47
604 3073 73
241 738 453
2087 76 89
1459 2800 285
968 420 190
420 1234 107
840 448 333
1176 455 107
1187 929 55
1258 4462 185
409 3853 71
1977 289 56
1507 5533 331
1219 451 89
492 4399 104
1212 923 12
1057 371 73
1115 1233 57
543 606 9
525 4662 201
496 1192 92
1287 470 35
1309 399 213
746 447 181
61 1275 142
452 518 363
64 3817 19
707 3653 104
87 1105 57
1097 162 38
895 3229 92
647 3882 304
1235 4547 206
615 255 285
1764 1708 68
631 659 303
1287 814 446
668 1174 145
973 3690 468
1009 621 12
567 2514 10
749 29 12
470 4311 72
1206 3916 83
1492 295 341
151 1656 250
2105 3325 301
2281 792 231
1708 3176 468
1397 1277 44
1235 1817 72
1877 139 404
1981 1249 72
1383 3427 278
1543 5156 72
2275 4260 92
1207 687 9
51 1136 303
1417 29 12
94 586 12
1034 1963 71
553 3358 12
629 1606 71
217 4415 31
181 633 271
626 4411 303
1472 4305 190
648 240 43
731 4961 364
1673 277 316
1879 3181 333
299 1865 32
1925 1819 359
768 245 95
2211 1743 70
1906 2301 57
1022 2569 12
1911 2157 410
250 272 56
918 1164 208
2198 715 32
45 621 12
1086 2077 465
1614 36 44
1803 205 70
377 324 38
842 29 12
517 4378 172
360 1526 137
1865 38 143
51 1807 77
1235 76 89
1842 621 12
1891 693 436
212 566 21
1051 1557 72
1673 71 72
479 118 44
496 2420 404
509 2311 56
8 493 15
511 1201 72
1940 448 333
753 49 42
426 2120 43
75 92 38
1429 2942 404
1440 5285 184
288 1277 44
1405 4486 340
736 4164 71
805 400 325
1379 1547 185
1698 3399 426
151 162 38
1525 3198 23
580 720 54
59 549 89
785 486 107
1563 2060 9
390 216 276
1009 860 172
1516 1802 34
2010 1183 206
1645 114 72
381 311 125
1269 4480 43
212 189 202
468 703 120
1467 1278 144
656 313 421
650 5363 113
1500 256 285
1541 5095 363
1198 2603 172
1218 4075 199
1037 3197 276
233 3249 337
1154 3504 71
502 136 73
106 578 10
937 1258 73
360 229 43
509 151 331
2230 3826 285
1951 1331 457
1245 2167 57
286 5327 457
42 194 333
194 2514 10
1963 3377 101
1467 4782 23
362 2508 71
1646 3254 71
1302 5284 84
1419 3930 143
1051 988 137
25 5204 73
240 1340 72
113 2070 57
1311 4711 70
1467 117 307
163 1143 295
66 329 56
159 3240 38
352 1682 206
166 4356 73
1096 4256 43
790 94 276
1579 4898 278
82 211 361
2211 85 89
1162 3266 307
791 97 71
1265 116 42
814 4368 71
1003 5212 57
696 167 41
717 3332 9
1353 1267 103
900 1386 33
365 2962 150
1410 1964 54
563 1374 363
1395 3472 33
2140 95 56
1344 5189 52
301 367 12
1372 52 307
13 1687 72
292 3455 71
1560 3614 89
840 2817 57
483 359 56
1097 391 89
899 94 276
1216 159 457
1583 1397 115
1232 2539 411
417 2542 120
1887 5120 47
2203 1712 71
571 2895 444
855 781 453
410 3504 71
1213 3235 165
1147 196 89
10 216 276
1425 761 57
1117 1719 12
558 6 160
895 738 453
1227 380 70
1864 1309 457
154 138 79
36 920 192
848 2440 397
2202 733 213
2051 888 71
1385 76 89
1862 3666 276
1182 1744 316
393 3823 364
1863 2830 57
1232 1046 206
971 176 104
27 27 307
2196 2069 57
1966 192 57
549 687 9
1292 3580 206
521 114 72
388 470 35
473 5164 105
607 1461 5
377 1249 72
2217 68 71
1197 440 10
451 2959 89
1563 4657 44
1407 2229 370
97 864 260
485 2283 152
182 511 307
513 3689 89
1159 1500 56
1248 4994 71
1669 2924 104
1451 647 303
1234 3673 303
2293 619 72
744 299 364
1174 2585 246
550 1067 89
1435 4760 278
1245 953 70
987 1063 457
1541 764 143
1744 534 43
1477 439 285
1136 174 54
1896 101 307
946 3366 260
403 72 71
1233 2252 21
1523 1597 303
1765 840 386
607 1426 57
1768 1115 121
25 2382 12
172 770 313
1498 493 15
661 5407 71
907 3933 113
2120 1664 56
656 1451 75
1009 4659 276
1649 2276 359
1040 2001 89
1395 856 149
1156 289 56
483 2486 453
1835 3034 457
343 557 325
1117 139 404
871 136 73
602 1452 78
1151 489 72
1292 1 463
25 1723 71
1017 313 421
1064 2094 71
1136 490 159
1487 2647 276
412 1091 73
554 234 82
643 3973 285
1854 962 89
1261 1297 72
393 2323 75
257 1772 213
630 2515 285
2099 3367 235
563 1 463
1139 151 331
1947 2532 89
89 1357 78
2027 3764 110
648 2254 468
1281 85 89
2006 1756 72
870 633 271
1405 99 70
553 180 78
24 259 307
358 1544 33
850 3292 207
260 5048 71
1287 4490 104
1563 643 364
1210 2074 10
370 4080 71
1578 3340 318
182 4132 146
1216 4445 465
548 2576 145
915 4017 105
1140 1362 73
374 400 325
770 781 453
1395 390 163
1067 1822 464
597 1467 43
1644 841 40
1648 2931 54
181 485 72
1576 3815 72
1216 136 73
753 659 303
2223 322 190
526 4041 58
819 4133 344
1021 533 42
51 215 73
2256 655 89
644 1 463
770 5261 465
939 4144 71
1140 3792 25
989 561 107
1208 4163 75
376 817 226
1768 32 56
565 29 12
97 65 173
1514 1721 422
948 2 75
1207 2752 34
688 439 285
928 278 354
1245 1331 457
385 114 72
1359 7 78
480 1817 72
91 491 238
136 360 57
1215 710 89
1141 1320 295
78 826 43
1050 1277 44
1226 4018 104
1855 2769 57
354 4807 316
1126 1620 307
1116 2245 57
46 355 72
605 2600 31
381 5345 409
2275 1781 56
186 373 303
830 2333 345
1231 2129 89
885 3427 278
1008 3646 72
1649 4861 105
1082 780 457
331 2385 72
21 64 362
48 575 63
3 701 72
590 610 173
1472 840 386
1796 3240 38
35 265 115
54 272 56
1354 164 111
1103 1180 271
1418 1627 232
668 1467 43
861 1908 70
1075 787 201
1125 842 57
1690 4238 278
169 929 55
798 101 307
488 561 107
270 1085 57
647 3064 285
1565 5048 71
31 1251 12
95 1089 43
1384 3781 412
513 71 72
41 911 180
159 1708 68
385 1179 63
1008 2252 21
1951 4597 473
1160 1007 285
196 2199 6
1395 2296 12
831 3054 24
341 1654 354
1067 136 73
2101 3872 31
712 915 57
881 785 73
1455 472 100
95 4629 65
665 1018 375
689 3154 41
2172 2648 471
44 286 318
177 655 89
2107 447 181
731 4376 104
2248 3538 453
1963 2345 57
787 2263 86
1008 3761 189
2134 85 89
1806 1277 44
1101 3427 278
1413 4379 43
496 2056 453
245 3513 56
1125 2615 366
871 1986 6
1547 1797 50
1466 285 307
1637 1962 64
115 1991 86
691 9 475
366 318 234
18 1699 78
1088 1046 206
1522 139 404
447 549 89
1210 355 72
1105 757 404
936 5331 38
809 1285 3
1053 2145 284
1360 2991 71
703 322 190
1500 1 463
169 3519 40
414 1676 73
273 3002 316
1292 1671 206
172 1 463
1099 2253 443
1154 1423 72
856 3150 89
154 60 200
1039 891 137
915 577 105
483 331 56
81 443 67
999 4307 416
549 1894 241
541 906 370
948 1313 56
1472 2388 73
724 5106 97
1002 379 209
1512 4061 70
1298 470 35
1159 3160 206
406 1815 34
1184 3894 105
279 1298 307
599 2698 136
205 693 436
1292 633 271
668 1912 117
1847 149 71
1459 2756 285
1190 5041 70
161 916 107
450 3839 278
753 3003 56
1011 289 56
360 401 159
780 628 174
486 226 56
240 3506 33
1360 162 38
380 302 71
400 4000 71
460 121 89
1467 787 201
1545 568 333
466 153 71
570 255 285
492 643 364
644 4520 33
68 2049 56
513 2009 95
1021 361 333
1425 1702 78
634 3425 56
1373 3770 105
1358 2924 104
2196 802 107
647 367 12
187 1600 333
956 25 79
1619 1680 412
1352 211 361
1957 4368 71
110 4690 98
1322 272 56
1326 380 70
722 1464 89
2176 454 56
671 6 160
1226 1322 55
1245 777 71
396 256 285
1043 400 325
1228 633 271
1966 1023 98
846 2648 471
1050 140 253
104 1962 64
545 4198 278
93 3169 260
1335 3177 456
1850 393 71
1664 3538 453
1429 818 406
115 640 12
1662 399 213
779 2671 220
1444 1226 457
936 555 71
1017 380 70
1279 4913 457
489 1723 71
1392 4462 185
1229 4679 258
52 205 70
1448 1942 202
814 444 72
1 920 192
359 2517 57
1054 1073 434
2279 489 72
683 334 12
414 1471 73
1460 586 12
233 1830 56
407 3113 72
289 3155 72
1395 5525 10
628 807 108
1887 576 63
569 285 307
392 3078 51
4 3921 57
60 183 115
1846 754 42
1805 76 89
455 4485 121
1181 364 276
1052 3160 206
392 776 195
724 4683 83
246 1184 56
373 761 57
195 988 137
1240 4327 278
376 2961 370
1233 4539 428
1738 767 78
1754 88 276
183 915 57
263 396 185
992 4399 104
1450 2456 24
1753 2771 32
186 3068 113
344 93 73
1004 842 57
1232 1331 457
606 1094 73
1388 1606 71
233 1136 303
100 35 56
812 3559 204
790 5089 285
903 1331 457
611 99 70
222 3199 31
370 4509 57
680 29 12
1464 3427 278
1235 2812 270
583 1115 121
370 523 57
886 98 70
1492 285 307
2195 4991 453
341 555 71
922 3062 12
2220 145 56
2165 1606 71
1715 1046 206
1336 774 32
1512 476 57
362 205 70
1055 2544 190
2200 4158 296
1154 25 79
1024 3063 57
273 4929 57
2140 2219 152
907 221 89
279 2431 97
319 37 138
648 5276 473
1188 116 42
2209 296 382
1643 4381 24
641 358 279
578 1436 34
381 1041 370
1516 1815 34
1300 1146 33
1396 5110 192
1131 101 307
716 27 307
1388 229 43
1282 1071 12
904 501 44
306 1221 338
2061 1116 55
492 915 57
1245 1351 57
161 1697 55
1455 3590 73
1547 4766 352
570 483 72
799 1177 89
1798 27 307
841 400 325
1797 1422 56
497 3779 412
1745 2878 285
753 1184 56
1137 349 90
93 693 436
1181 327 43
947 373 303
317 1411 32
46 1290 43
355 777 71
615 659 303
1645 2281 70
1274 1 463
1796 101 307
1358 3760 164
701 1639 172
1584 4405 209
1097 393 71
406 2677 43
449 400 325
135 1816 97
654 2648 471
195 3054 24
1050 5432 313
97 5082 5
1245 1921 425
1223 2037 333
626 4484 70
1777 251 71
1521 3034 457
1032 68 71
1627 98 70
270 312 42
910 2669 26
1309 4531 70
234 1683 10
1170 899 79
2094 2144 258
156 1976 57
1428 3855 172
2150 3822 414
1294 2604 473
1155 4032 234
307 2130 107
1406 15 386
613 3622 42
872 1091 73
237 1146 33
1204 1029 11
989 483 72
1092 3068 113
1133 515 41
151 1155 44
1911 1094 73
1748 1 463
217 2123 71
1008 216 276
851 568 333
680 1940 10
719 633 271
770 3746 375
1365 619 72
946 647 303
1406 4399 104
2112 3975 375
513 1358 89
201 676 118
1311 1274 167
1373 145 56
1135 485 72
1473 180 78
2194 85 89
1828 88 276
1420 76 89
675 2895 444
1622 767 78
169 237 71
114 1624 57
1354 202 56
1531 3163 233
1064 118 44
626 4649 32
280 1183 206
952 1682 206
604 2515 285
1624 1253 73
863 74 424
1746 3000 32
298 3223 205
147 3206 481
1180 272 56
668 2055 442
566 4937 71
180 2780 56
729 114 72
414 4696 405
1834 1999 12
688 191 44
1183 536 42
298 697 57
1736 277 316
376 2828 12
1195 1189 377
408 205 70
436 2958 370
1024 360 57
136 3306 107
1846 3427 278
242 523 57
1854 1872 72
870 2319 64
1300 643 364
1383 2396 41
176 380 70
1020 3578 72
52 1130 87
1586 400 325
543 1253 73
1846 1809 71
161 787 201
2176 342 24
376 2130 107
779 1155 44
946 943 113
370 98 70
478 3848 57
405 48 42
2009 1861 56
427 136 73
2003 158 276
370 3812 182
673 1609 10
560 2857 33
1210 906 370
648 3320 73
110 145 56
1666 3915 104
742 3729 10
2235 1249 72
507 735 453
831 728 113
1075 359 56
599 400 325
1433 2090 374
1646 415 359
1575 2690 12
1278 74 424
2112 3426 314
317 2474 71
1639 1908 70
265 1232 206
230 2282 107
341 835 72
436 334 12
1942 3089 232
1235 138 79
1175 1414 32
2074 1162 113
333 784 57
1198 4741 172
34 761 57
1318 4637 70
1265 1194 116
614 588 70
2214 1155 44
316 2000 303
1547 89 89
459 4350 355
989 1765 107
928 3461 457
1501 4306 43
222 891 137
1123 3138 72
241 1110 348
388 2496 71
1522 296 382
216 4412 56
1133 461 25
365 4318 84
1484 3668 89
2200 5118 333
1746 816 12
154 1095 57
1568 748 44
1830 5036 278
395 29 12
1619 272 56
1302 1476 251
1850 807 108
872 3917 138
365 1560 87
707 1249 72
615 71 72
1363 211 361
706 4398 364
504 2333 345
877 2593 12
1443 5210 117
259 4043 89
452 2103 424
1063 27 307
691 194 333
240 2270 44
706 980 113
78 525 71
1820 1 463
346 3555 33
1623 4766 352
1279 4264 70
2299 2664 72
310 229 43
1408 840 386
629 4999 25
188 470 35
683 5491 40
501 3153 70
2189 396 185
2003 216 276
161 420 190
490 3724 38
561 277 316
333 3152 40
672 1157 10
161 4594 34
569 3557 12
737 942 113
97 1746 78
226 617 41
670 2985 114
819 3427 278
635 97 71
1181 4547 206
310 2701 137
573 342 24
729 2328 107
969 4539 428
1439 5132 32
1137 557 325
27 164 111
1230 744 361
1155 518 363
969 3904 293
1133 582 85
900 1847 56
1804 2044 57
1239 164 111
1098 1539 71
228 331 56
668 27 307
946 1007 285
1190 605 137
258 138 79
2275 522 42
1361 1545 246
1172 501 44
408 493 15
742 3079 42
1046 472 100
598 1778 56
1024 4408 56
2084 4227 89
1314 330 190
945 539 55
60 4987 43
1460 3861 113
1805 321 190
1097 543 172
1463 2850 230
180 1785 318
580 2565 28
159 787 201
1174 3954 453
92 1708 68
1826 439 285
1864 1331 457
1654 447 181
1172 5068 278
726 139 404
673 2228 57
1085 525 71
319 29 12
753 4760 278
647 3213 285
1602 590 89
1581 482 70
446 807 108
207 813 159
1363 400 325
1087 891 137
1064 1103 92
336 2071 258
1314 4068 33
1796 621 12
1039 720 54
1343 72 71
987 136 73
415 114 72
869 447 181
1841 2254 468
377 3729 10
556 2099 43
972 179 49
685 3939 89
1278 136 73
1460 1968 318
1009 2635 57
259 1117 190
1966 174 54
1169 632 271
1536 605 137
587 438 71
1601 76 89
1026 4208 81
327 211 361
125 228 72
409 1143 295
1311 1486 56
848 2127 71
1181 11 276
2112 3509 89
1689 101 307
1159 3292 207
762 3073 73
1362 775 468
516 1797 50
674 5535 44
1781 5394 55
332 456 70
89 214 333
24 2 75
326 3918 6
830 1063 457
1336 2863 12
1229 4217 396
35 382 39
936 1831 40
1260 2396 41
1269 501 44
140 3244 43
409 73 72
362 821 71
417 3553 113
1384 447 181
833 1942 202
956 5150 456
1451 5403 326
1531 3577 57
696 29 12
1608 2256 468
1265 1799 73
157 186 137
462 4 71
679 698 333
27 621 12
1045 568 333
656 1278 144
540 1694 89
2113 3045 41
1262 4554 43
1539 1378 371
526 864 260
256 2547 346
1139 181 453
727 646 42
1542 101 307
377 2846 43
1198 821 71
1250 3816 57
95 527 71
635 39 143
699 4700 168
1069 9 475
599 4643 12
53 263 271
71 2755 303
1056 1091 73
1362 396 185
1060 580 66
856 232 11
831 3353 92
1908 366 476
172 1451 75
412 4436 43
159 5152 25
364 3785 463
314 114 72
763 2528 449
585 536 42
440 211 361
45 3277 99
1145 2845 271
1132 3041 103
466 5213 468
2066 3022 42
21 3427 278
1181 4614 276
1269 482 70
1979 5559 451
1857 777 71
436 3130 97
1534 881 452
276 472 100
413 2420 404
1212 3391 274
2134 906 370
1248 211 361
1361 1332 42
922 700 32
572 2759 408
381 3501 89
936 488 246
1053 252 363
1492 2014 284
1087 656 285
319 3052 12
822 470 35
1690 4704 12
1235 2446 89
1064 858 12
2275 1953 32
1591 4209 42
327 761 57
629 1802 34
136 1788 12
476 247 43
1586 4919 72
1564 4047 278
2194 643 364
846 449 453
1022 249 12
861 1981 71
653 3777 353
1232 71 72
1269 874 73
773 53 363
604 2058 72
47 1693 57
2009 2325 187
613 2730 44
1383 72 71
301 3234 92
1228 316 32
333 659 303
1433 775 468
706 709 137
1067 342 24
435 37 138
822 1256 303
1934 3427 278
188 4139 71
1325 1402 353
114 2361 104
1097 587 87
1535 2504 43
2117 3597 71
362 3933 113
880 3680 72
1149 4172 89
899 2328 107
778 74 424
1455 180 78
1299 2978 209
368 1375 44
1443 4509 57
948 1342 89
38 101 307
1145 4859 89
1850 960 57
406 3838 32
1022 1283 5
989 168 60
1344 3427 278
99 552 57
194 2912 89
131 2329 100
2262 3124 55
432 4061 70
536 98 70
1141 3573 470
851 2254 468
1 984 71
266 628 174
1292 3185 206
565 1227 318
495 2 75
223 2167 57
308 3427 278
1748 1539 71
332 787 201
2110 794 72
1586 816 12
246 2976 378
843 1471 73
773 767 78
818 982 56
1107 68 71
1186 2401 71
13 4192 92
114 136 73
1045 4352 32
1644 3040 42
565 4468 278
179 1683 10
1728 29 12
35 226 56
497 2361 104
355 1938 24
1457 568 333
351 76 89
782 4334 71
784 572 48
515 472 100
257 3694 73
1568 709 137
1228 4121 278
1268 2158 89
427 1353 71
811 3765 73
1855 371 73
637 501 44
701 68 71
2099 2239 205
360 895 38
1082 2384 209
623 101 307
1790 1018 375
1049 3751 307
550 2471 71
1943 396 185
985 1608 78
550 983 57
828 447 181
1085 1254 285
2114 272 56
1115 899 79
1724 76 89
1393 2778 6
2117 4148 43
918 447 181
140 4101 89
311 805 70
1191 4393 185
521 287 307
256 518 363
1396 98 70
1644 2457 206
1848 4314 278
1214 1681 56
219 2246 433
403 2665 421
1557 3701 328
1250 2030 86
1513 1160 359
45 710 89
60 1439 34
626 1471 73
1221 4940 73
26 90 82
779 1674 326
1188 475 89
60 305 159
687 82 34
406 62 82
1028 251 71
78 188 232
1134 1934 10
707 656 285
1036 60 200
301 1520 89
29 4368 71
1654 436 303
1070 1091 73
762 314 119
406 3174 214
115 97 71
1371 3065 387
409 201 162
1372 159 457
1144 1080 96
846 1714 354
454 2091 89
141 85 89
1272 171 12
1055 1217 338
1401 4778 461
170 1146 33
795 121 89
97 172 12
240 818 406
1328 5528 82
360 153 71
1671 695 32
851 4274 71
843 543 172
1561 1712 71
559 4925 434
1786 1012 72
1135 1661 139
974 5037 303
247 306 72
787 252 363
1558 4667 414
198 2053 72
891 472 100
1459 2675 254
1343 4323 12
430 1471 73
144 773 171
1066 2148 137
270 506 215
79 1374 363
1097 1394 190
1954 4064 13
375 1362 73
1175 4582 43
246 604 55
1814 136 73
165 855 71
1394 3763 307
910 763 25
92 4354 32
229 655 89
611 1342 89
1895 3935 57
1251 2843 199
1174 781 453
67 1223 185
1104 1631 71
1609 1919 310
661 71 72
1020 85 89
78 1897 44
615 1507 25
1225 415 359
240 2552 33
1631 5139 303
2184 643 364
534 3283 70
999 4191 95
1634 619 72
791 1031 260
97 5193 92
390 937 361
753 4019 89
554 623 57
1350 3978 101
280 3474 232
1326 98 70
139 747 44
29 557 325
393 643 364
969 3004 417
1567 764 143
64 4043 89
507 162 38
1172 5079 190
2299 3749 426
1591 2747 137
339 3072 416
760 1172 25
438 3065 387
814 2445 89
1206 1389 276
473 659 303
1375 3706 89
2281 2774 72
1126 2323 75
2182 162 38
1541 2952 399
1138 748 44
404 2668 281
322 400 325
1877 1250 12
1451 1091 73
1842 1754 73
2180 590 89
141 72 71
108 1075 12
38 30 71
1138 412 200
766 783 252
1266 3813 481
34 97 71
195 2721 88
1130 225 111
1460 82 34
1466 673 120
1700 253 89
641 583 278
194 766 78
1505 2023 180
2159 159 457
1144 1683 10
889 1167 206
1949 214 333
1711 3852 277
792 889 57
912 217 71
922 334 12
1288 4411 303
490 2115 56
555 176 104
1146 949 113
1492 114 72
854 2501 206
1359 136 73
1321 97 71
2101 5163 31
1746 3427 278
1528 1039 161
1350 2663 71
821 2926 12
1101 262 318
778 5258 278
18 982 56
1953 138 79
457 39 143
1349 27 307
895 29 12
360 3128 468
1052 1811 206
1523 4687 444
1441 557 325
1644 400 325
900 4385 406
1310 3361 363
587 5145 71
1326 3374 56
1077 748 44
1417 998 70
1360 29 12
931 1298 307
44 203 316
183 1860 89
1181 1682 206
922 3542 185
846 1210 307
1197 769 107
1796 5545 57
779 72 71
1308 245 95
1039 1496 246
1966 2439 177
1228 897 137
1316 860 172
1287 1624 57
612 1931 444
1191 3541 185
401 2361 104
668 803 43
266 454 56
1342 2660 107
93 229 43
1465 216 276
1084 1087 92
525 677 78
645 3258 347
1243 3897 56
1089 5407 71
779 331 56
2261 1817 72
6 244 71
928 3036 333
473 3277 99
1319 115 113
92 1933 301
778 209 32
606 787 201
712 5410 12
430 3561 89
1405 1022 24
881 659 303
246 1295 374
1046 2323 75
362 4629 65
1035 3041 103
1294 4537 31
822 2108 377
637 2017 25
1571 76 89
1728 3437 42
1344 2381 94
1588 2581 437
1624 88 276
1521 3254 71
668 2384 209
115 3479 207
561 3692 278
1140 3007 24
284 1096 396
1826 1889 56
1125 3427 278
974 722 89
1235 837 395
2203 728 113
1392 3721 185
1635 2428 31
1255 643 364
1651 300 57
1777 1092 43
304 2958 370
923 4518 279
861 603 71
4 1999 12
1311 983 57
1457 3134 57
1279 4017 105
1683 4207 70
71 1165 138
403 1714 354
779 4645 107
430 2077 465
2130 764 143
1324 98 70
662 492 12
1022 468 78
613 164 111
1128 407 104
86 3011 143
2122 787 201
1070 2141 303
1619 1 463
257 842 57
1269 29 12
501 638 65
32 2964 100
1137 844 40
1203 1558 72
103 1123 112
490 2383 120
814 3755 33
1215 3518 303
1158 840 386
2029 72 71
1059 5019 89
1443 4465 89
733 470 35
479 3704 267
1611 361 333
22 440 10
273 97 71
621 216 276
196 1004 303
900 2956 71
1439 673 120
1296 74 424
1104 470 35
81 132 145
1488 400 325
1154 5188 73
1462 313 421
1373 577 105
1834 242 33
299 3230 73
668 4568 89
955 1180 271
362 417 92
1221 160 12
693 1908 70
900 525 71
332 1635 356
209 2628 57
1336 4825 94
659 2955 370
807 810 43
1218 4924 363
2077 2728 55
1131 1696 89
483 1720 24
1365 1126 274
179 2148 137
151 533 42
110 1231 276
1472 937 361
94 1046 206
1268 200 109
130 703 120
814 4059 71
1339 1175 415
1475 2426 236
1754 10 386
1481 3250 285
2252 656 285
1317 183 115
1502 1153 199
1092 1985 12
1131 287 307
749 1019 375
2204 781 453
1344 1249 72
816 272 56
108 1364 60
762 2284 75
1511 1 463
1619 422 143
886 1637 201
980 3427 278
1423 2107 276
2202 399 213
1132 472 100
725 762 33
1203 635 271
893 1320 295
2058 3043 25
2101 5413 33
624 1942 202
392 29 12
645 3160 206
654 1627 232
1066 1119 89
233 178 97
396 1538 285
108 3010 86
1380 2420 404
1218 643 364
879 764 143
963 3426 314
979 1091 73
1020 5019 89
1 4696 405
1915 1428 385
1288 490 159
427 36 44
1668 35 56
1367 1538 285
804 29 12
1050 318 234
417 1127 259
1399 457 87
361 1869 89
610 733 213
1206 3376 276
767 5144 307
1176 3085 71
1711 342 24
1197 1999 12
1484 439 285
482 797 39
289 1323 55
141 983 57
1974 118 44
136 3203 190
696 3440 39
1270 1183 206
1213 5110 192
1219 3070 49
945 25 79
565 68 71
795 2869 32
2184 2131 98
165 783 252
71 5518 70
588 1253 73
1085 1249 72
753 1119 89
668 4824 72
707 916 107
785 180 78
1176 1234 107
393 101 307
23 835 72
888 1451 75
780 1942 202
1676 5090 57
2084 68 71
1151 5160 71
24 27 307
2108 35 56
822 325 56
1435 3088 404
1639 1842 70
248 1637 201
605 520 89
1181 1442 152
799 1251 12
21 56 382
2236 761 57
1793 181 453
1716 519 71
1692 99 70
678 1549 43
900 4368 71
331 3251 40
52 594 112
2250 733 213
159 1043 70
151 399 213
1253 448 333
1011 647 303
110 2718 218
2157 3002 316
1500 1912 117
195 3101 54
974 3205 98
1488 3598 55
1572 698 333
236 152 70
141 19 44
1138 5238 34
1758 1860 89
1208 1990 213
634 1920 206
2271 5345 409
989 2282 107
375 1959 107
882 4227 89
468 4005 44
563 447 181
917 3347 79
1738 4637 70
1866 659 303
159 1279 97
240 1642 73
52 591 89
1017 489 72
73 390 163
1842 5578 10
93 1111 70
194 724 89
1792 3427 278
925 643 364
1328 70 113
886 3550 113
2020 85 89
388 1676 73
454 2969 55
270 2122 92
412 1460 260
1487 647 303
2211 5305 73
180 972 43
671 192 57
2281 2158 89
779 176 104
332 1277 44
2247 1966 10
1219 2561 206
44 213 190
1016 2361 104
1022 3336 10
758 1146 33
807 360 57
778 967 91
1700 1352 57
647 362 71
877 3355 70
1270 2692 150
644 2151 264
171 396 185
683 216 276
544 162 38
1835 11 276
246 817 226
1009 4036 126
1305 5549 386
2219 3618 318
327 1378 371
1222 489 72
834 3427 278
217 1211 94
626 2078 127
490 134 201
841 4998 71
54 4892 44
358 1369 56
712 3039 56
1790 498 190
620 35 56
904 3427 278
1183 586 12
1270 4761 303
707 3069 285
1190 139 404
1350 2732 375
889 2467 150
2176 370 50
67 201 162
375 1584 88
395 530 12
2282 4820 167
376 2576 145
873 71 72
5 1258 73
1141 98 70
205 1798 25
240 43 33
1864 1499 457
1342 148 453
113 140 253
66 3511 40
194 3671 71
343 3477 33
1296 4044 70
912 636 107
1169 616 271
144 764 143
17 722 89
753 3248 336
1290 68 71
616 1531 71
552 2533 368
1095 3379 42
2241 251 71
600 3990 303
1371 462 71
1050 3059 158
1375 2432 88
287 4717 200
1588 2889 341
1005 1918 434
558 906 370
1307 5145 71
1153 1275 142
98 2929 227
906 604 55
1413 4829 285
1866 4251 57
807 1773 71
484 1018 375
908 1712 71
202 3271 377
222 164 111
1966 5249 57
1363 260 317
1658 4445 465
1228 2282 107
50 228 72
332 1450 75
863 76 89
979 1910 72
1134 1046 206
361 3069 285
1309 5304 103
670 3547 196
2171 3512 137
764 33 32
387 1538 285
452 3721 185
209 2243 141
1633 470 35
370 396 185
2110 1562 457
1927 1018 375
97 3240 38
1491 3541 185
506 4523 44
1481 1580 209
1066 483 72
953 2678 24
558 1400 89
1182 400 325
136 5481 10
1645 483 72
127 700 32
175 892 54
1212 884 57
1137 770 313
1138 3229 92
1042 3886 57
711 17 43
1025 181 453
331 3041 103
2021 1545 246
114 2049 56
832 27 307
731 2743 70
201 95 56
417 3512 137
1226 2406 65
1005 1101 239
967 1961 137
1416 3345 271
1850 33 32
72 25 79
656 3137 201
1637 3160 206
1064 3569 97
1698 181 453
2316 291 380
1417 2014 284
691 3644 404
742 2087 97
1218 5522 172
145 326 137
1021 619 72
330 1052 190
814 2239 205
1586 4865 190
217 763 25
1360 669 197
889 3943 370
393 439 285
860 4997 57
1032 1696 89
1644 1322 55
343 922 77
288 1678 386
1328 33 32
742 868 73
727 3495 107
1234 316 32
374 547 12
388 21 2
222 666 43
689 731 89
331 1057 246
151 1889 56
2196 136 73
2286 1678 386
257 2345 57
1309 3093 246
1735 1671 206
521 205 70
195 989 137
163 380 70
1503 2796 137
6 1950 100
1337 4427 406
1811 1252 44
108 5428 427
1212 85 89
615 2412 43
517 1055 89
424 304 219
789 2970 89
970 1660 70
93 25 79
88 807 108
266 767 78
1069 3542 185
1337 4472 116
222 603 71
194 3003 56
1840 447 181
1671 4265 89
195 2329 100
506 177 12
71 453 89
640 136 73
1481 2092 307
1209 1871 41
1951 568 333
2198 5127 72
2215 3834 350
589 27 307
1931 120 33
1164 643 364
1686 1 463
172 2096 232
52 142 57
273 807 108
561 626 56
321 3275 10
1962 5276 473
747 377 54
115 4807 316
39 227 103
1225 211 361
1410 348 71
369 2284 75
517 2755 303
902 1296 72
635 1161 163
1183 2302 32
115 2109 89
635 361 333
280 323 89
1679 3866 281
1634 3524 78
604 2302 32
51 4643 12
1645 2641 42
1850 2855 57
100 400 325
1771 1547 185
40 4881 56
958 561 107
900 1012 72
742 1638 415
131 124 105
147 1822 464
1470 400 325
1736 4419 44
2058 1736 25
1545 76 89
1432 2359 463
784 174 54
239 1148 43
241 1739 57
819 439 285
1169 4062 103
445 2914 386
1745 2473 97
961 4594 34
331 1687 72
794 74 424
671 3217 72
376 3963 303
1236 2867 70
651 2912 89
71 3615 72
831 2252 21
7 895 38
2091 705 384
119 2374 421
886 3594 89
145 768 6
66 1386 33
341 3051 42
1561 5348 239
25 116 42
1322 1278 144
276 1409 135
469 1937 307
1207 2384 209
91 2999 72
1624 996 303
2090 606 9
847 1179 63
989 504 57
1326 124 105
245 4798 285
90 472 100
1734 1576 42
258 1322 55
205 683 53
457 542 396
407 253 89
2043 1417 72
1368 1310 466
403 3679 73
114 621 12
1071 1716 166
1104 138 79
81 1676 73
1531 2821 73
1026 573 47
1017 1426 57
1868 5114 33
863 783 252
2097 439 285
298 2311 56
768 657 185
1189 3102 259
1395 915 57
1174 5289 386
1154 647 303
1075 1239 72
1515 5138 405
2229 2183 70
16 30 71
1124 2713 70
478 3175 19
1097 2764 89
1582 3771 105
979 3366 260
1614 2885 89
1212 1316 110
91 835 72
111 211 361
1195 1764 303
702 5386 445
1050 178 97
149 493 15
593 27 307
972 29 12
264 1243 450
403 817 226
1544 447 181
1881 2919 283
248 3119 363
1588 467 107
829 1970 87
1492 3289 34
2067 3222 206
1309 847 291
1622 1055 89
107 380 70
1138 483 72
502 162 38
781 5198 73
1268 3424 396
34 1359 71
762 626 56
543 1548 185
95 3555 33
1666 735 453
908 2647 276
127 97 71
1018 4051 172
638 26 109
108 1977 87
1194 3538 453
762 688 89
605 4976 56
2307 25 79
974 1691 70
2194 3427 278
846 3414 426
1609 4997 57
2256 568 333
99 4290 318
989 1486 56
1269 735 453
693 5339 71
2284 4682 278
1258 4450 213
1102 928 12
1036 1954 314
1534 1390 355
1012 2465 40
603 4606 316
628 3453 34
999 1103 92
900 2628 57
486 1760 12
1797 4799 32
64 71 72
1571 2288 151
821 272 56
216 860 172
489 995 285
280 1264 72
1502 580 66
1088 3215 145
2200 594 112
629 4600 314
564 174 54
1272 436 303
1068 815 251
1358 176 104
476 440 10
1648 1063 457
450 4606 316
1313 4884 276
170 958 44
1141 4509 57
256 3668 89
90 183 115
1841 135 307
713 1519 71
2084 29 12
1601 17 43
197 200 109
10 1678 386
1854 3058 82
770 3509 89
760 468 78
1690 2581 437
685 85 89
108 2558 33
1503 4420 107
1653 761 57
1638 1310 466
1631 436 303
1405 483 72
599 1861 56
543 657 185
45 561 107
819 2925 259
1012 1697 55
587 5046 32
706 393 71
216 313 421
1411 1900 71
1234 3826 285
994 2456 24
1457 390 163
1401 709 137
1723 3938 57
686 3595 316
1644 2781 73
279 289 56
1842 4 71
269 2375 70
1087 647 303
1190 2511 391
75 1878 33
508 1969 89
60 440 10
1465 2701 137
1004 436 303
384 3395 71
1081 895 38
362 4889 114
819 373 303
162 5593 31
1053 1984 271
143 5100 201
106 454 56
635 3410 333
1561 1183 206
1630 946 113
1433 3285 354
1781 85 89
343 983 57
1803 358 279
1250 1775 72
246 2027 439
1059 63 71
1183 5098 332
1420 528 89
276 1146 33
1502 272 56
1464 1661 139
1384 4487 375
335 621 12
1106 1175 415
1673 111 43
1903 1273 107
1867 2309 47
1244 4169 278
1150 5036 278
1174 1331 457
580 1664 56
1744 608 43
367 288 33
1374 2661 142
1705 3427 278
258 1926 89
260 1388 10
1199 3584 78
795 5254 89
1222 5574 232
617 2448 381
40 183 115
2297 3935 57
775 447 181
409 1207 72
753 2297 79
1631 3538 453
332 3011 143
1532 3427 278
1451 1692 73
1951 1563 25
1052 2911 38
436 3016 112
1082 1637 201
1841 1545 246
1144 2089 12
1535 1860 89
436 2764 89
1215 2492 114
67 415 359
888 621 12
2158 4408 56
1460 4683 83
408 1770 48
647 4189 70
939 29 12
1748 1058 457
1358 1460 260
374 185 12
172 1065 378
1248 980 113
2199 121 89
417 2714 70
718 388 402
1350 412 200
179 2189 91
593 4429 31
54 137 135
335 3240 38
478 1615 38
362 3268 91
2129 4983 258
846 1020 405
1486 3086 10
834 101 307
41 200 109
1802 76 89
888 68 71
288 136 73
2087 174 54
436 287 307
2227 2833 89
1084 4019 89
760 1421 9
721 68 71
525 5298 12
67 4435 343
1796 921 77
1909 873 73
669 1637 201
1345 447 181
374 359 56
222 549 89
492 619 72
1448 507 404
367 1213 143
1139 436 303
814 1522 89
1368 1899 71
75 1005 303
109 2164 192
1891 814 446
332 1261 97
1465 2456 24
230 2259 89
1479 489 72
331 2187 57
1449 4907 87
1262 101 307
904 68 71
18 3769 42
1136 68 71
1030 1074 71
560 2313 33
151 1337 87
550 2528 449
301 518 363
831 173 432
10 2648 471
15 1254 285
615 767 78
1210 76 89
376 2243 141
1017 2926 12
1683 2813 72
672 5017 278
1272 787 201
311 186 137
248 670 78
73 393 71
1946 4895 7
55 274 42
1190 647 303
1619 5334 347
910 1594 42
1197 5043 238
593 610 173
707 1620 307
232 1289 33
132 3521 33
1745 995 285
548 3353 92
377 1737 93
1844 140 253
1534 181 453
638 1892 72
2071 3427 278
306 3848 57
1452 2667 314
747 3597 71
1433 2344 57
227 915 57
65 4749 324
1419 3467 237
2171 27 307
1501 507 404
764 417 92
1829 1144 57
170 712 89
1902 1038 398
1448 1255 286
825 1354 72
283 1143 295
1207 777 71
52 3442 318
466 149 71
108 3493 71
1466 1320 295
1107 3434 137
383 4819 92
1333 138 79
836 5508 43
732 1712 71
639 505 57
1624 5480 260
2046 1301 238
192 3427 278
1261 263 271
885 101 307
605 1 463
945 1871 41
1451 1950 100
912 2479 89
46 233 292
656 1175 415
989 1410 12
1360 923 12
1043 843 372
324 117 307
1699 5497 137
992 1249 72
1269 4772 70
1136 1184 56
1951 536 42
1407 1411 32
1917 104 86
1426 164 111
1151 454 56
847 3130 97
1938 1200 71
140 3415 57
1555 1817 72
1986 2123 71
1546 4957 89
1299 732 271
553 860 172
669 3205 98
1546 1103 92
233 144 72
935 138 79
1390 3809 120
762 979 78
2279 3427 278
377 5169 57
1312 5035 411
773 296 382
1290 4934 71
948 29 12
700 1582 73
1026 2691 81
97 826 43
2237 1936 72
483 1251 12
1246 29 12
689 3569 97
1219 98 70
1262 1032 43
1546 1842 70
604 4769 285
604 1179 63
799 3070 49
2038 436 303
400 655 89
389 2899 72
319 1366 54
245 1037 24
127 1969 89
1279 5002 43
1569 1910 72
1066 3123 89
588 4047 278
650 659 303
1811 136 73
637 4997 57
65 457 87
425 2459 71
699 5402 137
689 536 42
410 2 75
1426 2278 24
851 1566 403
773 2022 72
784 493 15
1477 4356 73
1956 1088 221
1644 2981 210
492 228 72
2218 2647 276
1239 2588 24
1891 4915 56
1981 1580 209
746 1240 72
1553 4817 223
245 1168 25
2186 1577 73
1753 5025 37
374 4399 104
1534 123 139
737 761 57
1140 1416 89
195 4422 57
31 3060 57
49 603 71
447 710 89
478 1 463
1911 4678 184
233 2205 32
1220 396 185
618 1286 71
818 313 421
1753 2946 462
22 4264 70
106 754 42
1384 774 32
1221 1505 386
1355 1331 457
366 197 43
647 181 453
2147 205 70
887 668 175
1120 1347 306
402 97 71
1154 272 56
814 2814 467
1302 4028 38
999 3624 172
1401 2895 444
743 2314 73
162 840 386
648 3750 43
871 5101 44
425 1621 32
674 1574 285
504 1249 72
21 241 107
251 1797 50
1172 1887 73
133 710 89
1867 1396 426
1644 272 56
1187 3832 458
2288 324 38
1502 436 303
1323 2295 325
831 2266 412
899 4620 164
2245 1310 466
1166 97 71
528 3720 399
1193 4585 228
1049 1057 246
1488 1254 285
1801 136 73
335 1655 333
317 36 44
835 99 70
1345 1146 33
1318 2300 71
312 211 361
487 23 274
673 99 70
385 2237 235
909 2861 107
1342 543 172
871 619 72
1955 379 209
298 2400 55
1462 114 72
229 3530 254
1851 635 271
742 1249 72
2140 1046 206
1530 4826 348
1970 72 71
1290 231 72
1056 3297 393
368 2648 471
1492 4705 172
31 130 418
383 500 44
158 2184 55
1190 2666 226
2281 1074 71
734 2009 95
631 2757 97
480 1444 427
822 4 71
1243 1545 246
992 643 364
914 1745 78
1239 242 33
132 588 70
1312 5453 386
998 272 56
599 138 79
2116 139 404
1532 4285 172
162 901 42
1273 3569 97
121 1045 57
425 1030 233
1374 2592 75
990 3510 237
278 604 55
834 3034 457
97 1157 10
483 439 285
1225 4308 280
1206 1451 75
362 501 44
4 2411 43
2088 5236 338
1143 1258 73
1793 4368 71
1533 621 12
941 1219 185
1384 3258 347
1753 316 32
1343 2393 453
668 1712 71
1059 143 316
585 619 72
451 4617 91
867 219 71
4 1634 96
1602 4366 271
270 4680 44
955 4316 333
353 1155 44
1683 1838 72
2152 4431 76
715 498 190
250 206 188
1787 4525 307
1209 3631 104
273 5141 71
1131 4224 89
879 1221 338
1795 1044 17
432 221 89
10 305 159
1235 3896 92
612 2968 56
744 4411 303
1202 1347 306
174 3508 137
1500 1960 72
351 1766 71
52 627 232
1852 890 72
469 782 44
132 2073 201
1852 40 72
1069 4800 185
1363 5288 71
1433 3033 295
159 2084 72
1331 2905 89
2192 530 12
1147 2560 89
917 196 89
2188 2100 113
358 777 71
1063 1034 54
1603 4703 73
114 1045 57
1084 655 89
270 810 43
1238 1 463
1653 2070 57
1565 1164 208
588 1417 72
2015 1297 72
2245 180 78
610 656 285
702 1015 355
584 2311 56
1071 1894 241
534 5346 192
2 1696 89
489 2311 56
1546 263 271
955 1219 185
489 414 71
510 1200 71
900 827 89
469 4634 71
517 2926 12
1384 4617 91
1186 4322 56
329 117 307
192 5150 456
846 1807 77
791 246 55
2003 2254 468
369 765 24
343 4910 168
432 3554 32
1757 2124 354
955 861 369
1235 1897 44
2209 1057 246
1100 4696 405
945 3273 89
753 373 303
41 190 42
6 1416 89
834 9 475
1149 1025 420
1068 3941 139
1527 59 33
496 3136 71
1923 1524 271
1221 2259 89
83 4509 57
1358 252 363
953 4072 450
66 202 56
864 3638 303
1170 189 202
362 498 190
372 306 72
62 306 72
1326 3427 278
1420 94 276
845 1712 71
1021 3917 138
425 100 89
513 4978 71
1326 435 73
1013 1177 89
1426 1911 54
1133 754 42
389 2226 89
389 1014 35
1146 483 72
942 304 219
478 5177 463
1131 4863 325
881 2098 33
630 5183 219
864 3739 78
370 180 78
166 4333 92
2010 2748 43
1358 1583 73
432 2502 263
605 237 71
1522 4977 405
816 3760 164
1967 3440 39
1396 1046 206
93 372 285
441 68 71
1998 4152 278
605 1400 89
1136 4724 93
1146 3802 113
145 27 307
335 4287 278
267 892 54
414 3082 404
1052 860 172
1003 4399 104
1316 2764 89
1203 27 307
2223 2161 9
764 4509 57
560 101 307
1275 3299 338
1579 181 453
74 234 82
1899 1226 457
13 311 125
2065 187 364
1962 98 70
609 136 73
14 3461 457
1008 761 57
60 5271 194
904 440 10
1328 4844 57
794 792 231
1686 3811 329
66 340 56
94 2701 137
1925 3427 278
1639 525 71
1230 70 113
1908 1380 473
794 709 137
1344 118 44
376 906 370
1090 229 43
387 114 72
1586 763 25
1856 2306 296
1228 4629 65
795 4178 10
219 3896 92
1457 70 113
1384 542 396
1700 519 71
707 2240 240
347 1485 359
1793 840 386
1831 1386 33
353 313 421
153 1634 96
1638 1696 89
483 1102 29
400 29 12
944 3427 278
143 2928 31
1668 5559 451
1250 164 111
847 766 78
1155 2862 394
1152 3092 292
1240 1451 75
1372 181 453
799 1273 107
1850 70 113
663 581 51
552 954 276
1268 717 236
246 913 180
1367 1249 72
315 5565 364
1202 4585 228
297 211 361
32 481 190
1302 1234 107
2016 4610 56
756 879 57
1317 1936 72
2053 5171 333
1119 71 72
951 136 73
1065 2420 404
1269 2272 43
1690 3591 88
131 422 143
69 2987 170
1206 5475 278
1403 2117 44
559 1310 466
1229 1627 232
511 3705 57
2224 528 89
259 205 70
515 710 89
799 1060 457
1156 1297 72
799 2422 327
969 5040 318
1058 1537 47
106 3116 10
854 3319 206
372 1471 73
1407 339 106
63 318 234
1561 412 200
691 4535 369
82 1827 43
1062 1900 71
1966 4175 260
1152 4399 104
410 2151 264
1516 566 21
46 501 44
1707 1105 57
437 2866 57
207 3318 159
19 3184 1
2147 881 452
436 3704 267
653 337 87
2008 1894 241
2159 1475 57
173 3437 42
691 735 453
900 5130 404
1817 4085 107
1685 448 333
79 4834 92
759 666 43
1746 5541 8
1212 767 78
794 3990 303
87 3199 31
2008 29 12
353 1379 89
1584 4768 347
1132 483 72
296 101 307
69 5176 201
1137 4901 399
1185 4692 70
1465 764 143
677 82 34
1466 196 89
303 1 463
235 1020 405
71 463 70
1003 1350 206
1436 659 303
1173 1145 95
410 32 56
701 125 258
250 3764 110
1059 1011 87
515 689 56
1966 4396 71
1892 15 386
1560 1597 303
1194 2672 209
1451 435 73
335 4558 57
1576 5006 70
42 193 43
654 1547 185
653 3428 56
71 1706 72
1290 5568 89
660 3175 19
1563 47 71
228 1506 33
1427 2790 359
248 68 71
6 435 73
333 643 364
1222 3585 104
1218 1794 419
790 4901 399
1157 767 78
1240 1275 142
1064 2328 107
486 2834 55
29 191 44
1355 1839 24
1443 1713 73
1339 4793 453
732 1234 107
1432 873 73
2250 5289 386
34 2037 333
1568 1290 43
117 1004 303
795 3700 47
907 1325 115
67 4764 278
834 4776 285
1503 132 145
2004 2574 303
629 810 43
1673 1804 12
1352 1082 375
777 3356 56
769 777 71
265 1218 185
615 336 33
842 767 78
412 1260 260
93 1732 71
267 1070 70
947 414 71
286 3538 453
1414 3041 103
1270 5211 87
498 2353 85
1806 415 359
1219 3392 57
1563 3086 10
225 4509 57
294 272 56
614 3427 278
850 3870 179
1470 402 325
2044 363 71
1147 3346 78
969 114 72
1155 5357 76
299 188 232
1160 767 78
142 1181 392
637 4834 92
620 324 38
807 1519 71
687 2875 219
1790 25 79
1612 1810 84
1230 518 363
1586 3168 221
1217 1658 148
489 3168 221
700 1222 12
1949 698 333
246 915 57
1667 159 457
1325 97 71
989 2015 40
1410 5 73
388 4227 89
571 1455 40
14 1167 206
1550 447 181
31 4399 104
869 2573 159
903 3781 412
1410 4574 43
1805 250 89
899 2456 24
285 159 457
1963 1255 286
1145 3750 43
494 781 453
99 2607 12
71 141 72
635 1902 333
1134 2082 28
1137 72 71
1644 786 163
436 4543 86
1432 3177 456
400 412 200
38 844 40
207 334 12
2313 657 185
79 2141 303
195 98 70
2288 1669 32
46 1796 43
866 4408 56
945 316 32
1344 114 72
1731 3072 416
888 530 12
1502 4051 172
1711 390 163
2015 1697 55
287 2396 41
669 3206 481
1194 264 268
565 2744 70
1250 608 43
270 4028 38
1799 68 71
1057 4411 303
361 1448 44
360 1416 89
1570 4151 465
2110 4913 457
1470 2566 83
587 4574 43
1257 2592 75
854 903 62
1402 418 307
362 2028 72
1462 3980 206
343 2489 307
549 124 105
846 194 333
2097 71 72
1094 3025 201
195 3980 206
363 204 71
2247 99 70
1578 697 57
1009 973 116
1913 1409 135
639 698 333
1563 5337 271
29 772 89
1796 4019 89
789 3206 481
856 621 12
1774 1057 246
550 3929 376
515 92 38
1036 892 54
45 895 38
41 2612 206
444 485 72
1030 568 333
1232 159 457
1364 2 75
250 355 72
955 3190 213
759 1045 57
691 2252 21
1187 3889 105
1350 586 12
1397 176 104
1317 2678 24
92 4668 56
52 171 12
1167 183 115
1694 125 258
1309 1849 155
1524 610 173
358 116 42
256 1210 307
1437 2551 57
1159 1671 206
677 860 172
1510 3428 56
1473 2068 107
483 5125 338
914 2194 44
1877 1636 337
1192 439 285
1321 98 70
763 313 421
628 30 71
1411 3607 442
175 586 12
846 5432 313
1209 159 457
943 2560 89
1367 4367 258
1394 68 71
2119 2441 138
699 268 55
708 485 72
217 1297 72
656 571 72
1700 3084 333
156 453 89
24 710 89
1623 1226 457
1113 277 316
1221 4067 56
829 4368 71
1284 2199 6
217 4056 57
1724 323 89
1357 1417 72
907 98 70
1228 796 107
1601 162 38
1299 3427 278
723 1694 89
1621 4722 172
580 659 303
699 3339 9
1190 712 89
1167 573 47
706 2412 43
1031 2059 206
529 4363 72
749 568 333
332 1696 89
246 899 79
998 3802 113
1007 3427 278
1352 701 72
600 189 202
1309 1613 213
2207 139 404
259 17 43
436 4933 54
1188 1734 54
1480 1174 145
1475 3703 49
1189 581 51
351 68 71
1443 3896 92
499 3149 56
1302 3160 206
874 1057 246
1247 2219 152
1169 3757 465
814 628 174
202 4892 44
1467 4857 285
1421 4801 12
1401 1712 71
49 111 43
1396 2023 180
526 76 89
1188 2524 42
205 2230 25
1296 5269 406
1420 417 92
1486 211 361
512 5 73
408 1000 89
1183 4036 126
1516 2979 89
1187 279 457
913 439 285
1838 1451 75
573 4130 73
1842 3030 113
247 5537 56
1855 1868 104
1234 360 57
412 183 115
1039 2115 56
1398 418 307
824 1451 75
1009 4463 481
628 454 56
52 1227 318
327 3688 143
619 358 279
504 359 56
2185 781 453
205 826 43
1074 1366 54
1361 2186 78
1112 1250 12
955 176 104
166 225 111
1212 5243 89
707 551 67
71 1857 394
187 1902 333
1514 1200 71
1449 4222 185
115 25 79
779 2544 190
410 1781 56
737 2241 73
172 2427 56
736 3817 19
962 2077 465
2031 412 200
861 2188 75
234 833 307
1851 2422 327
1578 2282 107
2114 4619 105
1471 4594 34
97 569 71
955 1228 185
333 863 260
1732 88 276
94 275 465
419 2014 284
525 2569 12
59 390 163
2156 331 56
1337 68 71
1215 541 97
1003 722 89
884 2991 71
2184 1073 434
1506 29 12
2205 3216 285
1202 468 78
106 1661 139
1735 2692 150
671 3824 364
412 356 56
1813 3549 144
1639 1277 44
218 355 72
1109 318 234
195 759 333
953 1060 457
656 3609 33
587 1359 71
1454 85 89
524 4441 19
253 895 38
821 844 40
654 1471 73
90 2329 100
233 436 303
333 2465 40
1154 1676 73
1171 327 43
617 25 79
1358 2314 73
2186 1091 73
1433 2456 24
1813 154 26
430 422 143
258 25 79
490 3758 10
317 532 73
1654 538 172
1827 1241 465
140 589 89
11 698 333
1300 1379 89
617 2979 89
1843 229 43
565 5198 73
1158 619 72
1090 1126 274
1263 733 213
64 1040 89
1210 216 276
2121 1310 466
1541 2721 88
953 1613 213
1038 2328 107
1090 2222 88
867 295 341
1258 657 185
1914 17 43
2003 2043 364
1039 2069 57
1530 4371 10
480 136 73
1362 1712 71
477 2059 206
332 1210 307
881 2267 89
180 2239 205
186 951 359
92 4723 278
1270 5023 43
478 1622 73
1283 462 71
1673 4039 278
1407 4784 167
1050 3181 333
334 1532 12
270 1923 421
588 749 43
647 4218 10
393 3941 139
985 3346 78
301 384 79
1622 685 40
1645 3438 137
405 2307 416
62 2087 97
575 1769 48
286 3646 72
314 76 89
270 813 159
1542 192 57
1296 4216 278
1797 3254 71
394 98 70
2131 2509 428
1131 5049 275
1277 63 71
279 891 137
575 3120 120
79 915 57
571 3386 89
946 906 370
1345 3720 399
1123 845 370
13 966 55
256 29 12
881 1458 285
209 988 137
1455 1337 87
678 3569 97
71 1855 79
397 1871 41
930 1982 333
1805 272 56
186 245 95
1093 899 79
1292 3309 386
1258 4161 185
298 493 15
1244 3692 278
819 4873 276
1478 2688 71
1138 1739 57
6 1546 416
1222 189 202
172 884 57
1214 4503 32
820 2990 71
2084 85 89
108 2720 24
1848 98 70
14 101 307
455 5541 8
363 1615 38
902 15 386
543 2713 70
814 2300 71
1578 5370 89
269 3281 70
1568 2328 107
222 98 70
1692 491 238
280 607 137
1169 4695 50
755 26 109
387 888 71
1795 4633 274
1131 858 12
1578 76 89
1160 214 333
1484 767 78
633 4891 386
388 2613 206
1640 2666 226
1373 439 285
1272 2082 28
1809 2495 62
1951 447 181
1897 591 89
44 1784 32
163 68 71
1407 4718 257
1266 337 87
694 777 71
693 2182 79
597 748 44
1990 2474 71
1155 1748 307
550 844 40
1486 37 138
619 688 89
1742 831 117
755 759 333
1581 4075 199
974 2474 71
1834 2706 24
1390 2658 78
417 810 43
317 3016 112
1540 272 56
1139 3050 71
599 27 307
713 2301 57
974 4492 78
345 4461 364
628 603 71
1160 1211 94
161 575 63
1618 509 190
409 5051 27
97 1727 24
357 2515 285
584 1748 307
675 619 72
1139 937 361
21 3240 38
1550 27 307
52 216 276
1316 1044 17
819 3384 303
611 381 43
1078 139 404
1419 97 71
2045 76 89
1326 272 56
1244 214 333
1979 2369 71
718 2337 473
1787 2547 346
1470 4636 42
115 325 56
39 1790 75
91 489 72
965 4845 336
258 985 52
1720 2076 137
38 892 54
964 3747 460
2297 5586 345
631 767 78
212 720 54
1595 583 278
1487 277 316
1269 1712 71
1099 380 70
948 4886 73
256 887 305
530 1337 87
1948 5433 137
335 4288 278
2126 279 457
1455 675 285
958 815 251
2237 396 185
1734 209 32
2227 101 307
154 211 361
278 711 89
1808 1965 57
1141 3041 103
1527 4439 73
110 604 55
461 5002 43
846 3461 457
2176 1103 92
1484 1842 70
1648 588 70
2198 3549 144
1372 4887 457
308 234 82
311 498 190
114 1480 314
861 412 200
1368 2359 463
912 2229 370
1570 5463 339
131 785 73
363 3368 89
2144 29 12
1454 619 72
389 4063 56
165 2297 79
2186 531 15
89 75 89
1879 256 285
151 4085 107
1203 1712 71
1623 4631 371
1504 396 185
663 2100 113
1848 1964 54
1679 2166 357
1153 659 303
830 196 89
2254 76 89
2216 4660 42
870 4502 48
1373 72 71
1337 3294 258
511 2389 33
617 647 303
2087 252 363
834 3542 185
126 694 300
2236 379 209
784 844 40
1155 1021 341
1726 520 89
369 1155 44
1245 491 238
952 101 307
1294 1278 144
117 1596 284
2175 3320 73
675 3387 43
1568 274 42
1116 676 118
1419 1492 206
2112 515 41
1355 2990 71
1272 3961 260
1316 328 78
19 4048 67
634 2800 285
807 435 73
1570 3282 364
1152 4652 348
728 5391 73
2159 782 44
948 733 213
156 666 43
2123 569 71
2239 379 209
888 1493 241
2314 767 78
1715 1248 206
1956 829 43
913 5261 465
604 3744 43
997 3698 57
580 1683 10
792 76 89
1370 4961 364
94 2792 333
254 98 70
126 3255 138
629 4507 71
792 3769 42
498 2595 10
2005 1251 12
749 4356 73
1160 2345 57
114 504 57
460 856 149
1054 3416 434
180 792 231
377 4555 44
1751 957 333
814 4457 89
1062 836 312
1361 2473 97
834 4236 404
2047 1041 370
370 1822 464
383 298 71
1813 364 276
248 1756 72
2186 347 40
1381 819 447
1387 4548 33
1632 373 303
51 543 172
1495 1661 139
2150 501 44
926 1110 348
1227 912 181
392 305 159
501 32 56
616 2396 41
672 111 43
869 6 160
264 420 190
490 659 303
232 5558 44
1302 2456 24
228 336 33
1292 536 42
99 892 54
615 3844 72
876 2495 62
103 1960 72
193 981 73
19 1022 24
503 2660 107
1075 1115 121
195 3304 97
989 17 43
674 984 71
1333 97 71
186 1103 92
1487 2898 70
1223 2956 71
1722 101 307
1287 2549 291
971 2757 97
1648 3999 91
432 915 57
846 1758 434
1245 1277 44
1147 359 56
1206 2694 57
272 772 89
382 1110 348
1154 92 38
1502 3990 303
2015 568 333
714 2294 326
663 245 95
1026 892 54
989 923 12
706 643 364
2225 703 120
566 1674 326
88 1103 92
1459 3089 232
174 1175 415
1026 797 39
1032 2163 285
2004 2124 354
1316 1915 356
1624 2196 10
1117 2150 242
89 2833 89
2189 1894 241
1633 3891 115
1414 447 181
1063 3361 363
768 3835 190
910 234 82
2108 1700 171
917 1525 56
1401 363 71
1137 4289 332
1877 216 276
663 515 41
264 1277 44
1938 88 276
1446 440 10
554 1410 12
386 5047 43
1353 1682 206
46 1969 89
1022 1876 89
554 176 104
1966 1200 71
186 1819 359
1046 439 285
1688 211 361
2015 659 303
489 929 55
1451 121 89
1202 1430 55
947 21 2
1912 509 190
1318 4090 89
836 1275 142
1793 1228 185
1531 735 453
1013 962 89
108 933 77
149 604 55
205 896 56
677 5428 427
388 1046 206
771 2240 240
1069 205 70
235 272 56
1300 1286 71
847 27 307
851 2125 355
353 803 43
2190 379 209
1642 5358 89
550 360 57
958 975 71
529 701 72
292 3203 190
961 2803 40
1258 903 62
1473 3383 70
1113 4109 29
174 291 380
1848 1733 71
1147 4590 82
1212 4368 71
744 1374 363
605 835 72
507 76 89
117 3962 43
1502 361 333
573 336 33
780 856 149
1380 3830 299
1751 3295 258
1566 216 276
243 29 12
790 473 285
711 3018 70
1269 2056 453
310 15 386
2218 486 107
151 1815 34
498 542 396
345 655 89
1224 1172 25
571 3996 31
2317 2077 465
1435 3427 278
155 3867 32
383 1834 32
27 1362 73
842 4166 172
368 1251 12
261 3551 57
423 289 56
1050 4739 213
1862 1091 73
139 742 71
1396 3226 389
51 271 89
529 114 72
97 1944 12
1577 99 70
14 2364 237
1302 982 56
187 915 57
2102 1575 270
1339 4409 112
1979 1249 72
87 3399 426
1094 4413 97
1029 977 73
595 1015 355
656 1837 72
791 4763 32
1860 828 276
148 1836 73
389 3650 206
586 4527 185
1839 1839 24
1948 1795 71
222 641 120
115 1993 330
108 2546 12
744 275 465
273 628 174
1355 363 71
768 3614 89
1438 655 89
436 2305 18
862 1874 43
1344 1989 204
1584 1 463
1931 4436 43
1127 447 181
1143 4759 200
107 2999 72
233 3555 33
1524 3307 209
680 3329 12
1296 2541 333
1050 229 43
391 518 363
1344 3328 32
1020 1033 73
335 3016 112
25 2309 47
1476 710 89
673 501 44
183 5109 56
172 4463 481
426 1854 79
2126 761 57
2081 1330 457
529 2279 79
1045 621 12
1490 2113 260
483 2178 276
1567 1226 457
29 1155 44
1146 4174 404
1206 1504 71
1919 3632 89
436 4999 25
970 68 71
1141 2059 206
1339 957 333
588 4888 24
969 520 89
1066 2164 192
604 391 89
10 2646 355
94 3320 73
1069 1242 414
233 600 33
427 1756 72
799 4637 70
159 242 33
1410 3031 137
337 973 116
1169 2257 465
512 3193 89
846 937 361
330 3947 285
45 1790 75
848 88 276
1009 1210 307
1206 2692 150
1673 774 32
1617 542 396
1350 1827 43
1177 518 363
1072 4091 24
1265 527 71
355 3692 278
60 882 87
341 29 12
1728 211 361
25 72 71
628 661 72
377 219 71
1777 4886 73
304 27 307
1208 653 441
40 4034 285
946 772 89
819 6 160
422 1866 209
2202 4061 70
1586 1037 24
1481 937 361
1044 412 200
186 4474 291
651 4916 305
1269 530 12
1404 2456 24
297 698 333
459 709 137
1850 4333 92
1235 3422 89
1576 3356 56
423 3295 258
333 1134 286
1159 1712 71
501 1696 89
43 405 33
531 305 159
2007 45 276
1711 3508 137
685 3278 449
1578 5526 44
116 72 71
256 211 361
860 530 12
170 2730 44
1446 2142 258
1022 469 295
1496 2266 412
820 1331 457
1645 1696 89
358 651 453
1800 5106 97
442 206 188
1622 3169 260
641 147 56
1681 817 226
563 4090 89
115 1554 34
1143 3417 136
1272 2459 71
526 248 384
587 3070 49
1085 3826 285
230 1651 89
640 498 190
543 2070 57
1258 4159 156
342 301 56
1336 1973 115
1524 418 307
459 3438 137
1414 382 39
1039 826 43
499 1179 63
438 2069 57
631 1364 60
1295 4913 457
1226 3791 71
172 4198 278
1178 5406 97
259 483 72
1313 2107 276
1550 577 105
1960 988 137
953 1593 285
1032 2414 201
691 847 291
1317 5273 260
648 3244 43
523 5211 87
2118 5238 34
1566 1912 117
618 3375 56
2186 4950 364
1159 1508 316
1351 4049 303
989 1831 40
513 530 12
531 2691 81
217 1251 12
633 1046 206
1738 1297 72
598 678 259
997 1982 333
1420 1317 89
322 2558 33
140 5250 41
1308 1017 375
1268 1275 142
1153 2784 43
20 1932 143
203 236 48
1566 1683 10
2084 2301 57
374 2772 32
116 3403 404
180 3638 303
955 1548 185
342 1510 232
1234 3549 144
323 337 87
1022 4005 44
1327 1609 10
311 634 70
1572 17 43
1272 2722 101
1849 29 12
954 1455 40
2003 1060 457
1009 3427 278
1375 1424 43
1159 4173 57
910 1037 24
799 840 386
184 920 192
758 3583 33
328 3216 285
498 4562 284
1804 1398 247
1335 3260 57
1796 748 44
1131 3054 24
1044 472 100
901 4971 457
1332 3814 426
668 655 89
1996 745 71
828 4087 5
90 138 79
354 440 10
661 448 333
1355 17 43
1616 1046 206
246 1183 206
353 1964 54
381 4997 57
69 174 54
2120 4818 386
848 643 364
1692 5108 130
903 33 32
498 1551 72
40 915 57
552 1 463
591 659 303
1310 2257 465
317 2444 12
1122 1 463
2085 4027 89
1290 1070 70
327 145 56
862 3776 412
1533 136 73
947 1980 224
1032 318 234
334 1417 72
1866 1646 89
1648 4637 70
1065 1410 12
496 4215 355
1136 2729 111
449 557 325
1212 1002 82
108 3082 404
1809 1057 246
1783 1692 73
74 1467 43
1455 2440 397
1132 181 453
2186 97 71
1451 2294 326
425 4141 44
833 2481 91
1225 1211 94
1486 1985 12
953 4368 71
1011 1278 144
327 4497 143
687 1145 95
1401 5006 70
1360 3484 72
1152 4648 370
77 415 359
1024 5535 44
195 426 43
1385 4364 305
1551 3712 375
346 2991 71
895 1917 89
1059 3428 56
895 4198 278
163 687 9
1613 447 181
1143 1806 97
5 896 56
734 590 89
805 2278 24
1957 298 71
559 440 10
508 2707 97
612 2046 56
148 785 73
1429 2232 297
1194 697 57
1283 159 457
888 544 12
515 97 71
610 728 113
283 1616 29
1485 29 12
158 101 307
1557 2772 32
1717 3427 278
581 4857 285
1796 2884 89
1443 440 10
2195 1414 32
206 851 84
869 3964 105
1624 436 303
1435 2481 91
1233 2666 226
1492 1460 260
907 1354 72
1272 4399 104
245 1171 361
427 483 72
225 1277 44
2237 844 40
1218 611 285
2090 860 172
1287 1375 44
1009 619 72
1228 643 364
1698 388 402
734 2290 118
2218 1366 54
1198 1533 172
233 470 35
241 3552 31
617 2982 210
1214 318 234
824 15 386
247 3914 142
848 803 43
92 3575 12
456 2593 12
374 1598 70
74 1508 316
1020 211 361
659 1110 348
1187 4563 467
1063 791 71
1967 2023 180
97 5012 5
510 1598 70
230 3427 278
361 4293 56
798 915 57
176 804 72
142 3 12
97 1946 28
1753 761 57
1311 643 364
565 365 457
1030 3891 115
209 3702 71
1158 85 89
1395 617 41
1140 3660 137
645 4598 206
2184 1461 5
389 3427 278
39 97 71
1350 878 73
605 1157 10
899 4344 72
396 2640 57
1686 4200 347
1685 4255 453
2119 4866 348
1215 3969 56
1716 240 43
191 2179 33
360 1046 206
393 362 71
619 3648 12
1739 203 316
625 680 364
41 2693 431
205 2846 43
1226 1353 71
1567 4051 172
192 4848 110
224 1099 449
816 1488 139
1228 2300 71
159 4010 88
511 277 316
1862 657 185
1052 767 78
102 2837 43
1231 4 71
1535 1141 25
1138 448 333
731 145 56
736 1908 70
1318 1853 201
969 2484 73
1606 136 73
1030 3330 338
1179 2 75
1153 1682 206
1290 5560 137
753 585 89
638 1122 96
487 1184 56
214 2130 107
1839 565 91
1107 983 57
2021 2422 327
846 1965 57
93 118 44
626 1302 71
1356 5492 47
565 993 57
287 260 317
1 5566 307
384 4097 9
647 4604 83
749 621 12
480 3814 426
824 447 181
795 435 73
1308 532 73
1948 2259 89
1474 2254 468
335 145 56
347 2 75
571 3787 444
1391 400 325
2088 4111 405
89 4051 172
526 1260 260
2155 5306 303
1174 379 209
474 1584 88
1937 70 113
1318 4440 89
983 789 73
656 373 303
219 728 113
1009 735 453
326 1050 136
2237 916 107
2185 4864 461
672 3225 314
900 4417 71
2067 1723 71
968 2614 34
377 617 41
452 139 404
623 76 89
2302 124 105
1276 227 103
559 1249 72
1140 2701 137
364 1451 75
1503 1359 71
6 211 361
114 1487 89
1053 1880 97
1407 728 113
409 3444 71
947 1639 172
192 2080 92
1323 1942 202
1039 4084 56
1942 355 72
486 829 43
617 1664 56
795 1109 89
1183 628 174
997 136 73
254 4472 116
389 796 107
1106 2359 463
905 4147 56
1793 807 108
1332 299 364
857 794 72
809 17 43
888 1248 206
1228 945 165
1577 2537 375
552 2537 375
1216 1580 209
1791 4419 44
480 159 457
1615 616 271
643 4163 75
1097 2067 84
1104 1126 274
172 739 454
1300 439 285
32 1552 72
807 3343 71
1136 3541 185
686 1138 29
787 4151 465
799 780 457
1734 4801 12
1344 1386 33
1140 709 137
1413 1307 439
1645 1786 57
169 1294 375
1567 417 92
482 202 56
1330 1111 70
266 1250 12
136 4279 215
1360 5194 278
1314 4987 43
152 1815 34
1787 318 234
1633 3553 113
1460 418 307
543 1091 73
389 526 47
637 5205 71
893 397 137
449 114 72
1096 3425 56
286 81 451
451 2093 89
455 493 15
904 4573 407
723 122 33
784 17 43
1136 3775 89
903 205 70
2223 71 72
1454 5078 271
1125 5133 71
1692 219 71
436 331 56
669 1546 416
1790 3370 43
1036 923 12
188 796 107
1409 181 453
1406 316 32
886 543 172
64 903 62
636 729 88
792 68 71
483 1731 57
108 1512 405
25 5439 12
1179 715 32
1534 5356 56
969 619 72
891 3177 456
77 1895 438
1376 5039 42
2029 289 56
1024 27 307
1063 817 226
133 1654 354
540 3313 87
1038 2420 404
790 711 89
1096 2758 44
1759 3776 412
1236 2654 89
604 3692 278
1024 55 56
341 1073 434
94 4227 89
600 790 364
2212 722 89
1144 3579 40
440 3427 278
217 4700 168
1665 3242 202
1159 937 361
71 385 12
548 2026 307
308 2262 88
1760 4826 348
550 527 71
2094 4501 160
396 2050 89
234 1139 436
483 313 421
1179 4029 44
1673 1332 42
419 656 285
805 766 78
695 299 364
1626 1227 318
541 1749 453
1122 1551 72
91 101 307
2004 2623 276
1794 753 56
2023 864 260
71 3260 57
692 1935 57
1234 4829 285
861 1951 300
141 608 43
953 616 271
349 777 71
1739 114 72
1146 4198 278
2305 4555 44
1262 4497 143
393 299 364
2027 3199 31
805 5271 194
1168 2369 71
486 3427 278
1873 29 12
1311 1094 73
247 164 111
287 4788 32
92 1923 421
349 2498 366
1797 1693 57
1296 390 163
1518 4282 40
1283 2026 307
799 1607 73
793 803 43
117 29 12
1883 627 232
52 4606 316
1723 3250 285
217 4145 24
1472 2001 89
314 26 109
467 2666 226
790 513 357
946 3102 259
205 1356 56
1272 860 172
934 4793 453
633 1377 12
871 216 276
399 4858 379
577 29 12
1720 2804 12
356 379 209
88 85 89
60 841 40
1781 176 104
1760 616 271
847 3859 56
777 4272 56
625 3798 43
529 2069 57
553 45 276
912 2923 185
38 523 57
180 472 100
674 299 364
1018 1278 144
989 4282 40
247 1697 55
1355 4669 370
376 3745 285
518 181 453
286 568 333
706 1331 457
1530 705 384
1058 379 209
1235 3223 205
2114 58 147
840 3229 92
379 603 71
1417 139 404
2014 483 72
1531 4872 89
1372 5327 457
379 1079 43
1384 4536 38
40 3374 56
1368 327 43
910 489 72
836 602 71
1583 4061 70
543 2955 370
1149 222 182
172 2378 426
1420 3594 89
1572 5052 139
158 621 12
2202 76 89
1552 761 57
891 498 190
487 1539 71
668 2019 453
396 597 307
1034 32 56
998 3018 70
52 2092 307
59 211 361
39 3427 278
2092 2046 56
2248 1331 457
1228 640 12
1475 2958 370
489 888 71
952 1099 449
1810 657 185
1310 279 457
736 4801 12
1576 2086 55
607 114 72
427 1270 55
252 4664 457
1443 2062 24
1768 933 77
1146 4245 278
361 1668 325
1003 1450 75
795 528 89
848 76 89
635 2744 70
1212 5020 56
673 4708 272
1187 13 467
1470 2273 43
1488 29 12
1913 4261 12
468 361 333
1994 15 386
1599 124 105
1483 1004 303
1342 4925 434
157 2307 416
689 2077 465
1168 5118 333
1841 5148 373
1361 643 364
792 136 73
1495 1883 57
2230 4070 303
1058 873 73
1326 5380 333
192 1963 71
1428 1341 143
332 176 104
390 1270 55
909 3209 43
425 827 89
60 729 88
1221 117 307
822 4710 285
496 543 172
251 3124 55
140 1397 115
317 1871 41
526 3460 163
1690 3438 137
1709 3427 278
1580 181 453
1009 3099 43
286 659 303
254 2020 71
18 391 89
1195 4679 258
1168 76 89
634 2713 70
131 1924 404
1276 189 202
997 420 190
2216 447 181
1068 303 316
1235 5590 42
918 2023 180
1990 5462 108
1532 1228 185
2080 4491 71
989 85 89
1395 418 307
1152 1936 72
67 3596 185
451 230 70
140 4308 280
2084 1018 375
897 454 56
1351 216 276
1239 3918 6
135 2669 26
174 4360 45
1169 5378 210
412 1683 10
795 3587 56
732 4632 40
114 533 42
230 2324 97
854 419 286
369 2833 89
515 4234 278
1366 97 71
1100 826 43
592 5544 33
1269 2121 43
1035 3756 187
2071 196 89
1209 5430 155
1087 758 115
1269 2023 180
294 2358 427
1049 98 70
1268 4881 56
162 417 92
647 2141 303
582 724 89
1317 68 71
80 648 44
121 1670 284
2170 248 384
1065 1096 396
120 1533 172
513 29 12
490 647 303
732 3724 38
1132 2456 24
513 710 89
845 583 278
291 1210 307
751 124 105
51 2034 10
1229 5262 285
1145 291 380
459 4197 222
324 1960 72
1357 164 111
565 2021 457
279 4606 316
1194 1012 72
677 316 32
714 2867 70
2178 423 285
778 1507 25
2201 10 386
2123 610 173
1397 248 384
1356 2319 64
2243 6 160
362 1540 89
1320 1296 72
724 1398 247
1900 895 38
74 1637 201
734 1029 11
517 472 100
1011 25 79
1181 447 181
989 2099 43
2282 1226 457
1997 659 303
954 1692 73
659 4719 102
237 3738 120
1596 4907 87
648 653 441
280 76 89
636 1532 12
673 447 181
1842 2361 104
1562 881 452
996 2867 70
4 2121 43
1358 5338 363
699 2867 70
452 358 279
814 2345 57
43 1802 34
2017 664 363
229 1127 259
1138 203 316
1019 4011 368
1139 1942 202
452 2628 57
1418 744 361
553 294 363
160 828 276
1564 2495 62
1357 4691 463
427 4516 48
1188 4499 45
2194 3325 301
607 915 57
1201 40 72
834 357 278
400 2 75
989 562 40
1337 5191 295
26 379 209
647 27 307
168 1859 437
1875 1155 44
1428 3166 396
759 200 109
96 323 89
59 472 100
1969 621 12
629 1842 70
244 3041 103
899 891 137
194 76 89
1141 4025 55
1278 1226 457
1099 313 421
94 361 333
66 352 33
129 2024 355
1692 3831 370
953 2764 89
363 2865 104
1345 4128 209
432 4066 57
948 2468 41
732 1810 84
1155 709 137
1281 4911 103
1420 358 279
537 2432 88
198 380 70
384 3960 33
1878 2155 188
550 1813 357
693 1305 445
462 1206 32
1318 689 56
1296 1 463
376 678 259
1854 840 386
1162 1519 71
1181 5202 137
1709 1741 404
548 1251 12
436 3681 107
1631 781 453
96 2497 66
656 1046 206
245 5073 57
1842 171 12
1500 76 89
2211 3076 24
565 2069 57
836 211 361
1934 4052 271
155 2910 57
459 2284 75
1300 5048 71
241 891 137
450 2 75
1233 5582 93
501 391 89
360 958 44
1335 394 71
393 2923 185
115 807 108
2093 252 363
185 3957 299
1713 2358 427
2035 4399 104
1070 404 43
1009 538 172
1733 769 107
283 400 325
446 853 13
1156 2100 113
1262 2628 57
2029 2868 190
723 3113 72
513 625 89
157 4037 73
1082 1942 202
1216 915 57
2092 4608 316
219 3717 43
1354 3082 404
1088 4419 44
626 3037 285
2262 316 32
1645 4145 24
6 192 57
692 4980 55
1513 364 276
908 5240 71
1442 3285 354
787 636 107
349 515 41
4 2412 43
107 2752 34
565 2889 341
1170 2951 192
753 937 361
181 3422 89
157 17 43
599 1909 42
121 274 42
391 205 70
369 1101 239
256 1314 303
173 3313 87
1098 1200 71
1271 4411 303
389 3674 47
2189 5494 457
390 1384 71
1472 482 70
1194 4419 44
53 1811 206
894 245 95
1341 536 42
2023 3169 260
1128 2240 240
16 1693 57
116 2300 71
594 134 201
212 2644 12
646 5007 340
89 4330 56
1356 2820 12
678 98 70
1521 1331 457
631 4499 45
1281 1740 291
713 3969 56
97 475 89
3 978 57
186 501 44
335 318 234
1477 643 364
604 4034 285
520 1264 72
1419 2426 236
1493 1460 260
358 162 38
2295 1480 314
1457 472 100
743 1893 304
1811 5478 34
1539 1219 185
1983 101 307
212 764 143
158 5566 307
2084 97 71
1463 1226 457
362 162 38
1146 2494 12
180 1 463
678 3344 137
1565 91 81
468 490 159
1350 4288 278
400 3453 34
6 470 35
615 3763 307
1567 779 143
1341 1177 89
1624 1367 303
1808 1262 117
1570 659 303
469 3785 463
350 1226 457
2267 1753 442
561 2148 137
1644 4801 12
1413 3885 43
703 3427 278
1563 5034 89
58 290 340
1413 114 72
713 362 71
1106 1099 449
1481 4483 348
214 1998 56
1335 93 73
2029 1196 71
373 1552 72
127 162 38
327 2915 91
297 839 57
1454 205 70
795 943 113
1229 3162 286
1099 4667 414
1719 3391 274
2064 387 201
180 2992 206
1480 289 56
1051 518 363
554 1830 56
46 1792 241
1282 1881 71
265 124 105
427 1817 72
480 3607 442
1676 211 361
246 4427 406
1386 468 78
454 76 89
18 1 463
489 5525 10
1351 448 333
1137 2646 355
1335 1035 70
72 2648 471
1742 2086 55
1365 101 307
99 106 120
88 467 107
689 4056 57
670 3822 414
1145 4729 256
674 903 62
1370 380 70
780 656 285
967 988 137
1350 25 79
1248 2574 303
1328 61 129
1648 1034 54
599 3202 82
1311 2513 358
412 116 42
1161 1359 71
261 1841 89
261 493 15
1847 1843 70
537 536 42
1032 412 200
364 1545 246
88 921 77
1160 3106 251
114 1277 44
1253 2481 91
390 691 57
490 2682 78
565 4090 89
351 2819 457
1824 485 72
489 2310 71
289 318 234
1523 1637 201
302 348 71
1156 3914 142
31 379 209
1944 647 303
990 1719 12
1372 5444 414
1258 775 468
903 447 181
1615 767 78
389 786 163
294 4465 89
742 1391 137
438 1439 34
1224 257 303
1498 3168 221
1144 3445 40
253 2127 71
1908 37 138
311 4043 89
583 162 38
294 4927 104
370 4606 316
561 794 72
1365 27 307
1521 2420 404
1075 5408 73
389 1072 38
1085 4802 56
225 1110 348
1451 40 72
1210 15 386
784 400 325
1418 4236 404
1705 125 258
30 2307 416
332 899 79
241 621 12
145 4586 12
626 5594 338
744 887 305
1624 902 43
963 1082 375
1155 1439 34
1296 379 209
759 211 361
1751 3717 43
725 4997 57
800 162 38
1751 33 32
1137 205 70
600 1455 40
823 501 44
354 3328 32
1817 4853 89
1862 698 333
167 2069 57
799 1680 412
1683 1294 375
1631 761 57
1483 327 43
1174 2625 364
296 1146 33
1350 2 75
1584 3427 278
511 588 70
289 2693 431
373 2350 284
1275 358 279
360 1522 89
1444 952 70
479 2243 141
2120 3847 386
707 3704 267
1724 3675 48
904 2687 38
939 111 43
580 4429 31
390 735 453
1405 518 363
2185 4767 73
1464 10 386
969 4844 57
1577 76 89
891 1054 190
114 4997 57
174 289 56
1074 3941 139
1291 2298 158
1520 4339 123
59 189 202
1423 368 56
198 312 42
888 1193 72
178 163 32
484 25 79
694 659 303
1574 2710 71
1410 1629 234
1281 847 291
1222 3438 137
1326 2974 71
414 1636 337
768 15 386
375 1489 2
1036 470 35
459 717 236
486 730 89
1005 361 333
1774 912 181
1276 3282 364
1515 205 70
64 475 89
1477 767 78
650 2582 75
1268 4306 43
1070 297 73
675 4255 453
821 2630 71
2250 396 185
1060 71 72
717 1969 89
1299 2157 410
1648 2056 453
1523 1368 285
1396 323 89
942 2338 463
647 655 89
254 121 89
187 568 333
299 1606 71
1195 1519 71
1032 1536 56
381 1146 33
886 1507 25
849 2516 404
1443 2661 142
2262 1746 78
743 76 89
1523 1562 457
1049 76 89
2124 767 78
1229 1544 33
1147 586 12
652 3122 465
1188 811 116
1858 4925 434
636 324 38
227 1325 115
891 3427 278
1032 211 361
975 2034 10
1227 1249 72
1090 1034 54
2015 785 73
1145 4529 55
1488 1046 206
1355 1060 457
247 71 72
347 27 307
1615 1079 43
1514 501 44
1648 2926 12
1653 2508 71
1222 136 73
1515 2880 404
1264 229 43
2176 1044 17
2036 52 307
1181 2989 267
1141 162 38
256 2628 57
25 2195 10
1225 676 118
335 2245 57
169 2396 41
798 1745 78
1937 2482 137
780 2688 71
1851 3320 73
653 2678 24
86 498 190
1131 177 12
1407 5153 56
604 1675 325
508 643 364
544 787 201
920 162 38
1752 1213 143
794 1990 213
617 5248 406
74 3482 89
1385 3363 303
635 1756 72
368 2466 363
1178 1414 32
2029 4050 172
341 2056 453
451 271 89
938 761 57
1367 492 12
1447 417 92
1492 2580 259
466 1931 444
521 162 38
994 140 253
1639 361 333
2015 3454 12
2256 616 271
1966 1458 285
86 205 70
619 854 89
674 3824 364
41 4690 98
339 4427 406
517 4741 172
1039 1954 314
1299 4598 206
230 1938 24
828 2063 42
2220 889 57
1897 1175 415
475 869 57
1911 205 70
389 164 111
851 85 89
1711 70 113
2312 3538 453
1444 4254 79
907 4841 97
97 3617 71
2247 3174 214
1727 5157 71
798 2812 270
222 2734 89
746 159 457
91 2784 43
2020 1046 206
1245 447 181
2086 139 404
1355 2226 89
345 2 75
1155 2448 381
1878 1539 71
149 3 12
644 211 361
367 1842 70
2079 2329 100
1512 137 135
1246 1547 185
749 1018 375
1008 469 295
83 4029 44
388 2959 89
259 2118 57
278 1289 33
743 1154 97
1297 2309 47
1575 4620 164
403 2723 359
487 1900 71
1685 5322 137
1670 136 73
879 98 70
549 912 181
1229 4271 78
117 252 363
883 3474 232
409 272 56
2219 2844 276
2284 501 44
97 1514 10
1138 2859 57
1334 2166 357
1893 458 74
270 17 43
1136 1344 137
242 3255 138
917 4022 56
1169 4009 465
93 561 107
1376 1146 33
1318 869 57
1371 982 56
208 578 10
116 68 71
1135 98 70
736 4765 241
1082 755 73
512 97 71
345 831 117
1579 1035 70
1733 2474 71
130 3518 303
492 1642 73
2034 1621 32
375 1978 87
1181 76 89
483 2494 12
1053 2089 12
1656 4241 12
956 1240 72
82 181 453
755 3407 71
1178 4095 469
1072 1112 73
900 1673 307
725 3698 57
34 1380 473
1 2605 338
449 3588 453
115 1398 247
421 3839 278
1607 740 386
1811 500 44
308 1343 318
1016 164 111
341 3547 196
1494 101 307
254 400 325
1228 1233 57
634 623 57
618 1459 364
1486 1174 145
893 98 70
435 369 196
2235 29 12
979 538 172
1692 4150 210
1268 435 73
1176 917 165
1135 116 42
459 318 234
34 2685 465
835 15 386
283 626 56
237 903 62
999 4166 172
1486 439 285
361 787 201
1160 689 56
198 1331 457
5 68 71
736 1679 386
131 2881 73
1420 1815 34
353 177 12
130 3209 43
1450 2243 141
1134 1446 82
869 4546 89
1841 3761 189
192 439 285
336 1227 318
298 1455 40
552 1143 295
962 1706 72
951 955 31
617 3139 285
648 2231 43
393 1659 382
1190 98 70
1070 1790 75
1187 2804 12
376 2163 285
563 5057 30
1017 4473 295
497 2029 158
523 15 386
1542 29 12
32 27 307
1053 5534 73
1154 5119 57
162 3659 374
847 2757 97
1355 289 56
159 211 361
691 764 143
340 3896 92
1566 1275 142
52 1199 56
217 626 56
1440 4462 185
1160 3553 113
722 2752 34
1137 4992 190
542 807 108
1299 724 89
172 2122 92
483 76 89
1442 3855 172
903 5163 31
260 298 71
74 5284 84
1194 485 72
1880 383 86
1720 924 12
536 1034 54
1176 2764 89
1160 29 12
93 626 56
834 2089 12
181 435 73
98 3069 285
1290 5021 104
635 659 303
2031 2462 149
1228 4839 71
1188 2301 57
1502 472 100
891 216 276
1117 485 72
1140 2396 41
36 1758 434
483 1928 404
508 2889 341
637 563 44
179 341 137
637 523 57
1039 1979 89
248 1210 307
1344 1145 95
2229 983 57
571 557 325
599 305 159
290 720 54
2111 3541 185
172 158 276
1370 4790 363
744 1297 72
1462 1931 444
1244 968 42
1496 1680 412
652 2027 439
2142 1254 285
1380 361 333
727 2659 41
339 539 55
509 76 89
159 3199 31
1241 483 72
874 205 70
630 4548 33
379 1608 78
89 412 200
841 3021 70
1311 1712 71
2288 396 185
640 160 12
604 4175 260
1475 2628 57
391 2575 118
2019 3715 56
1266 1046 206
1270 154 26
900 4282 40
996 101 307
433 3571 370
540 4299 42
1963 5095 363
93 3789 201
1530 5159 386
1130 4389 57
317 1046 206
585 2607 12
980 139 404
1848 1908 70
344 472 100
85 2167 57
594 2776 187
217 70 113
1386 4075 199
809 777 71
140 1073 434
989 2660 107
380 2787 72
1350 1211 94
79 1902 333
1223 5477 29
265 483 72
884 1817 72
766 4002 70
657 214 333
1136 3470 159
946 1635 356
1841 3010 86
1407 1400 89
26 85 89
1059 3976 71
348 3706 89
807 2974 71
417 754 42
291 643 364
1039 498 190
768 491 238
1595 344 137
1296 2369 71
314 3852 277
453 1583 73
1016 97 71
1374 3405 337
3 97 71
68 1712 71
198 3349 43
288 777 71
266 791 71
157 891 137
360 1578 214
60 3076 24
1187 3538 453
159 4978 71
1112 1415 97
478 485 72
362 4316 333
250 2396 41
1159 1984 271
1294 33 32
1639 753 56
1814 1427 43
768 85 89
2274 4106 121
1339 735 453
432 1964 54
1049 4370 272
1467 766 78
319 2969 55
787 358 279
308 4801 12
490 1277 44
528 1490 268
1065 4277 246
810 5341 56
273 3879 89
1311 1208 437
582 1410 12
1932 5117 89
1262 3448 44
319 364 276
1586 489 72
658 1461 5
249 3322 143
1059 1968 318
1546 1508 316
565 2588 24
1216 1442 152
230 728 113
1334 4912 55
73 3525 163
2004 2544 190
478 1908 70
2250 1712 71
1019 4200 347
1719 5153 56
1753 2291 72
2211 5331 38
1724 1046 206
1062 176 104
46 1797 50
864 425 57
1488 1063 457
1925 4427 406
555 633 271
846 5360 72
1271 85 89
624 4163 75
430 1645 206
1546 2027 439
634 1943 12
498 2664 72
736 1046 206
1578 965 259
50 243 73
1221 92 38
1673 4731 358
132 1449 44
1181 85 89
824 138 79
1925 6 160
2227 588 70
2186 483 72
1147 1446 82
565 439 285
992 3433 159
1966 4568 89
1859 145 56
1043 4194 278
902 1228 185
246 1187 71
2068 1846 163
1270 911 180
386 1561 57
516 3919 71
742 3474 232
767 2982 210
1268 252 363
930 174 54
1302 2240 240
1215 860 172
699 3802 113
691 2375 70
767 3223 205
684 920 192
136 541 97
791 1034 54
847 180 78
1503 3033 295
91 484 206
891 4114 190
731 1769 48
1395 2747 137
2101 1842 70
1166 4155 43
612 470 35
58 647 303
592 4997 57
1096 807 108
973 916 107
1558 2253 443
265 340 56
582 1194 116
195 724 89
1151 92 38
1249 2715 33
2021 1692 73
282 76 89
1962 2748 43
530 3242 202
1318 98 70
553 4431 76
1966 4968 206
631 3383 70
565 5068 278
1763 4399 104
1271 860 172
1391 439 285
379 1602 107
989 846 57
187 698 333
597 2030 86
451 39 143
979 1533 172
1299 4453 73
1768 915 57
1864 2077 465
520 313 421
343 955 31
430 3562 240
1085 215 73
759 1540 89
542 577 105
1068 1189 377
628 4492 78
1410 1049 32
613 117 307
124 209 32
1395 4555 44
915 447 181
90 274 42
683 4680 44
515 277 316
618 162 38
157 526 47
2061 1417 72
403 1160 359
273 27 307
606 205 70
1364 673 120
119 3172 247
1442 1054 190
529 833 307
2184 3282 364
1410 4763 32
1456 629 275
1263 501 44
272 255 285
369 3953 104
969 85 89
1237 90 82
1147 72 71
1059 415 359
1851 1910 72
705 4051 172
1236 417 92
992 498 190
1644 1167 206
42 3398 87
1212 272 56
477 4022 56
173 29 12
1030 5125 338
483 316 32
1442 358 279
372 20 89
1331 3978 101
830 398 89
655 3498 32
1268 628 174
245 311 125
648 3699 113
1305 289 56
1174 3844 72
850 3427 278
1096 4892 44
900 1999 12
1131 4427 406
1145 528 89
758 87 24
648 1204 459
174 5257 32
626 902 43
1433 3723 297
563 2647 276
1044 1096 396
1633 1046 206
1341 1654 354
438 475 89
351 141 72
1358 3343 71
362 1240 72
1366 1886 328
479 2785 205
176 462 71
2086 88 276
163 843 372
1308 5198 73
483 2211 112
46 400 325
1145 603 71
281 4060 278
1699 5470 72
1974 3603 159
483 915 57
619 328 78
315 3692 278
98 25 79
270 393 71
450 76 89
29 1687 72
1058 984 71
1149 1096 396
877 2594 71
403 4427 406
1795 2590 271
902 816 12
953 1951 300
1211 74 424
1159 15 386
1973 272 56
498 1794 419
306 94 276
1432 2809 295
373 2139 284
1727 754 42
525 5104 75
132 185 12
547 25 79
1198 2496 71
509 5555 73
63 269 54
1221 68 71
689 523 57
1223 4531 70
326 1155 44
834 2895 444
160 4255 453
663 761 57
1799 2769 57
1215 4163 75
1319 3472 33
1171 1678 386
522 4022 56
52 892 54
490 227 103
395 2494 12
2202 1613 213
2077 4028 38
920 4536 38
791 1551 72
2019 4242 163
131 2985 114
1265 4677 89
1567 72 71
157 2259 89
270 4107 71
258 643 364
22 2979 89
577 1265 55
1492 767 78
414 3072 416
1846 114 72
2186 27 307
1017 3614 89
115 178 97
1292 2057 53
1154 1712 71
762 3549 144
562 802 107
700 1671 206
486 121 89
297 362 71
1213 420 190
637 196 89
353 233 292
44 2968 56
1722 1219 185
2057 96 252
1009 843 372
1335 321 190
1207 1057 246
1082 256 285
222 1098 89
1949 1846 163
835 983 57
1879 2666 226
175 2132 33
1903 3164 55
1692 756 57
240 1146 33
1159 292 363
1309 2785 205
969 139 404
1056 4638 348
516 90 82
1154 3203 190
531 555 71
1360 1118 33
286 1696 89
1070 3427 278
1635 448 333
821 1854 79
1039 15 386
754 3212 257
793 4419 44
1139 4479 303
1123 1623 72
922 4462 185
1951 1656 250
199 4121 278
148 318 234
820 3786 463
71 355 72
627 5011 172
662 844 40
778 3941 139
2204 98 70
1405 4105 78
588 48 42
245 1115 121
1175 3437 42
94 709 137
2111 1587 285
1846 2259 89
641 1683 10
685 2474 71
1227 621 12
2115 3921 57
792 5233 113
658 101 307
538 76 89
233 2292 260
1134 3894 105
2200 3558 32
317 593 42
1369 379 209
2270 382 39
247 98 70
1317 456 70
844 904 12
257 753 56
522 97 71
1336 418 307
671 136 73
565 1297 72
1413 3153 70
1831 2813 72
159 461 25
703 136 73
2129 3295 258
674 473 285
2225 802 107
1379 298 71
307 1213 143
381 2936 387
1104 216 276
205 761 57
1299 4906 104
1992 4242 163
2215 2981 210
18 1923 421
2250 162 38
1050 1854 79
1049 116 42
1310 4219 449
670 3211 196
2297 97 71
1578 2539 411
1140 4815 188
483 2499 187
103 728 113
610 577 105
513 4127 25
1245 2027 439
1866 2988 143
1000 1292 4
636 4663 56
724 2296 12
77 842 57
2089 3816 57
1039 314 119
2198 68 71
587 918 71
997 1604 201
28 2626 325
1824 628 174
203 621 12
1084 444 72
684 153 71
1171 1035 70
283 1083 67
1615 2474 71
833 865 303
686 3285 354
909 1422 56
1112 621 12
967 5451 91
794 1004 303
1270 2176 11
188 162 38
1230 4676 406
1442 3343 71
93 3552 31
1742 4083 71
2139 400 325
1825 3427 278
46 1430 55
93 1760 12
1343 4397 66
1165 3889 105
760 542 396
900 313 421
1357 3744 43
673 2077 465
427 539 55
1353 4191 95
1056 436 303
368 1118 33
1141 4474 291
1294 1019 375
59 1820 72
480 279 457
289 3164 55
1272 1675 325
807 3939 89
1841 856 149
125 2874 88
448 1251 12
259 2268 71
231 1027 54
1192 937 361
1665 371 73
744 5037 303
62 430 43
747 2330 187
599 751 295
40 1838 72
172 2770 56
1700 4772 70
1143 4807 316
108 1579 12
1045 700 32
1392 4622 333
1981 937 361
1420 221 89
85 3329 12
513 1142 120
1858 3181 333
1219 4552 104
276 1283 5
379 311 125
1736 15 386
1841 1822 464
1163 1049 32
400 2302 32
531 76 89
653 4594 34
88 3427 278
151 2001 89
561 2112 325
1190 415 359
851 2069 57
1757 5416 465
605 3002 316
1719 3509 89
1780 2248 74
1534 2056 453
91 3208 57
15 2276 359
108 1979 89
1349 518 363
789 1409 135
2029 3135 43
1030 1462 404
1601 715 32
616 4027 89
2104 15 386
900 191 44
1588 448 333
315 4245 278
427 844 40
303 3576 12
1475 2326 159
1796 2400 55
1408 1038 398
1580 693 436
1598 598 42
731 453 89
691 71 72
898 1220 213
283 1749 453
2241 393 71
2153 400 325
1425 364 276
1143 3180 286
506 1914 232
1888 228 72
1272 289 56
1464 2646 355
1622 2622 40
805 178 97
121 1254 285
457 1134 286
284 76 89
1344 606 9
777 1632 71
2261 3924 85
1270 996 303
847 3739 78
1193 2692 150
1480 3006 449
327 418 307
1119 4034 285
1203 4017 105
1046 2 75
1740 577 105
668 1358 89
617 856 149
743 4284 32
1434 4665 92
222 1908 70
1515 1353 71
1145 140 253
1048 153 71
362 326 137
1433 3425 56
1051 74 424
145 493 15
1205 116 42
829 1594 42
618 203 316
872 33 32
799 4971 457
6 1554 34
1836 147 56
141 4473 295
1308 68 71
1711 214 333
1925 1020 405
339 286 318
157 2934 97
498 844 40
1966 659 303
376 439 285
1340 2603 172
306 400 325
387 659 303
1835 3666 276
1138 4571 335
1209 5260 316
448 371 73
1146 114 72
736 3488 89
1220 605 137
611 3602 295
62 3507 57
2132 5486 32
996 2225 44
1097 171 12
2269 136 73
363 772 89
630 211 361
734 1284 6
1230 3162 286
1088 4038 73
1045 1743 70
1111 622 56
1330 4419 44
636 1854 79
1427 2 75
683 1074 71
376 211 361
161 29 12
630 1909 42
1141 124 105
1272 5358 89
335 29 12
1258 3310 453
955 4462 185
1386 180 78
1880 4097 9
1022 906 370
333 76 89
303 4260 92
1862 2522 423
1139 2077 465
367 3003 56
423 125 258
1374 563 44
1009 561 107
177 636 107
1074 1661 139
1159 591 89
1790 201 162
1248 961 80
1390 1746 78
13 1690 57
1615 4019 89
163 849 348
861 1346 89
1035 2083 56
1170 209 32
1025 3747 460
270 515 41
1855 717 236
881 1256 303
492 2000 303
346 4144 71
1283 1968 318
268 1265 55
1219 3787 444
1027 3149 56
288 1418 25
1539 3596 185
1248 2953 396
814 3754 25
1085 420 190
1209 1864 159
341 3588 453
1913 2930 243
327 2076 137
1534 4925 434
127 211 361
1318 27 307
743 621 12
741 807 108
74 5272 66
1187 5172 476
71 145 56
1293 400 325
1565 92 38
1593 4158 296
1215 216 276
1141 327 43
1751 125 258
1462 5122 267
39 1563 25
408 1200 71
408 2678 24
1357 1761 33
1751 318 234
143 4260 92
1550 2460 46
48 2618 453
201 1794 419
829 1129 57
575 2117 44
1084 4102 32
631 183 115
658 744 361
1738 108 71
314 1712 71
172 4997 57
790 3763 307
504 2029 158
677 2676 34
2090 843 372
501 417 92
286 4563 467
1643 1583 73
841 2666 226
931 2876 453
936 1986 6
1493 1756 72
1375 4330 56
54 636 107
423 439 285
114 1295 374
396 1877 56
64 1103 92
1098 626 56
780 1375 44
1384 1295 374
1572 1785 318
677 621 12
469 3618 318
1358 4359 285
388 710 89
1420 216 276
355 5036 278
1584 3227 371
443 2071 258
1021 1654 354
784 145 56
1442 2372 218
2100 5071 73
1127 1810 84
1082 767 78
2222 583 278
330 555 71
474 27 307
376 3990 303
1056 3343 71
1485 3525 163
249 434 73
13 4013 57
1232 491 238
317 1049 32
1880 3538 453
1991 255 285
324 2656 55
1288 1590 303
1319 533 42
580 98 70
1170 5123 333
1467 1258 73
824 720 54
1171 4531 70
31 864 260
1261 4958 276
516 2033 87
1488 1331 457
2240 2785 205
1180 5504 295
979 1260 260
518 145 56
888 55 56
1972 964 374
289 4917 72
1487 267 89
233 98 70
490 4674 72
554 4293 56
229 461 25
1689 598 42
269 2078 127
828 797 39
172 3458 333
120 88 276
1572 1219 185
727 85 89
1085 85 89
207 240 43
362 3289 34
478 440 10
257 327 43
2077 1781 56
1744 4480 43
273 1651 89
992 2660 107
486 1554 34
475 1201 72
385 804 72
1222 82 34
1511 203 316
645 2810 263
625 1131 89
1281 2955 370
131 1900 71
260 1312 458
158 3355 70
1533 1473 54
206 3538 453
1813 318 234
1140 1520 89
1360 3726 58
48 1347 306
298 750 70
161 3356 56
1206 4762 333
376 2579 341
835 1094 73
1370 628 174
1188 598 42
110 1979 89
648 636 107
140 2892 43
1297 810 43
1221 532 73
32 921 77
492 1045 57
2255 27 307
1540 162 38
92 1197 89
563 97 71
1089 4825 94
1951 33 32
41 1249 72
265 1273 107
516 1535 73
389 3582 206
332 1163 118
637 301 56
962 1552 72
687 902 43
536 1115 121
1532 4439 73
1317 829 43
1418 262 318
1222 309 64
108 470 35
714 4338 89
846 1211 94
256 3773 89
114 297 73
468 4202 404
197 101 307
588 1664 56
680 82 34
449 4455 89
1974 68 71
1502 440 10
256 655 89
2167 1817 72
934 97 71
1699 435 73
1464 2926 12
1355 3646 72
1315 3277 99
1235 29 12
393 1359 71
1340 4078 258
823 1520 89
1174 252 363
1683 2590 271
975 1299 307
1439 2600 31
1570 518 363
583 1745 78
354 193 43
1385 659 303
742 2899 72
256 101 307
1127 2654 89
1560 316 32
1251 1277 44
1477 299 364
854 1868 104
362 936 113
480 2255 453
266 2456 24
790 38 143
56 73 72
498 2351 366
525 922 77
1229 3282 364
1692 1046 206
1269 72 71
615 2658 78
784 568 333
1187 2630 71
246 1177 89
1221 3370 43
483 417 92
1344 2302 32
396 1669 32
242 231 72
504 2635 57
497 3041 103
298 3218 73
17 314 119
997 1199 56
931 4078 258
790 39 143
359 356 56
403 2166 357
74 1306 186
1030 3255 138
1097 2777 190
2212 1855 79
536 728 113
1580 2300 71
1707 3990 303
216 2934 97
1249 4972 466
1686 458 74
199 1019 375
97 2799 303
377 380 70
822 1141 25
125 4086 56
436 259 307
163 4801 12
1578 1697 55
172 1051 32
97 535 88
973 602 71
967 3478 221
406 2270 44
448 977 73
233 1839 24
1329 648 44
2153 3625 6
1818 1976 57
1962 439 285
59 1598 70
486 97 71
140 749 43
2192 1254 285
525 3224 209
560 3775 89
1056 4541 348
215 1077 318
240 2058 72
926 331 56
1314 29 12
251 406 36
847 32 56
1814 85 89
1436 97 71
2238 114 72
97 436 303
79 3990 303
41 915 57
1292 313 421
1036 1066 89
1390 1986 6
1058 4941 192
1300 174 54
1168 196 89
1857 205 70
667 117 307
549 2096 232
1009 97 71
1065 4184 61
1406 4783 185
1227 72 71
253 3530 254
240 834 70
217 3278 449
191 3215 145
1463 1712 71
251 796 107
1603 2585 246
1697 3584 78
1131 29 12
594 400 325
383 4647 409
1055 2692 150
485 1436 34
1533 3673 303
872 4747 72
1358 1471 73
157 29 12
677 3849 358
1429 240 43
469 3427 278
2067 68 71
386 4849 12
1180 1018 375
626 1479 97
464 306 72
389 774 32
447 4003 9
1228 5471 157
1140 3010 86
1845 1712 71
542 37 138
487 1074 71
1396 2380 350
995 2500 206
1316 393 71
1990 214 333
399 245 95
1615 1574 285
1299 6 160
1059 4608 316
1149 604 55
642 903 62
623 659 303
1451 300 57
706 539 55
1053 363 71
969 4411 303
361 681 303
1388 1615 38
208 740 386
629 2083 56
2243 888 71
328 2625 364
1492 4050 172
1700 4991 453
67 4791 185
1328 4945 12
130 1116 55
1060 3107 138
1690 2260 251
712 2366 290
1250 4441 19
1414 3418 29
286 4122 278
138 2752 34
936 728 113
1219 1723 71
390 148 453
1375 4594 34
725 400 325
1464 2361 104
1923 5319 186
982 3510 237
809 711 89
629 5005 25
1825 1712 71
633 68 71
1197 1687 72
388 278 354
444 187 364
871 1075 12
1283 4514 400
824 3625 6
315 1606 71
1563 4176 10
1233 4952 42
327 506 215
509 392 89
1247 3326 404
2105 4308 280
640 227 103
1050 709 137
884 180 78
1291 2502 263
1179 85 89
1772 2095 163
742 557 325
382 543 172
1634 2877 57
18 2476 145
2095 1661 139
1360 2813 72
1265 2083 56
383 4040 23
435 2621 31
1607 1228 185
1052 3739 78
1166 3625 6
2199 162 38
2217 728 113
2199 926 19
517 4459 73
955 2357 114
468 342 24
130 619 72
1901 193 43
77 322 190
353 1678 386
1362 687 9
1820 1758 434
360 3173 453
1540 4220 71
396 1960 72
1132 1071 12
565 3003 56
2160 4376 104
1057 1931 444
231 27 307
1719 724 89
1188 3193 89
1368 2795 453
1563 5107 71
1292 447 181
388 777 71
1929 25 79
2193 3441 318
391 2621 31
1578 86 88
1906 76 89
774 316 32
92 1741 404
1384 1794 419
707 2477 71
141 4515 42
2085 76 89
904 3814 426
1972 1249 72
2200 181 453
848 3363 303
1678 4394 78
1931 2376 43
894 1087 92
916 162 38
1375 5248 406
1679 97 71
1273 73 72
59 76 89
468 1322 55
1240 984 71
847 4689 57
351 840 386
778 981 73
731 382 39
73 97 71
283 4266 75
250 892 54
795 2791 92
324 697 57
1444 1261 97
1631 417 92
693 136 73
580 32 56
1138 915 57
1603 2748 43
605 1135 230
301 5313 364
1615 4144 71
6 136 73
84 3905 34
794 3170 88
973 3632 89
396 1463 73
1175 967 91
975 400 325
156 4408 56
403 92 38
196 2329 100
821 214 333
1934 820 40
228 742 71
723 557 325
553 65 173
998 3625 6
725 1411 32
1009 192 57
1355 2742 72
2200 3427 278
742 4381 24
452 5342 10
390 27 307
248 937 361
1790 420 190
712 5057 30
1978 101 307
1201 136 73
1815 3535 71
180 1207 72
349 3306 107
2296 3176 468
1397 764 143
1329 1962 64
909 2072 56
549 27 307
1162 3610 276
1371 3466 237
950 1530 271
160 418 307
543 5019 89
1017 338 91
235 1852 53
6 70 113
770 77 91
1220 289 56
617 4029 44
703 2441 138
1272 4528 213
65 337 87
1866 1916 206
193 3172 247
878 2361 104
70 29 12
1193 6 160
501 3088 404
254 722 89
1472 359 56
1038 3549 144
955 5004 213
1026 1978 87
859 2575 118
1526 3542 185
1170 2278 24
1258 4621 473
2299 2595 10
1428 318 234
491 417 92
2247 145 56
851 4275 73
131 706 276
244 3275 10
1486 628 174
1972 4431 76
40 440 10
691 1181 392
594 2 75
1011 5174 364
927 457 87
453 3789 201
794 955 31
193 1353 71
1319 2038 54
1939 1251 12
1318 3615 72
862 447 181
663 1091 73
597 3010 86
549 2397 209
101 869 57
645 484 206
126 3586 89
1412 3145 159
291 1468 72
606 983 57
783 118 44
317 1432 307
173 4154 96
38 4700 168
1829 3089 232
406 1681 56
308 3052 12
1858 72 71
77 2878 285
647 2701 137
1307 4622 333
1673 2100 113
483 1119 89
1638 1380 473
1486 4555 44
1628 3112 63
1123 1712 71
52 750 70
1288 1640 201
1624 29 12
1053 1448 44
955 498 190
1455 1383 364
778 85 89
1790 68 71
1657 2369 71
117 2709 206
1454 482 70
615 3069 285
1538 501 44
161 151 331
973 2587 24
799 798 89
1600 5040 318
1227 3706 89
1365 1 463
1074 3561 89
1177 4411 303
412 1398 247
143 483 72
133 5466 65
1830 770 313
1576 501 44
1441 3797 43
1321 4398 364
1505 5366 10
587 1167 206
1643 980 113
1009 1576 42
1308 761 57
2224 136 73
98 3014 220
308 1705 374
259 2158 89
473 9 475
1753 1175 415
593 5537 56
132 728 113
160 829 43
315 4786 71
1300 1712 71
973 4019 89
18 1701 172
871 3442 318
784 4135 43
2223 2673 190
1067 204 71
1309 1885 265
256 4722 172
1362 27 307
1415 3427 278
1187 2060 9
791 3056 25
1949 1748 307
2094 5219 118
1746 4087 5
374 4371 10
1214 2301 57
1774 1248 206
591 422 143
2104 1667 78
730 417 92
1022 2423 33
793 2384 209
1233 1249 72
512 3714 57
1360 5570 103
1365 2719 72
789 475 89
1290 4969 44
854 983 57
483 593 42
808 2030 86
762 1366 54
1268 3370 43
1733 1777 188
539 1389 276
1060 27 307
1270 5151 42
731 252 363
1794 1900 71
423 1671 206
730 2426 236
141 2245 57
343 2490 114
663 1414 32
117 3242 202
702 2996 444
814 76 89
779 2571 72
197 1539 71
1141 191 44
1410 318 234
1805 4329 12
1576 170 66
465 3032 33
1539 2926 12
2081 2358 427
683 418 307
173 884 57
256 4833 73
2265 2741 72
1132 76 89
448 355 72
816 72 71
1237 490 159
347 3905 34
198 3897 56
620 568 333
1151 311 125
731 1251 12
1138 299 364
2260 1451 75
92 497 307
1176 2560 89
713 3971 338
992 124 105
1686 3847 386
483 447 181
711 25 79
1244 2511 391
379 455 107
339 4235 404
1396 1378 371
1189 148 453
917 1994 231
1875 5526 44
332 3572 97
1 675 285
1131 3485 382
318 1207 72
58 1451 75
1737 4691 463
2273 4400 300
599 272 56
822 1624 57
71 174 54
1056 3246 348
667 989 137
1382 1378 371
1565 1558 72
743 4050 172
766 1203 57
720 5548 75
389 4704 12
1022 3731 25
635 3554 32
1372 4559 70
73 395 71
299 2641 42
969 510 404
1150 76 89
1132 2898 70
1577 542 396
261 1251 12
1305 99 70
268 5402 137
1401 1373 71
1693 3356 56
136 5320 10
1290 3076 24
876 27 307
867 72 71
1384 2528 449
490 318 234
900 3343 71
1810 3290 404
1578 643 364
1475 470 35
225 588 70
132 36 44
795 533 42
626 3054 24
235 1501 71
1344 3875 54
395 155 38
460 3262 89
131 3005 88
1153 1596 284
430 1591 304
1151 656 285
1949 1322 55
167 922 77
599 325 56
1059 2046 56
192 1359 71
604 1317 89
244 515 41
1203 3895 105
1681 3841 279
436 2526 89
1358 2080 92
1968 5589 322
279 767 78
999 5166 172
207 4702 71
862 469 295
1439 85 89
1399 2893 72
1171 1277 44
846 1193 72
656 3351 302
314 1194 116
721 2685 465
1120 1547 185
1454 76 89
498 3768 24
1380 4997 57
1220 640 12
167 2295 325
954 753 56
477 101 307
270 772 89
2184 2266 412
670 4232 74
1153 2425 369
2206 319 57
549 5088 82
1186 1004 303
570 628 174
1863 99 70
1092 79 353
2095 1463 73
635 971 72
851 1990 213
702 1985 12
149 2065 73
54 4224 89
180 2654 89
108 323 89
1352 1839 24
984 2013 73
2261 2036 70
663 371 73
306 2905 89
1624 473 285
84 27 307
1216 4555 44
560 104 86
1845 1 463
108 272 56
1345 14 398
1009 17 43
2248 605 137
94 724 89
392 1662 19
2033 4465 89
361 3349 43
395 1164 208
286 2620 333
691 3325 301
2049 573 47
1181 983 57
953 1627 232
66 333 32
267 1014 35
401 2926 12
301 136 73
1172 76 89
1843 4368 71
808 3727 92
1718 983 57
225 71 72
598 1806 97
2186 17 43
1018 1461 5
377 483 72
1322 1880 97
2200 1928 404
1449 400 325
335 1331 457
2153 1846 163
1152 2945 292
1653 27 307
56 1822 464
743 1592 286
92 188 232
1154 3427 278
584 4635 57
1507 139 404
1578 770 313
549 1114 457
1050 9 475
1437 3360 295
1657 1995 56
1294 256 285
349 2991 71
977 1332 42
1966 196 89
40 946 113
363 2794 107
1391 53 363
1428 4217 396
1172 591 89
370 1018 375
1234 3509 89
396 312 42
1253 4198 278
556 1297 72
308 4338 89
946 655 89
1646 878 73
2090 4166 172
1930 2229 370
59 298 71
1174 2380 350
1126 472 100
700 2377 56
509 29 12
1821 2021 457
2228 3174 214
67 358 279
121 97 71
1372 15 386
1745 2295 325
1115 2900 127
1774 4777 356
553 3366 260
842 1217 338
1039 1759 442
2198 2256 468
1262 2774 72
1200 3185 206
1537 1990 213
874 1277 44
546 506 215
955 2982 210
492 412 200
1718 68 71
384 1014 35
945 4028 38
2280 2188 75
925 3361 363
92 1436 34
1215 4448 56
114 1231 276
1146 72 71
523 769 107
62 1091 73
1790 85 89
1074 1195 89
1391 295 341
668 770 313
89 3978 101
135 337 87
1492 4647 409
1262 1874 43
1640 412 200
258 4533 409
550 2725 376
197 2311 56
136 3268 91
1191 1678 386
585 3477 33
643 418 307
1104 3898 213
131 85 89
93 520 89
287 1314 303
496 1046 206
1603 97 71
1452 4600 314
1038 2077 465
706 341 137
923 1227 318
678 1297 72
566 4342 73
583 1963 71
1419 129 359
511 1540 89
628 2120 43
163 543 172
794 5186 185
87 200 109
512 95 56
1055 97 71
1705 2337 473
52 391 89
563 4051 172
84 231 72
1295 81 451
645 2288 151
1312 591 89
1020 1 463
948 4475 370
347 3448 44
762 5183 219
455 1973 115
1588 4198 278
71 76 89
1860 4997 57
230 761 57
1044 604 55
593 3474 232
851 447 181
780 1940 10
1044 1254 285
2184 542 396
192 279 457
563 3351 302
1637 2613 206
22 380 70
208 523 57
1366 307 43
1834 1307 439
1651 2059 206
92 513 357
197 386 32
2116 3326 404
769 1519 71
1761 125 258
1709 1018 375
969 1113 89
1600 748 44
29 3472 33
997 2526 89
1380 5118 333
1270 3394 54
67 355 72
909 4543 86
1173 484 206
272 336 33
1357 314 119
389 3568 278
2044 3437 42
613 44 43
920 4446 40
516 1251 12
1742 114 72
1213 318 234
1195 4494 258
1452 319 57
900 2042 318
1344 1972 89
1145 915 57
1428 4051 172
1583 721 89
278 4452 93
955 17 43
21 52 307
779 1249 72
1138 1249 72
433 844 40
352 3041 103
1276 4688 117
6 888 71
311 74 424
907 182 72
2071 640 12
263 5460 33
1185 4818 386
1587 324 38
1516 420 190
94 606 9
173 302 71
1032 5096 303
1245 982 56
388 728 113
1133 3724 38
718 498 190
1624 272 56
979 1887 73
1852 879 57
157 3205 98
1693 2130 107
979 2675 254
615 2167 57
525 325 56
401 728 113
311 2926 12
848 4269 364
695 98 70
1388 847 291
620 772 89
408 380 70
351 70 113
355 1573 12
70 745 71
97 709 137
1269 980 113
215 1075 12
28 1415 97
1060 581 51
115 211 361
1442 655 89
1870 16 43
2243 436 303
1488 4535 369
1531 4346 10
237 1662 19
358 1566 403
1120 396 185
1482 2077 465
617 2388 73
1700 1154 97
826 1004 303
92 47 71
93 60 200
1008 3163 233
1153 359 56
939 3442 318
1353 4490 104
614 1605 54
1484 1942 202
71 978 57
1690 97 71
516 2973 72
1043 1488 139
1842 144 72
1055 92 38
306 836 312
736 709 137
1304 3174 214
1145 36 44
831 2528 449
1963 1344 137
382 531 15
810 605 137
192 4098 70
1393 588 70
1493 892 54
9 1018 375
1296 5092 303
1035 174 54
1817 5019 89
304 1205 132
1622 2484 73
767 61 129
1803 931 406
1059 1451 75
205 4082 56
1879 744 361
1484 380 70
249 316 32
159 2668 281
1619 1656 250
1536 1136 303
773 76 89
23 2254 468
390 530 12
874 2456 24
1615 380 70
1536 4051 172
1555 400 325
1572 292 363
341 33 32
480 2549 291
1635 5081 391
604 3593 260
1248 183 115
240 903 62
233 2456 24
94 272 56
1183 1 463
492 3139 285
1711 277 316
819 2301 57
2221 3702 71
409 568 333
86 3201 72
66 1344 137
998 568 333
1525 1146 33
2228 2866 57
822 1146 33
1466 1951 300
753 447 181
1842 2736 44
13 4554 43
1188 2791 92
261 640 12
547 906 370
894 3748 316
2176 76 89
1692 764 143
188 3184 1
1369 5122 267
509 167 41
1222 1374 363
658 299 364
1472 1249 72
43 288 33
1615 37 138
2088 4258 320
87 1430 55
989 1422 56
1195 586 12
1208 1055 89
70 610 173
1132 159 457
1295 216 276
1178 1201 72
648 4419 44
670 705 384
1352 1573 12
1350 3271 377
410 754 42
772 2228 57
77 2371 73
254 3130 97
1144 4856 71
856 3876 56
1858 361 333
361 483 72
845 1639 172
1324 4998 71
1155 643 364
516 1870 181
691 1859 437
747 804 72
487 1936 72
1817 2664 72
1064 751 295
117 211 361
1284 2653 89
1367 323 89
909 2183 70
283 68 71
229 944 42
1159 358 279
1233 1735 41
1745 4026 364
965 915 57
1235 4810 210
369 1578 214
1513 289 56
1526 764 143
333 987 285
1927 482 70
139 4366 271
978 4368 71
2015 1860 89
1018 1154 97
869 177 12
1939 11 276
1059 4933 54
451 2097 73
1699 2444 12
596 1258 73
1334 139 404
1760 577 105
866 440 10
917 916 107
1459 2844 276
1328 1071 12
195 2697 70
2250 5001 210
677 485 72
497 407 104
1810 358 279
310 770 313
256 646 42
1318 1702 78
693 4952 42
1719 400 325
1669 4399 104
1008 2648 471
1167 2804 12
1271 3990 303
1709 2692 150
1403 379 209
1235 2561 206
547 3921 57
1159 698 333
1053 1853 201
1384 1467 43
1826 3051 42
996 314 119
1569 2955 370
410 724 89
1035 4978 71
1335 3609 33
726 27 307
230 1634 96
1475 640 12
202 823 307
1760 614 113
1733 219 71
1522 855 71
1030 770 313
1245 3639 71
283 2184 55
534 3580 206
273 200 109
1938 2863 12
955 140 253
712 621 12
835 754 42
1823 1969 89
1036 515 41
1858 3128 468
1144 1817 72
507 349 90
721 5318 29
1115 687 9
336 1566 403
2255 3177 456
2013 501 44
1526 1254 285
999 106 120
308 1194 116
1547 1209 89
1311 4216 278
871 2697 70
332 2459 71
1829 2701 137
1098 5192 325
780 2896 363
166 2250 111
97 388 402
1602 1526 137
674 505 57
1264 2087 97
862 1038 398
2017 4998 71
698 3829 206
1358 2340 303
1367 1901 285
373 697 57
1478 555 71
509 3005 88
1481 2239 205
790 2471 71
436 529 252
367 3664 33
427 3144 89
1201 4825 94
1487 4198 278
1140 237 71
1885 3361 363
360 2521 85
504 2306 296
799 1696 89
150 865 303
1213 3355 70
272 3356 56
303 75 89
1146 5285 184
339 582 85
1153 4072 450
1408 1386 33
1367 1459 364
1358 68 71
571 2057 53
785 3777 353
1276 777 71
1748 2474 71
430 1748 307
1141 2365 213
1316 3266 307
2147 85 89
483 2520 404
1249 4198 278
92 324 38
904 4606 316
376 2686 72
683 121 89
199 1247 57
222 914 353
202 400 325
1011 252 363
145 1940 10
1360 5106 97
620 3240 38
483 4269 364
1428 3789 201
1203 3966 83
661 3388 468
983 865 303
291 1128 73
613 3764 110
1346 710 89
1384 3535 71
1578 2012 57
249 3276 177
1250 774 32
1295 1312 458
209 2222 88
989 539 55
939 3085 71
298 1891 206
469 313 421
925 3108 75
668 3813 481
1472 3936 71
1257 1032 43
1116 891 137
475 114 72
246 1773 71
2273 2071 258
517 4284 32
1147 377 54
2029 5539 43
584 3621 34
1584 4652 348
2072 27 307
631 4051 172
1635 211 361
2246 1558 72
1496 1167 206
543 2804 12
1111 4624 113
677 2791 92
536 617 41
151 527 71
1645 555 71
1963 1213 143
2184 647 303
134 2376 43
1577 568 333
1203 4550 412
247 3554 32
1209 4513 387
2195 482 70
1213 5503 70
1528 4720 324
414 1813 357
83 4399 104
1218 360 57
1443 5029 115
513 1911 54
673 5290 79
2033 136 73
2023 835 72
689 1704 33
1771 1712 71
2015 5107 71
93 3199 31
2176 1094 73
299 1096 396
1524 4729 256
1793 2956 71
2103 3934 56
917 400 325
270 562 40
1288 3016 112
1200 61 129
755 3948 122
1185 807 108
280 2345 57
67 2620 333
31 4145 24
90 2161 9
2184 860 172
179 3230 73
78 348 71
794 5435 185
565 3084 333
130 627 232
346 29 12
1482 3445 40
984 4350 355
948 114 72
1535 1939 12
1705 148 453
395 289 56
1633 5019 89
1053 3 12
1855 761 57
1234 1842 70
1077 457 87
354 3329 12
360 2327 213
216 1539 71
1197 1184 56
187 1385 57
115 4516 48
368 3952 71
718 2654 89
2010 136 73
1040 1060 457
973 1322 55
197 4003 9
1482 388 402
1024 874 73
38 2846 43
640 2626 325
2221 393 71
1596 1977 87
679 4351 206
2001 2152 215
699 4810 210
578 3339 9
587 1234 107
537 761 57
389 2361 104
693 767 78
1287 2027 439
663 5361 72
290 777 71
368 1046 206
997 1639 172
1528 3394 54
110 2082 28
1478 797 39
1021 2607 12
1169 4974 241
240 915 57
90 1262 117
1200 159 457
1665 475 89
1032 188 232
361 2799 303
529 217 71
1246 3772 105
1020 114 72
134 440 10
683 822 24
969 1295 374
699 68 71
205 222 182
180 1277 44
1539 1251 12
1616 580 66
946 193 43
899 258 71
1078 144 72
1303 1985 12
1375 4258 320
948 396 185
902 467 107
975 2507 370
1085 318 234
1437 2744 70
155 4452 93
1176 3488 89
876 235 32
1807 886 71
1272 1260 260
311 1234 107
1595 568 333
45 692 89
413 347 40
1568 4579 70
636 673 120
1868 983 57
1936 4176 10
1269 289 56
1553 801 187
1312 3778 71
1640 29 12
219 136 73
1441 436 303
1115 787 201
875 2269 43
1481 4236 404
1598 4419 44
186 1052 190
1499 3534 89
947 29 12
1549 3083 232
1834 4915 56
435 2852 302
1542 359 56
1222 1249 72
1209 174 54
797 1174 145
521 4040 23
1533 842 57
301 208 32
130 2345 57
975 29 12
1472 676 118
1141 92 38
860 258 71
818 27 307
677 888 71
1477 180 78
955 2720 24
1299 1297 72
173 5149 294
955 4695 50
727 1087 92
1116 3802 113
1204 4849 12
998 4399 104
360 221 89
744 17 43
97 835 72
1825 2071 258
343 245 95
672 179 49
1744 564 91
1311 2228 57
373 1574 285
1066 3662 10
1760 903 62
1470 539 55
989 3418 29
157 3340 318
2218 2666 226
1923 616 271
212 1579 12
1545 4406 189
2072 2158 89
1017 1046 206
381 1235 89
900 4021 279
299 29 12
812 5535 44
2185 136 73
902 2613 206
92 1925 402
1841 787 201
1967 295 341
1159 764 143
940 101 307
395 2413 71
854 733 213
459 3538 453
459 1085 57
74 606 9
1774 689 56
1720 1384 71
835 1509 310
26 327 43
115 1969 89
1963 4061 70
581 272 56
1358 679 363
176 2104 284
1645 1382 72
1639 454 56
1436 2454 190
1455 3568 278
1058 2370 57
1790 417 92
449 98 70
330 1646 89
130 1444 427
540 756 57
1300 4857 285
986 856 149
2033 937 361
370 1206 32
939 1223 185
550 2531 89
797 4800 185
1067 1073 434
1855 1207 72
970 710 89
32 1747 78
424 610 173
2185 1331 457
1531 962 89
714 3089 232
1469 152 70
1299 1645 206
1455 518 363
489 1227 318
1590 5083 358
1246 912 181
1327 4371 10
2233 2885 89
1044 627 232
1664 363 71
1405 804 72
509 2804 12
515 1046 206
1022 875 73
117 301 56
794 1260 260
1265 111 43
867 101 307
108 712 89
1522 2 75
187 205 70
1846 4419 44
750 2923 185
585 1999 12
1309 687 9
106 1207 72
1046 1637 201
891 765 24
1534 835 72
358 153 71
913 311 125
1134 4454 206
1131 1087 92
515 1231 276
1441 1364 60
544 860 172
237 573 47
283 2617 33
2 319 57
511 2923 185
1181 179 49
749 162 38
689 3572 97
1114 3965 105
974 730 89
1439 5357 76
1439 983 57
846 3865 320
566 2879 98
259 4468 278
1145 269 54
1201 98 70
553 839 57
955 3931 75
1740 418 307
1569 2662 71
1770 2158 89
1668 88 276
1055 364 276
675 200 109
869 2440 397
422 205 70
272 175 104
1944 256 285
1645 379 209
1050 1979 89
136 721 89
543 5275 57
1491 3542 185
1290 371 73
1344 2427 56
1378 3227 371
695 472 100
1531 1502 157
319 85 89
1247 1295 374
687 4929 57
2038 2556 457
808 192 57
1064 101 307
60 121 89
1644 237 71
1992 400 325
1068 101 307
250 3756 187
689 2934 97
1035 3927 71
1631 1060 457
1325 4662 201
1817 136 73
727 455 107
656 472 100
566 3144 89
193 85 89
256 1209 89
436 4469 89
587 1580 209
33 147 56
237 582 85
1258 3317 156
927 564 91
1073 1347 306
1235 363 71
744 400 325
1144 379 209
615 3363 303
789 2628 57
1234 245 95
1358 1712 71
654 2254 468
576 2628 57
96 2137 176
1099 272 56
1462 5311 259
787 643 364
1848 454 56
1296 678 259
1925 494 359
2030 2744 70
1222 3256 48
1065 4798 285
478 1979 89
2104 1114 457
401 718 107
814 3576 12
1868 29 12
1679 3893 63
712 4654 278
989 2656 55
747 606 9
1085 4056 57
556 3632 89
746 501 44
468 546 89
388 4617 91
111 1742 72
1139 5583 479
20 2895 444
899 860 172
1481 996 303
1566 568 333
55 1821 43
1435 415 359
466 2214 71
1295 2647 276
1469 1526 137
1395 2670 287
1104 1249 72
1878 1285 3
340 1739 57
107 596 164
244 772 89
1482 1226 457
969 4926 453
183 2634 88
1798 720 54
915 1331 457
1166 3126 246
1226 916 107
549 15 386
687 4998 71
1512 621 12
1839 3399 426
288 1619 40
923 70 113
1 1738 25
910 2947 24
1149 722 89
110 1977 87
1801 2755 303
795 1410 12
86 5249 57
1188 2728 55
1123 2572 95
1213 2326 159
2015 68 71
289 1800 56
2200 201 162
2250 4073 159
1247 1210 307
913 1474 305
412 139 404
2228 3279 42
18 538 172
1705 1465 70
1216 929 55
324 4344 72
1605 2132 33
1320 121 89
1718 767 78
25 803 43
63 3260 57
284 277 316
1449 418 307
869 838 423
471 2905 89
1146 1046 206
1070 1315 303
541 4839 71
742 101 307
390 2489 307
39 2328 107
194 250 89
744 472 100
600 617 41
326 205 70
629 3448 44
711 26 109
1742 4427 406
492 5096 303
1141 764 143
848 1142 120
798 1112 73
114 252 363
891 159 457
127 697 57
242 2305 18
194 793 44
945 2865 104
194 2297 79
374 2284 75
1123 628 174
216 710 89
329 111 43
1599 1657 190
1144 1939 12
846 2596 54
877 722 89
54 1043 70
522 779 143
1324 362 71
1229 3457 258
824 852 221
1644 1624 57
1504 1911 54
774 1096 396
1102 2678 24
1002 2400 55
1340 148 453
52 4051 172
2185 205 70
140 3907 33
1318 3554 32
245 1006 286
233 4999 25
1141 1466 143
1134 400 325
842 1090 71
867 245 95
1440 3716 185
1311 262 318
412 470 35
56 192 57
2155 5338 363
1136 1558 72
1318 457 87
1021 5194 278
1000 1564 449
1451 1341 143
1842 831 117
188 3019 137
195 3115 12
936 3598 55
303 484 206
1565 5319 186
28 3002 316
1270 4411 303
611 2304 359
1393 4997 57
1333 1712 71
1844 1913 52
829 216 276
955 3506 33
1 17 43
1016 1508 316
969 189 202
1531 2140 32
1736 1041 370
928 2379 457
1729 62 82
114 1914 232
40 501 44
2279 1860 89
837 72 71
2265 593 42
430 3246 348
1343 1018 375
714 1235 89
693 477 89
1290 97 71
1320 2094 71
798 3624 172
1748 3327 192
1667 76 89
1859 1274 167
1809 400 325
917 3688 143
1302 205 70
743 1410 12
1796 5216 103
1609 2657 12
1050 396 185
1065 1471 73
1365 5180 295
975 906 370
651 1251 12
339 2047 56
1168 1294 375
654 3640 162
1065 4257 70
1349 945 165
121 76 89
1352 2379 457
753 4757 271
1632 3826 285
31 5455 12
2030 76 89
989 915 57
1820 1712 71
862 32 56
1413 380 70
1146 3151 57
39 3459 466
2318 1593 285
768 2782 246
687 3722 219
186 88 276
1493 3822 414
372 1573 12
630 3536 33
789 4013 57
2237 2172 405
164 852 221
12 1552 72
1173 906 370
217 2474 71
417 435 73
205 15 386
1586 2300 71
1173 70 113
647 3473 83
944 4557 172
1053 5467 43
140 762 33
1233 4546 89
1302 1331 457
536 1455 40
1063 2959 89
955 3442 318
834 205 70
791 3853 71
1372 2254 468
2041 458 74
2221 1773 71
1624 3196 10
413 1661 139
1641 5025 37
1144 3427 278
6 33 32
417 561 107
1398 361 333
1316 3164 55
144 2311 56
68 1624 57
1476 4419 44
219 2373 288
1156 2441 138
1508 1968 318
1228 807 108
412 866 73
1622 5250 41
1270 4808 297
1927 906 370
725 2889 341
273 1037 24
1076 568 333
1790 2213 71
127 3156 453
1300 3427 278
265 3541 185
483 536 42
563 139 404
2206 3636 72
87 582 85
259 1471 73
1292 29 12
846 71 72
1790 396 185
888 1046 206
850 2781 73
1097 97 71
1407 4154 96
150 1815 34
483 2976 378
1237 205 70
1678 1208 437
1253 4561 278
1797 2473 97
233 76 89
1244 3014 220
2254 1275 142
475 1079 43
1216 3160 206
1093 5571 384
637 2083 56
789 3628 89
140 839 57
1011 3894 105
1272 3657 201
912 655 89
417 1937 307
1589 138 79
1138 5490 72
247 99 70
257 376 55
778 3873 137
1386 1693 57
1516 76 89
194 984 71
1032 118 44
636 1869 89
1 786 163
702 4932 209
1397 289 56
1367 2453 363
847 3339 9
1745 3384 303
1685 418 307
984 4523 44
791 191 44
38 1539 71
1350 1333 64
390 2620 333
228 2152 215
958 522 42
2231 605 137
1576 2183 70
792 4975 9
366 520 89
1011 245 95
975 92 38
1477 656 285
355 1418 25
1954 2666 226
1178 1163 118
2043 826 43
597 467 107
969 477 89
1648 1439 34
1395 2186 78
130 76 89
396 205 70
847 2279 79
1290 136 73
913 5454 260
1275 844 40
1109 840 386
330 1445 73
984 1285 3
1296 88 276
2204 361 333
1186 211 361
135 85 89
618 895 38
330 211 361
1274 842 57
240 4801 12
247 526 47
1 1414 32
668 2456 24
2099 591 89
247 485 72
415 4579 70
1363 448 333
1428 4570 342
41 277 316
2250 4126 350
159 272 56
1111 186 137
974 1353 71
25 68 71
1954 2972 303
872 447 181
2179 751 295
1125 826 43
228 3089 232
1709 245 95
68 1591 304
370 1572 206
374 15 386
2301 4278 32
91 568 333
388 3405 337
2041 299 364
163 4368 71
1206 568 333
415 140 253
320 1419 73
1066 346 137
140 520 89
1839 2701 137
490 603 71
151 2068 107
2178 1538 285
634 29 12
430 2340 303
1178 744 361
1268 982 56
191 3667 71
840 3900 295
14 1671 206
256 5311 259
1206 3473 83
2118 3935 57
1228 2437 246
240 4691 463
648 3032 33
744 3531 285
368 316 32
1227 5378 210
1237 518 363
110 3573 470
373 568 333
1803 98 70
328 3321 117
440 1912 117
516 3202 82
1257 1500 56
753 1880 97
1299 3651 189
1636 538 172
536 1418 25
92 4152 278
583 2828 12
1405 697 57
818 3772 105
504 76 89
1148 698 333
1903 1046 206
52 298 71
1401 5181 316
808 3488 89
1572 2663 71
193 114 72
824 3041 103
1981 101 307
1228 4960 246
1488 2001 89
2099 2151 264
1 941 33
1312 4039 278
584 17 43
1150 5194 278
2246 3427 278
1188 4408 56
1384 1153 199
25 810 43
1140 147 56
1360 3528 108
948 202 56
1926 3467 237
30 807 108
769 4144 71
1376 76 89
259 980 113
1108 418 307
1654 4983 258
1863 988 137
2012 862 285
158 2279 79
1441 1535 73
2072 2838 44
338 3368 89
1155 661 72
1069 2969 55
1209 1446 82
790 2301 57
25 3835 190
2016 4360 45
2111 5217 457
1735 99 70
1272 2372 218
1948 524 71
524 283 307
1168 1143 295
1144 1199 56
1356 1594 42
166 3427 278
1939 3410 333
1469 4711 70
1317 58 147
904 3010 86
350 1439 34
410 417 92
39 318 234
1317 71 72
982 447 181
233 5541 8
836 447 181
649 4883 72
1289 681 303
903 400 325
504 2125 355
1126 2466 363
373 4509 57
1817 844 40
1493 820 40
59 71 72
616 2799 303
225 68 71
2302 272 56
1200 912 181
1003 4765 241
2200 586 12
1863 2289 89
1407 4275 73
1302 5059 246
546 379 209
1908 568 333
490 750 70
391 2622 40
1869 4845 336
1438 1802 34
1651 2543 246
989 515 41
222 676 118
131 1356 56
123 611 285
194 501 44
1592 578 10
520 1451 75
1276 1254 285
600 3524 78
1486 498 190
114 604 55
205 634 70
2094 4358 230
1218 1246 75
71 564 91
1437 2460 46
424 781 453
412 1320 295
1137 808 24
381 1613 213
546 2239 205
1188 1359 71
1237 2101 103
2107 470 35
1410 237 71
1847 458 74
1723 792 231
725 4101 89
504 141 72
1067 435 73
1901 2012 57
851 1632 71
1904 3554 32
779 3871 449
1574 4241 12
71 1515 89
1189 594 112
743 211 361
1314 928 12
2209 1920 206
151 1234 107
240 329 56
795 28 47
1026 1050 136
1056 531 15
934 140 253
2065 501 44
840 3427 278
1442 321 190
732 1436 34
1445 522 42
1025 1331 457
1084 1722 71
671 15 386
564 1999 12
1664 2012 57
671 53 363
771 761 57
1233 27 307
460 2999 72
1 568 333
616 355 72
691 3254 71
1969 498 190
1867 1542 112
934 76 89
947 2352 258
656 1817 72
1360 2046 56
1451 1138 29
618 175 104
795 2690 12
1406 305 159
195 3935 57
2085 932 75
50 4103 33
1693 4142 89
1356 28 47
1044 2628 57
835 3427 278
671 372 285
1309 97 71
799 1033 73
1702 4993 174
516 2001 89
67 2751 213
1485 4600 314
1024 358 279
1568 69 71
495 412 200
139 1386 33
115 2472 89
2289 415 359
580 27 307
1391 2026 307
1017 772 89
313 146 33
1096 4035 111
231 76 89
351 79 353
1125 1659 382
1226 2361 104
45 2366 290
297 194 333
436 640 12
689 1275 142
1656 400 325
1383 4079 258
1011 4969 44
147 1692 73
1153 1046 206
948 298 71
904 1034 54
301 2420 404
390 360 57
1380 1083 67
15 1197 89
1801 419 286
145 2785 205
1139 68 71
396 4525 307
1410 2617 33
537 1974 97
1540 1170 56
1065 4696 405
258 4896 130
804 2704 202
1469 1344 137
395 1495 73
844 29 12
1856 76 89
230 746 303
1375 4936 406
807 3281 70
1875 2500 206
1354 3010 86
2079 2070 57
1190 125 258
1862 4809 454
108 1632 71
1940 881 452
510 1049 32
610 322 190
27 1978 87
212 2228 57
707 2262 88
917 4030 57
607 1687 72
810 3718 55
851 139 404
1563 3475 70
1355 298 71
736 114 72
1160 728 113
1852 1654 354
1326 4509 57
737 932 75
536 2479 89
1793 4399 104
1481 1165 138
1385 101 307
1020 651 453
80 693 436
250 2326 159
1403 1063 457
71 2799 303
1798 2260 251
691 323 89
1672 3427 278
820 76 89
864 47 71
490 1080 96
571 2195 10
996 585 89
41 1417 72
2321 3723 297
1077 244 71
2027 1621 32
1644 3123 89
2080 629 275
427 3445 40
1539 4393 185
623 1637 201
1858 1295 374
543 1594 42
496 114 72
2114 3599 88
734 4025 55
597 316 32
802 314 119
621 3859 56
361 1346 89
1916 761 57
1147 2406 65
1624 138 79
496 633 271
719 98 70
651 2985 114
544 32 56
1439 177 12
463 1013 24
1495 92 38
1133 655 89
799 873 73
1586 1343 318
740 2744 70
2309 2005 107
436 3421 25
1626 5247 71
1829 396 185
1676 94 276
687 2132 33
387 393 71
2105 5066 278
1230 400 325
454 483 72
725 101 307
2021 1346 89
301 415 359
1032 2563 203
894 1783 42
638 1755 72
846 482 70
1377 3882 304
2132 1417 72
2301 4236 404
481 1853 201
834 3326 404
1581 5247 71
550 764 143
2103 3834 350
1596 752 44
1115 575 63
488 2309 47
1774 1080 96
949 529 252
1480 1330 457
1128 1249 72
1216 3647 206
376 2575 118
1186 174 54
419 327 43
1672 4445 465
818 447 181
1182 36 44
355 3427 278
565 782 44
1542 2647 276
18 856 149
1906 3726 58
1615 5392 32
1089 1417 72
1172 481 190
2038 1226 457
713 3686 71
630 895 38
389 448 333
94 82 34
217 398 89
188 962 89
2261 101 307
1646 3427 278
1162 1846 163
2024 68 71
961 2950 54
179 77 91
809 3987 276
783 202 56
1487 855 71
1217 1021 341
1401 84 190
1212 68 71
1059 5440 316
1403 1609 10
1055 5068 278
370 4758 278
647 1095 57
1954 2689 79
1512 523 57
1957 1723 71
1160 4556 73
526 468 78
492 2799 303
842 2889 341
1070 1739 57
127 2979 89
542 590 89
651 5299 72
59 306 72
1287 2590 271
850 4153 206
677 2046 56
907 1785 318
647 773 171
723 3268 91
525 2790 359
1308 1450 75
177 5117 89
1328 3974 474
449 4635 57
1132 1984 271
163 4509 57
444 289 56
1841 1454 144
1205 5593 31
2196 3146 115
594 657 185
999 2580 259
403 3442 318
900 139 404
888 327 43
1506 4813 75
587 2422 327
346 606 9
279 101 307
97 1750 9
1631 5266 463
1209 3126 246
2285 159 457
97 545 162
2307 3367 235
480 2379 457
1000 118 44
1209 4938 172
215 1754 73
1654 4210 258
1045 245 95
1308 1249 72
388 400 325
1384 4117 347
324 1719 12
1360 711 89
242 3328 32
452 15 386
453 2108 377
355 2119 57
1379 1548 185
864 1115 121
501 139 404
1226 580 66
311 3259 71
2252 2778 6
689 1326 108
972 4789 49
755 1949 335
540 76 89
1972 1880 97
1587 2660 107
742 2456 24
1140 5033 43
1437 159 457
991 277 316
1296 2100 113
984 4039 278
240 4399 104
1361 106 120
1438 4578 278
588 3380 73
961 388 402
1494 2666 226
1236 2 75
1266 396 185
1011 3427 278
147 1609 10
955 2143 258
888 2790 359
543 4061 70
838 5191 295
553 2542 120
319 3272 64
513 921 77
195 2192 70
1503 2276 359
135 298 71
413 304 219
483 4584 378
1179 390 163
1272 5069 88
247 1091 73
1488 159 457
610 2663 71
648 2334 33
331 2458 181
71 2760 222
656 68 71
1275 1504 71
434 1613 213
1054 29 12
1700 3427 278
183 26 109
310 50 386
1530 1096 396
1668 447 181
2218 436 303
149 1461 5
636 787 201
1281 1195 89
1160 5169 57
743 2926 12
1567 2954 89
1159 4730 386
1438 161 47
159 2156 31
363 501 44
737 1132 72
955 1712 71
3 1066 89
1609 4639 208
1356 2309 47
931 643 364
1389 1471 73
523 2950 54
455 3015 97
1302 2956 71
1162 5180 295
834 5278 184
611 722 89
1853 1854 79
648 1963 71
1639 76 89
203 3040 42
656 3573 470
278 272 56
635 5287 415
1371 447 181
841 97 71
360 3959 72
1560 5199 406
1095 27 307
108 1806 97
879 590 89
675 4415 31
779 3425 56
1460 401 159
1134 4399 104
1155 767 78
433 685 40
431 27 307
447 4331 13
807 2754 24
1751 472 100
1349 983 57
1578 2879 98
332 2186 78
192 1649 89
1233 4161 185
1542 629 275
2297 3895 105
1398 327 43
1582 633 271
74 183 115
483 4909 12
699 3089 232
889 393 71
324 2664 72
1141 289 56
867 4201 285
1384 72 71
2132 2905 89
2092 27 307
549 379 209
1996 2471 71
140 4102 32
264 313 421
419 787 201
1791 162 38
324 1471 73
1669 616 271
1064 98 70
1275 5225 276
1101 709 137
172 838 423
1410 4 71
335 139 404
52 3486 382
886 1046 206
868 3602 295
425 2284 75
779 5043 238
1218 4163 75
300 114 72
747 3079 42
511 1951 300
1902 840 386
778 228 72
799 379 209
71 2627 70
399 1691 70
743 98 70
1140 4304 135
1700 4066 57
2148 29 12
498 1573 12
115 82 34
303 526 47
1222 3005 88
1603 183 115
2238 4049 303
365 400 325
917 2637 307
1410 810 43
711 3011 143
1395 82 34
328 675 285
814 2389 33
247 4580 89
1269 16 43
1796 161 47
1166 2327 213
1298 377 54
1598 4470 10
1361 1254 285
261 1234 107
1084 243 73
496 1226 457
54 267 89
1022 3160 206
270 988 137
427 1913 52
227 902 43
768 205 70
861 1763 109
1 1664 56
246 2318 82
939 88 276
1673 98 70
1249 2648 471
1344 472 100
637 29 12
92 205 70
1013 1253 73
617 1815 34
1027 2861 107
1925 5297 392
368 77 91
1231 3488 89
1325 216 276
1561 5553 129
1414 3060 57
1825 640 12
265 802 107
1798 5127 72
1228 97 71
279 1716 166
1892 2600 31
409 3469 137
1055 3346 78
1709 400 325
490 3469 137
1018 4019 89
180 1494 206
1066 1200 71
1746 2748 43
1036 2834 55
794 843 372
1419 2856 359
1093 3865 320
1272 5315 261
1591 1541 137
1739 1073 434
2007 4922 333
1081 279 457
1407 76 89
94 68 71
1082 1910 72
1839 2358 427
2257 101 307
498 379 209
1274 1682 206
891 3626 89
2289 1258 73
483 2358 427
939 205 70
257 4903 132
1765 216 276
467 2474 71
54 3150 89
1139 4481 384
2137 4444 95
1423 4471 91
780 767 78
605 3045 41
1221 2328 107
1211 262 318
1648 549 89
2250 3224 209
2188 1249 72
210 116 42
839 5408 73
2084 1226 457
467 71 72
504 709 137
97 5163 31
1170 400 325
793 76 89
509 4303 57
457 437 284
837 1451 75
1442 764 143
1406 5280 67
1638 96 252
361 4834 92
851 142 57
90 2023 180
912 1940 10
452 136 73
247 543 172
103 211 361
1982 136 73
1181 878 73
512 1675 325
1723 983 57
1258 4490 104
1886 99 70
1174 485 72
1733 2409 10
414 2666 226
168 380 70
1692 1504 71
247 1201 72
1751 3765 73
108 392 89
523 4439 73
1115 206 188
2015 2261 208
1727 3312 100
889 1249 72
402 1409 135
194 528 89
1578 506 215
846 2895 444
1353 4746 65
418 2491 332
360 1531 71
888 1538 285
76 399 213
876 5215 463
1310 906 370
2250 3716 185
64 98 70
406 5173 70
71 1938 24
779 3309 386
1499 1986 6
623 27 307
1666 181 453
638 5462 108
381 400 325
798 205 70
926 983 57
67 634 70
538 1519 71
242 673 120
108 2968 56
936 181 453
704 710 89
1 4781 43
51 656 285
430 4875 64
2247 4426 214
790 1251 12
1324 891 137
1347 29 12
1368 1331 457
1166 2829 87
1429 3696 24
733 440 10
1155 1459 364
428 4064 13
423 2323 75
1048 4586 12
374 841 40
1123 363 71
513 4389 57
508 419 286
1736 2474 71
426 2485 42
1222 2722 101
1053 2851 78
2186 833 307
1806 1115 121
1087 2878 285
217 1194 116
810 2291 72
33 1735 41
1038 507 404
711 2412 43
330 2804 12
351 261 12
879 447 181
51 245 95
1143 1712 71
1115 3200 181
432 1046 206
28 108 71
626 208 32
689 1387 57
124 682 264
2002 1277 44
1379 2688 71
831 3089 232
1219 3185 206
1288 5014 363
1365 1233 57
1020 4368 71
114 1985 12
1439 6 160
1026 536 42
454 1354 72
1831 3571 370
1159 2347 73
14 4084 56
132 892 54
2189 440 10
169 1076 415
67 3417 136
1362 1226 457
1977 2311 56
14 76 89
1503 37 138
931 418 307
436 3052 12
1232 145 56
1061 439 285
317 99 70
209 3186 142
862 1712 71
548 1146 33
222 4057 70
1278 538 172
1244 3072 416
1560 1069 89
390 761 57
206 1041 370
1227 2361 104
1774 4109 29
626 412 200
22 5129 72
693 693 436
610 176 104
578 1 463
989 3355 70
1066 4658 275
131 29 12
1507 818 406
830 3087 457
1138 1143 295
1348 4517 21
1318 4954 34
989 3382 73
436 1992 134
1020 98 70
542 136 73
1737 1079 43
1140 622 56
850 371 73
1147 766 78
1746 570 12
872 1296 72
246 1382 72
617 4447 278
1251 4943 42
1824 319 57
1420 2770 56
2270 843 372
943 500 44
333 792 231
1150 2701 137
414 2420 404
286 447 181
58 76 89
1235 379 209
1153 379 209
1475 895 38
1306 895 38
1221 216 276
1658 436 303
689 138 79
922 174 54
882 3689 89
792 2184 55
78 1121 70
266 2704 202
1864 3990 303
563 489 72
795 29 12
251 2961 370
193 2381 94
638 206 188
1058 1549 43
1462 851 84
698 2439 177
1270 2123 71
207 527 71
253 2335 56
236 3737 56
1281 840 386
206 32 56
1469 205 70
975 1233 57
989 4869 40
948 1409 135
1793 1175 415
1244 936 113
419 498 190
1248 314 119
580 1032 43
325 3340 318
1565 1615 38
1314 2027 439
1837 71 72
1462 3345 271
358 2281 70
939 2770 56
147 3336 10
889 4320 292
1338 367 12
1214 754 42
111 3144 89
683 98 70
66 351 89
301 272 56
1302 1468 72
922 4450 213
1159 4910 168
544 2539 411
230 1092 43
1619 1044 17
864 2478 120
1294 4487 375
654 272 56
1516 32 56
668 2628 57
1895 2127 71
159 27 307
206 2225 44
1003 401 159
1740 1603 107
1410 3907 33
2052 1712 71
299 1175 415
452 97 71
453 4945 12
1393 4673 206
1868 2296 12
1270 277 316
1561 912 181
141 751 295
1140 2317 47
365 1292 4
10 1679 386
807 3134 57
1299 76 89
1344 5026 103
409 27 307
1569 2089 12
517 1395 190
284 444 72
92 3551 57
1612 1410 12
127 1855 79
237 3074 73
1245 2328 107
1088 500 44
425 686 43
1318 3922 57
266 787 201
618 655 89
192 5383 118
1602 2955 370
17 3422 89
1608 983 57
195 52 307
225 844 40
162 148 453
1612 698 333
1536 3895 105
1308 3058 82
65 1551 72
2008 1349 206
2261 27 307
799 3720 399
648 1078 390
1428 3520 396
387 2069 57
1035 1074 71
1395 897 137
1375 4790 363
1361 380 70
584 1827 43
1044 4154 96
75 3530 254
597 2361 104
513 2659 41
1802 447 181
762 172 12
1426 4892 44
1990 165 12
1596 233 292
192 3412 307
1172 988 137
693 1637 201
1486 3607 442
114 411 25
1363 1242 414
2077 501 44
920 4399 104
2195 79 353
614 114 72
744 1249 72
1581 3199 31
957 539 55
147 2064 70
339 400 325
1152 2510 370
1704 162 38
472 1292 4
1141 3541 185
808 2238 66
270 547 12
1272 5012 5
1232 4051 172
1024 4198 278
2108 2096 232
1387 3939 89
360 4739 213
436 2007 57
842 3960 33
68 2969 55
731 1278 144
130 174 54
1205 2801 10
34 361 333
791 1798 25
1110 608 43
1305 1202 271
2043 803 43
1444 617 41
380 1477 92
1221 371 73
851 3585 104
71 1032 43
703 1 463
194 138 79
94 5309 78
685 222 182
691 3612 466
1355 1340 72
1050 3643 361
155 4888 24
1305 4756 40
269 2374 421
137 732 271
810 2295 325
14 183 115
163 72 71
31 36 44
1720 488 246
1644 4476 29
451 2939 34
1070 761 57
985 196 89
1925 3141 318
654 164 111
644 68 71
1149 1547 185
176 439 285
341 1291 303
261 2885 89
1855 889 57
1248 1096 396
381 2102 104
1258 1613 213
821 2471 71
521 1696 89
1546 3427 278
1708 4255 453
354 29 12
880 1712 71
744 37 138
731 4068 33
2253 1386 33
1097 377 54
2176 458 74
1550 1841 89
1167 3394 54
145 440 10
432 1519 71
546 447 181
326 3812 182
627 412 200
404 76 89
1723 436 303
1413 2956 71
912 1331 457
1212 2099 43
1546 751 295
1030 678 259
2230 1893 304
484 5036 278
1925 1258 73
1617 15 386
1412 29 12
1131 1050 136
35 2687 38
332 3879 89
1358 764 143
1566 422 143
1335 2902 453
1455 1592 286
1638 1046 206
1022 85 89
125 2763 159
918 4605 128
93 1767 56
847 2635 57
989 332 32
169 2111 285
115 3777 353
1774 420 190
1516 5078 271
1283 1020 405
1172 2572 95
854 289 56
367 289 56
948 440 10
559 1073 434
349 379 209
726 818 406
1207 2302 32
1107 4288 278
4 3907 33
517 3242 202
1398 1295 374
303 164 111
498 807 108
1211 4198 278
278 2028 72
1580 114 72
438 36 44
28 3449 296
1017 1651 89
1182 531 15
1578 1201 72
584 3005 88
663 728 113
1044 3254 71
788 528 89
355 1217 338
1281 4357 206
1160 4302 365
189 967 91
437 211 361
1231 5119 57
1565 2450 71
691 828 276
773 3485 382
515 605 137
143 1015 355
731 4789 49
1274 1046 206
795 472 100
735 252 363
1126 63 71
1360 4915 56
408 1103 92
1646 4100 161
101 2400 55
2026 430 43
140 4802 56
1838 439 285
1420 434 73
396 3427 278
671 1984 271
1237 1748 307
1244 361 333
2302 1294 375
1444 1175 415
2057 15 386
955 3674 47
474 4555 44
1138 3046 159
830 436 303
1237 1671 206
1138 4055 42
1351 164 111
466 3881 75
1342 709 137
454 642 477
2190 912 181
753 367 12
760 3587 56
2248 2834 55
1441 371 73
795 447 181
93 4070 303
821 4553 406
358 776 195
1799 361 333
1198 619 72
183 3427 278
629 4302 365
1190 3606 403
362 2544 190
719 701 72
581 2036 70
2271 2989 267
193 2329 100
114 764 143
2182 4198 278
1568 449 453
654 3761 189
1368 484 206
71 70 113
1753 3010 86
1456 2361 104
470 746 303
1407 228 72
1607 1221 338
1537 1046 206
32 1742 72
1070 2697 70
1817 255 285
678 2001 89
1089 792 231
628 1529 91
1812 288 33
497 27 307
1355 847 291
257 1547 185
355 971 72
1417 4765 241
2104 1226 457
1681 5070 284
1336 174 54
617 391 89
1694 2941 404
490 1034 54
45 218 206
49 673 120
1066 4596 89
1184 1046 206
1195 2096 232
1969 3348 32
502 860 172
1692 2501 206
1349 272 56
299 1685 57
31 132 145
1186 585 89
621 3637 325
785 228 72
1250 1540 89
1249 2166 357
2212 2444 12
110 506 215
1141 300 57
1137 2620 333
2077 2774 72
955 777 71
530 1074 71
206 121 89
1808 698 333
230 193 43
343 313 421
417 3692 278
1405 4381 24
1983 3935 57
953 728 113
71 4009 465
790 1901 285
779 70 113
1413 4097 9
2118 4600 314
412 810 43
685 4489 451
1454 3542 185
199 278 354
438 2709 206
1221 4342 73
404 1395 190
155 2252 21
794 3503 303
605 3595 316
588 2302 32
1609 92 38
184 29 12
798 2926 12
283 97 71
180 4324 44
257 817 226
144 505 57
1016 626 56
166 132 145
1969 1199 56
1288 185 12
593 4997 57
440 94 276
2211 2001 89
182 4154 96
226 2779 32
1194 222 182
1440 176 104
1244 439 285
1953 4077 426
377 92 38
1544 635 271
273 1164 208
615 2062 24
1842 2212 32
362 2546 12
556 3121 84
1125 2693 431
97 578 10
1245 889 57
816 3842 139
529 2096 232
1202 5178 384
2086 1331 457
1631 1310 466
588 1282 24
1357 3568 278
173 3560 24
1197 519 71
1038 3027 409
719 2332 369
2061 183 115
2197 97 71
139 710 89
1276 1687 72
780 344 137
1296 864 260
58 748 44
581 3819 42
733 3247 414
974 2025 89
225 2584 71
936 322 190
1068 88 276
169 337 87
1049 97 71
504 591 89
309 1393 276
899 447 181
930 2778 6
762 676 118
289 2041 71
1068 1186 378
447 30 71
335 425 57
1923 2365 213
955 1552 72
1835 88 276
1000 655 89
1284 1598 70
1855 1249 72
1011 5253 364
605 4523 44
821 1938 24
656 2742 72
117 2756 285
1302 4057 70
1460 4962 54
315 956 41
419 468 78
380 3484 72
221 1914 232
1278 710 89
727 1057 246
1272 2341 185
1210 3298 350
1759 590 89
737 70 113
1925 3442 318
427 1455 40
656 3769 42
1318 4336 30
341 694 300
383 25 79
846 3395 71
539 340 56
1578 1965 57
1274 72 71
1233 1408 54
35 150 72
556 3517 276
241 82 34
1036 1934 10
1651 1349 206
1146 1228 185
19 44 43
879 145 56
420 1817 72
349 1083 67
201 1769 48
1572 358 279
1627 4921 332
653 371 73
691 3041 103
713 76 89
887 493 15
145 1724 32
1513 139 404
1066 777 71
1727 1830 56
360 1382 72
1245 482 70
384 1853 201
726 447 181
151 1977 87
936 3834 350
1846 1439 34
1237 29 12
1790 920 192
1745 4498 201
674 3302 340
1484 417 92
1339 4512 444
133 3409 12
1549 461 25
7 1651 89
741 29 12
628 3049 71
1154 483 72
912 2595 10
78 1954 314
476 710 89
1618 205 70
1968 3095 333
1362 2214 71
1455 3830 299
1586 1410 12
300 136 73
584 4439 73
1361 88 276
1176 1545 246
194 1797 50
627 255 285
970 659 303
1106 2648 471
1116 3370 43
2085 165 12
1167 114 72
436 2038 54
319 1914 232
566 17 43
164 1859 437
268 528 89
1832 483 72
1145 1262 117
105 27 307
1210 440 10
706 3224 209
184 536 42
604 2311 56
1336 5286 262
802 3271 377
229 412 200
674 3232 322
31 82 34
1498 1 463
1141 25 79
432 525 71
902 2561 206
1009 1231 276
1039 216 276
1227 2079 43
427 620 73
114 622 56
1066 3329 12
1860 1339 137
648 3917 138
1523 2996 444
327 2528 449
698 3448 44
1106 181 453
390 101 307
78 1899 71
1245 68 71
1615 211 361
490 976 32
467 3048 191
791 4184 61
770 1915 356
696 177 12
286 5018 479
1964 3427 278
707 305 159
1384 1942 202
1137 2271 44
689 932 75
51 489 72
307 674 173
193 977 73
1270 3678 47
2150 1226 457
213 501 44
1338 430 43
1318 3032 33
1344 529 252
759 2545 72
301 1362 73
409 689 56
753 417 92
1311 256 285
766 3517 276
195 3066 167
898 92 38
1648 3427 278
1018 658 457
1532 2344 57
1305 643 364
417 4499 45
656 1362 73
767 1514 10
1067 816 12
320 226 56
1335 2232 297
389 1207 72
1300 2713 70
1086 359 56
2211 145 56
1036 3570 10
389 1119 89
699 3229 92
1436 728 113
1753 1234 107
644 483 72
2233 1384 71
1270 3674 47
515 2876 453
1067 3600 71
889 3750 43
1168 4988 419
1724 1386 33
1228 1995 56
1979 1297 72
60 1999 12
1170 52 307
115 4154 96
1325 4876 295
115 1164 208
222 2330 187
351 399 213
489 1487 89
486 2 75
60 289 56
797 3542 185
77 421 190
1848 742 71
1045 3552 31
169 35 56
1076 5106 97
70 371 73
1549 3294 258
367 810 43
636 1362 73
781 493 15
1994 321 190
1645 1037 24
924 514 404
1426 1696 89
879 27 307
1967 417 92
595 490 159
1226 3059 158
197 417 92
173 102 221
1734 1293 48
977 2758 44
955 4997 57
1607 2105 185
1141 4183 185
1460 2940 298
1312 336 33
1318 2289 89
195 2183 70
1021 76 89
1526 2923 185
871 3394 54
799 2560 89
846 176 104
86 2020 71
1009 454 56
180 2385 72
973 114 72
1104 346 137
1136 5429 72
874 524 71
1221 162 38
1 2162 113
1876 1830 56
1345 4730 386
647 29 12
1581 4415 31
1274 27 307
515 485 72
195 3209 43
2056 3285 354
969 392 89
1131 1096 396
1322 761 57
482 58 147
275 1424 43
634 5400 89
1841 124 105
1343 840 386
1171 92 38
373 1029 11
549 17 43
2243 616 271
1467 2456 24
792 4194 278
2031 472 100
2 1809 71
846 101 307
338 3240 38
1952 396 185
374 1547 185
1931 1903 55
330 1 463
1313 4350 355
507 884 57
472 3717 43
367 1376 463
1736 1103 92
1893 234 82
1977 97 71
1673 1508 316
1041 2799 303
1020 298 71
515 2647 276
417 1926 89
2107 3757 465
1274 3316 457
1355 1678 386
396 2499 187
2316 4111 405
1979 5116 73
436 4555 44
39 4570 342
423 1817 72
1154 840 386
303 4548 33
1369 18 268
1159 1 463
755 216 276
335 2941 404
1294 3282 364
333 4051 172
1159 3267 89
1984 2059 206
1834 111 43
1283 627 232
543 338 91
1437 3343 71
1910 2844 276
1591 29 12
1648 1613 213
1379 4343 213
151 1284 6
1534 1931 444
827 261 12
599 238 55
1070 2578 285
837 15 386
355 98 70
785 2438 120
32 472 100
2109 4222 185
444 72 71
1805 4066 57
1879 361 333
598 5581 307
604 1009 260
1194 4011 368
1036 582 85
880 136 73
1205 4176 10
814 3879 89
583 491 238
693 814 446
591 4834 92
22 72 71
352 1046 206
1486 6 160
699 245 95
758 336 33
1328 777 71
1858 4017 105
297 178 97
228 1118 33
1395 3286 138
1841 396 185
1419 4734 57
115 5458 107
285 1410 12
1510 2230 25
770 5251 465
2086 1226 457
1616 3614 89
733 5537 56
354 2512 297
1493 1249 72
75 1883 57
626 666 43
2246 2874 88
482 2050 89
1925 5248 406
1107 1324 316
814 475 89
207 636 107
1700 1519 71
689 1155 44
114 1984 271
1475 5254 89
1311 3531 285
1340 191 44
912 1098 89
626 1009 260
541 4669 370
2049 5476 89
1514 842 57
1804 114 72
1646 112 384
1980 4749 324
1358 647 303
2155 1766 71
1095 589 89
1401 745 71
463 1399 107
565 76 89
969 5297 392
106 592 43
2313 728 113
1186 2843 199
1078 2755 303
106 2804 12
1168 3119 363
52 647 303
270 4379 43
1501 942 113
1036 5364 284
1405 68 71
29 857 57
195 447 181
175 890 72
1842 1257 91
1145 2371 73
631 2323 75
1131 2274 54
2020 4 71
540 3906 89
527 396 185
989 136 73
1361 3394 54
1847 5359 172
2186 5223 30
731 361 333
917 1254 285
2059 629 275
1057 1261 97
1225 138 79
249 4731 358
335 4234 278
1035 4635 57
1317 777 71
21 57 361
1146 2642 307
362 545 162
1212 847 291
731 1333 64
1636 2157 410
696 693 436
2246 2280 56
2116 4842 73
388 2456 24
1169 1014 35
673 15 386
233 2815 113
1297 1400 89
1235 209 32
258 903 62
1644 465 12
663 98 70
1155 318 234
1938 362 71
1310 252 363
859 4960 246
186 5067 278
1055 5058 208
355 705 384
1665 470 35
291 1459 364
1398 12 276
847 46 97
1627 3538 453
939 4125 32
1056 3945 89
1466 1108 43
847 4051 172
624 1573 12
1586 2804 12
26 4000 71
1089 4587 57
689 359 56
1644 3307 209
1001 2145 284
1331 288 33
2299 136 73
637 2863 12
974 1316 110
1951 2895 444
1565 2585 246
1958 2123 71
1500 145 56
1455 1463 73
114 2468 41
1172 4915 56
620 4580 89
1276 1583 73
409 2222 88
1034 100 89
1216 4151 465
1328 842 57
108 2628 57
445 3065 387
580 2603 172
880 1912 117
1263 34 57
383 659 303
1951 327 43
575 462 71
457 767 78
1021 4518 279
382 155 38
1093 3302 340
1637 577 105
1420 36 44
1326 568 333
433 2835 34
192 772 89
195 2910 57
40 5113 75
747 2202 42
1372 1918 434
1983 5553 129
490 619 72
2288 77 91
677 803 43
1384 3296 333
2209 76 89
973 392 89
829 396 185
842 1249 72
1309 99 70
565 359 56
6 887 305
2155 3630 185
521 829 43
163 4553 406
1565 4491 71
240 336 33
381 88 276
289 2269 43
955 4223 310
635 864 260
776 440 10
160 2086 55
467 2183 70
188 966 55
1371 196 89
1539 5278 184
866 1074 71
2189 2254 468
1578 2286 34
668 4507 71
1742 68 71
2185 4061 70
69 5535 44
301 1725 42
827 211 361
599 4064 13
531 5400 89
556 829 43
1503 4518 279
595 1151 153
902 3851 236
1024 435 73
832 1900 71
521 3620 54
825 1701 172
1128 770 313
229 1126 274
409 3794 136
760 2962 150
1212 379 209
157 810 43
531 2260 251
1723 2070 57
444 101 307
1459 568 333
136 5556 252
84 453 89
1631 289 56
345 261 12
427 97 71
1360 1652 12
524 3504 71
99 2039 91
999 472 100
1335 291 380
382 4476 29
195 4127 25
550 831 117
985 4410 112
2077 302 71
2221 655 89
252 45 276
689 764 143
1539 3926 110
725 2456 24
5 4 71
191 3427 278
1172 878 73
1004 828 276
683 2137 176
1160 2645 32
1216 4181 89
108 3958 33
2192 524 71
717 1277 44
291 3037 285
27 2724 71
482 1203 57
1407 1379 89
1340 470 35
415 691 57
353 498 190
1235 436 303
1736 1079 43
713 153 71
972 1046 206
1149 570 12
946 325 56
617 245 95
1329 440 10
2127 4085 107
1357 810 43
1516 209 32
1315 569 71
1545 4404 189
2110 2647 276
1350 543 172
389 137 135
130 29 12
1141 1218 185
743 435 73
299 1285 3
1515 1249 72
1565 29 12
257 361 333
836 228 72
300 448 333
1709 1295 374
388 814 446
689 2206 78
1066 949 113
362 567 219
1174 620 73
547 2600 31
568 787 201
1316 1103 92
1508 4473 295
1516 701 72
1333 2318 82
251 1250 12
1009 2843 199
1701 3822 414
61 983 57
1492 4051 172
256 4051 172
1235 840 386
99 211 361
62 76 89
1593 2304 359
858 5096 303
747 561 107
2110 614 113
993 25 79
1420 1439 34
837 1639 172
2270 27 307
273 753 56
1634 205 70
273 761 57
142 5269 406
136 1828 24
725 1046 206
1016 3990 303
363 3367 235
1801 125 258
604 585 89
1361 1154 97
1921 131 194
1455 647 303
1742 3279 42
414 4627 12
1407 1273 107
1796 2242 85
1063 824 33
566 603 71
78 568 333
1274 4291 207
1692 1682 206
58 296 382
631 470 35
643 215 73
956 811 116
1127 2502 263
513 5592 139
1407 1269 43
796 4180 103
1266 4177 135
157 225 111
108 1224 405
187 97 71
2311 2701 137
1261 1931 444
1373 3473 83
920 3815 72
1174 1562 457
492 419 286
26 360 57
645 1015 355
984 2132 33
594 635 271
628 2752 34
374 844 40
713 1059 72
792 728 113
1146 781 453
7 2192 70
787 467 107
819 299 364
18 1702 78
1577 590 89
549 3779 412
71 324 38
1149 189 202
1059 1744 316
2254 3538 453
365 3734 109
1097 221 89
180 902 43
6 1 463
1372 92 38
846 132 145
543 4135 43
673 3911 405
969 3732 278
891 1 463
2319 114 72
100 483 72
387 4359 285
2147 2895 444
825 3601 71
2030 3679 73
1398 1073 434
114 162 38
1570 101 307
973 1497 473
678 1129 57
1230 3671 71
580 1579 12
1851 159 457
1153 4018 104
1561 470 35
1032 4034 285
737 136 73
1030 2293 137
174 4120 33
506 677 78
1418 3448 44
114 1938 24
1312 2264 185
2071 1155 44
1119 4509 57
1305 484 206
549 2272 43
297 2435 28
94 191 44
1390 3863 57
1393 33 32
1016 2607 12
1336 720 54
1421 255 285
1323 1574 285
1425 777 71
1492 1901 285
795 3271 377
851 2543 246
1328 1868 104
990 29 12
441 181 453
1486 1031 260
181 154 26
38 2681 32
116 643 364
996 1273 107
567 436 303
1639 3551 57
1250 4834 92
468 4650 43
1212 4595 232
2191 148 453
656 3768 24
916 221 89
259 99 70
613 1578 214
689 767 78
934 15 386
597 22 274
1084 152 70
1336 2456 24
362 1161 163
1220 2793 355
1161 814 446
2256 1919 310
1051 4044 70
1070 4479 303
126 693 436
719 1800 56
393 1628 304
566 1908 70
1487 1544 33
1249 4784 167
1536 1533 172
900 1754 73
787 4086 56
430 2495 62
731 531 15
63 1766 71
1290 2160 75
1152 740 386
501 259 307
151 4360 45
1212 3016 112
115 2369 71
848 272 56
91 1183 206
907 1359 71
1839 32 56
1419 1221 338
1247 4514 400
1186 4498 201
797 4183 185
846 1512 405
1335 2770 56
2277 211 361
541 791 71
763 3871 449
196 697 57
1147 5021 104
283 3805 142
565 159 457
560 31 33
1131 4390 316
1195 2276 359
519 2153 235
1440 657 185
1022 1233 57
2132 873 73
766 2201 55
1586 1760 12
2009 2728 55
1172 201 162
513 62 82
1218 2160 75
762 400 325
478 327 43
685 2900 127
1320 417 92
511 1671 206
1318 29 12
1714 3650 206
194 2195 10
317 943 113
41 2695 159
1472 153 71
833 174 54
604 641 120
435 359 56
298 1352 57
97 2716 10
132 1696 89
1624 548 277
1395 342 24
166 4360 45
141 2183 70
195 1000 89
1508 3830 299
159 4115 33
1132 323 89
998 248 384
2015 298 71
327 99 70
75 4198 278
917 3091 72
543 983 57
1477 292 363
1141 4818 386
1482 435 73
753 255 285
564 608 43
375 1817 72
923 3692 278
770 322 190
1318 4279 215
239 5106 97
711 844 40
900 701 72
21 59 33
1210 736 386
1266 3833 371
383 5242 55
1488 15 386
131 453 89
1556 4 71
834 4791 185
187 1784 32
705 472 100
1534 761 57
732 339 106
509 2079 43
110 521 55
1176 3744 43
1682 736 386
699 1254 285
1340 3709 56
446 1123 112
1183 2456 24
1439 3058 82
511 1839 24
162 837 395
706 947 33
191 114 72
1495 390 163
565 5392 32
154 3143 72
1132 1310 466
373 5274 154
1410 2116 89
805 1249 72
1302 3596 185
457 538 172
1235 136 73
900 379 209
400 1637 201
1302 164 111
256 528 89
1059 710 89
1951 629 275
548 76 89
1059 2475 437
41 1467 43
304 696 370
1925 643 364
1393 4547 206
513 453 89
1538 2291 72
94 2077 465
240 1152 33
141 3274 333
215 3142 56
663 29 12
84 2706 24
859 4854 15
343 71 72
451 27 307
31 122 33
1657 1143 295
1000 211 361
1557 5085 367
997 2551 57
889 400 325
1141 5186 185
438 331 56
110 3006 449
125 2018 72
1541 765 24
235 1364 60
1395 4388 33
705 76 89
1443 2853 143
1892 3650 206
631 844 40
190 4827 72
1464 643 364
857 472 100
203 1598 70
1205 810 43
900 4078 258
1343 148 453
77 417 92
1281 29 12
1531 229 43
1138 1 463
1545 27 307
1870 3869 71
2314 211 361
1568 2412 43
192 211 361
468 810 43
159 2598 303
2060 5364 284
631 1055 89
2038 76 89
1410 2179 33
158 556 3
1308 219 71
1170 4213 44
1213 619 72
2148 3554 32
889 2327 213
781 3491 11
779 36 44
677 1785 318
547 2361 104
1466 971 72
888 3935 57
1018 3614 89
311 866 73
1326 1552 72
291 777 71
823 36 44
730 2371 73
2105 2521 85
1277 3990 303
29 773 171
377 3523 31
699 5189 52
903 591 89
1692 422 143
217 245 95
2282 5052 139
1089 2273 43
831 1691 70
1584 840 386
517 2810 263
1460 2956 71
487 325 56
799 577 105
151 588 70
1306 4509 57
1174 565 91
1022 180 78
2264 4437 75
625 140 253
871 98 70
691 1106 452
548 728 113
1591 181 453
1 3550 113
864 3003 56
265 1112 73
1039 2094 71
736 1154 97
389 3365 97
2084 344 137
1567 661 72
2243 659 303
51 1426 57
56 561 107
1813 2361 104
1931 101 307
1478 263 271
389 2614 34
1172 162 38
277 2420 404
1437 2166 357
269 1266 105
1842 3998 73
1123 643 364
884 101 307
979 1666 303
299 27 307
1011 1459 364
144 3605 33
1275 3405 337
970 101 307
1303 621 12
1411 2996 444
1159 4618 350
779 1969 89
598 26 109
469 2867 70
1167 895 38
363 3861 113
1079 4445 465
2153 3427 278
704 1848 44
1247 1073 434
1178 982 56
1855 4018 104
1153 5373 378
170 174 54
989 1034 54
1136 2718 218
620 593 42
592 4683 83
233 1105 57
1296 380 70
610 440 10
777 101 307
91 1885 265
113 742 71
968 3997 278
1131 5073 57
1405 290 340
691 734 89
617 291 380
1209 1491 269
1836 4429 31
12 114 72
374 162 38
1326 1176 89
1270 488 246
725 4198 278
396 2634 88
1678 68 71
77 761 57
221 4552 104
979 3656 260
159 803 43
381 4356 73
1949 412 200
1189 4926 453
1269 2481 91
931 4076 100
1341 361 333
869 218 206
986 227 103
1296 3162 286
2022 3792 25
51 1015 355
2186 3531 285
944 3161 71
74 401 159
263 1613 213
1409 5389 43
1135 663 70
845 4051 172
191 211 361
1296 568 333
70 1852 53
1915 3046 159
136 727 79
867 1921 425
1903 1304 78
2192 3710 338
646 332 32
1133 101 307
1748 2248 74
377 4087 5
593 4509 57
132 2183 70
1579 2544 190
1302 2406 65
735 292 363
307 474 229
1221 1731 57
583 2473 97
1075 1277 44
419 529 252
1830 536 42
1317 400 325
4 659 303
1025 118 44
75 1090 71
807 1 463
851 576 63
151 3577 57
1343 88 276
1657 2931 54
1542 1145 95
448 3153 70
644 526 47
1938 1297 72
2019 2700 137
1363 3197 276
240 1624 57
1799 912 181
969 153 71
490 4557 172
1299 910 273
363 3130 97
1187 174 54
1252 5413 33
396 447 181
107 3941 139
869 1046 206
1216 4863 325
1223 589 89
304 614 113
307 501 44
567 289 56
1159 4454 206
1842 316 32
240 1626 72
422 1867 84
360 2595 10
247 1297 72
894 5365 72
1187 1999 12
1009 1046 206
1520 1126 274
980 3082 404
2145 3181 333
939 71 72
548 1756 72
687 830 118
1154 482 70
1032 2520 404
836 1687 72
1358 5027 258
22 76 89
1745 162 38
98 1488 139
136 11 276
953 568 333
388 964 374
169 1046 206
1066 33 32
1291 76 89
97 232 11
367 3598 55
1429 712 89
1686 2361 104
790 2715 33
778 139 404
216 71 72
794 3543 185
1341 1547 185
630 1778 56
1155 817 226
1223 205 70
75 1183 206
1503 4762 333
889 4517 21
876 2660 107
264 733 213
94 1016 355
1291 3926 110
707 5459 259
194 1584 88
742 453 89
2217 136 73
1444 2050 89
1309 4222 185
1395 988 137
620 2314 73
94 4961 364
2108 65 173
1307 1354 72
376 1001 285
1843 712 89
52 527 71
62 1835 72
795 568 333
1855 840 386
89 1747 78
1397 136 73
1425 4086 56
1953 186 137
192 1004 303
2235 25 79
783 1436 34
656 1201 72
1872 97 71
999 5109 56
1863 1519 71
1141 1 463
67 27 307
314 3427 278
974 866 73
176 2139 284
618 324 38
1335 1914 232
1561 1846 163
699 4309 139
1458 2420 404
424 753 56
1026 3202 82
174 2780 56
276 1285 3
565 2808 24
323 25 79
71 2462 149
511 2688 71
1355 2839 91
1207 5349 309
341 3897 56
1708 226 56
301 1969 89
784 621 12
566 4042 71
1437 88 276
708 1837 72
959 468 78
2153 2586 192
1229 3295 258
381 4022 56
291 211 361
468 777 71
777 3033 295
1258 4150 210
947 1070 70
1560 4792 56
1766 3415 57
1137 5464 333
389 1718 246
257 731 89
114 2517 57
1421 4216 278
1411 4801 12
1326 4264 70
793 2240 240
1234 1249 72
310 2437 246
186 262 318
889 1228 185
427 2273 43
158 2927 55
519 1101 239
2064 439 285
762 4105 78
746 573 47
1818 2615 366
1673 262 318
1745 543 172
606 418 307
1039 634 70
617 1249 72
796 245 95
92 2791 92
1414 628 174
1347 5068 278
1740 590 89
979 643 364
1577 1389 276
1346 1239 72
2077 5323 142
1303 799 89
1481 611 285
1507 3814 426
620 1712 71
249 4580 89
1940 227 103
635 139 404
1546 874 73
731 243 73
1171 797 39
1613 2613 206
1786 1558 72
904 5399 89
1881 4710 285
1607 116 42
2247 1398 247
88 4892 44
51 5197 34
1395 2433 137
1231 1207 72
2248 272 56
280 3425 56
2152 5120 47
1005 1983 307
1346 2026 307
1128 4531 70
1501 211 361
912 5549 386
268 121 89
140 1968 318
464 885 33
273 451 89
192 205 70
628 355 72
1102 2182 79
1212 5526 44
1862 429 453
590 2 75
1212 162 38
1814 2048 217
54 588 70
278 1291 303
604 2111 285
736 27 307
1205 2444 12
763 159 457
2126 1060 457
1050 593 42
67 37 138
280 1302 71
1857 114 72
205 5381 318
2138 1582 73
19 1292 4
1068 945 165
537 136 73
1340 289 56
1009 2073 201
403 97 71
1503 277 316
1104 76 89
1860 388 402
257 4509 57
969 159 457
519 2387 263
404 5271 194
1557 2077 465
768 272 56
107 1417 72
504 2372 218
344 3763 307
1848 2545 72
835 72 71
871 1539 71
145 770 313
1039 3273 89
363 2082 28
1834 5218 72
1827 3034 457
1879 4925 434
1344 2687 38
103 1837 72
97 937 361
1991 1006 286
647 708 363
1223 687 9
166 36 44
1187 781 453
1030 205 70
1717 1249 72
1045 72 71
536 2077 465
974 2652 70
1591 2056 453
225 4802 56
1169 889 57
238 1147 72
1738 4998 71
241 235 32
373 682 264
373 3615 72
840 1132 72
1008 2249 73
412 211 361
998 710 89
292 3884 194
618 1046 206
1050 205 70
1292 475 89
1511 311 125
527 29 12
464 3031 137
528 1038 398
1214 1642 73
2155 211 361
1178 1177 89
91 1914 232
1311 29 12
2108 362 71
1021 3441 318
1022 447 181
814 1802 34
1212 1695 72
917 1979 89
1373 631 167
432 908 42
778 4121 278
560 4103 33
1401 2254 468
1512 1896 56
174 2123 71
1146 1218 185
689 761 57
1297 722 89
141 836 312
366 231 72
388 380 70
525 415 359
186 500 44
727 4420 107
394 2632 44
1514 454 56
1193 628 174
910 1613 213
1035 4156 246
335 5366 10
1746 501 44
1221 812 22
1923 1027 54
341 2082 28
144 710 89
1188 4801 12
893 583 278
728 891 137
1787 2145 284
406 4360 45
2023 5273 260
525 3387 43
314 3610 276
1588 2054 442
1234 3487 56
410 252 363
647 255 285
1568 1471 73
1974 3939 89
752 636 107
851 1251 12
1547 3105 70
343 29 12
853 2222 88
1439 1211 94
2117 4531 70
743 2574 303
1740 3433 159
163 2535 137
397 1035 70
2096 5222 301
1188 983 57
100 238 55
1219 4791 185
1456 728 113
2272 159 457
520 865 303
610 1249 72
1938 5315 261
575 4610 56
1557 906 370
1355 2400 55
2185 181 453
133 554 57
747 646 42
1302 483 72
1248 3379 42
2015 434 73
1812 3571 370
1024 29 12
195 5337 271
358 2598 303
2295 5386 445
319 501 44
1131 400 325
296 1277 44
40 3427 278
275 467 107
1580 2809 295
732 98 70
1957 76 89
894 1578 214
335 3997 278
321 728 113
637 3509 89
263 1551 72
1696 3805 142
417 1817 72
332 118 44
1372 4971 457
1685 400 325
1321 440 10
1310 81 451
339 101 307
369 2177 130
154 3312 100
1272 4376 104
1284 1179 63
2230 1794 419
1310 1403 73
1050 116 42
874 1353 71
703 605 137
1300 5488 97
1818 409 72
1576 1574 285
130 211 361
1109 1451 75
1889 2930 243
92 70 113
135 3592 202
1580 1320 295
790 3069 285
616 1613 213
1053 76 89
1159 964 374
1353 252 363
1296 1942 202
596 1395 190
886 1713 73
1462 218 206
566 237 71
625 1359 71
1664 3308 185
1890 2362 271
1153 840 386
1237 2059 206
457 2986 172
6 505 57
1026 1503 72
1546 1080 96
1906 327 43
1652 1868 104
1220 277 316
677 3427 278
677 25 79
814 4300 56
1324 1929 404
569 3390 12
1448 3970 403
2278 5210 117
876 379 209
1237 2361 104
245 2869 32
1095 4105 78
1736 451 89
1767 2663 71
793 1046 206
727 4493 248
1248 412 200
668 1956 209
379 1606 71
1219 1317 89
2194 292 363
380 2709 206
388 591 89
497 2031 274
913 1009 260
1284 527 71
984 2560 89
363 1602 107
1228 1483 43
489 4042 71
1174 1788 12
267 647 303
315 109 255
1370 76 89
242 458 74
377 427 442
746 85 89
1244 400 325
1572 3242 202
1407 1500 56
802 1342 89
1174 728 113
109 2064 70
1016 4408 56
1125 17 43
125 145 56
563 1588 285
1495 2100 113
775 2366 290
307 1278 144
1348 955 31
413 15 386
774 2979 89
392 216 276
51 1808 75
1188 1146 33
1492 511 307
1605 3425 56
1216 5564 206
280 1467 43
148 688 89
307 299 364
1237 590 89
1257 983 57
627 1477 92
615 5045 10
790 3990 303
669 1 463
1084 1337 87
784 4147 56
370 1046 206
209 2915 91
1728 4992 190
2015 1222 12
1165 4861 105
310 906 370
1720 2612 206
1648 1380 473
854 1046 206
2110 3006 449
604 101 307
1619 3283 70
1258 181 453
1475 1250 12
1317 142 57
437 400 325
1810 1136 303
720 1032 43
604 1592 286
1368 39 143
620 457 87
798 440 10
2223 196 89
661 1 463
360 3968 57
533 3180 286
68 4411 303
725 22 274
327 1376 463
552 767 78
396 544 12
111 4531 70
1138 290 340
120 396 185
413 2027 439
1384 2648 471
1901 255 285
1141 5004 213
851 214 333
799 3309 386
1256 397 137
631 2643 326
79 902 43
1296 29 12
733 2077 465
1379 4934 71
1369 4607 268
1683 1263 73
1368 4291 207
2003 5261 465
774 2409 10
775 4878 313
626 3025 201
1565 4552 104
174 5157 71
617 1199 56
1891 5476 89
99 122 33
1311 3837 364
73 1547 185
1450 2562 25
317 302 71
1372 709 137
989 1716 166
52 5410 12
1674 2414 201
1583 85 89
1813 568 333
388 911 180
2184 68 71
88 3922 57
807 741 70
1395 3366 260
360 164 111
1281 5435 185
1281 4640 94
430 484 206
1169 4445 465
1117 4575 241
169 865 303
1221 2249 73
1208 568 333
2006 216 276
158 418 307
1531 2714 70
731 72 71
217 98 70
1132 657 185
370 5325 278
1305 523 57
329 1441 152
1132 1079 43
617 300 57
74 2660 107
152 805 70
265 176 104
2142 1221 338
1071 3581 155
1454 114 72
206 906 370
683 858 12
1262 803 43
2051 4997 57
71 382 39
780 4006 351
1299 733 213
1872 76 89
773 4411 303
996 2222 88
671 881 452
343 1806 97
846 576 63
1397 88 276
291 53 363
836 917 165
401 1708 68
1578 4552 104
1516 724 89
605 98 70
39 1310 466
1345 1771 56
1104 85 89
1565 440 10
432 3509 89
933 85 89
2015 2778 6
316 318 234
294 4244 107
1667 4613 64
685 217 71
1213 5473 159
382 3992 43
1954 1 463
635 162 38
1300 4803 33
2254 3107 138
887 1046 206
1050 663 70
392 906 370
1183 669 197
159 3775 89
1131 2222 88
1076 2288 151
200 4003 9
1235 2239 205
375 2153 235
1315 447 181
1615 2278 24
2170 5434 363
626 3427 278
489 371 73
267 29 12
1147 234 82
761 4626 120
451 524 71
1591 4922 333
226 560 33
827 114 72
1591 448 333
1323 3538 453
554 3875 54
1341 469 295
1361 628 174
1622 960 57
629 735 453
1361 1010 71
1018 3948 122
1055 821 71
355 448 333
270 897 137
198 400 325
1201 72 71
607 1112 73
1250 4038 73
194 1649 89
1734 3856 73
120 1094 73
529 98 70
515 2478 120
1144 76 89
52 586 12
127 728 113
749 4214 333
588 1210 307
1195 2074 10
66 349 90
607 68 71
1311 205 70
681 661 72
604 640 12
414 2513 358
1442 69 71
181 663 70
336 71 72
1711 709 137
1568 4879 137
744 4408 56
1963 367 12
847 4129 10
1013 4304 135
490 238 55
360 2325 187
1246 643 364
1210 176 104
498 277 316
1874 589 89
503 2 75
1679 1654 354
1249 68 71
26 358 279
215 1105 57
1344 4506 24
1587 1676 73
1329 140 253
248 864 260
925 518 363
417 1174 145
244 1386 33
1860 415 359
332 1451 75
917 1937 307
161 2804 12
1381 3530 254
1367 4448 56
25 418 307
1571 3311 47
1482 139 404
617 68 71
937 2381 94
805 2058 72
1151 29 12
409 153 71
1578 4701 231
212 440 10
1135 101 307
526 117 307
403 248 384
1401 377 54
710 228 72
166 3429 34
2270 3437 42
605 183 115
1472 3632 89
1799 3190 213
891 3065 387
1460 694 300
559 229 43
559 1886 328
495 1057 246
218 749 43
52 805 70
362 88 276
1466 3554 32
180 697 57
124 2057 53
1744 181 453
412 4112 10
976 866 73
1443 787 201
2038 1251 12
1137 3939 89
512 1331 457
1720 5192 325
2273 4258 320
1492 1458 285
287 678 259
1188 1874 43
74 23 274
1283 1817 72
768 915 57
477 836 312
1128 2328 107
797 3435 177
67 5435 185
228 647 303
694 3320 73
1993 159 457
77 1894 241
1870 3510 237
272 3805 142
1224 980 113
1125 245 95
446 69 71
1848 2257 465
1871 3294 258
2274 68 71
163 847 291
1683 1100 54
1614 974 92
320 1585 56
1466 34 57
1248 473 285
943 250 89
1328 4597 473
1276 1460 260
1232 3316 457
1774 287 307
808 3517 276
1898 912 181
548 1199 56
1443 174 54
1425 68 71
1994 5148 373
1195 2713 70
468 1119 89
2320 216 276
1350 3173 453
1950 358 279
627 3041 103
1472 3428 56
1510 1510 232
526 4653 383
1829 1547 185
1520 3553 113
762 15 386
1521 659 303
1137 2926 12
367 937 361
742 4368 71
471 1798 25
847 5465 38
169 837 395
822 1743 70
1022 108 71
1797 1889 56
1316 4653 383
1472 1837 72
1578 1274 167
467 1445 73
1174 581 51
742 1900 71
618 983 57
765 1265 55
490 2049 56
174 631 167
127 2877 57
566 829 43
1717 419 286
360 15 386
1637 1046 206
1631 1114 457
1419 3457 258
133 417 92
1016 4245 278
1878 608 43
931 29 12
1269 586 12
2084 1737 93
101 1087 92
1244 3196 10
1685 2683 473
773 817 226
296 529 252
1343 777 71
1083 755 73
516 2171 42
1153 906 370
888 5414 57
11 1258 73
1686 3732 278
1221 2369 71
309 1391 137
998 2259 89
1052 485 72
299 172 12
522 4509 57
1078 85 89
4 3745 285
120 726 97
1233 2956 71
78 1146 33
126 1964 54
1180 313 421
301 1447 40
687 379 209
130 178 97
193 2129 89
41 35 56
1022 3689 89
52 4065 278
99 932 75
516 68 71
912 2870 185
1439 3175 19
7 2955 370
2142 135 307
1235 2402 16
629 1598 70
1966 643 364
701 767 78
1183 4427 406
1410 1257 91
1843 2746 137
959 1728 72
1209 3345 271
136 27 307
1278 3169 260
1155 279 457
743 4137 32
310 477 89
1305 435 73
1125 4368 71
1848 3983 412
948 469 295
1245 3625 6
565 3034 457
1337 3883 318
5 1521 89
1433 4360 45
246 380 70
1265 3379 42
2021 1251 12
40 70 113
2078 1236 85
795 1415 97
759 561 107
388 2263 86
2211 151 331
1260 136 73
2094 3148 258
266 1683 10
1035 2474 71
286 33 32
92 937 361
48 2932 292
94 3757 465
1365 17 43
912 5475 278
1860 384 79
749 748 44
301 1566 403
645 136 73
1557 4009 465
736 3591 88
599 1978 87
199 1018 375
1186 4411 303
667 1398 247
755 314 119
490 1355 72
1096 377 54
131 1600 333
1333 4255 453
1842 1011 87
397 1860 89
791 4 71
145 76 89
1727 68 71
18 1700 171
311 2005 107
1216 5179 465
1344 4556 73
581 3494 12
132 2222 88
874 342 24
939 1359 71
1429 1915 356
1419 659 303
677 5206 64
161 643 364
1337 289 56
1567 533 42
51 915 57
699 3881 75
953 5387 103
1472 2638 55
533 454 56
1281 2456 24
1798 2059 206
1344 380 70
498 1685 57
1777 5590 42
807 3192 70
170 870 43
390 1629 234
1673 174 54
1086 277 316
1130 3385 92
13 1739 57
1003 159 457
326 470 35
790 142 57
34 3538 453
408 866 73
169 520 89
235 216 276
225 2600 31
1588 29 12
286 5464 333
1672 1527 57
1051 415 359
1410 1642 73
180 1029 11
1235 1045 57
1875 2153 235
517 4754 56
1267 1329 464
1418 1175 415
861 1986 6
1396 205 70
588 890 72
451 794 72
1685 4793 453
978 643 364
2268 139 404
888 4051 172
367 1721 422
1187 289 56
6 3730 44
698 892 54
1299 1545 246
1158 3018 70
871 3839 278
1948 5009 285
2250 4117 347
2299 2944 47
1162 302 71
1174 2180 325
52 764 143
51 32 56
614 97 71
928 724 89
131 1613 213
1672 2692 150
1527 101 307
1335 1624 57
885 18 268
571 2487 453
413 1410 12
265 272 56
716 3978 101
831 2902 453
1278 211 361
432 3538 453
336 1135 230
1512 472 100
762 4329 12
513 186 137
1230 472 100
1147 2767 104
272 926 19
412 2837 43
317 4849 12
1089 77 91
92 4539 428
259 440 10
1291 3427 278
40 2308 96
685 1693 57
478 4499 45
108 3696 24
672 205 70
1135 1488 139
1507 85 89
1588 3146 115
621 42 276
668 3283 70
909 1781 56
1387 3609 33
1625 358 279
594 4456 56
212 1240 72
1147 4062 103
71 2413 71
1022 25 79
537 70 113
1572 489 72
1299 5026 103
15 68 71
1392 4065 278
673 1493 241
1357 4676 406
1141 4228 213
1144 5019 89
1040 568 333
18 2656 55
207 4612 73
554 5398 41
1406 1176 89
1530 1966 10
1055 4205 190
507 5034 89
108 516 41
501 2356 107
538 1083 67
327 27 307
1257 4722 172
1052 4434 104
56 1068 333
1143 106 120
246 3345 271
1178 5227 274
259 4929 57
501 3154 41
1068 1599 89
219 3073 73
1806 948 33
1487 361 333
616 5168 71
399 785 73
1411 139 404
1253 3625 6
483 4170 279
1283 2234 401
419 164 111
552 566 21
19 637 65
551 136 73
537 1192 92
1926 349 90
417 206 188
372 4499 45
1745 299 364
2238 2144 258
2022 844 40
386 967 91
409 4398 364
661 2499 187
292 3593 260
1863 92 38
2131 207 316
727 359 56
359 118 44
758 3585 104
808 2643 326
117 1731 57
1542 2844 276
2100 1 463
1774 1784 32
807 289 56
1565 577 105
673 1046 206
1921 709 137
1009 3009 57
1270 1811 206
915 764 143
146 1788 12
1584 3825 364
1316 4385 406
1159 484 206
1216 4009 465
580 713 87
1 1874 43
245 2427 56
512 660 284
955 159 457
829 228 72
242 3067 73
518 636 107
222 1765 107
176 724 89
1257 3739 78
1281 4223 310
170 325 56
1990 523 57
2121 4592 89
1200 1885 265
56 568 333
1578 2152 215
359 3313 87
5 1119 89
59 2764 89
195 1953 32
1432 4624 113
679 2770 56
523 2427 56
272 4328 285
1296 987 285
235 24 44
1580 85 89
292 1414 32
161 1962 64
104 576 63
2104 2139 284
122 3425 56
1423 515 41
205 1551 72
2248 157 71
1206 5123 333
1208 29 12
1977 1471 73
946 1629 234
753 4399 104
248 280 120
1470 336 33
1928 29 12
169 5273 260
955 3983 412
216 68 71
725 85 89
984 417 92
1514 772 89
1579 2408 5
497 2348 348
115 331 56
653 145 56
4 4995 71
1269 810 43
525 4538 97
1925 2595 10
192 2764 89
395 68 71
188 1379 89
1180 4745 43
1330 3418 29
648 2337 473
1963 358 279
1318 1285 3
1160 4948 172
362 29 12
910 1629 234
31 27 307
1607 1297 72
834 2380 350
1359 205 70
719 229 43
1490 439 285
100 2951 192
1000 1211 94
721 4545 361
1511 3427 278
526 2438 120
169 4353 32
955 1733 71
119 1566 403
1323 118 44
1143 2260 251
268 2688 71
1138 4216 278
106 581 51
212 2227 216
1318 651 453
141 1818 57
1244 1929 404
702 2895 444
1903 727 79
1071 342 24
519 1245 373
136 1404 54
2072 299 364
230 2100 113
955 5286 262
980 1651 89
1104 608 43
725 401 159
1194 1270 55
1828 1594 42
1403 3138 72
540 443 67
1895 4320 292
1138 121 89
490 2864 41
945 565 91
179 1688 43
179 2053 72
1818 598 42
1744 1322 55
981 136 73
1382 709 137
2138 661 72
1672 68 71
1413 3527 33
518 245 95
556 435 73
2198 76 89
814 4083 71
114 2125 355
279 131 194
44 1233 57
470 5167 57
1176 5504 295
2216 3320 73
1348 470 35
611 36 44
1162 1155 44
1133 610 173
142 1968 318
1052 3583 33
610 1937 307
1341 753 56
115 1306 186
664 4717 200
1233 145 56
713 1296 72
99 400 325
1683 718 107
1831 5110 192
1397 5187 172
1470 2309 47
1830 4076 100
1345 2585 246
1138 4427 406
699 3620 54
1343 4856 71
452 436 303
1972 655 89
60 569 71
955 363 71
559 3229 92
1171 1720 24
975 1613 213
1848 3057 89
3 91 81
230 1028 54
1489 4924 363
1534 1758 434
980 2516 404
1580 772 89
925 17 43
1107 121 89
1199 289 56
1548 1070 70
2084 289 56
1542 2198 10
145 2392 207
990 652 333
339 1474 305
627 396 185
736 4594 34
1538 327 43
1544 1682 206
565 1694 89
1743 3629 412
1903 1045 57
433 2082 28
1292 220 268
385 710 89
1372 4644 466
180 222 182
1027 159 457
1320 192 57
108 2160 75
637 960 57
1905 1990 213
1003 3653 104
1418 4082 56
1655 3148 258
712 1545 246
844 1749 453
931 2142 258
1020 3252 42
1044 4591 71
1357 5479 406
466 3275 10
490 2713 70
2126 763 25
1571 4408 56
351 1563 25
432 478 86
1464 777 71
108 5377 89
1842 3866 281
852 2787 72
1343 37 138
1381 292 363
71 803 43
1324 1221 338
904 1343 318
1568 3885 43
566 521 55
1276 135 307
1087 659 303
1104 5291 56
552 214 333
1441 3640 162
498 647 303
1897 1365 42
1085 3590 73
689 2001 89
538 2293 137
192 1210 307
1867 305 159
907 3235 165
1420 1213 143
841 3427 278
1176 2745 71
795 2323 75
675 598 42
1151 400 325
333 2654 89
419 647 303
1888 1146 33
79 4829 285
467 3067 73
60 3255 138
1071 204 71
1173 379 209
1420 798 89
157 3933 113
1182 5558 44
784 573 47
251 486 107
212 4657 44
792 2012 57
1318 1200 71
689 2087 97
1370 27 307
2077 1525 56
1097 27 307
344 500 44
198 33 32
259 2203 192
1145 2701 137
1813 397 137
1264 440 10
131 4372 404
615 1591 304
2076 5557 56
7 1286 71
438 97 71
549 5538 57
1523 1 463
436 4645 107
1657 199 56
1300 3233 285
2197 1654 354
417 190 42
821 2215 318
1318 440 10
2192 4671 278
841 1186 378
2195 3242 202
2218 659 303
1023 436 303
1384 178 97
117 256 285
707 287 307
207 1972 89
1366 1277 44
1369 27 307
1182 101 307
1597 733 213
1664 3601 71
391 1027 54
691 3538 453
872 5127 72
1288 400 325
132 3572 97
974 4381 24
1 777 71
473 1968 318
1326 1646 89
230 1802 34
2197 568 333
2212 1283 5
587 621 12
1410 1112 73
1581 1153 199
1145 826 43
1487 4194 278
1395 709 137
1512 2438 120
989 435 73
241 211 361
482 648 44
360 400 325
824 1046 206
1137 4302 365
1576 777 71
630 927 285
2061 771 12
483 493 15
881 710 89
121 325 56
266 29 12
1953 2012 57
1326 3343 71
1277 1332 42
195 605 137
195 234 82
1898 379 209
965 3990 303
1516 501 44
617 142 57
1395 17 43
2209 761 57
2089 4399 104
438 196 89
1508 88 276
1216 2993 206
969 906 370
2044 532 73
2023 162 38
1140 1144 57
1155 720 54
22 97 71
1403 2283 152
1084 485 72
1345 2995 271
1314 94 276
807 801 187
995 3983 412
581 856 149
1753 1525 56
1064 371 73
1676 878 73
487 2001 89
1207 958 44
2238 439 285
847 3352 9
1455 5006 70
511 1754 73
635 3615 72
324 3375 56
1410 2247 73
1651 733 213
373 17 43
198 1388 10
1799 4588 103
1412 1302 71
998 1254 285
1269 761 57
1943 251 71
2211 1249 72
250 396 185
1833 101 307
903 1281 43
1106 4051 172
1719 2178 276
973 448 333
225 1838 72
8 815 251
1154 4396 71
2144 656 285
1642 4098 70
904 85 89
870 1335 48
1586 705 384
349 2493 241
838 1616 29
1316 296 382
1289 32 56
2250 4343 213
489 237 71
733 2858 71
438 3940 278
117 4710 285
270 2583 82
543 4663 56
1354 100 89
1664 3516 213
397 3735 56
15 2259 89
1226 5358 89
898 1211 94
458 59 33
1478 1731 57
1693 5554 57
140 174 54
319 174 54
1499 1194 116
2155 679 363
1565 958 44
370 24 44
990 5535 44
565 2119 57
1475 2764 89
1974 710 89
1011 764 143
205 1011 87
193 878 73
1439 3031 137
846 285 307
1460 2596 54
1113 1455 40
2217 501 44
777 2289 89
264 3674 47
1090 1332 42
2008 176 104
427 498 190
1277 2633 364
294 3918 6
529 4748 72
740 3717 43
225 659 303
173 3079 42
46 314 119
904 745 71
1266 1583 73
1333 787 201
707 1696 89
2200 3706 89
454 42 276
1069 722 89
478 3743 72
1679 4056 57
24 83 13
1151 608 43
357 1510 232
1269 983 57
186 709 137
1031 2240 240
207 721 89
483 840 386
656 538 172
931 4079 258
549 6 160
1420 1277 44
159 1285 3
1910 3837 364
1739 1426 57
1970 1249 72
762 1990 213
753 68 71
866 626 56
753 3390 12
1353 76 89
298 2412 43
807 252 363
173 1116 55
15 2466 363
80 3255 138
425 2212 32
1623 1295 374
673 179 49
412 1799 73
1405 1286 71
1324 493 15
256 731 89
1506 1960 72
617 4942 89
1818 3725 71
38 870 43
2170 4051 172
336 2426 236
1222 387 201
2250 3942 185
952 1183 206
278 1687 72
1138 5165 316
543 2053 72
345 828 276
195 998 70
272 3506 33
427 1939 12
304 1534 73
1600 272 56
1230 691 57
1249 687 9
1305 3097 70
1159 364 276
157 5524 183
423 227 103
846 153 71
1673 5298 12
706 76 89
1136 2298 158
1578 937 361
828 594 112
778 4212 12
828 3281 70
1054 5423 71
1517 2159 390
25 3369 190
1748 4216 278
1739 5350 40
338 2174 14
1578 4422 57
179 4459 73
286 1193 72
1106 159 457
846 5590 42
432 1362 73
566 267 89
606 3751 307
1138 2921 185
876 1034 54
1516 492 12
166 3236 32
1206 4619 105
708 5109 56
595 162 38
1303 28 47
792 1155 44
319 697 57
721 248 384
1221 3765 73
1777 5086 321
1312 47 71
480 493 15
1801 3294 258
1326 4408 56
157 612 113
1639 53 363
1818 1424 43
1578 2494 12
161 2864 41
2225 486 107
604 68 71
1189 840 386
478 2127 71
939 1964 54
898 1802 34
1580 2262 88
791 1297 72
1154 5094 140
1966 289 56
1225 303 316
519 1046 206
979 4369 143
1405 3504 71
314 1364 60
1020 915 57
912 3254 71
1027 2827 74
2200 415 359
668 4559 70
1103 1860 89
1244 840 386
1330 2607 12
645 2127 71
1410 2005 107
1183 99 70
1503 797 39
1355 1936 72
752 3000 32
585 4914 24
255 1208 437
1851 657 185
427 736 386
517 5374 231
1206 2667 314
284 5595 52
1278 4053 340
1346 4027 89
2241 174 54
673 3625 6
25 458 74
1633 1968 318
1751 29 12
1888 1908 70
1147 892 54
1216 2801 10
855 2019 453
714 1876 89
1206 94 276
261 2973 72
1096 3219 259
1291 393 71
673 3810 272
1009 604 55
434 3950 239
1035 113 71
1228 2867 70
1480 528 89
199 1359 71
409 1774 57
1267 358 279
1320 3507 57
997 725 98
1740 6 160
1063 1286 71
1683 3003 56
799 1248 206
193 1901 285
734 164 111
707 4075 199
541 3778 71
490 245 95
326 3010 86
1596 2699 89
1492 4679 258
807 2763 159
390 1020 405
1056 4434 104
1333 809 42
130 1004 303
1188 1802 34
402 1034 54
725 4263 88
412 1340 72
92 500 44
1096 3013 57
1938 3881 75
3 3216 285
707 2953 396
1140 400 325
308 983 57
268 287 307
1633 903 62
59 111 43
1043 180 78
1852 1251 12
473 1295 374
157 818 406
1140 810 43
1464 1247 57
1264 1495 73
605 371 73
1216 417 92
1717 2249 73
114 29 12
26 498 190
861 147 56
354 4456 56
2112 605 137
396 2449 71
732 1164 208
98 2399 52
1284 85 89
1567 435 73
1586 1210 307
315 178 97
1033 2647 276
209 915 57
1087 68 71
2117 673 120
88 1426 57
1149 643 364
219 2846 43
453 761 57
114 70 113
861 5333 44
918 2994 270
1560 818 406
1226 3046 159
554 2284 75
341 145 56
1743 33 32
395 4419 44
1469 1249 72
368 787 201
1646 2262 88
374 2273 43
368 1683 10
186 3014 220
1796 1491 269
20 940 42
531 3608 107
1829 2956 71
1132 1057 246
1685 2337 473
1153 3370 43
1653 2420 404
533 1196 71
193 4086 56
1966 1890 289
1547 800 246
388 367 12
1866 3364 305
906 461 25
1296 3139 285
709 2096 232
2051 72 71
998 3591 88
173 1412 71
962 122 33
2038 3402 206
1817 412 200
984 470 35
1929 174 54
1176 899 79
1486 3699 113
1741 470 35
1603 840 386
71 1767 56
1435 2647 276
381 214 333
255 3767 417
1104 3775 89
155 3610 276
1576 2892 43
541 3259 71
1488 245 95
2010 5072 38
97 403 25
350 5385 190
130 318 234
174 990 43
1580 25 79
1062 1379 89
2250 2920 213
197 2202 42
1817 1817 72
1017 320 71
202 860 172
1408 485 72
884 2026 307
114 920 192
543 29 12
840 1195 89
1209 891 137
1274 696 370
97 4849 12
1665 630 111
1046 682 264
1131 3442 318
1374 2381 94
1860 5413 33
1576 4213 44
25 1451 75
1589 136 73
1398 2358 427
971 25 79
873 4237 333
791 827 89
1174 1817 72
2200 2254 468
1308 1082 375
270 829 43
970 4409 112
179 1642 73
1302 29 12
616 5195 468
2168 3284 303
994 400 325
912 531 15
1967 3747 460
549 4552 104
1618 99 70
99 2997 42
1139 1810 84
1309 4399 104
786 980 113
339 4293 56
430 669 197
1407 4159 156
948 17 43
1848 891 137
1145 211 361
672 1646 89
1441 3295 258
452 88 276
891 4787 456
1078 4411 303
1395 2943 118
606 255 285
1484 777 71
1500 32 56
1159 136 73
1011 1275 142
1076 5065 70
1335 472 100
147 2901 444
699 1802 34
1283 1226 457
2167 1046 206
782 379 209
1319 2699 89
1731 4425 97
1336 2161 9
1174 191 44
1201 728 113
110 1137 43
1544 1392 105
418 1465 70
1462 448 333
640 71 72
1 2245 57
1595 181 453
886 188 232
658 4050 172
510 105 6
925 273 89
736 2156 31
889 799 89
1172 2662 71
1267 72 71
414 217 71
75 1400 89
180 1910 72
1330 4849 12
642 633 271
821 4775 43
1463 1452 78
1538 1667 78
1217 1122 96
314 2638 55
360 1991 86
361 3106 251
902 627 232
585 4579 70
43 1071 12
389 2297 79
2248 775 468
216 2985 114
358 1513 10
1829 3461 457
362 898 162
88 1651 89
27 3057 89
2058 1817 72
363 1886 328
1420 2472 89
1222 1748 307
617 3273 89
1951 347 40
388 621 12
846 680 364
1912 518 363
242 2306 296
934 1593 285
1145 4559 70
432 2897 54
401 769 107
2223 2917 259
993 1145 95
1532 3542 185
1245 2239 205
1807 770 313
515 3812 182
1081 1114 457
67 1228 185
1175 1839 24
75 1875 94
212 1914 232
504 2477 71
1296 436 303
784 2896 363
59 1693 57
673 27 307
25 174 54
688 784 57
1778 785 73
1356 573 47
71 2461 149
41 693 436
1212 149 71
428 1735 41
744 4913 457
819 643 364
753 214 333
779 4830 412
790 3386 89
1397 277 316
32 418 307
396 1675 325
1131 1951 300
1269 447 181
1136 3543 185
1857 3174 214
159 1903 55
1481 2981 210
29 1436 34
358 1146 33
1273 474 229
1477 5281 363
1159 363 71
2040 4688 117
1728 1194 116
743 1364 60
1035 271 89
630 803 43
542 1817 72
918 313 421
1237 912 181
1276 1099 449
918 1868 104
668 28 47
458 1023 98
59 1463 73
1450 3587 56
888 1785 318
354 767 78
961 1734 54
883 3940 278
212 2077 465
466 211 361
306 1124 72
2205 3785 463
543 4772 70
1672 647 303
51 874 73
732 4990 72
1159 4652 348
133 97 71
1232 186 137
102 1687 72
173 468 78
1071 1504 71
1295 396 185
1689 1322 55
1803 1921 425
301 85 89
92 462 71
784 503 57
183 32 56
887 4455 89
2186 643 364
192 1640 201
1709 4573 407
1305 4887 457
1146 2982 210
1486 3352 9
1388 124 105
138 41 55
1408 1277 44
350 501 44
1704 2409 10
1700 1250 12
44 262 318
553 295 341
766 2182 79
691 3708 389
367 101 307
327 1249 72
1250 1280 23
1061 518 363
1423 483 72
531 108 71
531 608 43
1788 844 40
550 621 12
1695 3485 382
1305 1614 40
358 4743 392
675 1316 110
861 1955 32
1643 400 325
1772 3835 190
1849 164 111
1268 29 12
172 2197 10
490 3738 120
1429 772 89
1154 759 333
1314 4234 278
1220 1422 56
1696 98 70
212 4648 370
693 982 56
1977 843 372
1410 542 396
94 1931 444
1704 4839 71
705 255 285
1860 3554 32
746 101 307
1797 32 56
379 712 89
807 518 363
1137 2902 453
1551 2056 453
1020 181 453
1021 4198 278
32 538 172
390 52 307
1301 1671 206
652 3118 307
1303 4208 81
1413 1593 285
871 3632 89
209 5221 163
266 71 72
747 2083 56
980 4237 333
1473 1034 54
515 3427 278
340 1297 72
995 4483 348
710 643 364
1746 4716 169
446 4754 56
1144 1277 44
1000 937 361
52 3538 453
1039 2330 187
1475 1872 72
2086 2646 355
699 5564 206
1568 1184 56
1364 1158 32
863 361 333
106 167 41
458 3739 78
1292 3151 57
805 304 219
1171 4674 72
2090 38 143
1623 2059 206
565 1262 117
54 2171 42
1069 753 56
1156 1384 71
837 3892 304
1146 5324 224
191 3805 142
748 1124 72
1599 183 115
1168 3219 259
799 737 386
77 589 89
1588 1712 71
653 277 316
1305 840 386
430 2361 104
352 2229 370
1336 1882 163
119 761 57
1215 4307 416
382 2326 159
173 3166 396
1445 3180 286
1067 1056 386
513 138 79
159 600 33
2205 803 43
1401 5579 468
1448 1664 56
536 2473 97
1911 5593 31
233 4829 285
791 311 125
1268 72 71
900 4345 378
1311 1887 73
1429 2764 89
2034 1416 89
851 1751 444
369 4164 71
1859 1085 57
1215 4744 190
1049 40 72
132 3391 274
414 101 307
689 2195 10
399 1558 72
41 189 202
403 1175 415
1383 1875 94
968 1055 89
1004 777 71
1102 400 325
160 88 276
1081 68 71
834 1155 44
699 831 117
668 82 34
1195 2035 232
375 682 264
1077 4386 55
107 604 55
327 2379 457
483 3011 143
1144 2397 209
1319 272 56
531 2449 71
1603 4816 84
1244 515 41
388 2141 303
161 947 33
1250 142 57
936 5535 44
1615 772 89
1546 1606 71
1068 1437 172
1728 1900 71
413 1380 473
55 2730 44
580 356 56
1097 272 56
1809 3160 206
1235 221 89
1790 4403 71
228 1121 70
1170 101 307
549 4260 92
1287 5050 12
1377 2349 258
172 2997 42
340 1476 251
1654 1650 211
819 4946 57
276 377 54
452 500 44
330 2053 72
1123 3343 71
617 14 398
565 114 72
396 3423 194
737 144 72
1169 4475 370
1136 3320 73
490 3560 24
1700 728 113
145 3870 179
1974 2184 55
1281 1682 206
130 1337 87
301 1366 54
361 2138 72
1245 2077 465
1472 1860 89
588 501 44
799 958 44
1445 754 42
845 764 143
139 568 333
525 754 42
1058 1249 72
1481 2283 152
235 1566 403
871 82 34
93 116 42
78 1900 71
1547 731 89
1174 97 71
565 3057 89
34 17 43
630 3069 285
233 461 25
1104 766 78
621 327 43
742 2508 71
1169 4474 291
389 2994 270
52 249 12
501 2328 107
1432 3786 463
1384 176 104
618 1270 55
1035 4 71
1277 5589 322
1522 3485 382
1358 3077 72
1572 164 111
184 400 325
845 88 276
99 3559 204
2241 298 71
2023 379 209
749 1082 375
1360 5129 72
1032 2800 285
91 2785 205
926 1248 206
657 1461 5
240 114 72
537 1278 144
283 1566 403
1681 139 404
339 520 89
204 1032 43
530 785 73
270 816 12
1519 1548 185
824 1671 206
215 3068 113
1017 3689 89
945 1573 12
94 954 276
1084 625 89
1000 2981 210
1432 3461 457
689 382 39
414 2805 12
2303 518 363
510 2179 33
1215 3297 393
1782 3940 278
394 557 325
2033 1712 71
216 2692 150
1268 447 181
1168 3318 159
989 816 12
2015 4782 23
233 4411 303
468 184 12
1977 4664 457
746 851 84
336 2024 355
71 772 89
584 400 325
572 2625 364
121 666 43
1283 659 303
513 420 190
1000 469 295
1391 3220 341
742 277 316
1179 710 89
1221 15 386
638 3427 278
1528 2868 190
1599 2666 226
181 3217 72
2089 1671 206
807 1228 185
1326 1133 56
513 2061 56
731 4517 21
2165 179 49
523 3367 235
1423 1849 155
798 1983 307
142 2516 404
16 36 44
324 3583 33
32 393 71
1054 2337 473
1853 29 12
1178 4623 278
327 4286 271
721 4032 234
762 3738 120
1334 4465 89
388 3247 414
955 1251 12
1942 68 71
1138 5575 71
1372 365 457
1281 4906 104
330 485 72
1142 36 44
71 1815 34
376 818 406
1302 593 42
1420 362 71
66 350 137
136 3556 12
1188 246 55
2035 3427 278
591 3385 92
507 4997 57
116 4997 57
617 2977 295
1376 377 54
1503 4198 278
40 2198 10
2218 2213 71
1609 1649 89
1644 470 35
1851 5078 271
259 3783 73
540 1826 44
1825 4997 57
942 2693 431
799 2954 89
1318 2155 188
80 441 405
1700 4622 333
151 797 39
1333 47 71
504 1508 316
599 3976 71
94 94 276
376 5297 392
781 1179 63
115 915 57
1256 216 276
625 3037 285
1817 1624 57
246 1190 307
1384 761 57
1036 4608 316
91 1817 72
412 1275 142
2023 3752 305
1566 11 276
310 1442 152
1035 4531 70
370 1324 316
423 484 206
1292 1461 5
847 3455 71
989 324 38
2151 3502 42
1724 1602 107
1057 1466 143
1056 447 181
829 4641 300
1018 996 303
1403 101 307
607 3034 457
114 844 40
80 837 395
1578 2023 180
1312 97 71
1017 3003 56
2039 27 307
507 298 71
543 4301 57
217 477 89
1388 3086 10
412 205 70
545 76 89
1017 608 43
980 439 285
370 4385 406
1472 145 56
700 3352 9
1312 4531 70
2142 1217 338
1147 5038 32
1790 2252 21
1283 2675 254
1066 4090 89
151 114 72
691 3474 232
182 2666 226
145 2651 205
2252 440 10
130 659 303
174 3898 213
1476 1324 316
726 3118 307
1395 205 70
343 179 49
222 3496 50
359 136 73
747 842 57
799 3693 52
1627 2153 235
1051 277 316
1011 937 361
980 3003 56
1167 1966 10
723 4353 32
2049 1334 47
1440 648 44
2248 1275 142
1673 1661 139
599 1908 70
1231 1155 44
816 605 137
1585 177 12
399 1297 72
1653 3906 89
2163 1 463
1317 3589 146
1530 3156 453
1792 211 361
1440 2105 185
1236 29 12
1754 500 44
543 400 325
1329 393 71
143 3426 314
887 162 38
1145 242 33
67 1393 276
1073 400 325
1934 76 89
1003 719 63
154 1938 24
388 1251 12
108 3006 449
644 4997 57
1234 4051 172
77 1315 303
1546 656 285
352 839 57
1283 5053 359
1492 29 12
1678 4160 185
1159 360 57
67 5163 31
1995 1258 73
635 1771 56
798 1209 89
1378 3964 105
478 774 32
78 2571 72
1810 1227 318
438 2051 94
198 1551 72
1857 2369 71
1292 1682 206
363 523 57
648 136 73
1244 2520 404
2149 4411 303
1277 2361 104
3 5 73
1429 3012 57
1222 2439 177
955 3846 32
618 807 108
1332 181 453
489 136 73
1345 379 209
1328 3041 103
22 136 73
1236 447 181
1526 76 89
1727 2397 209
2136 4892 44
1139 586 12
1743 447 181
1751 1175 415
270 2061 56
1272 1656 250
1572 1276 317
688 1046 206
46 231 72
2184 1944 12
1324 76 89
762 3504 71
1245 2709 206
519 2151 264
725 501 44
1557 27 307
1742 2895 444
1231 116 42
1760 4266 75
115 101 307
1024 136 73
680 1785 318
1104 317 89
1160 3261 374
283 5287 415
1396 124 105
1219 2607 12
1206 2178 276
893 617 41
451 1400 89
753 209 32
436 502 107
587 33 32
955 4024 42
108 956 41
663 619 72
69 367 12
1223 958 44
1200 962 89
593 289 56
713 1 463
1201 961 80
83 4606 316
1144 1618 40
1248 1584 88
18 1055 89
1229 3531 285
1827 85 89
1435 644 383
605 3022 42
1821 440 10
127 5310 276
1635 29 12
1303 3753 89
1179 234 82
696 439 285
1903 337 87
955 145 56
1814 525 71
1774 1785 318
466 2358 427
1102 2311 56
1195 3299 338
945 2006 160
2172 3399 426
2200 139 404
1747 205 70
753 136 73
518 114 72
795 761 57
1076 1046 206
912 4712 386
140 2969 55
1355 2059 206
1353 4398 364
759 835 72
329 1439 34
13 1173 120
1299 1624 57
907 3138 72
1008 1099 449
145 1966 10
219 460 88
379 798 89
144 570 12
770 5145 71
798 470 35
718 565 91
1322 72 71
97 3169 260
1133 3497 260
1353 2027 439
169 862 285
504 1712 71
1141 1145 95
1272 439 285
1316 1439 34
711 4005 44
352 1505 386
1097 4404 189
14 5031 379
1459 256 285
240 887 305
1371 1277 44
242 761 57
542 85 89
512 1409 135
331 2666 226
824 1548 185
512 4227 89
808 88 276
989 376 55
1877 4507 71
2036 164 111
358 1902 333
489 4917 72
567 2061 56
945 767 78
469 32 56
352 1424 43
92 4397 66
857 640 12
581 1109 89
1071 980 113
948 2827 74
1966 792 231
1228 585 89
598 1366 54
181 1193 72
606 3140 215
1767 415 359
1223 4167 42
1263 318 234
565 4698 451
1178 114 72
78 1035 70
1312 1680 412
335 395 71
1191 2105 185
1360 415 359
219 983 57
955 5154 57
360 201 162
1491 1383 364
161 3509 89
1889 1 463
1097 4985 57
414 513 357
2104 767 78
1123 97 71
1561 1046 206
1705 590 89
1205 2074 10
1220 1251 12
743 1375 44
1376 1482 71
1817 1211 94
1925 2196 10
1711 3574 190
1588 139 404
1736 4677 89
1296 419 286
283 3185 206
1580 174 54
1358 439 285
192 5327 457
699 2022 72
141 2053 72
769 1046 206
1455 864 260
1139 97 71
923 3618 318
1193 3282 364
2245 159 457
2073 2426 236
544 2505 65
362 2545 72
1914 767 78
1408 4565 282
2029 1260 260
1337 4829 285
1562 162 38
665 1842 70
412 1197 89
1210 3582 206
736 3551 57
446 1737 93
798 5304 103
1787 577 105
992 192 57
1315 4347 63
2260 3248 336
1027 648 44
162 2946 462
1487 2149 137
1054 3538 453
1826 15 386
955 658 457
497 1421 9
181 10 386
683 3906 89
740 552 57
203 958 44
145 218 206
535 1431 89
1150 4518 279
795 1317 89
854 318 234
457 145 56
881 3344 137
45 200 109
1051 4997 57
52 27 307
866 2305 18
1299 1580 209
678 268 55
314 2441 138
972 440 10
574 1388 10
734 67 98
1154 1766 71
1869 2853 143
618 781 453
749 422 143
1925 4518 279
1326 2239 205
1585 4544 25
400 1079 43
351 388 402
626 2799 303
1253 4125 32
1578 915 57
39 1762 72
713 860 172
423 4180 103
1140 85 89
1224 145 56
1084 400 325
395 1662 19
412 1372 33
904 1297 72
2155 643 364
1067 2691 81
314 5293 274
1795 498 190
306 234 82
1972 205 70
75 119 22
773 4251 57
1180 612 113
1133 1969 89
564 1321 137
673 3075 369
221 400 325
1169 2528 449
1640 97 71
10 3010 86
1174 2239 205
1613 4816 84
1212 761 57
132 4610 56
548 1638 415
1146 498 190
1813 45 276
115 1772 213
1986 5112 56
317 515 41
1408 781 453
331 219 71
376 5527 359
1153 936 113
809 4647 409
1050 1479 97
2002 1452 78
653 973 116
1850 400 325
1341 5583 479
361 1533 172
1451 1034 54
1438 129 359
256 1021 341
553 4432 97
2318 4498 201
347 2334 33
799 1583 73
1155 888 71
332 2311 56
1126 3242 202
145 2059 206
934 2996 444
327 3322 143
1464 4350 355
755 2467 150
1682 2482 137
1252 3692 278
93 5152 25
6 3885 43
660 1226 457
934 159 457
97 640 12
2029 543 172
1773 2474 71
770 2762 89
679 97 71
1326 419 286
930 400 325
2120 4011 368
2235 439 285
1952 1401 69
45 395 71
197 3268 91
1450 4566 25
1011 72 71
2184 1249 72
744 4595 232
316 675 285
1136 2189 91
554 417 92
566 386 32
1763 3820 184
194 3024 38
1013 4919 72
1345 4550 412
1615 4997 57
810 4399 104
566 116 42
1197 728 113
1276 400 325
2003 3040 42
41 3759 71
108 1375 44
656 3865 320
829 529 252
376 1592 286
38 164 111
1290 761 57
1360 97 71
1205 5101 44
133 5541 8
1141 752 44
39 15 386
1355 1103 92
438 205 70
2084 1331 457
703 207 316
821 792 231
562 591 89
367 1243 450
483 4504 111
145 540 9
1678 1359 71
1230 245 95
1318 608 43
46 2082 28
1699 1859 437
521 200 109
780 1948 56
967 3168 221
593 1264 72
1349 2394 303
530 29 12
307 4051 172
668 2627 70
841 391 89
699 619 72
648 1907 113
1636 3461 457
1148 1181 392
1121 272 56
236 2454 190
1782 121 89
194 101 307
1336 4499 45
1255 659 303
721 761 57
159 1253 73
2056 1179 63
1391 1 463
838 5024 295
365 2552 33
22 36 44
1323 153 71
789 4162 25
1710 605 137
349 1495 73
1768 5245 137
256 2077 465
1384 379 209
1698 4247 465
1353 4961 364
2200 3710 338
1545 4267 107
572 2305 18
605 2454 190
31 2683 473
244 3691 206
1 316 32
1084 101 307
770 1117 190
1532 1315 303
516 1682 206
292 588 70
946 29 12
384 985 52
374 1985 12
1144 171 12
751 29 12
1654 1817 72
769 324 38
587 447 181
29 97 71
222 5283 84
386 101 307
412 97 71
1143 1456 287
280 866 73
1473 418 307
1038 486 107
1541 1172 25
389 2833 89
1492 2286 34
1337 3295 258
1632 865 303
1312 5343 73
235 2173 405
822 4051 172
154 933 77
1407 1516 89
388 1842 70
851 176 104
1146 1813 357
2160 2495 62
534 76 89
507 2870 185
900 2072 56
469 2926 12
1302 733 213
351 498 190
1994 889 57
38 2691 81
618 2636 73
1982 289 56
192 1251 12
593 5218 72
939 114 72
861 5476 89
1530 1235 89
828 628 174
1816 183 115
242 1162 113
1625 4373 57
274 4568 89
1363 88 276
2067 3150 89
1855 914 353
1209 520 89
1017 3005 88
767 2801 10
38 4649 32
472 3707 33
987 380 70
1171 701 72
153 188 232
415 891 137
1168 710 89
1288 1055 89
1938 673 120
207 844 40
475 128 318
93 5454 260
1405 558 111
1341 3597 71
1275 1221 338
1134 418 307
513 2072 56
1486 3013 57
397 486 107
1458 3088 404
187 71 72
1296 4152 278
1692 349 90
1141 380 70
173 751 295
1021 3420 25
1315 29 12
742 392 89
541 2793 355
278 1290 43
1513 568 333
228 461 25
641 481 190
355 536 42
1873 1055 89
1161 393 71
730 3370 43
1336 4848 110
1053 1808 75
179 3660 137
523 2804 12
296 4010 88
1395 417 92
587 2847 195
1511 5126 71
1171 3248 336
1527 4568 89
709 3335 303
403 607 137
390 1620 307
1818 1179 63
1258 61 129
1455 255 285
736 2607 12
1625 498 190
733 2404 56
1250 3544 72
1064 4628 89
2117 98 70
1208 85 89
2110 2506 457
233 255 285
1991 27 307
39 1329 464
26 4888 24
1335 4356 73
2103 1197 89
1591 3570 10
467 885 33
1057 3359 284
1272 621 12
241 505 57
706 379 209
787 1921 425
1226 2505 65
1585 3462 40
1315 88 276
2100 1544 33
851 1886 328
1277 2059 206
240 138 79
572 217 71
34 3418 29
31 2690 12
1228 455 107
1584 1110 348
1081 438 71
616 2822 349
254 4969 44
904 1712 71
1795 1039 161
132 3448 44
908 621 12
1237 4482 268
967 4349 77
380 4999 25
1572 2105 185
436 124 105
240 3371 430
1311 68 71
1753 420 190
607 3174 214
452 3533 63
1216 4801 12
1458 253 89
247 336 33
755 958 44
2250 4474 291
413 447 181
46 225 111
699 728 113
565 3266 307
549 1046 206
1209 2029 158
807 920 192
1973 102 221
1362 807 108
1753 2955 370
1901 5238 34
395 4402 89
1677 983 57
1602 2266 412
1515 1354 72
1920 439 285
623 2374 421
452 2848 40
629 489 72
396 152 70
1738 5073 57
1189 70 113
936 2969 55
63 2047 56
635 2019 453
1891 5142 71
2008 1146 33
1050 5576 42
1022 1408 54
743 3865 320
1310 3831 370
138 2954 89
969 2898 70
677 400 325
749 4185 375
2237 229 43
286 1240 72
2088 415 359
144 145 56
636 71 72
1933 2056 453
14 1832 40
93 26 109
199 2562 25
1131 2305 18
388 1637 201
1324 205 70
1294 326 137
1017 4429 31
912 1513 10
554 205 70
181 1886 328
799 98 70
1273 4176 10
480 2245 57
1248 2171 42
504 739 454
1195 2878 285
1220 3712 375
1212 2003 209
335 3082 404
643 419 286
1322 1883 57
272 2036 70
618 3398 87
121 255 285
1768 2188 75
186 4943 42
1951 2622 40
1050 79 353
280 1 463
496 29 12
256 4227 89
1383 97 71
1345 2023 180
1131 4294 44
1292 2628 57
507 2239 205
1249 148 453
1898 844 40
523 2547 346
2068 114 72
779 2911 38
791 121 89
1254 358 279
907 282 57
867 205 70
958 1057 246
848 355 72
854 379 209
1544 4512 444
1319 4741 172
1227 2022 72
1247 586 12
1753 3254 71
303 3240 38
1235 616 271
953 1140 337
1966 1666 303
1851 1885 265
399 211 361
651 1912 117
2221 3348 32
1248 1064 73
362 2222 88
566 1074 71
101 363 71
1012 901 42
1427 1339 137
224 1634 96
1851 1091 73
866 5034 89
369 1569 386
647 2755 303
1760 543 172
2068 1275 142
2151 5354 87
336 1174 145
1007 4844 57
453 524 71
258 661 72
1189 2337 473
907 123 139
163 176 104
1187 3854 70
1537 2048 217
656 174 54
1193 3411 307
1260 3249 337
70 3521 33
955 4228 213
1546 2013 73
1263 99 70
257 1223 185
1966 644 383
1233 52 307
558 4905 386
489 340 56
1295 1091 73
1578 710 89
1341 396 185
1018 1817 72
1903 1978 87
1433 5148 373
970 2199 6
1595 3538 453
1067 1613 213
543 68 71
605 469 295
319 3274 333
846 901 42
247 260 317
1302 1199 56
1066 4451 89
544 2137 176
217 29 12
777 4792 56
320 3731 25
1454 489 72
788 2534 334
237 2037 333
796 733 213
1121 539 55
230 2094 71
340 3698 57
345 804 72
192 39 143
866 2032 186
1032 2474 71
1316 4603 364
1068 8 55
132 412 200
1492 887 305
170 877 73
548 400 325
721 1278 144
301 1798 25
779 3652 189
113 1981 71
1748 1204 459
1832 489 72
2048 2252 21
1191 4791 185
1188 2279 79
71 2077 465
543 542 396
34 4991 453
509 816 12
1699 5294 10
819 4562 284
1064 5259 89
1681 3211 196
249 4206 56
620 2912 89
142 1 463
2042 298 71
20 792 231
1859 2792 333
1016 1366 54
1306 3692 278
629 4155 43
1431 2406 65
54 25 79
1383 728 113
1140 1584 88
233 1134 286
46 80 33
689 1880 97
460 754 42
560 3506 33
353 1516 89
615 316 32
1070 947 33
886 2441 138
1705 3186 142
1646 1872 72
1070 1116 55
1067 3202 82
1668 2122 92
614 1639 172
172 3636 72
616 2797 350
1711 5582 93
464 2752 34
1233 2988 143
928 72 71
1622 2515 285
1439 5141 71
294 145 56
47 2946 462
46 5566 307
1855 2239 205
159 892 54
516 2873 33
1563 841 40
922 4669 370
52 261 12
1222 4361 84
567 419 286
500 2964 100
1512 121 89
240 29 12
1734 1036 32
874 787 201
492 550 77
1153 3388 468
529 2300 71
1686 316 32
699 1050 136
1300 1458 285
161 895 38
1187 4900 55
335 2480 10
1399 3554 32
605 477 89
1523 1853 201
626 561 107
379 1388 10
1619 3701 328
553 1950 100
1288 4217 396
213 146 33
1126 2567 201
25 2481 91
388 2607 12
1182 1962 64
1523 4255 453
114 1983 307
1294 619 72
689 4017 105
604 1006 286
1799 3874 267
668 192 57
1134 626 56
1205 2798 394
1612 621 12
382 1619 40
1966 2755 303
1067 983 57
1032 1020 405
610 116 42
1084 827 89
1362 138 79
691 1600 333
1379 3093 246
1481 3348 32
1261 101 307
1178 5053 359
273 1859 437
784 97 71
1350 610 173
1052 4994 71
1774 4982 316
1153 3026 409
1315 2275 56
1813 2103 424
846 3351 302
1457 4127 25
313 599 33
122 671 197
1258 1331 457
1333 853 13
2004 1102 29
1305 347 40
2125 3325 301
39 76 89
718 363 71
1135 3757 465
1850 839 57
2077 3488 89
1586 4498 201
157 933 77
846 2628 57
4 1410 12
46 3987 276
724 4364 305
248 1364 60
25 3446 43
794 216 276
660 831 117
432 2254 468
664 3324 154
181 1762 72
420 98 70
1295 810 43
1066 1845 137
1160 888 71
798 1090 71
629 1558 72
989 467 107
1910 216 276
1791 3240 38
380 2 75
169 3946 34
382 1381 29
1186 4278 32
25 101 307
989 4206 56
847 4841 97
1290 2088 271
870 2078 127
288 820 40
1300 373 303
225 3679 73
132 2289 89
1443 77 91
139 2355 57
1790 1910 72
1478 1138 29
492 2892 43
841 2543 246
1972 606 9
762 2420 404
614 400 325
1395 2746 137
1020 1297 72
1068 2031 274
1141 2298 158
1440 4268 246
838 4235 404
132 1540 89
907 2491 332
505 114 72
1067 25 79
1690 4390 316
1966 1091 73
1645 1613 213
1962 289 56
1212 359 56
888 72 71
353 217 71
92 481 190
31 3483 42
2261 1463 73
1182 4390 316
375 1582 73
886 70 113
245 342 24
233 2665 421
1577 4997 57
1719 744 361
808 492 12
699 3193 89
617 818 406
513 1413 44
1324 621 12
903 159 457
1324 792 231
1567 3485 382
1097 3451 65
242 1828 24
1182 140 253
1032 472 100
2253 577 105
286 1308 482
791 4574 43
219 832 117
513 697 57
213 328 78
1790 1066 89
1568 978 57
727 588 70
920 400 325
779 4765 241
847 979 78
1143 2692 150
848 1018 375
1262 1436 34
173 2030 86
469 327 43
1625 88 276
1748 5185 394
629 1625 297
630 822 24
1049 531 15
572 826 43
2222 3595 316
1155 4886 73
404 901 42
1107 174 54
116 4641 300
1159 2983 305
1450 3370 43
1212 2662 71
384 504 57
24 3218 73
1004 1096 396
1711 2701 137
1358 643 364
186 1020 405
1417 3990 303
1159 1202 271
498 2349 258
1221 141 72
1149 983 57
109 1972 89
857 99 70
330 2829 87
4 1227 318
1951 593 42
388 2641 42
1008 640 12
1704 36 44
1177 693 436
272 35 56
207 4637 70
807 2523 56
1131 5080 78
497 447 181
900 2428 31
63 261 12
2139 211 361
1736 3434 137
446 1578 214
889 2829 87
1195 803 43
468 860 172
684 3336 10
92 1924 404
627 211 361
270 655 89
94 160 12
45 2710 71
375 111 43
936 2366 290
776 591 89
1008 1211 94
399 3242 202
186 895 38
1225 1712 71
1845 1491 269
456 1422 56
205 1817 72
1281 97 71
99 3692 278
970 647 303
1460 1273 107
1546 1015 355
1632 887 305
814 835 72
651 5552 202
513 4015 133
1138 728 113
1126 2263 86
1160 472 100
637 4899 57
54 3493 71
490 439 285
658 379 209
1728 3379 42
1546 371 73
740 400 325
1287 1563 25
131 363 71
779 1410 12
605 1115 121
1629 71 72
1235 159 457
553 1143 295
1548 214 333
507 1205 132
1352 2729 111
510 5257 32
1527 1075 12
1615 2123 71
584 2408 5
1850 171 12
2282 4489 451
822 3549 144
814 4702 71
954 2547 346
977 3259 71
1841 2692 150
448 221 89
487 1520 89
1480 4906 104
180 2709 206
1186 473 285
626 3891 115
28 400 325
400 787 201
515 2374 421
1860 396 185
374 892 54
1153 17 43
1090 4396 71
710 3151 57
909 3591 88
507 2254 468
349 3725 71
1153 536 42
1200 76 89
1839 5415 333
468 472 100
702 2488 453
945 2968 56
1153 643 364
92 4819 92
412 606 9
735 617 41
1567 1725 42
1832 316 32
2275 501 44
648 2126 246
1258 619 72
536 20 89
2052 4893 57
1020 608 43
1137 4351 206
169 681 303
916 155 38
552 2536 444
136 68 71
1712 357 278
818 1073 434
127 181 453
1251 3427 278
1291 1763 109
1700 1838 72
1107 2973 72
1195 1901 285
641 2673 190
1352 621 12
1962 2683 473
1555 136 73
1904 181 453
1296 883 70
1067 536 42
248 640 12
366 3578 72
451 711 89
1342 1073 434
1022 621 12
36 3625 6
1208 4831 311
1527 418 307
526 4155 43
1209 5085 367
266 827 89
103 5054 41
1341 98 70
193 354 78
387 979 78
947 3986 21
1216 192 57
1469 2764 89
1607 1902 333
774 390 163
344 2495 62
1923 149 71
1425 2096 232
997 440 10
895 873 73
634 3990 303
1336 4756 40
270 2480 10
29 318 234
2295 148 453
1206 5084 75
2160 2979 89
1675 3286 138
1366 118 44
791 3569 97
985 669 197
648 2379 457
412 1689 34
440 3106 251
1302 4552 104
117 5106 97
1578 2580 259
1848 4962 54
588 152 70
713 4334 71
1360 100 89
1310 379 209
46 4145 24
799 3273 89
1474 13 467
689 2259 89
658 1901 285
504 842 57
1125 4688 117
1067 4423 291
501 2806 173
298 1296 72
1002 29 12
261 162 38
194 280 120
887 2239 205
3 340 56
52 915 57
605 5571 384
1407 807 108
192 724 89
599 710 89
1038 781 453
1591 988 137
187 4808 297
900 3026 409
627 860 172
175 153 71
1003 988 137
1302 1914 232
1530 4844 57
1636 2077 465
1486 2595 10
1865 3803 56
1161 1242 414
59 4917 72
1742 918 71
838 4906 104
517 2414 201
166 114 72
1314 76 89
1949 177 12
1352 640 12
2068 728 113
350 371 73
1728 4145 24
1125 1733 71
1858 84 190
498 538 172
539 245 95
1171 791 71
1329 304 219
145 636 107
969 5437 325
32 330 190
145 1414 32
270 2906 72
668 1451 75
841 728 113
1807 2758 44
281 1004 303
792 622 56
419 792 231
1066 97 71
156 1689 34
1206 3046 159
1353 1353 71
405 1199 56
742 4192 92
165 2091 89
566 4224 89
1266 3111 353
1437 4288 278
706 1712 71
197 2206 78
1644 72 71
88 265 115
2095 568 333
457 1471 73
157 2879 98
1035 2437 246
1059 1297 72
287 1135 230
185 935 70
1708 400 325
918 3811 329
127 4352 32
879 92 38
58 288 33
1842 2765 56
286 181 453
683 29 12
28 548 277
91 15 386
140 1032 43
432 2358 427
1194 136 73
1139 628 174
1569 216 276
140 1996 57
1129 3568 278
1607 319 57
1796 4419 44
494 4565 282
81 5569 34
114 1058 457
1134 4368 71
400 466 55
766 610 173
588 236 48
1078 3784 364
489 892 54
2021 3320 73
6 135 307
1143 164 111
2250 1548 185
549 4908 399
1867 4386 55
1574 1545 246
904 76 89
1643 728 113
1306 1219 185
2283 233 292
2282 292 363
507 4725 457
1768 101 307
714 2 75
54 3268 91
607 3773 89
1163 955 31
725 1921 425
114 930 227
1523 643 364
526 1451 75
789 1271 56
569 2131 98
1455 245 95
1802 4017 105
1030 2563 203
2221 1146 33
842 538 172
98 1810 84
1316 1451 75
1279 4619 105
205 2551 57
512 417 92
580 5436 56
831 361 333
155 4851 278
696 1227 318
779 5574 232
1949 2896 363
1305 1594 42
1858 2568 32
1305 633 271
419 316 32
108 3004 417
1645 227 103
1054 2254 468
754 299 364
1579 174 54
706 1263 73
1713 439 285
126 2128 88
1055 4565 282
1748 159 457
1169 4646 348
621 1954 314
1841 2337 473
904 5564 206
1147 4552 104
699 178 97
1928 4258 320
114 318 234
1465 954 276
844 5276 473
136 723 89
784 1770 48
1068 1594 42
848 4328 285
367 313 421
1197 5411 55
179 1337 87
1063 127 382
1757 1600 333
272 3529 363
1576 4252 29
1197 2083 56
1097 1143 295
945 3792 25
758 1037 24
168 2648 471
1751 2390 89
126 691 57
467 316 32
511 526 47
1092 958 44
2279 179 49
88 2781 73
2200 1217 338
702 415 359
795 793 44
468 1605 54
478 3713 9
362 2558 33
54 2001 89
1293 304 219
610 1683 10
1796 205 70
1617 3847 386
1384 4820 167
559 1999 12
225 400 325
2176 3184 1
808 1192 92
1581 132 145
141 1177 89
1024 1227 318
1273 2286 34
1216 1441 152
1799 407 104
567 3499 285
1733 306 72
756 244 71
341 5232 426
1782 1228 185
1245 1238 72
1370 211 361
1017 3543 185
1168 698 333
80 1343 318
980 209 32
1498 277 316
2145 181 453
663 145 56
1587 568 333
2138 538 172
1589 568 333
1136 2006 160
1141 462 71
71 2212 32
1198 412 200
1278 493 15
1568 3437 42
2244 324 38
677 396 185
896 3966 83
383 98 70
1578 980 113
388 1317 89
395 205 70
66 3768 24
1683 1734 54
1374 832 117
1570 3119 363
536 1780 34
1188 1625 297
1103 1892 72
1067 633 271
1228 4420 107
1701 355 72
246 911 180
56 23 274
1854 118 44
1500 1397 115
608 211 361
81 4781 43
948 4593 333
1229 3309 386
1137 988 137
1842 4499 45
858 400 325
770 97 71
525 1836 73
1249 164 111
1000 807 108
430 2239 205
1228 2545 72
61 3256 48
1491 4462 185
1580 4083 71
1344 358 279
203 1342 89
486 1734 54
2021 1 463
151 640 12
454 287 307
697 390 163
784 2099 43
334 1285 3
62 2569 12
2120 15 386
151 4836 300
1115 879 57
74 1398 247
156 2912 89
1358 292 363
1366 454 56
1710 4991 453
524 655 89
1236 6 160
133 2 75
1466 2214 71
1462 5234 205
361 2720 24
149 787 201
136 728 113
741 772 89
1451 4282 40
1415 590 89
89 1278 144
640 5550 72
99 557 325
231 3209 43
1413 4061 70
1388 1894 241
1896 2456 24
1022 205 70
2204 85 89
1212 29 12
1199 101 307
991 3129 293
1584 2981 210
1292 586 12
407 1045 57
1247 1442 152
1580 445 426
1792 568 333
1102 1640 201
1601 284 56
776 4129 10
1237 4547 206
414 628 174
492 211 361
1831 6 160
1053 1167 206
1396 1087 92
1330 3729 10
1423 3013 57
267 1255 286
491 3969 56
377 457 87
1076 174 54
119 914 353
180 5274 154
375 3695 88
807 327 43
435 5468 303
778 485 72
280 5045 10
1026 1012 72
141 396 185
350 318 234
650 1552 72
788 4276 57
798 204 71
1163 1158 32
324 2455 57
1135 1607 73
1074 183 115
52 5102 71
448 2938 359
453 1047 57
891 1101 239
1974 85 89
95 525 71
2069 1697 55
71 1781 56
748 4442 132
1938 3360 295
677 5535 44
1312 2239 205
478 400 325
683 3371 430
233 3077 72
517 864 260
517 3332 9
523 1522 89
753 586 12
631 656 285
1104 174 54
1407 3527 33
763 400 325
497 1347 306
1050 756 57
245 695 32
537 2518 92
1176 519 71
385 2418 263
981 358 279
2254 5428 427
1236 1106 452
157 2804 12
1814 419 286
1089 114 72
1097 828 276
448 920 192
1329 2241 73
882 1615 38
1671 2188 75
1673 5392 32
198 543 172
1324 4737 89
2060 2804 12
1730 1115 121
1221 4552 104
1472 243 73
829 489 72
163 4672 232
454 1332 42
1395 58 147
1576 590 89
553 815 251
1300 3300 72
403 2951 192
86 5320 10
1138 1560 87
709 1607 73
1107 1889 56
339 294 363
979 767 78
1233 29 12
1790 1869 89
548 1960 72
624 2144 258
989 1437 172
363 1919 310
2275 3948 122
85 458 74
1318 1029 11
1336 4565 282
768 800 246
912 1678 386
635 272 56
2010 4399 104
388 4845 336
794 3596 185
1410 621 12
782 1135 230
854 17 43
1163 1253 73
35 155 38
635 148 453
253 605 137
1393 4480 43
1777 563 44
436 272 56
1096 4945 12
1155 744 361
1578 277 316
1799 114 72
341 291 380
246 2316 64
71 3053 42
1361 1889 56
629 1539 71
115 2031 274
1429 5171 333
270 210 56
75 2565 28
63 689 56
1698 2252 21
1137 3445 40
1675 15 386
797 2749 185
2024 508 359
744 5447 75
599 5569 34
341 1477 92
2011 3006 449
1516 4084 56
2149 347 40
1316 285 307
1248 98 70
8 728 113
989 1003 107
1809 2364 237
1298 2456 24
699 164 111
1827 1632 71
1135 2077 465
565 821 71
881 400 325
195 581 51
395 688 89
1183 5163 31
311 1251 12
1155 761 57
2143 767 78
214 792 231
1817 323 89
1789 2748 43
667 4298 55
511 3829 206
2251 72 71
593 4082 56
1524 400 325
1209 2696 292
1172 301 56
1742 1723 71
1283 3544 72
114 958 44
1516 1547 185
235 1386 33
1865 448 333
1003 483 72
306 1514 10
1167 915 57
1007 4169 278
1831 4401 371
1350 4481 384
6 3733 199
151 528 89
449 5140 386
410 1277 44
436 73 72
1441 3427 278
1306 4742 213
1458 827 89
78 2296 12
1009 4083 71
23 101 307
1026 533 42
1473 76 89
2190 1260 260
1 4136 83
41 525 71
713 1924 404
70 200 109
1381 2420 404
1278 380 70
1658 659 303
802 1664 56
1845 1366 54
233 189 202
1435 1615 38
1276 1094 73
141 2054 442
1977 3932 34
1661 748 44
993 4163 75
1538 835 72
409 2147 107
1635 510 404
1428 1437 172
778 2811 206
1635 568 333
1673 4997 57
386 3000 32
384 761 57
661 2471 71
950 1113 89
169 2224 363
860 1166 71
1278 3181 333
71 1853 201
498 2409 10
779 4197 222
209 2141 303
598 1168 25
1454 1223 185
2204 1994 231
631 159 457
610 1579 12
1542 1999 12
900 222 182
946 4288 278
1711 327 43
1410 3199 31
1674 382 39
996 516 41
914 124 105
1206 1277 44
194 1415 97
1057 2272 43
702 1193 72
316 3266 307
466 334 12
860 3829 206
2243 153 71
2245 3427 278
874 4029 44
721 85 89
588 1739 57
388 2880 404
974 4574 43
1410 1199 56
673 159 457
1631 1241 465
1468 2865 104
955 1306 186
707 3808 206
678 2473 97
894 3622 42
1052 4068 33
1957 1119 89
1355 1671 206
599 3436 177
642 3891 115
1042 216 276
1532 1547 185
1177 4249 43
1039 1990 213
1563 542 396
1923 2543 246
967 3512 137
918 379 209
396 1539 71
1912 3089 232
495 1735 41
571 4714 89
172 140 253
343 3293 355
1176 2124 354
737 2410 190
623 528 89
1601 631 167
797 3769 42
1607 2895 444
1552 821 71
1205 4112 10
1050 3514 249
1663 324 38
830 1226 457
790 2887 303
614 1037 24
1276 98 70
575 202 56
1455 109 255
1141 3869 71
1141 4450 213
1290 379 209
1970 2157 410
732 1619 40
69 1096 396
172 3741 430
462 76 89
2040 3503 303
1752 13 467
1790 536 42
866 76 89
1682 3079 42
834 2528 449
1777 2610 21
721 2257 465
417 2728 55
1231 3289 34
1796 298 71
2255 101 307
25 564 91
2261 2451 33
1102 425 57
1743 2651 205
1569 1999 12
727 4341 42
1128 1569 386
1672 732 271
1294 1082 375
1255 5253 364
197 1029 11
1619 211 361
2315 1938 24
1738 3427 278
986 1217 338
1212 772 89
1165 4071 89
1312 797 39
984 2306 296
707 647 303
209 37 138
4 4003 9
617 1670 284
308 3987 276
410 3196 10
1082 1057 246
1123 245 95
412 728 113
340 422 143
1393 176 104
969 2049 56
674 4094 168
1000 1123 112
1413 255 285
343 899 79
1276 1929 404
1754 616 271
70 261 12
158 539 55
541 211 361
195 1059 72
460 276 316
1312 488 246
355 68 71
1388 493 15
1264 3086 10
711 1975 78
1227 791 71
1764 3959 72
550 513 357
727 761 57
1260 462 71
74 2118 57
1821 231 72
1484 1975 78
1053 1098 89
798 1226 457
1283 5131 301
97 2800 285
1291 4015 133
427 892 54
1278 357 278
449 3339 9
391 245 95
1720 895 38
361 1045 57
513 2846 43
467 3604 195
91 488 246
1488 3364 305
503 191 44
688 2954 89
768 1459 364
1791 2458 181
864 2087 97
222 339 106
851 2337 473
675 97 71
1128 277 316
893 1234 107
977 1693 57
1252 3003 56
1508 1600 333
954 4905 386
1049 627 232
955 5545 57
1281 2811 206
861 4892 44
1288 711 89
1616 691 57
604 2887 303
114 88 276
859 1335 48
46 230 70
1484 3521 33
2006 253 89
233 2771 32
2158 5548 75
258 4151 465
567 2063 42
1160 5143 88
884 29 12
389 3406 187
376 1587 285
847 4773 78
753 3040 42
1318 1917 89
1284 1817 72
297 767 78
832 644 383
543 3427 278
1590 1376 463
1065 1637 201
92 2671 220
1208 2175 251
1125 2786 448
807 72 71
1581 4352 32
1812 2371 73
1220 1295 374
1341 2528 449
2186 717 236
212 316 32
448 2942 404
1950 181 453
490 1210 307
731 714 104
54 5025 37
536 2470 89
410 3617 71
549 110 117
2041 5557 56
1291 1979 89
1252 1427 43
2048 3687 187
1439 298 71
1318 888 71
38 112 384
1183 145 56
1292 2612 206
2293 659 303
517 1046 206
417 744 361
778 3867 32
978 211 361
594 1234 107
805 13 467
1698 1063 457
1219 85 89
1492 3836 171
2190 2361 104
1375 318 234
934 2019 453
1087 1696 89
358 1680 412
1050 759 333
1321 4099 57
998 3620 54
645 3587 56
1553 101 307
1691 604 55
1283 327 43
790 1330 457
790 5400 89
389 180 78
19 4340 55
1131 5012 5
673 1060 457
205 3687 187
2132 4690 98
548 1871 41
63 380 70
1542 2595 10
446 1198 78
945 1198 78
1727 4061 70
1473 3199 31
995 2503 206
2221 4388 33
790 955 31
1844 950 359
338 229 43
1437 2023 180
1634 3304 97
174 453 89
2127 1249 72
331 1468 72
1862 159 457
1128 162 38
355 1249 72
700 176 104
1070 996 303
655 753 56
1302 5355 104
112 689 56
114 2173 405
1371 3614 89
1716 3054 24
377 5002 43
1353 637 65
1195 415 359
1420 3913 56
1456 2628 57
1692 5076 370
34 4869 40
422 447 181
67 594 112
1053 577 105
615 5522 172
1842 3138 72
1213 4267 107
2121 1942 202
916 1837 72
1500 728 113
1242 2059 206
479 1183 206
484 2277 65
1154 2420 404
1410 2787 72
1187 485 72
1011 665 201
668 3028 89
50 325 56
1397 4557 172
707 135 307
2186 1533 172
770 98 70
617 1696 89
482 400 325
1009 2396 41
1414 81 451
490 2928 31
969 5547 32
1236 1716 166
550 440 10
1225 643 364
1056 68 71
1641 756 57
1435 1546 416
159 602 71
317 561 107
1879 439 285
1720 2147 107
1432 3747 460
711 1146 33
1834 4083 71
847 3827 304
680 803 43
1083 3010 86
1147 2865 104
289 3939 89
410 3672 303
713 2167 57
1393 1427 43
1013 2 75
1523 4217 396
285 1331 457
299 4976 56
832 11 276
1080 2 75
554 32 56
553 2355 57
515 2607 12
1302 1257 91
2257 2058 72
2124 2833 89
517 248 384
605 76 89
1011 298 71
521 54 33
750 3721 185
316 164 111
52 363 71
668 500 44
427 209 32
2216 2266 412
278 856 149
1644 2174 14
1443 1297 72
673 3136 71
1798 2077 465
2169 330 190
1120 5501 82
1103 3345 271
1309 3185 206
253 3199 31
335 3427 278
64 714 104
38 2456 24
1096 983 57
667 132 145
863 2733 276
197 529 252
40 2335 56
257 4694 185
821 4378 172
139 2447 41
1336 105 6
464 5029 115
731 1200 71
688 72 71
305 1379 89
241 2444 12
1914 211 361
1425 1608 78
1565 1854 79
734 2212 32
777 1691 70
1063 2417 89
1353 99 70
163 844 40
923 357 278
1472 3047 43
143 390 163
629 520 89
319 390 163
687 400 325
1156 4844 57
301 139 404
814 2545 72
417 1192 92
1612 4097 9
423 1251 12
1178 458 74
723 4207 70
1586 3380 73
1182 1661 139
779 2835 34
97 1258 73
673 568 333
405 3483 42
2202 5573 162
1268 1818 57
208 2444 12
325 1436 34
719 5008 71
73 26 109
1009 774 32
1367 647 303
1296 3822 414
71 1031 260
626 4771 56
387 313 421
566 26 109
1571 245 95
227 748 44
1392 3542 185
538 211 361
1750 4321 333
245 3116 10
720 4217 396
2023 659 303
945 3128 468
605 174 54
11 159 457
733 800 246
826 3249 337
1087 501 44
827 4345 378
1450 614 113
526 388 402
1546 439 285
565 1312 458
1858 1671 206
867 1359 71
483 13 467
1439 4349 77
1723 1764 303
871 318 234
1248 1976 57
620 1290 43
1523 205 70
373 2607 12
1316 1258 73
308 1251 12
161 454 56
653 412 200
1228 5573 162
1055 298 71
773 542 396
566 27 307
605 412 200
250 472 100
625 422 143
1053 2473 97
251 980 113
656 1503 72
261 1236 85
900 4327 278
979 4234 278
5 1515 89
989 3687 187
880 659 303
1422 68 71
777 1765 107
1224 153 71
1104 2107 276
1084 603 71
683 564 91
286 851 84
818 1277 44
1752 2077 465
1154 4251 57
233 386 32
1302 1002 82
437 68 71
490 1440 71
693 988 137
1212 4943 42
731 2316 64
1297 28 47
769 316 32
597 3677 47
248 1479 97
1835 1593 285
362 322 190
1323 2744 70
689 3891 115
1056 136 73
231 3421 25
364 1112 73
1457 2419 113
201 929 55
205 3989 9
414 1258 73
1235 5356 56
674 1865 32
893 131 194
162 1655 333
400 237 71
1578 5282 172
362 30 71
1401 4955 279
158 2400 55
1346 5048 71
2183 3591 88
1234 2464 99
1612 777 71
480 205 70
1450 763 25
1222 2309 47
922 398 89
999 135 307
412 430 43
946 361 333
1578 181 453
230 1683 10
1567 85 89
1137 568 333
847 3049 71
463 1146 33
668 136 73
841 205 70
922 2739 32
1488 3829 206
341 735 453
1017 4547 206
1427 3229 92
1009 1297 72
1125 4329 12
207 3408 54
394 2245 57
343 26 109
166 306 72
1003 733 213
1022 15 386
291 4278 32
4 546 89
363 4318 84
1067 3844 72
54 4061 70
1175 277 316
742 4385 406
1308 764 143
597 5019 89
2084 591 89
1723 3384 303
1931 318 234
731 4399 104
804 123 139
1420 1558 72
127 943 113
108 1400 89
513 787 201
1056 3160 206
1476 272 56
657 176 104
1781 568 333
1402 436 303
10 13 467
1227 1931 444
1065 1512 405
975 851 84
343 930 227
168 23 274
1216 4707 209
427 181 453
1082 361 333
132 4068 33
675 3427 278
1761 5219 118
319 1095 57
423 2916 43
2243 3498 32
317 27 307
231 24 44
1018 291 380
647 1463 73
89 647 303
1585 839 57
1321 4411 303
1321 1944 12
151 5460 33
1185 5478 34
1562 1183 206
127 4926 453
1469 2298 158
1834 1846 163
894 2495 62
1377 436 303
157 4533 409
1464 3246 348
1155 2983 305
1796 3981 89
1569 4248 370
157 816 12
907 2737 221
962 5550 72
144 5279 396
140 4061 70
1581 3383 70
1292 3614 89
34 892 54
1578 68 71
179 5 73
1913 5481 10
483 4520 33
1322 2634 88
22 2258 92
1413 3698 57
1951 179 49
1664 3203 190
343 2313 33
1272 4182 185
2200 88 276
1485 1625 297
1189 2254 468
635 590 89
586 5041 70
1908 924 12
1221 4660 42
691 3975 375
469 491 238
300 4635 57
1678 3504 71
1217 2339 113
1084 2291 72
1963 382 39
287 987 285
391 2195 10
34 2620 333
515 4178 10
1974 2006 160
1188 1549 43
939 4635 57
1370 252 363
1087 5279 396
1939 5255 190
699 367 12
1384 3289 34
406 1906 32
4 159 457
2225 2330 187
1138 810 43
291 323 89
374 4882 104
2021 1046 206
2144 1455 40
1567 1960 72
797 4797 185
67 88 276
1432 4545 361
181 1627 232
195 1205 132
195 4028 38
1138 838 423
677 2300 71
495 29 12
635 933 77
1104 4042 71
1833 3591 88
1229 2722 101
1214 4274 71
1578 4052 271
351 1547 185
1024 197 43
1183 2459 71
769 4531 70
1458 568 333
1000 998 70
259 2347 73
711 1075 12
1306 97 71
447 4044 70
1312 577 105
1422 4535 369
231 2290 118
1159 2175 251
119 4404 189
1908 570 12
457 2989 267
486 231 72
1472 481 190
1147 272 56
890 629 275
1502 35 56
861 4796 71
490 267 89
1084 742 71
89 2490 114
597 380 70
1532 3102 259
1206 851 84
1320 2827 74
432 99 70
1365 4012 370
483 1439 34
1022 1046 206
1525 1359 71
1613 1359 71
2254 956 41
706 1631 71
758 172 12
1595 1310 466
647 498 190
1138 1888 71
1972 1334 47
1011 700 32
41 4554 43
1418 3082 404
1171 2716 10
473 142 57
169 1388 10
1035 4740 10
673 3252 42
946 4111 405
1231 99 70
2248 906 370
114 272 56
1141 448 333
1216 5446 155
454 1685 57
648 2079 43
140 100 89
1181 159 457
453 640 12
1302 1248 206
1607 2956 71
1412 595 72
68 211 361
1567 440 10
1201 1200 71
1526 1228 185
1578 748 44
2227 837 395
1139 1939 12
1401 2056 453
1323 3848 57
231 1465 70
562 3386 89
1442 1983 307
931 70 113
629 2748 43
230 2402 16
1418 1186 378
1134 2610 21
210 3703 49
1141 3370 43
566 440 10
1559 205 70
266 114 72
996 4272 56
1888 1074 71
148 297 73
1530 4463 481
575 830 118
1519 2 75
580 1131 89
227 371 73
471 3043 25
41 735 453
46 228 72
1281 1547 185
1742 582 85
478 1687 72
1164 292 363
192 98 70
744 1298 307
2084 298 71
2130 5567 303
122 318 234
93 97 71
648 3747 460
1003 3665 242
888 1671 206
1301 4902 73
1003 3041 103
127 114 72
1747 3521 33
1411 1014 35
489 440 10
1219 3626 89
1979 1261 97
110 1808 75
311 2252 21
634 440 10
670 27 307
1963 2572 95
276 400 325
1058 211 361
504 698 333
1163 4556 73
1245 98 70
683 2204 24
304 4248 370
1538 871 43
809 76 89
323 761 57
870 3016 112
511 5275 57
351 331 56
624 1551 72
140 470 35
233 3750 43
1172 533 42
1011 2490 114
1271 952 70
1186 3859 56
91 2012 57
388 3897 56
886 1460 260
779 1180 271
195 1893 304
1342 856 149
1288 744 361
1247 17 43
1383 114 72
2159 525 71
1400 279 457
850 216 276
1577 1696 89
1811 4682 278
319 4022 56
14 3979 180
605 4504 111
1700 4257 70
1437 1951 300
518 1016 355
1751 754 42
1796 933 77
948 2010 73
27 1277 44
303 2829 87
879 2910 57
163 415 359
1213 1986 6
1145 2311 56
1213 1723 71
648 4231 191
1938 538 172
240 1153 199
497 162 38
1905 2543 246
248 3922 57
1172 590 89
156 120 33
785 67 98
317 3264 88
111 4419 44
1067 1569 386
814 589 89
809 1712 71
253 2703 137
1174 1805 368
1018 5554 57
1341 380 70
1673 3010 86
1615 5282 172
727 2920 213
1146 759 333
169 3593 260
753 1 463
599 515 41
769 284 56
790 761 57
1271 5037 303
157 1409 135
191 1353 71
306 513 357
1981 2481 91
605 724 89
1317 29 12
1696 2345 57
459 1899 71
1021 920 192
758 625 89
1882 4926 453
1951 448 333
955 2496 71
1519 4428 246
810 440 10
1247 3910 57
3 750 70
1018 1375 44
1227 216 276
131 137 135
828 1913 52
272 256 285
1316 2634 88
881 2766 56
1554 4462 185
598 619 72
149 791 71
1516 626 56
419 1596 284
1963 4585 228
1472 85 89
1498 211 361
1924 4797 185
2015 619 72
15 1627 232
87 4 71
1152 4483 348
1290 29 12
221 235 32
1045 136 73
341 1664 56
369 4056 57
1272 3541 185
362 1032 43
1516 2076 137
604 255 285
1212 5450 82
900 2973 72
1071 2959 89
404 136 73
490 1412 71
788 1179 63
625 114 72
1132 3254 71
859 5461 82
1236 772 89
1228 4326 57
1052 2240 240
1987 397 137
1165 2254 468
225 469 295
1219 772 89
1644 3509 89
283 1231 276
604 4250 307
1206 4659 276
1182 4825 94
778 2957 424
563 2141 303
222 1325 115
1164 252 363
1009 5323 142
24 1605 54
373 29 12
1586 2535 137
333 1712 71
1743 2641 42
605 5126 71
851 1671 206
403 2821 73
433 88 276
1234 214 333
297 2089 12
990 4096 78
828 1615 38
1220 1999 12
549 619 72
1994 448 333
1873 1090 71
1020 439 285
75 1436 34
565 817 226
355 358 279
1201 5013 78
167 1079 43
1330 2158 89
1146 2383 120
644 1580 209
647 987 285
1143 2456 24
1962 2254 468
1855 3538 453
90 2734 89
180 907 43
67 4046 276
194 915 57
753 436 303
1778 2142 258
846 1482 71
2038 29 12
1104 648 44
2215 139 404
1420 646 42
1271 1593 285
1238 3010 86
831 3214 73
1357 3438 137
627 643 364
1056 4766 352
808 813 159
893 1200 71
207 433 12
814 2761 303
694 610 173
1510 25 79
1392 1547 185
1850 3124 55
2184 787 201
2195 1810 84
588 2456 24
549 4864 461
1245 1035 70
1546 1210 307
1484 472 100
15 1687 72
490 4973 24
60 4041 58
778 5535 44
103 3725 71
978 162 38
306 287 307
1011 2405 83
251 2361 104
2060 4332 6
787 3681 107
498 1999 12
1053 400 325
1624 518 363
1005 699 434
1744 4193 279
387 7 78
99 1227 318
1268 505 57
1709 1019 375
355 511 307
225 396 185
1053 2143 258
1141 4086 56
1740 5164 105
706 181 453
2015 71 72
1221 1983 307
1069 88 276
193 149 71
543 4224 89
483 2056 453
955 2672 209
1527 371 73
523 1977 87
1995 1365 42
1861 2520 404
1061 1596 284
742 5393 194
1436 1363 24
846 255 285
1730 1196 71
2260 767 78
388 1277 44
2 162 38
1699 2755 303
1228 3617 71
1492 1096 396
130 2351 366
1965 1637 201
314 3741 430
1222 2001 89
195 616 271
1839 3421 25
1689 27 307
1460 1324 316
1691 3574 190
1216 847 291
366 162 38
1516 4466 12
180 1426 57
1567 4981 57
1672 252 363
1545 289 56
1207 4727 297
71 2073 201
196 3672 303
2216 4399 104
1584 211 361
1 783 252
1571 4057 70
789 4105 78
74 1849 155
62 1277 44
1174 2533 368
174 183 115
1615 1098 89
32 609 98
52 1968 318
1571 120 33
978 4753 12
1413 5481 10
45 1843 70
610 439 285
388 2795 453
595 305 159
583 5405 89
132 2323 75
1644 1168 25
979 205 70
1648 1908 70
1379 3542 185
743 995 285
1173 1341 143
1832 228 72
241 1964 54
1363 4647 409
1463 4394 78
1066 4403 71
1508 568 333
1151 915 57
480 2726 358
734 3891 115
1472 1716 166
380 314 119
675 2188 75
414 1943 12
6 1642 73
1648 689 56
1081 1956 209
1586 1786 57
1155 174 54
1957 4561 278
74 2192 70
1005 568 333
725 1417 72
974 1726 91
2034 1417 72
2096 2203 192
2214 168 60
1341 657 185
1218 3985 56
314 82 34
956 712 89
478 4747 72
172 145 56
120 647 303
1719 954 276
730 1683 10
459 478 86
1082 3842 139
373 1096 396
841 415 359
109 597 307
1249 5293 274
1529 4012 370
202 582 85
668 1115 121
1102 1687 72
1955 3277 99
1353 3424 396
1207 1060 457
1125 3891 115
1493 3059 158
283 29 12
483 709 137
1228 2029 158
1420 2481 91
1314 2612 206
1948 4608 316
2200 85 89
1153 1015 355
1174 6 160
1421 4557 172
1709 1331 457
2197 181 453
780 1914 232
1310 1 463
1774 245 95
22 231 72
1787 541 97
1435 3911 405
814 1285 3
1361 2117 44
403 3998 73
1486 1216 89
43 298 71
1391 864 260
1082 1094 73
955 1718 246
529 4141 44
540 5458 107
205 233 292
1169 181 453
835 33 32
2009 515 41
140 1637 201
1324 418 307
124 686 43
25 3243 88
1500 983 57
1181 45 276
361 5415 333
629 606 9
245 4206 56
1798 400 325
1318 358 279
1035 1613 213
1450 3421 25
1677 2789 57
1095 1279 97
1720 640 12
1760 68 71
310 3257 220
631 4849 12
1342 159 457
1438 915 57
724 196 89
1057 5066 278
1624 5273 260
194 1440 71
1502 1212 178
1441 1712 71
2270 216 276
127 449 453
463 1479 97
1682 786 163
1420 3647 206
121 647 303
483 2337 473
834 33 32
1616 3835 190
1141 399 213
332 17 43
2169 498 190
831 779 143
1760 82 34
1243 4639 208
623 181 453
1174 526 47
916 3626 89
778 577 105
187 2647 276
88 116 42
175 2971 190
149 585 89
311 2105 185
565 4387 24
542 2141 303
179 3932 34
1368 2219 152
1523 4910 168
553 2972 303
370 29 12
119 430 43
100 2807 32
721 2077 465
966 3712 375
677 162 38
1353 2361 104
879 1390 355
667 5384 44
1009 3891 115
2136 5341 56
566 101 307
1592 728 113
979 4944 202
1639 3364 305
1750 226 56
605 1096 396
1548 2615 366
496 1146 33
1147 531 15
727 2499 187
92 290 340
1547 101 307
784 2396 41
725 3436 177
597 547 12
1236 4061 70
1224 299 364
1737 4635 57
2280 1102 29
1989 782 44
867 3531 285
1307 1742 72
1522 1712 71
1745 440 10
266 2525 123
1739 1656 250
316 255 285
929 2722 101
1765 82 34
1011 748 44
2184 656 285
1272 105 6
1378 3916 83
113 1500 56
306 659 303
294 5362 232
2186 1359 71
52 380 70
1231 85 89
1662 2717 73
1141 1199 56
821 1709 384
2246 331 56
371 753 56
1597 98 70
193 3939 89
1212 530 12
1152 1042 310
1658 1184 56
414 1410 12
1619 643 364
195 493 15
900 4384 278
1147 2429 19
1963 3706 89
1323 2637 307
523 2424 235
1728 4234 278
1347 3074 73
1209 1558 72
547 4905 386
1 29 12
1709 3923 404
1855 775 468
1158 3437 42
513 3041 103
1419 621 12
912 2533 368
1398 1143 295
1796 215 73
1299 2344 57
950 903 62
1357 1921 425
1150 4794 278
989 2939 34
1017 2012 57
1104 2979 89
955 407 104
704 2424 235
529 1972 89
1128 1712 71
2113 3347 79
185 2281 70
1153 3950 239
691 650 409
2105 4060 278
1141 176 104
610 643 364
645 633 271
360 640 12
1159 3016 112
1359 3427 278
616 2979 89
158 648 44
1095 4086 56
317 1103 92
4 728 113
1009 1536 56
114 636 107
583 312 42
597 1842 70
1072 2157 410
999 5314 57
454 1632 71
818 3895 105
1299 4729 256
254 692 89
404 3444 71
388 1822 464
1781 785 73
1209 3183 12
1218 4498 201
332 447 181
483 5119 57
74 1043 70
1864 2647 276
132 205 70
548 252 363
451 1912 117
1426 85 89
306 1837 72
67 2750 185
1315 68 71
1389 1340 72
2211 206 188
1578 3824 364
460 1177 89
376 4848 110
1153 33 32
2203 4754 56
668 1424 43
1739 4992 190
1053 359 56
1569 3427 278
1624 647 303
324 2252 21
319 277 316
1457 76 89
1407 2765 56
1278 1380 473
73 621 12
1550 101 307
436 1651 89
385 1177 89
19 4975 9
1211 4058 25
2208 4805 56
1286 1691 70
571 2056 453
824 379 209
1355 1382 72
191 400 325
280 1558 72
635 5497 137
1250 4912 55
967 852 221
1995 661 72
2269 447 181
194 97 71
182 4877 44
194 3015 97
1270 183 115
1036 1338 358
702 778 454
937 98 70
1086 529 252
240 172 12
478 821 71
846 1459 364
452 3630 185
136 729 88
1858 1073 434
1605 2086 55
1104 701 72
635 228 72
648 1073 434
851 114 72
1131 2447 41
314 137 135
955 4830 412
382 2479 89
321 448 333
1178 2630 71
1104 836 312
955 3897 56
1364 1410 12
222 4039 278
1193 4051 172
563 5055 172
130 5200 78
453 2339 113
360 472 100
351 162 38
962 1032 43
1654 125 258
188 964 374
563 2803 40
671 3827 304
1043 1879 78
1534 1073 434
1391 5374 231
2204 698 333
1797 3601 71
1205 3729 10
2269 2641 42
374 3557 12
1597 289 56
1661 656 285
1520 5371 95
753 604 55
867 98 70
273 1999 12
2030 2001 89
1502 1941 286
243 1164 208
1736 5568 89
1150 436 303
507 3790 250
52 1785 318
25 1399 107
311 1153 199
684 1020 405
40 216 276
822 2096 232
487 777 71
173 4449 307
1016 298 71
24 2531 89
250 1273 107
1228 1277 44
1176 4039 278
40 209 32
501 557 325
1391 138 79
961 761 57
195 999 59
2231 3610 276
923 99 70
1487 1672 72
694 675 285
351 2361 104
1635 3990 303
614 4484 70
54 1734 54
732 4869 40
459 276 316
1644 710 89
792 27 307
1584 470 35
604 777 71
769 1615 38
706 988 137
660 159 457
1530 2648 471
130 245 95
1488 2425 369
1022 97 71
1641 181 453
390 2590 271
764 591 89
1141 1015 355
46 869 57
1580 1143 295
572 205 70
653 937 361
1842 2846 43
2284 203 316
837 97 71
1268 1093 56
1292 2993 206
571 82 34
1565 4746 65
825 1815 34
912 488 246
1302 1046 206
1093 4532 348
17 2161 9
1214 4635 57
1253 194 333
970 807 108
1206 4922 333
1383 753 56
351 205 70
269 440 10
492 864 260
1562 92 38
457 4708 272
1183 2739 32
780 3366 260
1380 29 12
1413 2300 71
1214 2956 71
1473 2126 246
1328 3883 318
779 318 234
1953 37 138
638 854 89
1369 205 70
179 193 43
51 159 457
2163 1739 57
717 2234 401
558 2981 210
419 1146 33
2314 2334 33
68 299 364
280 121 89
367 1692 73
542 29 12
1645 331 56
1022 3390 12
17 4090 89
1016 410 190
2042 1712 71
1009 15 386
930 988 137
1678 767 78
598 2628 57
364 179 49
40 697 57
709 773 171
1769 1671 206
1955 1712 71
569 72 71
1524 288 33
1233 701 72
989 764 143
1026 5108 130
1132 906 370
1993 781 453
787 4149 85
1576 70 113
97 439 285
699 2592 75
1350 216 276
686 565 91
180 27 307
1262 772 89
163 2481 91
1639 1251 12
2232 1950 100
605 921 77
1133 77 91
1153 6 160
1418 869 57
1017 1580 209
468 1250 12
296 120 33
1790 709 137
869 3224 209
679 248 384
1316 76 89
891 2528 449
846 3010 86
1403 2727 15
34 738 453
1780 1886 328
663 5068 278
34 651 453
1829 2107 276
454 116 42
164 25 79
614 3773 89
1644 4535 369
108 2699 89
1352 1626 72
799 2059 206
317 1834 32
1560 5530 404
1194 536 42
406 1953 32
1310 955 31
1751 485 72
1744 2400 55
1088 417 92
807 1638 415
791 316 32
1032 1593 285
947 211 361
1160 1254 285
2051 845 370
56 2311 56
1466 614 113
1237 1046 206
412 873 73
1863 2183 70
395 748 44
384 1098 89
194 236 48
876 860 172
302 92 38
489 1545 246
1691 4264 70
1413 1114 457
1276 1901 285
1375 4522 253
1661 2666 226
1574 2 75
1087 211 361
1077 4372 404
1140 4951 89
2273 3294 258
1745 705 384
1742 2276 359
1250 4015 133
1849 2010 73
174 3254 71
2017 4948 172
504 1656 250
1692 29 12
1117 484 206
1572 2790 359
328 4617 91
145 1436 34
629 2787 72
284 470 35
512 655 89
280 2300 71
580 1337 87
707 1654 354
477 1297 72
1213 2627 70
1645 316 32
161 136 73
1512 211 361
289 489 72
511 2391 73
613 355 72
1270 629 275
341 4539 428
131 619 72
1719 3242 202
115 234 82
180 904 12
1043 906 370
265 15 386
1022 272 56
807 5407 71
529 2206 78
567 686 43
1992 412 200
1563 1875 94
1219 272 56
130 4201 285
1730 457 87
419 439 285
814 1841 89
186 659 303
1583 277 316
1492 485 72
668 2485 42
753 4606 316
1169 987 285
180 1349 206
1806 800 246
53 1810 84
969 4714 89
374 923 12
781 1937 307
707 285 307
1305 1060 457
280 785 73
340 1396 426
1473 1977 87
991 98 70
344 2422 327
388 114 72
2061 2668 281
184 221 89
157 472 100
90 568 333
1443 1605 54
543 3702 71
900 1201 72
351 1278 144
807 4425 97
1309 245 95
1147 4927 104
375 2802 54
1658 227 103
2084 1939 12
736 222 182
317 533 42
1480 39 143
705 2680 70
92 294 363
1304 713 87
2261 3773 89
614 121 89
187 1231 276
1451 68 71
1322 1163 118
1466 564 91
1017 2811 206
26 84 190
166 358 279
811 568 333
530 2001 89
1767 4118 43
244 761 57
208 1036 32
2006 777 71
1181 633 271
723 3124 55
711 1897 44
212 289 56
667 420 190
1788 17 43
1093 398 89
225 440 10
1879 620 73
311 253 89
44 515 41
580 174 54
1090 2437 246
1807 3091 72
1292 2059 206
184 3474 232
167 3816 57
1588 2895 444
631 68 71
1378 3894 105
1227 1886 328
2190 3714 57
353 1014 35
317 1412 71
252 1436 34
1008 359 56
1295 1712 71
1190 1020 405
683 191 44
1439 1254 285
370 76 89
1365 121 89
536 5545 57
1227 983 57
1951 63 71
1639 33 32
2277 98 70
60 82 34
999 192 57
370 3957 299
1345 1712 71
1202 2010 73
2227 1177 89
1982 3538 453
996 4452 93
1102 748 44
1847 453 89
1022 1177 89
228 1114 457
751 3542 185
1631 3389 451
1026 234 82
319 72 71
1547 1429 213
160 3131 43
1066 4123 278
1206 3895 105
1458 818 406
636 2599 24
106 594 112
1435 4046 276
501 76 89
111 27 307
1299 3026 409
640 305 159
887 1350 206
240 229 43
490 412 200
910 746 303
1752 614 113
846 814 446
808 1049 32
1311 299 364
196 2761 303
942 2374 421
732 2426 236
556 937 361
1122 5499 307
543 4686 70
427 2893 72
1211 116 42
247 2005 107
1781 4601 29
67 298 71
183 625 89
374 27 307
1302 1880 97
548 418 307
1104 5432 313
136 590 89
1704 1262 117
1291 2634 88
332 422 143
438 697 57
2302 5324 224
26 99 70
97 3967 21
1270 3979 180
580 1892 72
2275 5394 55
388 4349 77
585 4567 285
1850 1358 89
1096 1426 57
717 3319 206
600 1175 415
1236 2083 56
1011 412 200
483 277 316
1756 4507 71
1410 4606 316
1392 3554 32
1276 1907 113
2056 136 73
432 2815 113
1455 3267 89
116 697 57
99 4234 278
799 1348 44
907 3760 164
2216 1210 307
480 25 79
808 623 57
1384 1046 206
1848 2259 89
891 3353 92
1797 1938 24
1228 396 185
791 3199 31
99 1812 12
1097 1921 425
327 3226 389
776 311 125
465 3163 233
394 390 163
2253 1253 73
374 2687 38
1110 2536 444
970 3752 305
1816 1079 43
1241 2300 71
289 5000 56
1178 2465 40
541 3538 453
1727 3447 332
14 608 43
1321 4448 56
1129 996 303
1652 1936 72
1798 633 271
2159 2639 44
989 4668 56
1720 4086 56
1994 5001 210
807 716 155
1861 3016 112
116 543 172
703 593 42
409 4014 54
1481 3631 104
1359 4121 278
1214 1074 71
39 177 12
1180 174 54
1537 1680 412
1568 3054 24
1754 138 79
1823 4301 57
315 2438 120
460 1815 34
1070 373 303
510 2334 33
1125 1029 11
317 2472 89
888 1090 71
978 82 34
1201 5314 57
543 981 73
314 36 44
190 2345 57
733 263 271
2149 5216 103
508 439 285
1095 2716 10
1463 2756 285
1579 3500 303
1307 1132 72
1171 929 55
998 826 43
314 1849 155
1287 29 12
687 29 12
1483 4280 137
753 633 271
1066 3451 65
1306 399 213
1530 1 463
640 214 333
1275 68 71
1340 2352 258
297 3945 89
972 3427 278
838 562 40
467 2889 341
2185 272 56
1555 85 89
1383 17 43
887 851 84
1569 3799 71
677 92 38
818 735 453
1945 3842 139
1393 3689 89
1393 2933 105
1209 4757 271
2088 1185 392
1063 296 382
108 888 71
254 3765 73
784 272 56
247 1421 9
29 380 70
1461 643 364
175 332 32
1216 903 62
530 4418 370
1395 116 42
822 436 303
1024 4881 56
699 1057 246
283 4979 434
1393 1232 206
1159 2158 89
566 478 86
351 2039 91
945 5507 41
313 2069 57
2197 698 333
1069 36 44
2116 2022 72
1216 3625 6
1346 511 307
501 228 72
1299 2455 57
1366 4368 71
984 4242 163
1379 1226 457
1348 4028 38
490 4799 32
947 5590 42
380 3034 457
291 656 285
159 4198 278
1699 292 363
254 619 72
743 3262 89
753 656 285
737 2100 113
629 604 55
626 3735 56
1501 1228 185
1120 176 104
779 1063 457
1305 1046 206
945 27 307
624 860 172
802 1484 119
1862 2996 444
286 570 12
1971 1414 32
1493 1046 206
1323 927 285
367 2379 457
1142 1834 32
332 225 111
1855 916 107
388 1297 72
116 2857 33
1699 621 12
615 1798 25
846 66 363
480 656 285
523 1604 201
409 1772 213
364 37 138
1221 816 12
1268 1400 89
989 853 13
62 334 12
1969 1138 29
1612 29 12
40 625 89
1146 2278 24
414 644 383
1879 2840 285
1698 5032 137
1355 33 32
1444 660 284
644 298 71
1373 915 57
1008 764 143
1584 4932 209
1344 162 38
1307 3115 12
1431 32 56
2050 777 71
554 3935 57
148 619 72
1231 711 89
1210 895 38
1091 4393 185
1159 616 271
798 803 43
217 3715 56
1908 4163 75
1392 621 12
1434 436 303
762 2325 187
1311 795 89
1052 617 41
490 98 70
734 20 89
1797 456 70
1554 3467 237
310 3851 236
1451 1249 72
780 2758 44
772 437 284
122 2747 137
436 3465 67
944 1633 120
1048 1824 31
1470 1950 100
1159 4316 333
831 4905 386
163 33 32
2304 717 236
1561 5382 185
71 304 219
1568 2535 137
285 1439 34
2218 3141 318
1312 5382 185
1145 2863 12
2024 139 404
1302 1958 89
332 851 84
2200 29 12
1009 1359 71
339 178 97
706 1310 466
1359 4079 258
324 4777 356
1288 472 100
412 1697 55
1227 361 333
355 440 10
645 2249 73
4 1338 358
425 174 54
40 25 79
166 5475 278
600 2666 226
986 1110 348
867 305 159
1205 2104 284
1474 2077 465
389 1043 70
687 472 100
1281 1228 185
1192 4710 285
1443 2225 44
778 564 91
541 591 89
986 3424 396
1186 2310 71
2024 1227 318
692 606 9
44 216 276
628 1112 73
1093 1163 118
961 1046 206
308 358 279
1363 1211 94
1623 3296 333
1107 2369 71
317 621 12
891 636 107
32 787 201
1375 826 43
266 804 72
629 115 113
1019 1 463
658 98 70
2088 435 73
656 1595 42
1272 2713 70
615 267 89
1793 3427 278
888 1547 185
1940 1320 295
713 4591 71
902 1164 208
393 287 307
2125 3427 278
1449 3434 137
1443 1563 25
1447 136 73
557 3761 189
92 5007 340
118 2041 71
1138 1353 71
931 2815 113
1384 3027 409
1550 5566 307
1219 1299 307
2246 520 89
1523 927 285
130 3498 32
483 272 56
1473 1621 32
483 114 72
2223 783 252
673 216 276
353 4499 45
1009 194 333
1486 3016 112
2086 3762 466
1381 3532 57
1266 5322 137
490 2595 10
549 214 333
1017 76 89
1373 831 117
492 5509 57
144 336 33
897 1712 71
64 298 71
1170 1999 12
1371 3704 267
624 1278 144
4 415 359
209 3329 12
119 908 42
316 2559 91
805 767 78
1186 1461 5
284 2387 263
10 2398 440
1181 3222 206
436 605 137
834 5266 463
1792 1428 385
1751 3427 278
180 2458 181
1205 4129 10
525 925 276
1813 1931 444
795 74 424
2116 361 333
1137 2471 71
460 5123 333
2186 256 285
1239 2456 24
1335 5489 73
505 3535 71
1018 2261 208
139 745 71
1521 211 361
349 198 54
1337 211 361
337 1469 396
1366 1467 43
846 1470 42
531 97 71
374 249 12
1516 1200 71
706 1657 190
742 225 111
1318 4198 278
1583 528 89
753 791 71
631 1712 71
837 1096 396
1039 1 463
1087 777 71
261 4552 104
651 656 285
209 2658 78
798 2805 12
1739 76 89
73 398 89
1556 4547 206
279 1249 72
1670 375 55
553 643 364
1092 3882 304
1420 1712 71
1324 1712 71
94 5148 373
1753 718 107
343 1210 307
945 2456 24
661 92 38
758 3584 78
1234 2684 5
1596 688 89
108 3003 56
408 99 70
2314 5323 142
1225 1275 142
1572 4807 316
34 1749 453
423 176 104
907 3684 57
59 316 32
374 3045 41
880 3377 101
2110 5372 457
3 2035 232
795 4777 356
366 3138 72
151 4 71
989 5259 89
1925 2420 404
828 722 89
1168 1073 434
881 1364 60
303 477 89
265 1277 44
1299 3160 206
228 2163 285
230 711 89
1379 159 457
504 3530 254
497 396 185
70 5379 285
1300 560 33
91 1921 425
969 3886 57
515 1327 79
975 304 219
368 68 71
1138 136 73
598 4944 202
369 4547 206
1328 1143 295
1449 3589 146
1969 1394 190
1189 3747 460
1300 1459 364
1442 717 236
1420 3448 44
2221 152 70
793 88 276
1303 1113 89
1300 1880 97
1665 121 89
699 879 57
990 536 42
1905 1772 213
749 92 38
1076 2447 41
1857 1249 72
863 2537 375
406 2456 24
291 915 57
1308 149 71
1035 4892 44
237 2345 57
201 2094 71
1871 1533 172
498 705 384
1859 3427 278
222 710 89
686 1206 32
1159 1942 202
912 76 89
1329 250 89
541 76 89
627 501 44
1159 2082 28
92 3922 57
1160 1594 42
575 4554 43
1595 781 453
1443 4436 43
1315 851 84
92 502 107
341 2895 444
197 466 55
564 1526 137
795 490 159
1212 72 71
834 1310 466
840 1455 40
1455 862 285
291 299 364
2259 319 57
209 3427 278
1208 2543 246
1 3661 27
998 325 56
805 1529 91
147 986 89
1024 5301 57
1075 1608 78
819 515 41
351 657 185
541 2867 70
513 903 62
1683 2724 71
2225 5165 316
1151 98 70
2156 1692 73
51 145 56
1233 98 70
1063 2654 89
1309 4182 185
1492 27 307
706 85 89
669 1057 246
1168 1219 185
467 2780 56
1753 2495 62
986 279 457
2008 342 24
1132 2654 89
808 933 77
1176 3 12
727 915 57
1361 145 56
1053 2104 284
1817 1332 42
296 1161 163
1852 5124 333
317 172 12
912 4859 89
1355 327 43
1742 484 206
1913 1014 35
1343 429 453
1795 1712 71
1657 585 89
90 3522 97
939 3032 33
293 874 73
824 4726 185
210 2408 5
1348 412 200
1284 277 316
389 1914 232
1128 2633 364
386 698 333
1443 756 57
1773 99 70
795 2607 12
560 2474 71
1011 767 78
440 1487 89
100 214 333
691 2896 363
689 3524 78
1318 4 71
699 770 313
1024 3750 43
1227 1446 82
945 1096 396
585 1727 24
552 183 115
587 439 285
1589 1410 12
1405 3930 143
753 902 43
108 4662 201
2112 388 402
1521 3869 71
49 25 79
894 5042 89
1619 3075 369
31 2273 43
393 856 149
389 3981 89
1078 3294 258
1138 2866 57
2134 15 386
339 1428 385
102 2765 56
617 1096 396
2166 4559 70
74 1426 57
2264 174 54
9 393 71
795 340 56
1813 536 42
381 2361 104
360 204 71
1076 2337 473
1940 1347 306
427 1731 57
310 355 72
647 643 364
1991 647 303
72 2946 462
1180 228 72
663 1072 38
1578 740 386
354 1252 44
1477 4173 57
823 3575 12
894 853 13
1351 2673 190
1904 216 276
955 3658 212
386 777 71
1252 4083 71
561 102 221
361 1664 56
1075 777 71
1522 3119 363
617 4385 406
1728 3428 56
1445 412 200
955 2045 71
1607 396 185
1420 4026 364
1056 2048 217
1502 55 56
562 1409 135
1537 834 70
958 439 285
1742 415 359
367 1563 25
1521 3427 278
1127 1121 70
1648 4773 78
6 996 303
879 3932 34
444 68 71
1966 978 57
899 387 201
1107 76 89
1017 619 72
74 4397 66
1742 2420 404
1009 3688 143
762 4509 57
455 2245 57
1203 1896 56
1012 1966 10
1233 162 38
577 17 43
888 114 72
387 2836 72
388 1403 73
395 4042 71
658 621 12
1406 4589 44
1222 3472 33
1479 88 276
1992 1046 206
259 1754 73
742 388 402
1311 977 73
195 777 71
2186 2239 205
361 2207 33
1135 488 246
658 211 361
54 963 89
808 4324 44
1507 4151 465
573 205 70
1796 204 71
335 418 307
1362 418 307
821 380 70
705 400 325
1187 3316 457
899 5150 456
989 33 32
360 3024 38
1406 1548 185
2171 2266 412
2218 2169 338
1300 358 279
1419 68 71
264 2161 9
936 4730 386
435 955 31
1262 1226 457
1440 2833 89
625 2891 117
1817 1842 70
778 2023 180
2193 3141 318
725 1817 72
1058 277 316
620 2559 91
888 1756 72
736 772 89
1147 1514 10
1131 3632 89
1670 16 43
385 2003 209
563 1254 285
1360 1962 64
372 493 15
412 114 72
89 669 197
1500 1713 73
1141 3542 185
1062 76 89
1166 68 71
856 3754 25
1387 1969 89
1272 610 173
541 1251 12
563 3254 71
550 4313 370
542 1109 89
16 839 57
8 498 190
1850 689 56
391 3418 29
162 400 325
66 331 56
1326 1612 15
1792 1099 449
970 235 32
497 2327 213
1309 2561 206
870 3687 187
699 4579 70
939 2540 411
451 2096 232
1050 1433 214
1039 844 40
1855 2867 70
1017 4772 70
528 2543 246
898 2804 12
1425 4623 278
272 4574 43
1268 647 303
22 593 42
175 3667 71
1524 3662 10
1863 515 41
341 2103 424
1934 2590 271
1280 289 56
1806 1999 12
599 3081 56
434 3097 70
129 448 333
242 2512 297
1066 68 71
1364 5151 42
1125 3551 57
1154 358 279
1800 787 201
1567 4439 73
1477 2800 285
1236 998 70
397 435 73
1296 833 307
1880 5 73
1116 236 48
280 5 73
713 2956 71
1 27 307
1100 2137 176
541 2424 235
986 3480 465
377 338 91
97 4586 12
244 2305 18
417 3 12
1272 3074 73
1466 469 295
2161 1712 71
1321 85 89
1565 614 113
1243 2955 370
388 1262 117
593 2025 89
1368 330 190
1316 261 12
1492 4061 70
643 4104 172
1673 1999 12
1154 4515 42
49 3564 57
1567 3719 453
56 1508 316
930 216 276
1639 3427 278
1221 777 71
1081 652 333
1247 3370 43
1444 1135 230
311 175 104
1452 216 276
568 2096 232
291 370 50
1517 27 307
1491 492 12
248 1023 98
1358 2878 285
1103 1499 457
1139 114 72
154 879 57
1215 2675 254
209 1054 190
1972 3680 72
1186 2834 55
95 519 71
580 314 119
1144 562 40
131 1433 214
1344 4606 316
1476 3427 278
1213 4144 71
854 4739 213
351 4003 9
1176 1522 89
1942 1416 89
423 1887 73
792 2654 89
1658 164 111
360 1465 70
867 125 258
936 539 55
675 1284 6
205 1842 70
1735 447 181
1576 1893 304
233 608 43
279 1299 307
948 15 386
151 3488 89
1067 4163 75
1026 1138 29
88 277 316
565 1226 457
483 1533 172
1216 5012 5
339 5060 55
1316 114 72
1330 4224 89
389 4917 72
837 183 115
716 2246 433
1296 211 361
302 789 73
1862 330 190
1044 955 31
726 97 71
1388 223 241
360 1457 89
1063 400 325
1581 3605 33
1578 705 384
2247 374 89
698 1070 70
1483 114 72
1672 299 364
1679 1813 357
162 568 333
552 2090 374
1136 6 160
151 380 70
831 1 463
543 2824 56
727 1273 107
663 915 57
2254 204 71
639 1155 44
847 926 19
1777 710 89
259 5510 73
1261 15 386
273 1262 117
1969 29 12
1619 724 89
588 2181 33
1349 864 260
396 1299 307
1212 3703 49
1581 4452 93
396 2030 86
355 654 94
969 1463 73
230 1286 71
349 3277 99
2092 1508 316
1739 5491 40
1791 3935 57
1159 1665 325
854 382 39
762 3793 89
1206 1748 307
1188 1074 71
1827 5150 456
1699 2804 12
1530 1671 206
1594 1227 318
64 1359 71
1084 121 89
279 3130 97
1209 27 307
1153 1240 72
169 763 25
1063 518 363
1293 1817 72
191 4917 72
1790 2049 56
240 4637 70
1235 1419 73
1103 4593 333
136 4876 295
1816 608 43
1675 3438 137
1476 572 48
550 1552 72
1324 2420 404
640 709 137
1302 5051 27
478 1332 42
57 2259 89
1695 101 307
1309 693 436
40 1076 415
1624 3990 303
731 643 364
1169 1990 213
283 2306 296
318 573 47
907 1830 56
168 604 55
637 1815 34
440 2042 318
1124 4454 206
482 254 57
114 412 200
1714 5326 333
106 1965 57
1231 983 57
678 1399 107
361 476 57
1062 440 10
1910 98 70
1842 2860 56
326 162 38
1125 933 77
1236 3019 137
737 1103 92
1699 1873 43
1216 3494 12
626 2997 42
1264 4444 95
46 1900 71
90 4188 107
1355 4873 276
1600 76 89
1076 5309 78
1561 561 107
256 4595 232
1159 33 32
408 191 44
1214 4408 56
1326 95 56
1141 214 333
691 159 457
314 2106 276
1145 717 236
828 1046 206
275 136 73
251 1010 71
1652 4746 65
851 1226 457
735 4027 89
996 164 111
1189 4463 481
2126 2056 453
172 164 111
1260 1143 295
2243 1984 271
15 72 71
543 4408 56
2121 4049 303
397 4451 89
912 2729 111
792 25 79
106 532 73
212 245 95
1066 391 89
145 4399 104
593 2873 33
136 475 89
54 5047 43
1314 4815 188
248 3589 146
1506 781 453
157 27 307
1578 255 285
1317 758 115
1009 756 57
1170 1250 12
310 983 57
513 4054 163
1333 3974 474
1556 400 325
75 141 72
1514 1837 72
513 3239 272
1309 2507 370
1147 903 62
115 637 65
804 2284 75
1410 4091 24
1586 811 116
191 2214 71
1227 85 89
547 4366 271
1113 4198 278
1325 2370 57
6 1154 97
1999 756 57
1145 82 34
1016 1004 303
955 619 72
395 4542 73
207 1046 206
132 3434 137
502 3640 162
294 616 271
1229 21 2
288 3574 190
1024 4750 44
117 255 285
1567 5116 73
893 1606 71
1160 4411 303
1576 2610 21
376 1596 284
410 1096 396
989 4804 32
900 3555 33
1151 1034 54
385 70 113
34 4058 25
598 681 303
1342 518 363
660 3796 458
1672 2350 284
1141 1254 285
45 3476 89
396 3175 19
1358 3912 260
900 1046 206
969 3129 293
251 5573 162
437 363 71
448 2943 118
1226 4493 248
396 2641 42
1412 1451 75
966 2458 181
640 162 38
894 68 71
1709 5091 360
617 4936 406
422 396 185
136 210 56
629 2017 25
1846 3334 43
1055 777 71
181 98 70
1153 439 285
364 498 190
706 272 56
927 2753 33
1022 4589 44
299 113 71
1474 701 72
737 415 359
2257 1999 12
753 440 10
1842 68 71
39 1096 396
1011 2194 44
1169 4887 457
1395 3373 261
111 255 285
1417 439 285
1314 1687 72
1433 4963 278
1668 1909 42
114 5000 56
871 76 89
1579 3611 453
421 5291 56
264 2357 114
567 1624 57
829 2778 6
1711 245 95
615 2141 303
2292 2358 427
516 3851 236
108 826 43
96 382 39
375 1200 71
269 4018 104
1782 831 117
1746 1461 5
468 4659 276
110 1821 43
1137 3410 333
1221 1263 73
1970 4427 406
2198 4991 453
900 2409 10
1572 498 190
51 2603 172
1172 621 12
753 1671 206
1205 1256 303
1467 586 12
106 1251 12
368 136 73
1443 5360 72
136 361 333
1576 47 71
1276 1639 172
136 76 89
939 569 71
92 172 12
1542 815 251
232 1132 72
633 3026 409
947 743 72
222 5284 84
1664 3461 457
1802 2361 104
1677 1380 473
172 55 56
1212 4373 57
1472 1359 71
1205 4378 172
553 3130 97
446 1687 72
707 5357 76
240 1150 62
240 470 35
1278 327 43
777 501 44
2282 216 276
414 135 307
396 983 57
1027 2418 263
259 76 89
640 3068 113
1162 4349 77
722 703 120
630 2787 72
217 1989 204
1169 2077 465
800 2759 408
251 1203 57
1344 5082 5
1542 954 276
560 621 12
778 489 72
619 1251 12
251 4892 44
835 2989 267
1132 2078 127
955 1318 291
605 1785 318
966 2811 206
1442 364 276
661 1269 43
1140 639 65
742 3520 396
301 3859 56
375 447 181
311 3427 278
1221 2610 21
396 3320 73
2006 1296 72
2120 1569 386
1265 4707 209
408 530 12
1171 4869 40
1407 702 56
1232 3386 89
114 2957 424
525 272 56
193 25 79
896 1143 295
1147 3980 206
36 380 70
1009 5068 278
1591 2956 71
634 3070 49
874 98 70
1382 4565 282
1175 400 325
436 803 43
400 1500 56
1727 108 71
305 3427 278
181 2240 240
1110 114 72
532 3387 43
1581 3089 232
1181 2467 150
251 2597 38
1337 72 71
886 817 226
955 1547 185
1905 2361 104
1189 3420 25
565 1014 35
1296 159 457
332 541 97
1065 853 13
695 1935 57
40 1626 72
501 2774 72
264 1759 442
1255 5070 284
246 1224 405
1223 380 70
1885 2692 150
773 1096 396
1008 318 234
1825 3990 303
537 3902 70
1146 2166 357
1391 3366 260
955 1815 34
66 336 33
1000 2325 187
286 555 71
704 1 463
798 6 160
997 2658 78
597 3046 159
1069 1547 185
1426 4074 135
103 298 71
1159 1078 390
1134 2660 107
299 2082 28
1433 4836 300
93 3735 56
668 787 201
1221 1414 32
31 1739 57
953 3427 278
400 5003 359
103 571 72
51 1998 56
144 139 404
1017 1885 265
979 1009 260
259 4414 73
438 976 32
2306 1607 73
1969 3857 40
871 1121 70
556 302 71
1181 4945 12
336 2483 265
130 3163 233
1357 1168 25
2145 781 453
396 3162 286
567 3973 285
713 533 42
1131 1503 72
567 2741 72
1414 1179 63
1176 2833 89
513 239 24
1226 2 75
1700 4348 57
1134 2804 12
1098 4426 214
202 3418 29
1307 324 38
88 184 12
1530 2301 57
1104 5137 333
1155 1227 318
241 765 24
1395 3793 89
731 1249 72
581 1936 72
1125 777 71
807 4304 135
186 777 71
231 581 51
4 27 307
1004 298 71
689 541 97
525 211 361
668 2059 206
353 4419 44
585 3279 42
81 604 55
1250 2545 72
1862 2022 72
987 174 54
242 29 12
1336 811 116
572 5472 34
245 1174 145
136 2884 89
1751 2969 55
648 4781 43
243 2312 19
567 101 307
538 2359 463
245 2867 70
684 211 361
191 666 43
235 3736 56
1235 6 160
69 930 227
74 3528 108
1085 2412 43
403 1 463
432 3798 43
1198 1174 145
955 867 73
1225 5039 42
1205 17 43
66 1104 300
29 398 89
1925 4384 278
114 2001 89
2197 3427 278
561 648 44
1865 2019 453
275 265 115
168 4407 44
115 249 12
1067 4905 386
1220 216 276
1170 1366 54
1584 2607 12
339 1113 89
1968 568 333
82 450 181
1395 412 200
640 697 57
59 5036 278
377 1175 415
1970 568 333
483 761 57
1022 4785 89
2089 136 73
1720 1292 4
1576 4198 278
1030 188 232
186 3249 337
1349 299 364
819 1359 71
146 400 325
1069 448 333
492 209 32
984 297 73
1247 709 137
1199 568 333
1212 2711 32
707 400 325
629 1022 24
767 1580 209
807 2099 43
1472 272 56
2209 1341 143
762 304 219
86 146 33
663 715 32
1926 162 38
2190 76 89
559 1103 92
1347 385 12
2211 586 12
435 764 143
615 744 361
1323 1631 71
910 4736 285
1405 3560 24
270 943 113
287 681 303
240 3370 43
97 492 12
297 772 89
166 2659 41
691 435 73
35 2660 107
551 764 143
1288 3881 75
2186 1771 56
2247 2563 203
22 1353 71
270 324 38
245 2761 303
10 3610 276
515 2406 65
173 25 79
1799 2561 206
1200 327 43
286 97 71
824 2993 206
315 5368 401
1111 380 70
1648 27 307
1131 2916 43
67 359 56
497 687 9
1931 2834 55
93 1708 68
145 1947 9
1487 4060 278
372 400 325
2317 25 79
618 4547 206
1459 2647 276
1337 1175 415
542 39 143
648 3749 426
2092 711 89
360 2931 54
1106 3427 278
1150 1907 113
860 4164 71
886 121 89
1661 3941 139
140 4745 43
1066 185 12
736 342 24
1252 4411 303
1128 3371 430
1955 4160 185
60 174 54
668 97 71
1054 148 453
1425 4955 279
471 478 86
1192 53 363
731 327 43
380 2328 107
1353 2239 205
1218 2139 284
316 567 219
1790 4122 278
2061 5467 43
1363 1103 92
1859 68 71
1690 764 143
1054 568 333
66 1414 32
1262 191 44
52 63 71
850 1046 206
1027 3502 42
361 2713 70
1673 623 57
1156 1036 32
1836 860 172
377 621 12
1176 121 89
513 4883 72
584 2912 89
514 2590 271
1340 643 364
2214 183 115
588 1760 12
665 937 361
1051 68 71
626 4637 70
1077 2420 404
1523 3538 453
1135 4669 370
367 48 42
864 3169 260
222 2328 107
1688 3682 71
2095 2166 357
230 412 200
793 1712 71
181 2981 210
2201 327 43
2059 417 92
217 1754 73
1862 2037 333
1477 647 303
280 1702 78
856 3358 12
1583 5246 359
515 980 113
779 1811 206
1017 20 89
114 4557 172
54 1584 88
1140 2560 89
1058 4844 57
143 2656 55
1257 418 307
543 806 57
92 517 359
777 2225 44
917 3872 31
131 2029 158
1132 1267 103
1075 1667 78
1036 400 325
987 764 143
1227 2078 127
1537 4450 213
1270 2157 410
110 2649 359
309 94 276
2253 809 42
1330 253 89
955 1093 56
1318 1468 72
46 420 190
412 380 70
151 689 56
315 2471 71
269 753 56
1422 1712 71
1358 1251 12
1711 1941 286
99 1854 79
843 2122 92
707 493 15
777 1961 137
2085 124 105
1776 906 370
207 1766 71
1911 27 307
1576 171 12
1566 2603 172
1015 849 348
1055 3733 199
1421 1084 10
1153 633 271
765 608 43
828 33 32
1305 3951 70
1696 3296 333
705 3727 92
265 2341 185
668 1960 72
228 4913 457
599 4154 96
1270 754 42
1395 326 137
1615 670 78
4 431 43
383 73 72
494 424 89
403 2969 55
361 2525 123
930 2079 43
1155 1249 72
1405 2771 32
1011 5007 340
1718 5200 78
145 564 91
360 1421 9
1009 4703 73
958 1999 12
518 1486 56
2184 2043 364
526 178 97
747 4823 44
1980 4743 392
1148 2248 74
1437 605 137
1195 5027 258
1202 323 89
2219 45 276
587 4719 102
1450 2444 12
1393 3691 206
1405 5526 44
1070 4723 278
969 97 71
2063 2123 71
141 500 44
625 3427 278
640 289 56
1720 108 71
725 5557 56
2288 2988 143
52 1260 260
571 1854 79
1000 490 159
1442 3835 190
389 455 107
1299 2314 73
319 358 279
496 1251 12
699 209 32
1155 501 44
396 493 15
195 2753 33
360 136 73
306 2537 375
766 1732 71
795 400 325
794 2755 303
1418 180 78
161 2595 10
523 3812 182
127 2020 71
718 28 47
1613 6 160
1235 176 104
483 698 333
54 418 307
130 68 71
319 45 276
778 2466 363
557 74 424
1658 792 231
1143 4471 91
2013 4574 43
1216 1178 209
1 245 95
869 1048 206
487 5179 465
2127 2649 359
2108 4230 73
410 777 71
229 240 43
345 659 303
358 5595 52
1274 1805 368
893 2406 65
2002 3897 56
1565 4735 47
1969 324 38
693 3427 278
611 400 325
1848 1756 72
1834 2906 72
1215 2735 120
212 363 71
1462 400 325
1487 4623 278
1324 412 200
841 785 73
689 416 71
1151 470 35
1692 3899 21
1396 3943 370
1475 633 271
6 235 32
1225 4723 278
829 827 89
324 4348 57
2281 473 285
1104 1990 213
886 1488 139
1802 4547 206
1818 1270 55
1879 2847 195
1082 5371 95
437 380 70
25 984 71
1350 2800 285
1176 245 95
317 3265 33
1137 728 113
1125 4316 333
1253 4876 295
97 728 113
530 98 70
1140 4543 86
1022 1012 72
978 97 71
1507 4931 465
1451 1299 307
1096 4154 96
969 4850 105
497 3225 314
872 3319 206
247 1120 70
233 1154 97
1265 5041 70
1466 2895 444
1 2193 78
241 2301 57
191 738 453
141 2896 363
549 895 38
1023 1451 75
254 1817 72
205 3112 63
289 1189 377
573 101 307
1756 1712 71
553 3064 285
1450 5196 33
604 3551 57
440 528 89
2076 5537 56
403 1902 333
263 77 91
720 255 285
604 1001 285
2135 4476 29
1720 1519 71
1247 3316 457
1042 68 71
35 2115 56
1972 1179 63
613 1707 86
753 72 71
614 2947 24
1345 740 386
384 211 361
834 214 333
219 97 71
1523 2151 264
482 3729 10
1077 1900 71
34 380 70
181 72 71
1664 1046 206
1194 873 73
618 4174 404
1154 2226 89
1270 604 55
1190 29 12
1154 2036 70
173 779 143
2184 767 78
1194 635 271
525 55 56
2044 1187 71
34 2325 187
1289 331 56
2058 1193 72
67 435 73
114 2994 270
1071 3859 56
747 3535 71
560 1537 47
1848 2174 14
543 1908 70
1757 2077 465
374 2296 12
267 4224 89
2260 568 333
1388 2001 89
68 367 12
551 272 56
1552 1249 72
1467 419 286
1215 628 174
304 1378 371
1172 37 138
1367 53 363
1016 1421 9
1376 1509 310
381 2387 263
869 29 12
2184 205 70
2108 501 44
290 612 113
736 2632 44
341 1889 56
1567 1639 172
286 4399 104
984 247 43
327 2535 137
173 2093 89
1318 1233 57
1708 2369 71
1701 628 174
668 2295 325
109 287 307
1532 25 79
1796 3001 10
1547 467 107
706 3525 163
668 2404 56
843 3855 172
886 764 143
1049 2813 72
290 1004 303
406 32 56
1188 3076 24
1855 1046 206
1722 2789 57
1748 454 56
671 3921 57
770 1226 457
978 960 57
131 704 83
277 1518 225
387 829 43
280 1213 143
673 413 386
1700 5067 278
336 710 89
1498 4288 278
240 1525 56
907 2471 71
1141 2332 369
731 289 56
1561 1547 185
699 253 89
1951 358 279
1398 686 43
1459 2574 303
1107 1936 72
858 2620 333
702 136 73
618 1676 73
955 5387 103
1043 2902 453
1020 3538 453
468 1190 307
270 2805 12
1472 1696 89
1864 485 72
1447 3980 206
592 25 79
2155 744 361
195 423 285
2247 27 307
155 4292 40
1333 1962 64
1472 2037 333
1310 3282 364
1816 1332 42
2047 1820 72
973 2607 12
591 4054 163
467 1785 318
80 807 108
640 3525 163
387 1635 356
376 3474 232
1413 2692 150
972 360 57
1188 1161 163
1903 783 252
866 1030 233
989 1614 40
978 99 70
1419 1113 89
1188 76 89
899 853 13
228 2001 89
1644 2371 73
1099 1500 56
417 1621 32
652 2242 85
1384 1866 209
1262 4419 44
1244 4880 406
1481 256 285
1414 2528 449
1176 2234 401
273 1701 172
1984 447 181
1938 5 73
1418 291 380
1355 1817 72
2201 1889 56
1312 3447 332
1808 2254 468
523 5050 12
658 2486 453
1223 656 285
423 61 129
1128 5348 239
1788 2465 40
159 2829 87
240 1839 24
1565 4666 65
363 1093 56
517 400 325
900 1199 56
1736 4580 89
1182 844 40
270 318 234
869 701 72
4 2969 55
1774 212 190
1860 1593 285
1281 1218 185
1886 1060 457
934 439 285
501 851 84
1206 1862 159
2117 1360 71
1966 2383 120
874 227 103
291 761 57
396 647 303
2045 4499 45
1433 2830 57
29 3583 33
1578 767 78
1187 470 35
45 2328 107
531 92 38
747 29 12
974 3952 71
1344 5240 71
280 1545 246
774 513 357
956 4284 32
2090 29 12
207 214 333
837 582 85
1472 4181 89
1640 1810 84
251 3041 103
362 77 91
568 5510 73
513 1839 24
198 1654 354
180 687 9
599 748 44
779 1046 206
1368 1884 104
1026 3829 206
215 2307 416
91 1915 356
1413 3503 303
473 118 44
846 2394 303
1859 4311 72
593 1135 230
1067 359 56
1272 2789 57
1058 733 213
1943 457 87
1848 4063 56
729 577 105
308 454 56
529 3798 43
233 766 78
31 3897 56
507 396 185
694 101 307
1017 836 312
1480 820 40
1455 70 113
1442 3951 70
2003 5586 345
2087 361 333
259 3998 73
946 3427 278
537 3733 199
2072 1079 43
387 373 303
523 3204 100
80 4217 396
1233 5522 172
288 1233 57
393 135 307
939 4651 353
819 1919 310
800 3356 56
1244 1902 333
52 138 79
637 1558 72
1561 3543 185
597 2277 65
543 2079 43
620 3418 29
59 655 89
466 774 32
1096 2489 307
1615 893 71
1944 1728 72
594 3427 278
1031 1671 206
1229 39 143
464 608 43
1648 3537 444
1292 3519 40
1059 98 70
1230 139 404
71 571 72
579 231 72
805 1807 77
1227 5064 57
1818 2501 206
140 3022 42
548 629 275
1572 1071 12
92 1190 307
335 1065 378
936 4592 89
483 2957 424
1051 4630 424
635 136 73
1620 485 72
585 3574 190
1796 2240 240
589 400 325
1481 4171 89
330 5240 71
480 114 72
206 2048 217
1174 2266 412
355 745 71
71 3464 24
391 777 71
1916 205 70
1228 422 143
300 3891 115
2221 824 33
597 1601 97
559 98 70
779 1232 206
513 493 15
530 27 307
2206 3427 278
1429 3123 89
1513 298 71
1576 4368 71
753 97 71
2229 4194 278
245 4761 303
807 2007 57
1443 3856 73
381 484 206
4 29 12
1784 1037 24
663 92 38
117 996 303
1484 1192 92
108 32 56
2077 5045 10
32 71 72
1526 85 89
1324 3587 56
1588 995 285
880 787 201
412 136 73
565 939 89
1910 1231 276
1069 417 92
436 796 107
1360 5181 316
1424 1671 206
1516 3653 104
362 3652 189
404 85 89
417 422 143
2224 4705 172
1997 1596 284
52 754 42
1055 25 79
1038 181 453
609 1310 466
5 99 70
159 2636 73
244 282 57
1538 1962 64
2289 1096 396
1879 1 463
677 17 43
303 76 89
1395 2701 137
1727 4039 278
647 678 259
782 2778 6
468 478 86
550 568 333
432 4929 57
726 5489 73
1817 439 285
119 654 94
99 763 25
188 1778 56
1344 4193 279
1417 659 303
332 860 172
1082 2615 366
1368 419 286
763 189 202
414 5163 31
169 2414 201
1024 3340 318
306 1451 75
1035 1097 192
233 415 359
1245 772 89
1318 3517 276
629 2459 71
1530 72 71
1365 3936 71
1247 1410 12
1190 4679 258
1686 97 71
355 3206 481
1051 4961 364
230 705 384
1476 70 113
543 1775 72
353 875 73
1310 4920 457
452 292 363
1144 1847 56
1319 3404 89
1672 98 70
1567 1199 56
852 2973 72
1210 1680 412
2124 3230 73
1571 2758 44
1341 221 89
270 4968 206
1300 1552 72
343 4447 278
1903 211 361
955 305 159
928 164 111
955 1426 57
59 2716 10
1319 777 71
792 1385 57
513 4029 44
393 396 185
103 446 56
513 162 38
1340 3855 172
1677 619 72
1223 382 39
807 563 44
1290 400 325
1753 2408 5
565 361 333
435 1682 206
1801 568 333
881 373 303
373 336 33
1222 5427 260
388 530 12
1159 3285 354
2183 4588 103
2155 4479 303
2186 846 57
989 3608 107
139 743 72
497 1249 72
40 472 100
812 2016 263
352 2507 370
699 1154 97
1275 2605 338
86 98 70
1363 476 57
1359 787 201
731 770 313
931 1377 12
1664 498 190
1451 363 71
277 5074 279
648 88 276
558 621 12
387 1941 286
1410 409 72
1903 412 200
597 2027 439
956 3135 43
790 2379 457
1499 418 307
1483 1134 286
1572 5 73
689 628 174
319 629 275
737 594 112
693 448 333
195 342 24
77 818 406
1217 728 113
699 761 57
1302 4927 104
1561 2590 271
723 1815 34
12 21 2
1011 659 303
1678 833 307
39 3458 333
610 1775 72
742 640 12
1178 400 325
361 1427 43
1276 1141 25
845 995 285
1174 501 44
864 1950 100
1778 1641 70
588 400 325
2189 3022 42
1467 255 285
1403 1046 206
621 1089 43
1032 229 43
222 4040 23
529 5087 72
1856 248 384
1753 2719 72
851 3533 63
1245 4663 56
1583 3568 278
240 2391 73
28 1018 375
1579 659 303
1200 25 79
1154 588 70
1342 4558 57
791 2888 71
513 1849 155
1404 3538 453
394 202 56
510 2752 34
1138 1155 44
1344 1388 10
10 3426 314
497 816 12
848 2249 73
1538 1537 47
1441 164 111
34 3414 426
2060 3990 303
270 5389 43
409 1850 272
1866 1354 72
199 1024 98
286 1331 457
1498 406 36
208 604 55
1956 5047 43
1966 97 71
1362 174 54
90 608 43
879 3551 57
307 379 209
615 2987 170
2145 436 303
1968 211 361
1115 978 57
1515 2975 405
339 2130 107
1540 68 71
1991 412 200
900 4005 44
1125 1295 374
1532 2105 185
1110 101 307
1082 826 43
701 139 404
1104 489 72
1925 2896 363
108 2212 32
55 2132 33
794 1255 286
637 3007 24
931 2420 404
157 2860 56
629 3007 24
1159 3181 333
627 761 57
1854 633 271
798 252 363
540 3394 54
80 389 415
1171 1425 30
1407 5023 43
995 3688 143
1229 2352 258
858 68 71
1125 1854 79
1648 5399 89
412 1800 56
1984 2692 150
1215 4067 56
1968 214 333
1854 874 73
809 5206 64
1736 3800 89
571 1029 11
1167 4 71
379 921 77
799 3649 89
1037 2581 437
554 1032 43
1169 4374 465
2126 159 457
326 2543 246
1436 3836 171
1713 454 56
1481 139 404
1950 3391 274
92 2122 92
374 812 22
21 3949 363
138 734 89
1937 2062 24
269 124 105
858 3883 318
491 358 279
2021 4483 348
460 1362 73
728 314 119
38 166 32
1843 26 109
195 5060 55
1 1051 32
1915 4509 57
1153 319 57
29 603 71
691 29 12
1563 5400 89
1193 766 78
810 710 89
1287 420 190
367 1099 449
77 557 325
610 4309 139
1171 485 72
1372 4890 465
847 3086 10
869 1682 206
1245 319 57
417 604 55
1688 772 89
233 371 73
698 3115 12
451 3353 92
1462 379 209
494 391 89
163 447 181
1089 4997 57
40 3242 202
1360 557 325
1175 803 43
480 770 313
388 1094 73
1009 214 333
150 1460 260
2263 4378 172
501 1020 405
1427 783 252
492 58 147
1430 937 361
880 417 92
414 2157 410
182 174 54
618 2426 236
145 3466 237
1188 5322 137
399 833 307
286 15 386
1127 361 333
841 4121 278
790 159 457
1546 4046 276
44 3017 137
10 489 72
1233 4462 185
1317 4394 78
2070 2389 33
1087 27 307
184 761 57
1317 3601 71
370 313 421
1141 4742 213
1231 1121 70
1145 94 276
55 604 55
543 351 89
706 655 89
1697 1297 72
1409 1968 318
67 71 72
1226 4069 24
94 1213 143
494 29 12
764 396 185
837 3739 78
494 5170 453
331 5296 40
1350 4352 32
681 2396 41
424 2647 276
389 3428 56
1478 659 303
2247 2931 54
299 564 91
1074 771 12
989 1815 34
1231 2262 88
1579 380 70
368 1815 34
269 1091 73
1676 68 71
1571 5482 32
161 2696 292
123 4579 70
1215 3427 278
740 4534 303
1337 2143 258
642 2283 152
389 469 295
1516 2628 57
1747 1911 54
671 643 364
2049 2110 71
335 2482 137
78 520 89
114 4081 190
1296 937 361
778 3982 56
132 693 436
1316 543 172
2272 1312 458
1262 986 89
317 888 71
599 4704 12
1958 3784 364
270 206 188
1842 1717 71
1568 80 33
567 435 73
1521 647 303
68 68 71
340 483 72
626 1802 34
351 1170 56
290 377 54
1084 2180 325
1466 1742 72
1615 1622 73
161 2198 10
411 400 325
233 1133 56
79 1315 303
548 27 307
324 355 72
335 2975 405
1222 2696 292
1227 198 54
466 3580 206
1492 5037 303
481 3065 387
1503 2805 12
246 2321 71
644 2424 235
1131 371 73
1159 3386 89
543 777 71
256 1907 113
532 229 43
727 5336 190
1478 3857 40
1291 1271 56
361 573 47
747 941 33
378 1601 97
374 68 71
1337 538 172
967 805 70
565 2967 73
1547 2126 246
54 582 85
999 35 56
1539 3541 185
387 1190 307
258 2130 107
1125 3381 89
186 499 44
1067 3920 54
1043 1990 213
890 32 56
2288 4731 358
2248 1380 473
388 5045 10
1329 2489 307
1125 316 32
1812 1151 153
969 2157 410
941 2029 158
737 35 56
1451 1817 72
1314 4543 86
555 319 57
318 19 44
80 4385 406
1440 4222 185
934 2926 12
496 1965 57
1907 781 453
456 1558 72
2023 543 172
1603 2240 240
1410 982 56
1250 4042 71
74 101 307
77 846 57
1854 68 71
719 4524 384
742 2729 111
2020 136 73
827 454 56
515 3993 91
1439 1999 12
691 2471 71
1338 3711 272
1248 3816 57
1050 4060 278
1439 761 57
270 1935 57
251 268 55
1228 3023 89
1397 538 172
363 339 106
799 1034 54
20 954 276
1138 1733 71
423 2561 206
51 4509 57
2087 3819 42
1403 520 89
1478 361 333
183 21 2
1429 205 70
1585 4399 104
1084 209 32
1156 596 164
1474 3461 457
1166 162 38
861 2335 56
649 140 253
742 398 89
1128 29 12
656 671 197
209 1052 190
1252 1026 225
2286 76 89
374 124 105
124 1270 55
651 375 55
1009 1250 12
1847 703 120
1140 1046 206
778 818 406
2102 482 70
115 1386 33
286 1817 72
922 906 370
531 1382 72
1221 1041 370
1153 436 303
362 777 71
152 5558 44
841 174 54
893 5158 137
1103 164 111
427 1029 11
997 3087 457
88 4390 316
1384 2533 368
1271 3254 71
859 3317 156
1586 530 12
447 695 32
71 1481 54
1934 5417 231
1278 764 143
663 1771 56
388 172 12
1419 211 361
1578 2833 89
780 3656 260
298 1128 73
2 4419 44
27 3601 71
1212 284 56
108 3212 257
1300 3773 89
674 471 89
207 4081 190
1819 483 72
341 1140 337
2248 1972 89
985 3442 318
749 4564 279
94 216 276
1066 29 12
484 777 71
376 887 305
858 518 363
883 659 303
2127 4462 185
1133 86 88
78 561 107
195 3032 33
140 1940 10
1213 2492 114
1166 4707 209
615 2575 118
125 2017 25
687 2311 56
1536 525 71
970 619 72
427 1865 32
159 1089 43
1320 4705 172
127 1058 457
987 27 307
1239 1285 3
2054 983 57
543 3050 71
1739 921 77
917 530 12
68 2078 127
383 206 188
998 2440 397
2263 1914 232
1151 1547 185
1742 3692 278
2034 1558 72
1082 493 15
1319 1696 89
699 485 72
22 1513 10
388 1112 73
369 97 71
674 664 363
693 1708 68
1251 3472 33
770 1530 271
1017 693 436
1136 1582 73
1501 2782 246
862 2715 33
2113 25 79
1899 1060 457
1635 4262 359
451 856 149
832 1712 71
992 1460 260
2144 1999 12
432 358 279
720 3138 72
618 698 333
949 709 137
496 439 285
976 211 361
1262 958 44
2167 1850 272
1742 803 43
762 1664 56
1282 895 38
63 978 57
215 4302 365
653 313 421
1274 449 453
2104 85 89
1160 402 325
317 4978 71
1011 3756 187
1309 1712 71
1658 4952 42
1250 3305 29
1576 114 72
1966 3169 260
186 498 190
1481 1110 348
833 1671 206
955 1220 213
1469 5039 42
1136 1091 73
695 1798 25
657 2248 74
115 4095 469
955 2266 412
620 3898 213
454 97 71
1373 4997 57
1640 4399 104
898 2023 180
707 1719 12
62 98 70
1151 68 71
1932 2 75
1013 3880 120
848 101 307
1308 1295 374
1140 1810 84
635 3427 278
543 392 89
1078 2800 285
1603 3916 83
1482 4524 384
2084 76 89
1843 1119 89
1074 277 316
818 3771 105
361 105 6
367 76 89
2245 955 31
2071 1146 33
1580 216 276
1047 174 54
670 2467 150
140 3600 71
794 1994 231
386 1461 5
259 211 361
780 136 73
1642 3348 32
2191 29 12
1583 388 402
1147 1971 78
1035 118 44
2103 2955 370
578 311 125
1281 2217 276
1661 787 201
207 185 12
778 1450 75
1323 1538 285
1019 892 54
2209 5409 78
410 3042 38
194 98 70
306 3218 73
980 143 316
296 695 32
848 792 231
1357 1298 307
1699 2323 75
2224 419 286
115 3129 293
1419 5074 279
111 2948 56
931 27 307
348 29 12
410 202 56
705 1112 73
1096 1341 143
2225 3648 12
1059 1908 70
382 1944 12
2099 2387 263
813 2535 137
795 980 113
1136 2870 185
273 2467 150
280 3374 56
1182 2979 89
1494 2813 72
1356 1179 63
52 728 113
296 728 113
1242 826 43
629 754 42
92 467 107
1355 2496 71
995 3402 206
1089 1981 71
1658 3757 465
736 3065 387
1709 4198 278
743 1193 72
326 1431 89
599 76 89
1206 407 104
947 101 307
888 2587 24
1427 3997 278
1362 68 71
852 196 89
593 211 361
92 2634 88
903 1436 34
847 3253 78
673 2379 457
2049 4152 278
543 1738 25
59 1934 10
706 1359 71
707 920 192
513 4552 104
363 162 38
955 4160 185
335 3099 43
777 476 57
904 94 276
1120 3510 237
561 5249 57
67 1547 185
437 2470 89
319 88 276
12 3989 9
413 493 15
584 892 54
333 1455 40
979 724 89
1125 888 71
1274 3226 389
107 570 12
151 490 159
737 710 89
133 712 89
1198 1200 71
27 2323 75
2216 164 111
1361 179 49
383 3680 72
1423 3541 185
1523 3706 89
1472 396 185
1053 1 463
29 798 89
610 2278 24
990 3427 278
689 3735 56
1356 3902 70
1026 2209 159
1031 3427 278
1499 3144 89
423 1288 239
2131 3822 414
1136 606 9
599 570 12
1447 2748 43
1050 1143 295
2306 439 285
119 2273 43
56 2732 375
887 29 12
1772 5145 71
390 3416 434
1603 98 70
145 3758 10
2142 5373 378
780 4049 303
1245 717 236
1153 3766 140
955 3596 185
1013 1830 56
1419 983 57
1207 3240 38
24 199 56
1774 3427 278
1758 1088 221
1512 2833 89
1250 1034 54
625 909 139
939 27 307
1442 1877 56
130 4829 285
1140 2423 33
390 983 57
1875 4988 419
1296 214 333
59 150 72
261 4371 10
542 1422 56
1452 717 236
658 766 78
1039 272 56
781 3266 307
876 4467 369
704 2799 303
180 16 43
954 477 89
563 1897 44
1603 2568 32
217 2121 43
1472 3308 185
350 3592 202
1487 97 71
143 908 42
1159 906 370
1289 1411 32
1974 568 333
1532 413 386
501 1929 404
499 2018 72
1365 462 71
1070 625 89
1272 761 57
1563 2157 410
127 2854 78
934 5006 70
2015 1354 72
79 400 325
834 29 12
2186 3822 414
778 493 15
335 2820 12
2262 1908 70
2051 2249 73
1188 1958 89
1605 1283 5
1368 76 89
604 3672 303
60 70 113
250 214 333
388 3034 457
776 2196 10
1236 2716 10
1410 1221 338
2186 66 363
1834 400 325
1664 1677 386
2006 3129 293
1039 1322 55
1085 2784 43
4 307 43
1139 700 32
2247 2222 88
1364 569 71
373 3507 57
1189 619 72
1366 2099 43
1889 1450 75
436 1765 107
1546 2001 89
114 3427 278
810 1253 73
278 2940 298
1877 4236 404
1646 1910 72
1777 3218 73
2214 94 276
1368 1894 241
1671 1281 43
677 4396 71
973 1112 73
2190 447 181
276 318 234
1081 4060 278
1190 1186 378
217 1545 246
68 492 12
240 489 72
731 536 42
1357 2899 72
1361 1174 145
435 2628 57
1508 2543 246
138 796 107
60 843 372
436 339 106
483 2272 43
1289 5096 303
1428 255 285
186 34 57
1873 159 457
1533 2800 285
1008 418 307
1617 1712 71
1345 3810 272
228 2230 25
1058 27 307
525 729 88
163 845 370
763 1240 72
647 888 71
245 1004 303
1803 72 71
1377 3294 258
492 4329 12
962 5275 57
1464 32 56
1466 2412 43
918 3613 89
882 121 89
1067 616 271
1420 3281 70
1160 774 32
17 164 111
67 568 333
876 313 421
2176 216 276
453 1274 167
1689 4892 44
1274 761 57
848 748 44
180 2152 215
1633 3 12
588 621 12
1569 1940 10
1121 85 89
2124 277 316
1568 138 79
651 4378 172
829 733 213
1070 835 72
1427 1625 297
656 245 95
174 889 57
390 400 325
1500 5006 70
180 2981 210
615 417 92
2277 76 89
301 2409 10
170 4379 43
1159 3188 458
273 316 32
417 2363 89
1199 97 71
366 1708 68
1090 636 107
702 181 453
808 1539 71
830 76 89
2283 2262 88
543 451 89
233 4776 285
693 1712 71
1793 124 105
1352 2337 473
958 5596 173
1577 5512 300
787 536 42
169 439 285
1827 3822 414
875 2420 404
1514 453 89
1472 27 307
678 188 232
1459 5437 325
1159 1692 73
1326 2595 10
86 4428 246
2096 536 42
657 189 202
1063 3485 382
1866 98 70
1308 98 70
1035 36 44
1443 470 35
217 1426 57
486 209 32
1131 770 313
150 1326 108
283 404 43
635 1663 71
989 1285 3
688 360 57
592 827 89
783 4141 44
1747 4675 33
141 1188 181
1449 4267 107
1816 1098 89
438 834 70
1381 1 463
548 1696 89
250 636 107
1337 5031 379
1263 2016 263
1342 4913 457
464 5560 137
242 427 442
1719 621 12
304 5502 73
1963 187 364
1588 68 71
642 3098 309
1103 2235 473
725 2621 31
1486 3508 137
1300 71 72
1226 2126 246
663 5495 234
1003 1545 246
234 450 181
859 3396 56
869 5429 72
1572 3308 185
1734 3704 267
840 4121 278
778 162 38
1298 5 73
1178 5282 172
26 2947 24
2094 1217 338
558 2245 57
373 4419 44
1355 1046 206
1410 4381 24
939 1023 98
1519 4694 185
1761 4133 344
151 1908 70
2282 4698 451
1353 4090 89
804 3586 89
1068 344 137
1296 162 38
453 1123 112
1420 1598 70
1278 568 333
205 648 44
547 1083 67
2202 619 72
2211 701 72
2240 1179 63
1817 659 303
1456 2311 56
1413 3538 453
1102 323 89
282 85 89
1386 3739 78
939 1046 206
835 5257 32
1548 136 73
339 4385 406
747 2265 33
99 1951 300
1050 101 307
882 17 43
1911 3070 49
2230 5092 303
770 15 386
921 840 386
591 2523 56
2246 608 43
305 1380 473
131 498 190
51 4051 172
1949 1046 206
1530 4375 453
207 2991 71
1131 2026 307
1090 174 54
185 358 279
1455 3147 258
1602 5355 104
314 4535 369
1067 3512 137
222 3800 89
446 1521 89
1454 1548 185
798 160 12
457 2139 284
1063 419 286
1438 396 185
1484 2195 10
326 29 12
249 76 89
1909 1931 444
629 2531 89
1180 724 89
242 1076 415
974 3567 89
780 4993 174
1059 2144 258
43 2245 57
1159 70 113
397 2640 57
2184 245 95
716 391 89
435 3062 12
1324 174 54
620 162 38
41 3427 278
1486 3773 89
490 277 316
317 4975 9
161 635 271
779 1273 107
1617 663 70
1365 186 137
671 3825 364
2208 647 303
1150 97 71
222 3383 70
1992 253 89
21 4517 21
893 1712 71
1388 1505 386
1229 2340 303
438 1581 209
637 4634 71
209 248 384
362 3448 44
333 1607 73
630 27 307
1066 915 57
725 76 89
228 3438 137
1183 3885 43
1676 319 57
822 3531 285
1345 1044 17
1910 3420 25
2121 2700 137
639 983 57
1009 2331 453
671 2426 236
1860 3427 278
2185 4622 333
46 1279 97
1011 439 285
254 527 71
1472 682 264
1530 5276 473
140 1146 33
425 2645 32
180 1007 285
243 1658 148
232 1137 43
1026 709 137
374 2820 12
1299 415 359
114 1561 57
1805 5258 278
39 1999 12
507 2621 31
948 901 42
1799 1 463
1601 360 57
136 85 89
1578 3066 167
2232 211 361
846 4950 364
1264 828 276
709 856 149
180 796 107
683 5003 359
172 3427 278
1168 159 457
992 1117 190
317 380 70
1228 588 70
1050 744 361
1519 619 72
565 5046 32
1223 777 71
1086 436 303
1155 3364 305
432 753 56
1508 629 275
731 4835 70
351 155 38
257 458 74
1166 915 57
2230 717 236
172 1902 333
1216 4997 57
504 877 73
256 865 303
79 4368 71
2250 3596 185
1021 4762 333
543 3504 71
111 2840 285
1729 816 12
613 2171 42
923 568 333
1004 3169 260
493 975 71
174 2946 462
335 1982 333
1458 507 404
1030 3997 278
497 4153 206
2038 159 457
376 136 73
679 964 374
1306 3781 412
560 2699 89
624 2 75
484 483 72
115 2895 444
846 524 71
542 400 325
1466 151 331
1805 99 70
1215 211 361
44 211 361
373 1277 44
1468 1921 425
241 1087 92
1279 139 404
812 721 89
513 2295 325
1278 435 73
283 1305 445
1574 697 57
842 5359 172
506 136 73
203 3625 6
146 1020 405
1216 4374 465
1083 97 71
1141 233 292
81 3615 72
2144 1732 71
1711 3426 314
1123 252 363
2015 1817 72
1509 1208 437
994 2222 88
846 1983 307
856 4844 57
121 2829 87
1451 1387 57
1134 581 51
368 1197 89
361 2765 56
1215 1309 457
778 1422 56
92 949 113
831 2056 453
969 1426 57
1541 246 55
1027 754 42
1287 1359 71
725 4896 130
103 4667 414
747 1426 57
1780 4755 250
86 2155 188
615 1738 25
447 1522 89
744 181 453
380 222 182
600 1277 44
1123 724 89
91 1248 206
1141 633 271
1008 1060 457
177 777 71
114 619 72
1035 2831 56
1277 4408 56
95 526 47
1837 1985 12
714 76 89
990 180 78
808 27 307
1170 1074 71
587 4911 103
1466 484 206
370 4517 21
417 136 73
1259 1613 213
1188 634 70
1168 3386 89
180 4565 282
230 1720 24
1812 305 159
243 1287 75
937 400 325
285 3761 189
711 4955 279
1641 5016 463
1941 97 71
1877 3971 338
654 2054 442
1996 1199 56
699 174 54
543 1712 71
1567 656 285
1022 550 77
818 1654 354
776 506 215
678 2053 72
1817 1350 206
40 4738 303
369 525 71
1140 4388 33
191 1070 70
33 3791 71
1486 4112 10
1407 363 71
793 1057 246
583 2479 89
691 4509 57
954 526 47
648 5397 43
1125 1842 70
1141 91 81
1272 764 143
1644 1897 44
355 3331 139
2097 647 303
1446 3637 325
2196 1725 42
691 3299 338
1533 4846 118
2006 1698 198
393 1210 307
504 1083 67
571 3206 481
74 2277 65
900 211 361
773 2144 258
26 91 81
996 1122 96
525 1546 416
2096 2813 72
231 2854 78
241 303 316
1413 698 333
1420 159 457
2077 306 72
419 353 78
1790 3427 278
1738 5037 303
1312 15 386
509 4756 40
2161 1519 71
610 17 43
1405 4844 57
2275 2186 78
1435 2172 405
1084 3560 24
537 3240 38
435 1096 396
2025 3864 48
1102 4722 172
205 2528 449
2066 4408 56
747 2400 55
1923 1429 213
110 1716 166
2045 632 271
1235 1617 32
161 214 333
207 498 190
1426 3696 24
235 1366 54
393 3405 337
221 3632 89
496 520 89
75 2336 43
1143 2182 79
1490 32 56
635 4114 190
2013 3572 97
776 585 89
130 412 200
617 2420 404
2164 223 241
707 3947 285
366 2262 88
1154 2988 143
90 23 274
549 1222 12
1059 5292 258
1068 4560 95
658 2701 137
1357 5488 97
230 2278 24
1881 304 219
115 274 42
437 1712 71
931 1546 416
2246 3448 44
394 2629 19
1629 3082 404
1623 576 63
543 2628 57
1083 1902 333
816 3294 258
1899 2615 366
1422 701 72
1698 1815 34
1054 2618 453
1137 1600 333
52 2246 433
1818 4328 285
668 272 56
1169 252 363
846 3970 403
348 2400 55
504 148 453
1185 2628 57
57 4068 33
1331 1814 71
946 17 43
7 1652 12
249 621 12
947 2956 71
389 4338 89
324 42 276
922 205 70
1620 68 71
992 4689 57
2020 4127 25
159 2444 12
1154 977 73
725 728 113
864 1712 71
1168 1186 378
1410 4389 57
1917 3599 88
1832 4637 70
1521 1994 231
1368 108 71
1982 2528 449
187 1015 355
263 122 33
851 575 63
665 1019 375
70 372 285
1832 501 44
604 1177 89
1363 621 12
1832 73 72
2097 4399 104
1154 878 73
136 1179 63
732 639 65
737 2419 113
1396 15 386
707 153 71
1493 76 89
1172 1541 137
1567 38 143
1966 114 72
519 709 137
705 36 44
1870 5065 70
1797 162 38
770 3427 278
637 1254 285
1180 5236 338
969 2195 10
1140 3262 89
409 2700 137
33 1748 307
2113 5231 210
986 1912 117
1324 1455 40
1095 2415 56
1585 2361 104
419 3000 32
690 728 113
2088 1775 72
336 1136 303
1547 399 213
1296 4278 32
1578 4593 333
1096 1420 159
194 180 78
494 3057 89
1580 1126 274
467 107 315
93 522 42
372 958 44
531 1817 72
1692 2 75
374 71 72
589 137 135
448 733 213
2090 543 172
1813 1047 57
448 214 333
1265 174 54
527 1734 54
1362 1471 73
1278 1654 354
381 304 219
128 450 181
1433 448 333
758 810 43
1467 5141 71
453 2106 276
1578 3990 303
1187 2903 453
1170 915 57
1736 2374 421
1299 1876 89
2290 3904 293
145 484 206
1093 676 118
395 325 56
1619 764 143
176 3640 162
299 1598 70
620 1101 239
353 836 312
142 2980 406
1264 4278 32
1068 1251 12
1413 159 457
483 543 172
501 2046 56
343 2192 70
3 4181 89
1705 3746 375
172 501 44
2009 2147 107
1147 475 89
1777 426 43
199 358 279
1204 2693 431
1132 489 72
949 97 71
2184 1278 144
426 299 364
286 1204 459
1511 1332 42
389 111 43
467 361 333
406 1719 12
998 37 138
712 1940 10
129 1077 318
1084 4414 73
417 2454 190
425 1905 73
1639 485 72
1572 3427 278
575 4808 297
1566 501 44
545 1010 71
1133 4040 23
1217 472 100
743 101 307
58 299 364
936 767 78
1624 2190 303
1341 322 190
159 766 78
566 888 71
1017 172 12
2107 2077 465
780 5055 172
1348 324 38
1144 2454 190
1235 4458 163
1141 3181 333
1215 593 42
168 268 55
2090 2805 12
953 2628 57
1578 525 71
4 633 271
350 428 33
1270 92 38
360 440 10
1705 568 333
1251 5000 56
1318 3266 307
1228 29 12
1737 775 468
75 439 285
1296 2855 57
1455 139 404
837 2471 71
1565 4754 56
648 3746 375
310 4401 371
725 203 316
219 307 43
1123 1968 318
319 3678 47
1 728 113
1009 2075 72
526 25 79
2131 767 78
848 761 57
1420 3856 73
240 1459 364
195 1003 107
363 939 89
1335 603 71
10 1677 386
66 1951 300
1050 2026 307
1056 4500 348
1464 5200 78
511 4221 56
67 4977 405
912 5321 370
2033 454 56
2015 33 32
105 470 35
1879 2141 303
482 2736 44
390 3769 42
212 906 370
637 53 363
237 145 56
89 1746 78
753 1687 72
1067 906 370
1685 279 457
1211 720 54
517 792 231
925 255 285
468 2660 107
395 274 42
1000 1712 71
1865 728 113
194 121 89
1288 2453 363
159 1118 33
1159 1251 12
310 1397 115
2216 4782 23
564 417 92
1232 3741 430
1219 5076 370
851 415 359
589 1602 107
169 3085 71
525 1806 97
1630 72 71
1532 1056 386
1131 761 57
301 674 173
233 3882 304
1452 118 44
1191 3542 185
415 453 89
352 1958 89
379 1683 10
71 192 57
904 796 107
159 1815 34
508 1383 364
641 88 276
396 2716 10
1274 2547 346
1683 1027 54
790 2778 6
2312 439 285
360 1072 38
1646 1451 75
1498 4411 303
879 358 279
1533 32 56
201 554 57
563 1310 466
705 470 35
32 5169 57
248 1914 232
1512 3751 307
1235 2175 251
1423 628 174
1229 1712 71
261 452 73
778 1091 73
1211 1427 43
1147 923 12
81 318 234
1050 162 38
728 469 295
1934 2933 105
62 141 72
219 1085 57
1550 2628 57
1288 1459 364
821 1966 10
1472 1771 56
68 3138 72
225 1264 72
1189 2687 38
1021 915 57
1147 1267 103
108 3474 232
1991 498 190
1193 419 286
55 1286 71
1229 1128 73
1265 895 38
756 3554 32
29 1355 72
660 29 12
60 1447 40
1208 96 252
71 97 71
1004 659 303
1300 417 92
377 4457 89
14 3328 32
1322 647 303
91 915 57
41 3980 206
1160 4668 56
1503 710 89
779 1413 44
707 3427 278
1305 3579 40
240 608 43
230 3081 56
1472 3879 89
397 174 54
1911 2104 284
427 15 386
1294 29 12
1463 832 117
858 624 57
1671 27 307
1727 373 303
1360 1115 121
41 1898 43
1892 501 44
451 267 89
233 114 72
259 917 165
1058 59 33
996 271 89
1182 68 71
899 677 78
230 2066 12
279 3267 89
492 1383 364
699 1207 72
1358 2575 118
1437 4922 333
1986 1992 134
2268 507 404
511 589 89
1441 277 316
525 640 12
995 4454 206
2227 746 303
1011 3895 105
816 2333 345
790 172 12
818 1965 57
807 1122 96
110 5456 42
1777 501 44
2225 561 107
279 1516 89
524 425 57
1269 1842 70
129 114 72
1694 319 57
815 539 55
165 202 56
1141 733 213
2259 5563 202
343 515 41
766 3981 89
192 1094 73
406 2787 72
707 3119 363
1395 27 307
599 242 33
31 347 40
1077 711 89
52 3356 56
374 810 43
467 1672 72
1254 3842 139
370 3990 303
1963 1447 40
246 1300 71
1008 627 232
903 181 453
1318 4154 96
1868 2562 25
1568 3104 33
1405 623 57
1923 3596 185
304 420 190
478 869 57
1856 364 276
888 101 307
1923 1548 185
1271 255 285
376 1004 303
1216 392 89
989 3509 89
2026 418 307
1221 1939 12
1813 1320 295
453 2926 12
2071 736 386
423 3182 179
88 3628 89
233 245 95
775 1613 213
1020 893 71
1532 1278 144
443 717 236
22 574 48
1429 4584 378
1195 4388 33
141 2052 305
1178 980 113
285 1307 439
1565 1316 110
92 3442 318
1500 2135 285
1789 3356 56
1546 76 89
59 454 56
1178 123 139
516 875 73
1272 2751 213
1527 4484 70
1455 1297 72
2070 1955 32
699 97 71
1067 289 56
60 5006 70
1318 196 89
1335 4463 481
1242 5064 57
1 538 172
785 2096 232
1624 4556 73
1596 68 71
1195 1593 285
1221 2663 71
659 1135 230
721 5225 276
1 1985 12
814 1127 259
2040 435 73
2082 3321 117
683 3210 110
691 544 12
785 404 43
1139 735 453
1194 770 313
790 1788 12
1170 4555 44
610 189 202
1144 1723 71
1966 728 113
1447 2219 152
1372 3461 457
354 515 41
2186 2466 363
74 109 255
529 3 12
1371 3343 71
598 2017 25
31 5519 333
93 454 56
1300 1606 71
770 211 361
1245 4057 70
876 179 49
483 3947 285
1376 2886 296
109 2634 88
256 379 209
1116 1343 318
2307 1554 34
327 3281 70
388 5397 43
381 398 89
1387 2668 281
969 5170 453
1222 1 463
503 959 44
478 3750 43
299 2591 56
644 2426 236
1131 1032 43
173 546 89
388 705 384
489 518 363
364 472 100
1132 4723 278
930 205 70
678 482 70
870 3647 206
1797 22 274
922 2950 54
1216 1934 10
92 5436 56
77 1893 304
1931 4756 40
1474 1226 457
1054 5533 331
1376 1999 12
1777 2390 89
165 772 89
727 145 56
1753 3725 71
726 931 406
2090 764 143
846 892 54
1206 4404 189
1344 2531 89
379 726 97
1850 605 137
540 501 44
1166 2782 246
1032 1476 251
131 3010 86
2096 2926 12
99 1950 100
21 55 56
1689 76 89
1077 757 404
126 2875 219
755 1136 303
202 119 22
1235 1490 268
983 3162 286
1437 5519 333
1010 433 12
1315 568 333
226 3538 453
1350 76 89
205 1560 87
71 3430 57
339 31 33
1300 3707 33
259 4842 73
1481 33 32
597 2222 88
399 761 57
99 606 9
1578 1115 121
753 5247 71
1703 1980 224
736 4034 285
1038 647 303
1414 840 386
2239 2361 104
640 84 190
1336 4560 95
1017 2749 185
1490 440 10
219 297 73
1306 4158 296
1058 2413 71
354 2534 334
1753 313 421
507 2379 457
787 1936 72
377 1688 43
370 4339 123
195 611 285
305 1436 34
1269 834 70
79 3249 337
2021 3919 71
1099 2459 71
1125 1600 333
635 359 56
702 568 333
607 4468 278
1556 1249 72
1507 136 73
656 628 174
1236 1463 73
1229 255 285
1709 318 234
1008 422 143
1384 5275 57
117 647 303
143 5242 55
1215 3180 286
1391 1665 325
1314 1380 473
657 28 47
1292 347 40
1214 783 252
1658 5374 231
1292 2452 33
229 1122 96
1843 2330 187
166 245 95
900 4144 71
257 4732 318
691 566 21
2121 591 89
1145 29 12
945 318 234
310 68 71
2181 1278 144
871 1366 54
687 2323 75
247 3016 112
2071 171 12
138 3427 278
187 959 44
2103 4107 71
475 1687 72
540 3270 87
1159 4826 348
2218 3923 404
542 986 89
1361 2137 176
605 728 113
215 1078 390
1858 643 364
1751 122 33
1216 2463 381
1530 767 78
343 234 82
701 180 78
311 2426 236
1312 1221 338
1843 1000 89
1144 1046 206
542 3315 201
1513 3377 101
298 1183 206
947 1134 286
554 71 72
1149 4148 43
1942 1065 378
1928 2736 44
1912 3837 364
654 3701 328
1760 1625 297
6 1553 93
604 1339 137
1085 205 70
1599 4509 57
2198 1752 453
1532 4403 71
685 831 117
664 396 185
291 1401 69
803 4160 185
1020 27 307
482 3331 139
568 647 303
1887 1461 5
186 2575 118
814 1298 307
1323 2800 285
259 2164 192
197 2201 55
710 483 72
1790 3652 189
463 3030 113
51 1322 55
563 420 190
1692 915 57
939 5325 278
928 1607 73
425 2772 32
1821 2 75
469 687 9
1075 4449 307
2266 29 12
370 4835 70
1287 101 307
797 1320 295
831 289 56
299 5272 66
197 2204 24
115 3807 57
846 1620 307
629 1599 89
455 1539 71
1067 4226 55
2117 5503 70
1844 1927 281
1199 1155 44
1405 6 160
702 2496 71
604 5046 32
1507 148 453
512 2481 91
62 1936 72
1346 85 89
1490 628 174
1700 196 89
1063 2912 89
1834 4095 469
1928 2322 57
1720 440 10
1436 3003 56
599 4331 13
231 162 38
1347 3338 223
1541 3707 33
913 677 78
908 4424 323
893 4893 57
610 5305 73
536 5014 363
576 5299 72
1842 298 71
1631 363 71
1646 4361 84
956 205 70
742 3504 71
1678 5124 333
536 391 89
362 5156 72
728 4010 88
197 1642 73
225 787 201
217 2640 57
19 2638 55
1335 4240 409
996 3560 24
671 619 72
681 312 42
713 1258 73
1366 1999 12
1235 3460 163
1963 543 172
1300 728 113
1441 37 138
1742 4547 206
1032 460 88
605 607 137
326 1773 71
565 2413 71
1563 753 56
1806 4419 44
530 800 246
45 2005 107
1188 5392 32
1819 136 73
332 959 44
265 98 70
639 5535 44
198 748 44
1309 4462 185
1024 3551 57
1228 1416 89
1054 3052 12
1167 1179 63
1178 1912 117
277 15 386
1793 3650 206
721 1153 199
525 390 163
241 422 143
1306 3475 70
909 304 219
463 980 113
629 4997 57
1140 4278 32
130 693 436
702 498 190
143 25 79
376 2574 303
512 2399 52
689 2123 71
1503 29 12
1153 4012 370
876 222 182
1067 632 271
1026 5088 82
2319 440 10
41 3034 457
39 1083 67
1182 143 316
97 4285 172
2287 5349 309
1013 891 137
492 4769 285
250 85 89
816 4362 139
511 1167 206
315 2410 190
191 2617 33
779 124 105
300 1459 364
1738 2401 71
1671 211 361
1683 901 42
2118 2646 355
1681 655 89
369 1316 110
969 2059 206
515 856 149
2193 3325 301
382 2027 439
1701 400 325
1328 2594 71
286 2355 57
1295 1860 89
851 1249 72
519 2275 56
736 3995 32
1338 4198 278
1951 983 57
463 1327 79
1544 359 56
115 490 159
2103 850 388
561 228 72
364 779 143
1214 4589 44
1315 3613 89
2060 1426 57
410 1093 56
679 2441 138
2029 252 363
1323 1073 434
588 4086 56
1168 536 42
1000 3262 89
628 1743 70
15 4347 63
414 207 316
1942 5527 359
1486 983 57
1458 931 406
1318 1365 42
1850 724 89
679 234 82
1790 1965 57
34 1750 9
1577 716 155
379 1689 34
1483 932 75
979 1095 57
1570 4790 363
389 3982 56
1511 34 57
1814 958 44
149 3638 303
1526 447 181
400 2659 41
1138 1712 71
1542 27 307
1739 431 43
1797 1686 56
1236 2339 113
1209 219 71
1171 377 54
1790 1193 72
154 1921 425
1306 2266 412
2184 469 295
1065 4218 10
1467 72 71
2122 468 78
343 5529 252
868 4564 279
581 1607 73
720 1596 284
1216 379 209
604 4059 71
24 1184 56
464 606 9
699 1743 70
599 966 55
1300 4955 279
1777 97 71
1746 5535 44
1193 2466 363
298 3829 206
193 979 78
1022 68 71
287 1316 110
1982 4841 97
753 211 361
979 901 42
1364 256 285
631 1106 452
468 1343 318
790 4470 10
725 4331 13
319 753 56
2301 515 41
2091 1520 89
364 70 113
1269 327 43
984 1 463
425 608 43
1466 770 313
213 3442 318
939 1889 56
683 1436 34
699 748 44
2007 913 180
1531 121 89
541 2500 206
291 1695 72
834 4111 405
376 937 361
1421 656 285
1218 860 172
1335 1734 54
19 3199 31
663 1910 72
1769 1251 12
1581 1464 89
947 125 258
635 2321 71
931 767 78
1320 1031 260
1227 939 89
373 744 361
1700 3333 336
279 1296 72
1383 983 57
319 162 38
795 300 57
1022 3490 72
1245 3372 57
1615 5304 103
812 853 13
412 393 71
979 201 162
36 122 33
548 1037 24
1160 5166 172
2287 396 185
2192 2310 71
1154 440 10
71 2761 303
157 814 446
283 1073 434
366 2132 33
268 1967 55
1929 277 316
1116 453 89
1882 5367 435
432 2486 453
1570 3219 259
114 634 70
305 2109 89
1884 205 70
179 897 137
1615 4690 98
1001 125 258
1484 695 32
1521 757 404
1242 5108 130
283 2379 457
970 1471 73
1466 4600 314
38 603 71
1910 5376 279
2135 847 291
404 914 353
1523 181 453
1020 3401 274
1090 1346 89
52 1938 24
1187 1842 70
414 2985 114
2176 2951 192
480 440 10
1555 149 71
1642 1911 54
504 728 113
111 498 190
1487 501 44
521 710 89
1372 988 137
1227 379 209
377 2424 235
899 1739 57
145 585 89
311 124 105
808 1370 73
1168 422 143
117 183 115
2246 5490 72
549 2731 12
706 2336 43
894 324 38
194 2400 55
1565 4018 104
635 939 89
1379 3541 185
194 2190 303
617 2214 71
691 1712 71
1140 3504 71
88 412 200
1790 2664 72
468 1276 317
193 1382 72
768 1085 57
1572 5497 137
1199 655 89
985 3100 89
1595 361 333
1 70 113
753 984 71
140 1618 40
1206 1560 87
2089 1046 206
1187 1099 449
1090 4419 44
458 2774 72
651 2627 70
1360 1729 97
1270 1605 54
1000 787 201
781 873 73
900 1119 89
846 2448 381
1195 4079 258
668 2 75
1717 691 57
1149 2328 107
1683 162 38
212 5301 57
1595 3156 453
610 787 201
807 4189 70
362 27 307
250 890 72
1737 1 463
1704 101 307
1515 761 57
303 3076 24
998 3427 278
151 2094 71
436 4085 107
647 3895 105
740 82 34
1068 3423 194
1245 489 72
997 400 325
230 225 111
1127 380 70
82 451 89
2200 3822 414
789 499 44
1847 820 40
842 315 32
549 3078 51
131 2366 290
507 4971 457
604 1111 70
1760 1828 24
1686 2027 439
1090 1426 57
412 1029 11
1210 400 325
1799 4552 104
304 3763 307
486 145 56
1487 3830 299
1921 2701 137
1654 5549 386
1154 2925 259
542 380 70
1027 70 113
1019 4156 246
1455 2926 12
1359 125 258
1136 2326 159
81 1249 72
819 3456 258
242 612 113
2198 2486 453
466 824 33
29 400 325
810 2459 71
743 915 57
711 1460 260
388 1348 44
1859 2263 86
52 664 363
1371 174 54
1376 2638 55
370 589 89
998 4278 32
789 1733 71
1167 3677 47
297 4792 56
1093 298 71
1459 452 73
131 2880 404
284 1034 54
1228 983 57
387 988 137
93 1417 72
1784 3696 24
1679 181 453
1635 4487 375
999 1921 425
1763 629 275
257 5083 358
582 1929 404
1039 565 91
1336 101 307
597 645 246
145 3545 12
863 621 12
1024 1351 57
71 4548 33
1908 698 333
527 222 182
259 1230 276
194 689 56
1282 90 82
32 116 42
1145 3243 88
1419 139 404
2101 85 89
886 1123 112
1384 71 72
1507 1546 416
778 2078 127
1312 568 333
1822 1057 246
1536 1519 71
2211 1211 94
92 1928 404
793 145 56
1690 3427 278
100 225 111
663 435 73
565 377 54
1288 76 89
897 379 209
558 2709 206
480 1692 73
257 1656 250
1227 1288 239
1578 2438 120
867 659 303
480 3109 75
529 27 307
929 5197 34
774 860 172
1546 772 89
831 2239 205
1055 382 39
1032 1804 12
871 2061 56
1266 657 185
1549 2645 32
427 3254 71
1310 1238 72
1644 85 89
847 4271 78
756 1 463
248 83 13
1363 272 56
2129 3457 258
402 3681 107
291 1291 303
22 159 457
1051 4427 406
1791 4639 208
332 1260 260
1172 3437 42
691 840 386
2261 162 38
683 104 86
424 6 160
363 2263 86
847 4176 10
2106 482 70
793 1490 268
324 1233 57
88 162 38
814 3150 89
1477 887 305
980 709 137
1470 4018 104
1299 4286 271
1071 2059 206
541 2001 89
615 1901 285
1188 4051 172
1322 323 89
116 211 361
975 1331 457
73 1579 12
389 398 89
534 2023 180
207 1421 9
115 959 44
1401 470 35
1678 2107 276
34 5067 278
1866 636 107
708 1500 56
444 4411 303
282 485 72
794 3672 303
1245 1896 56
900 2912 89
1110 963 89
1266 5354 87
1858 5184 96
998 4245 278
258 626 56
44 568 333
1462 2240 240
1180 4195 355
468 4032 234
1621 3573 470
15 289 56
197 1194 116
479 136 73
354 1338 358
1329 3864 48
120 2870 185
484 4047 278
1658 2896 363
1524 31 33
1727 1296 72
719 3985 56
1171 3041 103
904 4356 73
354 3448 44
1136 3854 70
483 1380 473
268 897 137
1318 4939 44
1326 439 285
1335 3095 333
1240 2560 89
742 4186 43
1595 764 143
1565 2277 65
1969 1712 71
1555 633 271
2096 2 75
190 717 236
1017 3953 104
816 136 73
1226 895 38
1220 35 56
364 114 72
487 25 79
206 4648 370
1747 400 325
114 2799 303
1189 536 42
1782 2334 33
807 3449 296
729 2778 6
770 289 56
544 4952 42
56 4360 45
1502 210 56
379 4549 89
1316 5106 97
1692 2561 206
414 1692 73
301 162 38
1877 1244 416
176 1049 32
1003 612 113
770 68 71
292 1085 57
1132 2543 246
1160 1174 145
779 2912 89
169 419 286
721 472 100
13 582 85
2213 3624 172
516 3058 82
1272 3069 285
1136 1888 71
1222 2456 24
372 3663 10
848 1035 70
707 714 104
1974 1103 92
70 1857 394
140 608 43
377 1914 232
2193 2037 333
1138 2345 57
898 401 159
529 4904 415
799 3983 412
1757 5329 219
1309 92 38
452 1547 185
240 1703 54
1210 29 12
490 983 57
832 101 307
1839 2926 12
509 1116 55
677 577 105
493 98 70
942 1388 10
1177 412 200
1573 5166 172
54 3495 107
82 186 137
451 2092 307
1287 298 71
54 3199 31
1212 1451 75
191 94 276
624 125 258
344 1364 60
1215 536 42
2013 3289 34
559 1545 246
1331 3279 42
967 2195 10
876 355 72
1022 669 197
1277 619 72
1215 100 89
626 1358 89
250 305 159
1839 5460 33
732 1614 40
1912 294 363
754 439 285
374 903 62
1567 4166 172
2035 633 271
830 2528 449
2117 138 79
1172 321 190
656 377 54
172 2335 56
1951 4399 104
498 767 78
779 2107 276
1335 3954 453
2209 472 100
195 5196 33
1320 1116 55
840 2660 107
251 101 307
1059 82 34
55 600 33
672 4039 278
252 1403 73
362 891 137
124 2016 263
1567 69 71
807 2666 226
886 1213 143
468 2699 89
1584 27 307
370 782 44
1359 4679 258
691 391 89
835 787 201
507 2683 473
1247 2266 412
2184 124 105
1413 4060 278
1455 136 73
1831 5140 386
1395 3289 34
1336 4990 72
1718 141 72
447 3269 91
2019 4144 71
831 2240 240
1903 4132 146
1388 2198 10
1219 939 89
1181 2240 240
1155 76 89
962 174 54
1275 140 253
1216 1063 457
45 1622 73
2048 42 276
73 396 185
1228 1386 33
1153 256 285
876 137 135
261 1239 72
6 2317 47
364 3429 34
936 3733 199
1153 605 137
1169 3402 206
242 1059 72
1151 902 43
1066 344 137
198 396 185
377 1146 33
1 1221 338
26 313 421
1170 1277 44
460 2815 113
538 88 276
269 1999 12
4 3590 73
327 2414 201
597 515 41
1754 1249 72
414 3970 403
1136 1651 89
638 3199 31
1198 2071 258
2068 4275 73
1493 956 41
289 2400 55
478 209 32
209 5545 57
790 419 286
835 145 56
1385 787 201
1140 2780 56
196 5009 285
245 4720 324
1202 1889 56
1021 214 333
141 754 42
1078 1469 396
457 2146 144
1420 3222 206
270 138 79
2027 1436 34
558 2795 453
2220 210 56
1326 3935 57
480 1 463
1544 3747 460
837 489 72
1302 895 38
1357 4526 263
2312 211 361
1355 2107 276
747 231 72
1161 68 71
710 3461 457
265 2366 290
1834 397 137
384 440 10
769 835 72
280 4266 75
1017 701 72
1845 211 361
750 3983 412
1179 196 89
668 15 386
408 1045 57
193 761 57
1096 4302 365
365 4356 73
1523 4399 104
789 5048 71
97 3625 6
1153 709 137
1108 181 453
1218 2278 24
548 101 307
1153 2 75
888 2046 56
62 400 325
1212 1712 71
955 557 325
296 4045 55
108 2158 89
1492 3990 303
1179 586 12
1057 764 143
656 1921 425
1152 5216 103
1066 124 105
1011 4087 5
1981 1683 10
1160 211 361
2265 717 236
1339 881 452
1009 25 79
1070 234 82
637 3228 383
1333 2328 107
351 4303 57
773 291 380
1443 1277 44
712 677 78
1843 770 313
737 983 57
894 17 43
1929 466 55
1455 4723 278
2190 1613 213
625 980 113
1154 788 363
1248 1858 285
1792 3074 73
2029 501 44
867 937 361
848 525 71
659 400 325
504 1231 276
807 2729 111
1935 449 453
1919 440 10
1831 4418 370
657 1953 32
789 2738 29
2158 807 108
94 1143 295
909 99 70
588 3758 10
174 712 89
333 1457 89
1172 1342 89
967 727 79
1140 206 188
1728 4556 73
403 528 89
192 68 71
1642 101 307
447 1057 246
1891 935 70
1187 475 89
130 2027 439
1257 3723 297
1463 1533 172
1578 1964 54
51 316 32
253 3488 89
581 1519 71
54 515 41
789 1379 89
1360 2716 10
939 794 72
533 3379 42
750 1697 55
580 1976 57
1007 3940 278
380 1175 415
1419 2023 180
1709 248 384
497 4156 246
1567 1057 246
1068 139 404
689 5409 78
41 3432 57
221 2153 235
487 1264 72
969 4956 89
1413 1876 89
172 751 295
2028 4973 24
525 4427 406
1815 358 279
1137 1518 225
339 5248 406
1168 400 325
2116 3427 278
160 76 89
1227 33 32
1818 2769 57
846 1921 425
319 183 115
60 966 55
531 1277 44
691 5449 43
1877 2610 21
1486 1213 143
79 1103 92
2286 3281 70
1683 1783 42
1444 1664 56
1022 36 44
1679 101 307
760 763 25
468 4144 71
382 1615 38
480 4168 413
1494 3574 190
1212 2537 375
1508 4893 57
1231 712 89
76 1891 206
1603 1359 71
314 1297 72
643 543 172
1 2492 114
1071 1776 159
620 3425 56
689 728 113
292 2415 56
1668 539 55
1796 29 12
1545 895 38
874 3356 56
766 1164 208
1206 1273 107
1847 1201 72
279 216 276
365 27 307
1842 1179 63
1107 82 34
60 853 13
691 1791 12
1410 1621 32
558 2551 57
946 5129 72
922 29 12
539 347 40
777 5451 91
961 263 271
613 2645 32
1149 3437 42
907 2419 113
1039 1778 56
1235 2936 387
1948 371 73
736 439 285
2085 3254 71
1211 4384 278
40 2589 11
766 27 307
1799 344 137
77 2561 206
370 1364 60
326 733 213
274 1399 107
1055 616 271
969 3743 72
489 4534 303
989 4685 51
1125 501 44
9 314 119
51 5522 172
529 3730 44
822 86 88
1222 1414 32
347 4261 12
1155 469 295
734 1892 72
525 422 143
64 4044 70
307 3538 453
1000 2958 370
1666 2581 437
203 2617 33
1136 520 89
303 2363 89
1103 635 271
1054 358 279
2078 3278 449
396 2644 12
2228 760 57
866 1828 24
611 1401 69
1216 733 213
973 3179 473
1008 358 279
1629 1121 70
565 2193 78
828 518 363
1194 4867 70
191 1936 72
1305 292 363
511 2654 89
103 567 219
1602 2361 104
651 821 71
1429 5003 359
513 2456 24
1728 2297 79
936 1057 246
1827 1226 457
600 3245 199
818 2024 355
1245 27 307
205 1079 43
1609 3030 113
273 205 70
687 629 275
894 29 12
1343 5097 453
872 633 271
1432 4031 12
62 386 32
1093 88 276
1868 388 402
155 3843 42
1314 205 70
1308 2456 24
319 475 89
1576 1727 24
333 1533 172
1831 298 71
1151 675 285
786 3427 278
1250 525 71
1132 3677 47
927 379 209
1439 1451 75
439 903 62
1356 380 70
1487 761 57
1450 4909 12
114 3239 272
1198 4050 172
2046 3076 24
1694 97 71
1597 193 43
1300 1258 73
2037 4772 70
1375 418 307
1326 68 71
1220 4737 89
1137 3277 99
78 5351 295
1221 177 12
1498 2561 206
189 3041 103
1481 4857 285
2051 3515 185
2209 3160 206
222 1123 112
349 3462 40
1592 1211 94
1583 4872 89
989 76 89
149 189 202
989 1073 434
702 3919 71
1275 938 338
872 4965 206
647 3153 70
1160 937 361
711 851 84
324 336 33
305 4249 43
1623 1082 375
389 2609 318
1229 472 100
254 1712 71
1508 3082 404
513 1656 250
2227 643 364
822 1368 285
127 465 12
1465 101 307
434 298 71
1064 5339 71
221 259 307
195 892 54
368 1 463
1605 2855 57
1830 2127 71
1951 1654 354
1948 1521 89
1375 1423 72
1672 3518 303
1063 417 92
1506 1150 62
707 1375 44
825 27 307
179 211 361
517 5431 235
1613 705 384
1032 744 361
19 192 57
1531 162 38
182 412 200
886 659 303
1561 5324 224
900 422 143
261 2027 439
1379 2287 71
1608 2498 366
1289 4499 45
2236 2345 57
683 728 113
1043 3974 474
470 133 57
829 355 72
1791 1046 206
1877 777 71
530 4556 73
1315 1747 78
1422 1046 206
76 1422 56
479 1200 71
2023 3366 260
1347 3427 278
1498 5393 194
1278 591 89
167 2863 12
483 608 43
805 5398 41
1744 661 72
782 1115 121
1806 2716 10
1405 501 44
52 5145 71
1245 1249 72
1133 3373 261
1261 518 363
550 2532 89
1188 164 111
298 3160 206
1523 3074 73
1245 722 89
77 423 285
680 3427 278
234 162 38
1624 1940 10
451 159 457
779 5146 89
742 4029 44
1731 728 113
512 1419 73
549 29 12
492 1270 55
1477 4603 364
1200 2272 43
648 124 105
1685 591 89
789 525 71
620 844 40
1390 628 174
1009 1234 107
1220 3386 89
717 3822 414
955 3776 412
71 3069 285
618 2780 56
713 1986 6
1068 4189 70
1201 2116 89
699 614 113
165 1110 348
2263 807 108
623 464 92
1278 2143 258
261 2709 206
31 3453 34
877 1598 70
672 4194 278
605 4703 73
547 1214 365
1114 2933 105
1919 205 70
181 3608 107
1938 4050 172
1335 1 463
1569 1271 56
995 1680 412
216 1135 230
2087 88 276
1917 3621 34
1898 4399 104
614 245 95
782 1509 310
737 68 71
264 1825 44
381 636 107
1598 2904 43
75 72 71
1348 3363 303
450 568 333
1861 507 404
1813 1951 300
25 754 42
497 15 386
34 2322 57
565 539 55
1322 253 89
1519 1228 185
836 1061 457
779 33 32
604 285 307
31 2648 471
699 2298 158
1540 4006 351
396 360 57
490 3076 24
279 2083 56
523 1057 246
610 2412 43
1567 27 307
1000 3549 144
1171 469 295
1862 2107 276
174 4255 453
2275 2735 120
1093 2329 100
1903 1594 42
791 228 72
1335 1277 44
1054 605 137
723 3948 122
1634 766 78
1951 1046 206
736 2115 56
1154 4686 70
797 2341 185
790 2653 89
992 525 71
192 140 253
1879 647 303
1377 400 325
87 326 137
1160 4061 70
939 1013 24
876 1309 457
538 361 333
432 3566 89
1472 5308 201
367 3189 457
1523 4700 168
902 2239 205
605 1332 42
321 1421 9
161 701 72
154 114 72
413 81 451
1202 211 361
969 2362 271
1486 4049 303
1228 2263 86
1087 205 70
1024 5594 338
608 2589 11
1619 2672 209
1276 1589 259
736 3684 57
53 1797 50
1720 2494 12
789 1696 89
1338 447 181
1290 835 72
1244 2420 404
491 400 325
381 557 325
978 2459 71
1221 25 79
151 2753 33
1215 583 278
791 3768 24
707 2508 71
1096 114 72
955 5538 57
1443 1692 73
888 761 57
777 1089 43
225 1430 55
1150 125 258
1166 92 38
773 4285 172
473 4743 392
1634 435 73
245 5144 307
1974 1973 115
677 114 72
186 1751 444
1320 400 325
880 3427 278
851 840 386
243 1163 118
114 3554 32
412 36 44
663 501 44
641 330 190
2071 202 56
382 1702 78
1441 469 295
733 97 71
266 3089 232
195 4033 386
1035 1756 72
703 2481 91
808 3287 92
1791 227 103
999 1249 72
2237 2452 33
1597 1459 364
227 3743 72
1087 538 172
1183 831 117
1584 2564 182
59 1324 316
375 318 234
1883 235 32
1966 439 285
1203 298 71
387 228 72
174 4834 92
403 177 12
990 138 79
1395 1699 78
1576 16 43
203 2208 52
1087 25 79
116 940 42
257 2134 190
931 1687 72
1052 3877 121
1225 5172 476
1670 483 72
838 331 56
516 844 40
648 447 181
1337 388 402
1146 2046 56
1027 4319 235
2110 4785 89
1141 1886 328
140 1084 10
1405 101 307
306 439 285
979 1275 142
576 3429 34
1349 3826 285
425 1168 25
584 2752 34
489 4896 130
1623 10 386
1444 5153 56
440 2037 333
1813 4283 276
1934 1254 285
1323 1612 15
992 4196 190
1532 176 104
974 1614 40
1459 5153 56
1534 97 71
151 2005 107
770 4247 465
2165 2413 71
908 761 57
1923 531 15
1337 819 447
1159 629 275
396 2639 44
799 38 143
1220 1175 415
1838 4051 172
1019 801 187
411 355 72
163 628 174
1110 3348 32
2246 2953 396
1806 892 54
1273 98 70
1319 730 89
388 2450 71
1245 3509 89
1185 902 43
1223 659 303
1530 1393 276
1925 4794 278
548 1055 89
606 2641 42
199 131 194
233 237 71
808 340 56
487 114 72
1315 159 457
1811 298 71
2254 186 137
1623 477 89
1216 768 6
319 478 86
455 1316 110
478 836 312
359 1249 72
1984 3223 205
795 401 159
1215 289 56
542 145 56
350 114 72
792 3005 88
993 1624 57
179 1997 71
537 1999 12
635 1914 232
136 1991 86
391 3219 259
1208 3517 276
794 68 71
370 614 113
1089 27 307
1215 2091 89
135 714 104
176 320 71
1933 2903 453
764 418 307
1258 507 404
414 1812 12
1077 76 89
1299 3126 246
1633 191 44
1957 3802 113
969 835 72
846 108 71
208 117 307
1473 2934 97
403 655 89
563 3003 56
689 418 307
1645 29 12
1644 4909 12
1277 4523 44
742 2755 303
510 1724 32
44 179 49
609 2917 259
187 3084 333
1917 5106 97
270 3557 12
1181 1602 107
1210 3834 350
548 2526 89
1302 90 82
1940 2648 471
809 2438 120
304 3708 389
2044 4480 43
350 4686 70
597 3199 31
315 4185 375
1565 162 38
1222 58 147
194 3427 278
989 3482 89
245 803 43
1245 1569 386
554 951 359
172 1931 444
1350 66 363
2192 393 71
1017 835 72
1658 656 285
789 2730 44
775 6 160
552 1931 444
1980 1146 33
1963 1676 73
1569 1113 89
1432 313 421
1842 5240 71
1137 1015 355
195 3396 56
276 4000 71
400 200 109
247 2324 97
1035 454 56
66 354 78
895 1511 195
28 1402 353
1658 787 201
1417 400 325
438 4399 104
1138 5 73
592 581 51
233 27 307
1217 1700 171
370 1347 306
1381 358 279
1448 3538 453
1143 892 54
1614 101 307
1722 1046 206
1278 101 307
511 1258 73
92 1978 87
719 1046 206
1347 5373 378
539 27 307
1731 76 89
191 1451 75
286 589 89
1405 835 72
754 1210 307
980 4468 278
722 1849 155
81 98 70
432 121 89
864 659 303
1390 379 209
1003 4028 38
782 400 325
1760 4600 314
360 1342 89
370 568 333
388 775 468
1803 764 143
2114 211 361
1843 453 89
52 253 89
687 3039 56
166 3896 92
1126 97 71
1958 643 364
1284 4403 71
370 827 89
619 136 73
1957 1900 71
1463 97 71
1370 2371 73
1891 1286 71
807 2440 397
747 336 33
97 2370 57
1713 4700 168
751 1056 386
591 2787 72
742 5560 137
1481 847 291
1383 811 116
525 1878 33
946 425 57
291 665 201
1047 1337 87
2295 448 333
468 211 361
1429 5395 276
31 415 359
862 982 56
798 27 307
1131 2095 163
1291 501 44
718 3181 333
1664 400 325
301 3792 25
1464 1167 206
451 3402 206
6 5 73
1245 72 71
656 915 57
704 316 32
67 4181 89
1054 2342 414
961 4399 104
1727 751 295
1123 952 70
1234 962 89
1003 2490 114
430 1278 144
2186 915 57
486 2699 89
1401 289 56
1339 2331 453
550 2560 89
743 1254 285
979 2628 57
936 3286 138
1248 3045 41
1728 2800 285
161 209 32
177 274 42
1720 2682 78
996 2370 57
1538 186 137
76 1889 56
127 247 43
145 4178 10
306 2443 24
396 1666 303
1194 1716 166
1635 759 333
66 1836 73
1017 2716 10
1183 5437 325
440 1160 359
1300 4411 303
1050 2607 12
2243 860 172
1997 2756 285
207 1044 17
22 2268 71
195 3673 303
1420 663 70
1464 2328 107
1281 2804 12
680 4660 42
634 1979 89
119 2 75
1681 98 70
792 956 41
1209 802 107
59 440 10
1560 1265 55
237 2194 44
979 4392 303
6 1547 185
543 116 42
1532 767 78
280 114 72
279 37 138
1707 1581 209
604 2886 296
349 162 38
1169 906 370
929 4087 5
1670 101 307
998 2431 97
1520 818 406
762 298 71
2143 98 70
1227 234 82
226 3474 232
1639 4481 384
498 4218 10
1879 2631 393
673 1091 73
437 108 71
753 1696 89
478 1999 12
1455 5574 232
113 2610 21
566 271 89
620 915 57
1185 2406 65
1372 248 384
1519 4160 185
1268 1046 206
1359 2144 258
615 3623 12
1249 1110 348
587 72 71
1806 3142 56
979 440 10
306 1838 72
1584 740 386
1341 342 24
1420 39 143
223 124 105
1 272 56
59 3196 10
168 2099 43
1464 71 72
78 2127 71
552 205 70
1312 179 49
130 26 109
1589 1820 72
585 4506 24
1290 5022 73
611 659 303
1159 305 159
114 2026 307
63 1481 54
1974 162 38
229 203 316
1091 3541 185
97 2804 12
1728 482 70
283 1570 233
1138 4144 71
1257 3294 258
635 1969 89
1699 500 44
1371 2600 31
387 1633 120
89 272 56
221 1096 396
12 23 274
1848 802 107
97 2607 12
1862 11 276
1753 1862 159
548 3138 72
1499 2835 34
509 174 54
222 2281 70
548 379 209
120 2011 31
747 636 107
157 79 353
797 1228 185
1531 2315 271
393 189 202
2189 1421 9
737 4037 73
1588 181 453
1521 458 74
300 1063 457
1146 1165 138
436 234 82
869 3980 206
693 4668 56
1195 1929 404
1087 1005 303
599 33 32
240 1567 33
1729 1408 54
1475 878 73
1005 2792 333
222 4020 42
945 2206 78
2253 1258 73
1299 3215 145
742 4564 279
1110 456 70
38 1761 33
1309 3541 185
2071 3039 56
1516 2481 91
355 17 43
384 140 253
343 4198 278
409 205 70
1115 1687 72
1018 132 145
1154 3639 71
1257 915 57
358 2156 31
1159 298 71
1419 514 404
314 648 44
466 1380 473
2321 606 9
347 2940 298
1232 1712 71
2141 216 276
2204 3181 333
1149 2150 242
1017 1830 56
333 568 333
671 4547 206
483 1539 71
1276 958 44
583 2369 71
319 2273 43
1582 1297 72
864 289 56
1460 1744 316
374 3382 73
588 333 32
1233 5312 43
674 439 285
1144 1771 56
1893 1354 72
2192 3339 9
492 5175 57
1226 637 65
917 655 89
437 3667 71
97 547 12
2302 937 361
1403 5329 219
1858 658 457
1744 5168 71
658 927 285
955 4405 209
764 3541 185
1691 245 95
973 3588 453
1499 4839 71
2176 4452 93
620 101 307
571 4904 415
397 3143 72
912 379 209
2314 1303 71
1155 470 35
956 2529 70
170 2069 57
1395 1298 307
627 3042 38
1864 412 200
1858 136 73
217 316 32
159 2030 86
912 396 185
964 483 72
1066 2826 10
270 91 81
1095 692 89
1492 3162 286
1990 4923 278
2285 349 90
595 69 71
1255 145 56
382 4601 29
1683 1070 70
1296 1880 97
1586 3073 73
303 724 89
599 1332 42
1174 179 49
1441 743 72
349 2709 206
604 400 325
1336 316 32
2218 1579 12
955 27 307
1288 3403 404
1748 1158 32
221 701 72
1372 2648 471
333 835 72
35 1756 72
1226 1222 12
1312 3096 81
369 4930 104
1461 4790 363
519 1384 71
1951 1968 318
387 1146 33
26 68 71
301 380 70
259 4847 278
947 2000 303
1317 674 173
468 380 70
861 4749 324
711 327 43
1366 492 12
387 27 307
412 661 72
465 192 57
114 2355 57
1096 32 56
372 3683 33
1314 1146 33
651 3118 307
2206 2994 270
525 245 95
577 1029 11
119 655 89
419 436 303
2046 621 12
1326 3706 89
90 1084 10
1572 1221 338
1328 1684 72
1296 2520 404
707 758 115
683 400 325
1488 4006 351
1018 669 197
979 27 307
1410 1963 71
2221 153 71
1206 2496 71
360 2955 370
32 67 98
1567 4436 43
1429 341 137
1340 764 143
1401 2031 274
1756 3943 370
354 3255 138
265 2363 89
1622 3089 232
706 759 333
1536 659 303
1230 3054 24
909 3039 56
599 4735 47
2193 29 12
285 1258 73
286 901 42
116 4115 33
1341 2266 412
1361 4690 98
2062 566 21
319 454 56
430 295 341
1117 576 63
10 4593 333
680 245 95
316 27 307
264 1258 73
1138 1175 415
501 142 57
317 582 85
870 3893 63
125 2205 32
159 87 24
558 1581 209
280 5493 270
1628 2361 104
1579 3672 303
937 97 71
1189 2683 473
162 1613 213
919 4979 434
286 1317 89
1055 3427 278
756 3661 27
317 2706 24
1509 415 359
2033 3590 73
1250 844 40
1421 142 57
907 1661 139
762 2852 302
1929 216 276
2016 174 54
492 470 35
969 2572 95
699 136 73
190 2426 236
1393 1436 34
1414 1251 12
1063 4245 278
1140 445 426
1450 327 43
74 1638 415
609 9 475
592 382 39
376 1025 420
157 302 71
331 2015 40
1888 268 55
1013 391 89
1146 1227 318
347 1484 119
790 266 209
891 3280 137
1066 901 42
1268 2799 303
1174 171 12
115 1032 43
1194 325 56
222 929 55
1587 3538 453
436 2429 19
1790 594 112
2175 159 457
363 1914 232
615 1588 285
523 4284 32
1384 1509 310
631 1986 6
1834 470 35
549 380 70
93 1172 25
51 1304 78
46 1794 419
237 2327 213
2105 3107 138
396 2821 73
244 1656 250
400 314 119
396 2635 57
1123 2175 251
355 3073 73
1825 501 44
1455 4411 303
2015 2471 71
558 740 386
1171 1447 40
1513 3964 105
1059 1014 35
1498 1115 121
1835 643 364
1172 605 137
665 289 56
791 4788 32
507 4926 453
273 983 57
1031 1046 206
1780 4600 314
396 804 72
207 4628 89
94 136 73
1653 829 43
742 4042 71
71 1238 72
2053 3271 377
17 1696 89
617 2266 412
770 4225 334
1287 847 291
556 79 353
353 98 70
2241 2450 71
1110 202 56
737 946 113
484 687 9
663 895 38
449 4198 278
834 3341 392
1683 136 73
1449 3721 185
166 3922 57
1277 256 285
221 5264 43
270 3897 56
795 210 56
1141 4552 104
1333 2648 471
753 617 41
1562 3938 57
343 79 353
1842 3379 42
538 3309 386
87 317 89
1253 1771 56
392 1242 414
631 2171 42
792 29 12
1990 1399 107
306 1594 42
127 696 370
549 159 457
1693 4411 303
614 564 91
1412 1551 72
969 3310 453
244 525 71
2078 1331 457
1405 664 363
1318 1846 163
1459 1990 213
1353 577 105
654 2263 86
536 436 303
627 439 285
604 5015 331
791 101 307
563 1618 40
1805 415 359
922 3454 12
2062 2456 24
1345 2266 412
807 2751 213
74 1977 87
1300 4761 303
989 1322 55
970 2898 70
1180 214 333
1269 772 89
1898 685 40
606 172 12
319 2395 276
67 1744 316
29 217 71
251 400 325
263 626 56
1412 2471 71
1106 1794 419
1507 205 70
1098 27 307
1030 25 79
733 2847 195
1320 1463 73
1262 4281 89
1160 76 89
122 557 325
969 889 57
2287 791 71
1095 4048 67
194 1985 12
1738 1642 73
742 2296 12
1362 318 234
1796 138 79
969 4111 405
1120 4376 104
547 955 31
1212 2544 190
501 4438 44
1172 3478 221
77 4678 184
588 4480 43
1001 3294 258
663 3732 278
910 526 47
1492 3614 89
1016 492 12
332 27 307
6 810 43
25 2807 32
1281 4805 56
558 25 79
1401 3427 278
1104 298 71
131 2879 98
327 3222 206
846 5535 44
114 3569 97
1436 4525 307
1395 656 285
216 5421 179
1437 85 89
744 272 56
1316 1999 12
1790 2012 57
1848 4390 316
1990 2245 57
1022 2778 6
1557 2425 369
824 2621 31
1145 4407 44
513 1168 25
955 2628 57
588 3519 40
40 2287 71
672 3732 278
834 342 24
523 2625 364
1976 101 307
449 4593 333
846 440 10
795 430 43
157 1552 72
2247 4093 88
568 2598 303
1109 3665 242
620 1093 56
711 2666 226
609 2915 91
246 3501 89
1302 3292 207
816 71 72
683 3268 91
674 659 303
1931 646 42
351 3550 113
552 396 185
1318 583 278
792 705 384
99 1948 56
669 139 404
1292 656 285
1382 4354 32
645 1580 209
173 3861 113
1591 205 70
1956 400 325
917 3201 72
706 3067 73
363 528 89
741 2252 21
615 1950 100
1213 217 71
1353 621 12
575 931 406
44 208 32
1623 777 71
1888 895 38
1693 4201 285
1760 906 370
770 5 73
979 915 57
549 647 303
766 2680 70
451 457 87
1949 803 43
1355 3667 71
2204 25 79
1035 4042 71
1102 228 72
637 4027 89
1935 17 43
480 216 276
1481 912 181
278 4330 56
1145 1171 361
546 3324 154
635 2875 219
1233 85 89
1825 1950 100
861 3963 303
225 1410 12
516 633 271
1083 784 57
286 371 73
1115 796 107
1096 1981 71
368 1551 72
1514 1113 89
264 3372 57
1087 1154 97
2106 5005 25
338 1277 44
1215 272 56
1586 440 10
244 551 67
1753 4920 457
412 2716 10
1353 2690 12
2211 655 89
1082 2848 40
539 3363 303
1799 29 12
327 3704 267
301 477 89
1440 2722 101
1024 1968 318
560 2265 33
1467 3216 285
995 68 71
1039 3309 386
1639 382 39
2263 274 42
2030 2699 89
2224 3422 89
402 1710 409
52 1374 363
1228 4529 55
215 2895 444
810 895 38
753 4060 278
594 4997 57
605 3989 9
559 3635 55
158 117 307
1035 453 89
979 4530 284
1319 2753 33
807 3512 137
58 289 56
1376 2458 181
545 221 89
866 761 57
254 1729 97
1762 202 56
720 39 143
27 2040 88
1352 1226 457
1796 1615 38
332 228 72
815 16 43
1292 591 89
616 724 89
932 134 201
94 298 71
1466 448 333
345 1986 6
387 2461 149
196 5089 285
1842 1561 57
1156 72 71
1426 4484 70
467 1613 213
1538 453 89
1530 342 24
1533 710 89
303 1613 213
80 4168 413
181 2246 433
814 920 192
483 4133 344
691 1354 72
1269 952 70
1375 3822 414
955 2039 91
1824 2086 55
707 1791 12
1579 5097 453
1138 380 70
40 1400 89
46 2201 55
92 5068 278
993 1451 75
257 2668 281
2289 3386 89
955 5186 185
1276 248 384
103 2818 71
881 4572 32
266 5406 97
1161 2762 89
713 27 307
199 4653 383
1517 2245 57
1 2063 42
146 2023 180
471 68 71
599 41 55
1095 3363 303
1171 400 325
1161 3962 43
929 1211 94
1066 2441 138
1194 1792 241
247 174 54
1451 4085 107
1996 1103 92
1455 292 363
560 1430 55
133 3089 232
1074 1226 457
381 602 71
228 371 73
289 1093 56
1050 978 57
751 1392 105
89 3427 278
597 4347 63
1524 318 234
1618 101 307
989 4077 426
20 2661 142
329 418 307
1140 99 70
222 645 246
918 4474 291
1146 379 209
369 1210 307
753 162 38
599 3859 56
2240 3003 56
889 2328 107
63 3843 42
1401 68 71
1796 164 111
1850 1408 54
1423 4399 104
858 277 316
1847 4727 297
946 566 21
1227 1603 107
1621 1123 112
96 2664 72
995 737 386
1355 2369 71
1376 506 215
90 1804 12
1 2164 192
1136 3145 159
1837 2107 276
547 4011 368
369 1568 206
223 767 78
1508 5385 190
1274 1299 307
400 619 72
1550 2896 363
1032 375 55
887 114 72
568 1590 303
1411 4792 56
1070 877 73
1384 4551 369
871 32 56
1397 70 113
1740 400 325
108 1462 404
466 23 274
343 3349 43
161 2831 56
1532 101 307
854 354 78
2134 3847 386
294 735 453
1856 136 73
46 5047 43
64 2664 72
515 864 260
2021 2077 465
1586 1888 71
1728 3725 71
1686 359 56
1864 3461 457
186 917 165
1577 3653 104
93 137 135
59 1548 185
1108 76 89
155 1238 72
1192 2384 209
1711 501 44
1143 1255 286
728 5537 56
1897 1161 163
182 853 13
317 570 12
865 1547 185
794 291 380
430 2812 270
987 1648 239
588 1357 78
1168 2439 177
2128 4347 63
174 122 33
1017 1200 71
114 3725 71
1370 647 303
1171 1193 72
908 420 190
195 1938 24
1310 1114 457
1564 648 44
922 76 89
948 2332 369
495 777 71
1339 1331 457
566 1934 10
1093 1096 396
1053 114 72
1209 5120 47
1692 3013 57
1825 1315 303
159 2083 56
2314 4759 200
467 1963 71
1012 3981 89
373 1207 72
778 5019 89
413 191 44
1034 2002 89
1383 1468 72
1534 1396 426
2253 2759 408
1200 3980 206
706 2482 137
1017 391 89
88 206 188
2207 3644 404
2274 2915 91
183 340 56
1353 272 56
798 3587 56
142 70 113
2247 164 111
225 15 386
1367 530 12
1147 733 213
1572 448 333
566 3022 42
93 2202 42
656 1331 457
1185 281 73
1278 3370 43
1925 4225 334
1120 3891 115
186 1951 300
1131 622 56
257 3474 232
825 1526 137
366 31 33
587 2305 18
376 1589 259
302 1317 89
1223 482 70
1290 229 43
361 1388 10
1653 5130 404
1803 3347 79
397 1417 72
52 1887 73
52 56 382
1172 216 276
1133 4763 32
1567 29 12
957 29 12
408 912 181
483 85 89
984 4186 43
375 3385 92
1805 761 57
889 3942 185
159 772 89
616 2692 150
1160 1115 121
904 3306 107
1298 1378 371
1215 2523 56
147 781 453
814 4224 89
1266 1589 259
1198 2988 143
1115 324 38
1646 4404 189
266 439 285
1074 448 333
301 211 361
147 1033 73
1272 4837 184
700 2161 9
1951 29 12
1052 3605 33
2120 5159 386
119 2009 95
1358 675 285
1811 2551 57
1174 1114 457
1450 531 15
701 1274 167
108 226 56
1365 415 359
636 4142 89
1262 2528 449
183 425 57
1362 2969 55
1714 616 271
367 2556 457
248 1667 78
1305 542 396
1591 5012 5
2079 228 72
1154 2636 73
1139 211 361
970 915 57
1826 3847 386
1889 1866 209
1623 589 89
59 371 73
660 380 70
974 3632 89
596 72 71
1879 436 303
1043 3990 303
467 661 72
673 954 276
1383 964 374
1065 1115 121
845 2459 71
1574 525 71
1228 733 213
1737 606 9
1360 3427 278
170 1836 73
871 561 107
233 2285 44
513 2403 84
1546 205 70
71 2394 303
193 3343 71
117 1254 285
241 2303 453
1540 482 70
233 336 33
1818 1386 33
1144 172 12
765 3272 64
492 1115 121
180 3687 187
819 136 73
647 543 172
892 238 55
525 931 406
674 761 57
910 1748 307
2176 2860 56
1574 118 44
1379 4913 457
614 1279 97
381 745 71
228 1115 121
1980 82 34
1189 2648 471
1253 2761 303
1648 1876 89
922 4527 185
1906 3046 159
725 885 33
1370 659 303
713 462 71
187 162 38
955 3799 71
1128 5528 82
847 1451 75
1855 4877 44
1070 779 143
1294 3712 375
1678 1547 185
1432 289 56
1522 1197 89
1306 1189 377
541 912 181
1103 458 74
1189 363 71
529 29 12
1030 117 307
55 37 138
1213 435 73
1652 68 71
2062 17 43
403 4997 57
1407 4763 32
511 915 57
340 4328 285
1420 82 34
471 2403 84
1760 1712 71
725 313 421
1 1189 377
1222 1538 285
177 1028 54
1159 4532 348
1403 1183 206
1473 67 98
1645 402 325
1739 820 40
13 470 35
1644 1158 32
161 457 87
10 3990 303
180 905 370
132 1779 33
1326 1349 206
12 983 57
1093 4717 200
1202 4034 285
1117 3402 206
1843 2259 89
60 16 43
831 313 421
1296 1924 404
1634 1115 121
438 5525 10
1004 2459 71
1200 447 181
1315 289 56
1186 1836 73
787 407 104
604 192 57
1310 568 333
427 761 57
1181 1872 72
236 216 276
630 443 67
598 1574 285
822 5 73
1367 76 89
1600 1697 55
1644 2772 32
1138 3835 190
1858 3895 105
795 2008 71
1183 3556 12
314 216 276
804 2499 187
717 139 404
387 204 71
94 1937 307
349 973 116
2202 761 57
1796 3479 207
432 728 113
1053 29 12
186 2172 405
140 116 42
1189 568 333
1287 761 57
1187 1360 71
148 29 12
955 953 70
1857 139 404
706 1969 89
168 3010 86
1487 142 57
841 835 72
958 3670 71
1906 27 307
209 498 190
174 710 89
1514 323 89
1839 2 75
1311 448 333
2008 272 56
206 189 202
74 339 106
58 295 341
2265 1842 70
1624 2718 218
979 4679 258
2202 485 72
1017 2316 64
635 2743 70
948 1103 92
159 3744 43
159 5203 24
814 4680 44
2215 1680 412
194 676 118
443 400 325
278 3437 42
604 708 363
386 98 70
832 37 138
1325 344 137
464 3438 137
1683 1836 73
14 1299 307
197 1976 57
731 320 71
1700 5130 404
1365 396 185
831 5329 219
552 1015 355
970 1979 89
619 382 39
1216 4868 206
874 97 71
1221 3396 56
511 4067 56
581 85 89
53 506 215
1021 605 137
1066 2 75
187 2280 56
814 1226 457
88 588 70
1416 4149 85
1763 2105 185
217 318 234
1516 810 43
1036 2086 55
1803 5365 72
903 2266 412
678 520 89
222 1332 42
250 146 33
1634 2220 78
1011 1179 63
1008 698 333
1745 5225 276
1331 3743 72
656 1211 94
469 4770 374
38 3071 32
180 501 44
1137 3538 453
1037 400 325
360 4320 292
675 76 89
2195 447 181
1906 500 44
727 2030 86
273 884 57
1834 488 246
984 2846 43
78 895 38
114 27 307
333 1871 41
1137 4873 276
597 646 42
1303 4568 89
824 2059 206
484 1298 307
1501 1488 139
193 1158 32
513 311 125
1512 2136 73
1363 3427 278
2008 4908 399
536 2653 89
1201 3482 89
859 1295 374
874 2176 11
1195 659 303
1850 4004 34
69 136 73
2015 380 70
808 1144 57
1743 27 307
304 2332 369
1132 581 51
64 2397 209
1517 439 285
565 289 56
1410 1635 356
1568 791 71
2120 3776 412
1017 5387 103
198 448 333
1155 4368 71
1146 418 307
1024 76 89
96 4181 89
141 1835 72
2217 807 108
718 2944 47
1030 179 49
661 3952 71
1627 1910 72
1090 2973 72
2021 379 209
163 1255 286
620 2426 236
1 2737 221
1568 253 89
415 523 57
1512 1194 116
973 5368 401
824 802 107
1323 4439 73
186 2222 88
640 568 333
247 2663 71
92 5530 404
59 2082 28
166 4275 73
209 189 202
382 3558 32
217 560 33
520 498 190
969 4619 105
1022 16 43
1579 568 333
108 98 70
1277 1046 206
824 2105 185
1330 3233 285
1309 577 105
841 1249 72
1768 4413 97
565 1322 55
370 114 72
1419 4041 58
1679 3415 57
303 2435 28
1017 2981 210
1383 1154 97
816 4079 258
335 4028 38
699 847 291
50 1622 73
826 515 41
1567 591 89
490 4206 56
1710 543 172
1082 379 209
1131 5420 405
1790 1817 72
2204 770 313
1671 973 116
1192 29 12
2104 764 143
92 1721 422
2113 2053 72
222 206 188
66 3104 33
310 1101 239
432 1696 89
119 689 56
417 468 78
412 17 43
379 490 159
752 298 71
1335 1757 72
1455 4384 278
1125 3886 57
607 2426 236
60 382 39
1419 4723 278
857 2666 226
1455 2984 305
1171 1472 29
497 1850 272
192 454 56
1459 2342 414
1991 3529 363
279 74 424
233 1979 89
1308 5094 140
68 1436 34
1155 2974 71
727 3022 42
402 712 89
771 440 10
1488 2514 10
1178 2985 114
779 1270 55
1578 15 386
1302 568 333
1601 842 57
364 2648 471
969 95 56
1147 5012 5
857 4189 70
106 82 34
265 2105 185
1136 1999 12
703 29 12
575 1179 63
787 68 71
1438 68 71
469 4031 12
1567 538 172
1018 543 172
1360 1101 239
116 3016 112
846 501 44
414 2725 376
251 2262 88
250 728 113
1310 5377 89
2066 1539 71
657 76 89
351 761 57
781 529 252
1603 4604 83
2289 748 44
980 3326 404
1471 1046 206
846 3501 89
1548 439 285
1330 892 54
354 937 361
1481 697 57
2176 164 111
799 3919 71
2097 3977 363
100 3560 24
1642 723 89
828 3846 32
743 655 89
1043 1243 450
1150 1712 71
1420 1817 72
1086 2163 285
203 314 119
376 1586 286
1408 3254 71
34 568 333
1610 363 71
188 965 259
1202 1113 89
1371 3427 278
1161 136 73
1678 313 421
1050 752 44
1492 5376 279
363 639 65
829 4244 107
689 3343 71
510 1416 89
617 2610 21
56 2273 43
1021 1165 138
196 281 73
1066 358 279
1876 2420 404
1357 4381 24
142 659 303
180 644 383
1160 85 89
409 1321 137
4 2641 42
785 4029 44
2273 1712 71
25 3454 12
873 659 303
948 2507 370
1828 4698 451
132 2430 77
886 300 57
1187 594 112
617 5437 325
1251 2568 32
779 1999 12
13 485 72
298 903 62
1765 4657 44
22 322 190
1982 131 194
240 1249 72
1342 3461 457
1692 1278 144
1234 1537 47
207 525 71
251 2499 187
1195 139 404
2096 255 285
879 114 72
647 734 89
1317 3076 24
2218 3364 305
1426 2062 24
114 767 78
1131 3547 196
2033 98 70
214 640 12
559 116 42
1011 610 173
130 188 232
1024 5142 71
145 2001 89
1703 767 78
52 70 113
717 4968 206
173 181 453
651 2099 43
2301 1735 41
564 810 43
321 200 109
161 2944 47
978 2804 12
1508 1625 297
1719 803 43
92 518 363
1096 3449 296
122 1697 55
324 1175 415
1 311 125
1056 439 285
1395 2 75
2274 4076 100
989 334 12
896 3965 105
955 3437 42
1364 544 12
767 447 181
495 2361 104
809 5384 44
1206 761 57
387 52 307
1234 2350 284
1522 97 71
1388 92 38
62 162 38
369 29 12
1966 1032 43
327 3943 370
192 1243 450
1397 3793 89
318 2309 47
1368 377 54
2240 447 181
1174 4036 126
182 1332 42
677 1 463
862 501 44
63 853 13
1074 1999 12
2297 390 163
423 2056 453
1345 5448 368
1499 47 71
298 1252 44
542 3142 56
1615 5089 285
1904 5310 276
2223 330 190
513 5511 478
1125 3253 78
1188 655 89
784 2804 12
723 1539 71
992 2167 57
490 2212 32
1222 2300 71
1213 1920 206
1546 1199 56
300 4198 278
1734 447 181
1300 5498 285
1004 440 10
180 2561 206
1874 2100 113
1182 3700 47
1271 2889 341
1211 805 70
477 4917 72
88 174 54
931 781 453
187 3703 49
1951 1 463
1858 1954 314
1460 5165 316
1021 2682 78
606 400 325
1711 33 32
1748 68 71
1322 267 89
1064 114 72
86 139 404
297 2046 56
1221 2833 89
490 5335 94
605 3408 54
265 3402 206
133 753 56
233 3551 57
1760 759 333
699 4947 70
1137 1295 374
1251 1027 54
1116 2804 12
1639 1253 73
879 761 57
1150 767 78
1966 4856 71
392 1143 295
536 4436 43
1901 3895 105
1026 5426 259
457 1174 145
583 3980 206
1311 2546 12
1977 68 71
489 114 72
707 27 307
531 29 12
1302 458 74
680 1683 10
473 1756 72
631 619 72
1159 1073 434
766 3610 276
2095 4885 356
1390 504 57
125 2764 89
766 2844 276
659 5531 292
2211 380 70
637 4771 56
1344 1728 72
737 728 113
1140 485 72
1579 1712 71
795 1979 89
1150 68 71
270 3013 57
648 2411 43
867 324 38
30 1430 55
567 5333 44
1351 2039 91
1714 2729 111
512 3191 258
240 340 56
389 267 89
736 162 38
900 4943 42
566 875 73
1209 1057 246
1229 864 260
513 3811 329
1140 2302 32
2194 1497 473
784 733 213
1830 252 363
389 984 71
737 4003 9
778 97 71
1111 3207 95
404 1358 89
778 136 73
623 761 57
374 2 75
744 748 44
566 1642 73
1189 3179 473
754 472 100
1102 5113 75
1735 304 219
1980 4424 323
1151 396 185
974 2156 31
299 1609 10
1021 2535 137
71 1005 303
1584 1544 33
1799 1984 271
341 1877 56
531 3538 453
414 1455 40
1206 364 276
811 2771 32
1185 1200 71
651 1258 73
291 744 361
1093 5306 303
396 291 380
1260 3427 278
77 25 79
2079 2647 276
270 2804 12
875 3924 85
336 97 71
931 437 284
374 983 57
1982 178 97
158 728 113
946 272 56
1013 101 307
540 174 54
764 481 190
1141 485 72
746 2456 24
636 961 80
2088 68 71
1313 815 251
209 1275 142
605 1085 57
948 1921 425
1618 2996 444
1050 3033 295
1851 3058 82
484 2324 97
978 1199 56
227 1685 57
748 137 135
2107 1312 458
351 486 107
1132 4450 213
624 4679 258
354 1794 419
1087 3384 303
1068 98 70
1429 3095 333
317 1594 42
1379 4797 185
406 2295 325
1863 1162 113
2101 33 32
114 2183 70
1565 2329 100
2129 687 9
47 2560 89
1326 485 72
1387 2527 316
237 567 219
2195 3498 32
1644 5270 206
531 777 71
1557 15 386
1395 5119 57
1288 252 363
1777 3580 206
66 2058 72
449 1046 206
1300 1176 89
1813 3690 468
430 1671 206
871 2997 42
525 1337 87
862 847 291
1963 3945 89
1068 4440 89
436 379 209
886 4710 285
1562 895 38
656 40 72
2297 124 105
184 2 75
1667 2613 206
1171 489 72
364 1865 32
34 181 453
497 3834 350
1975 313 421
191 1664 56
1922 953 70
877 1400 89
521 76 89
192 1432 307
851 1770 48
559 1463 73
1252 3606 403
490 2630 71
370 136 73
850 136 73
489 701 72
1799 92 38
2236 915 57
240 2297 79
1701 2267 89
68 483 72
1235 4757 271
1526 657 185
549 892 54
161 3735 56
948 3010 86
1153 3212 257
829 4051 172
414 853 13
991 149 71
594 85 89
270 4927 104
648 336 33
1694 4572 32
1159 2646 355
605 1605 54
339 1384 71
2309 99 70
1576 621 12
2144 4660 42
267 3368 89
89 1432 307
777 3549 144
1413 4185 375
1414 154 26
2046 3350 57
753 298 71
645 1648 239
3 2817 57
1429 4391 314
2270 316 32
79 432 303
1735 2214 71
1319 1651 89
1081 1342 89
630 754 42
665 85 89
236 166 32
70 1008 285
1135 1034 54
851 2059 206
194 1711 57
1938 3869 71
2015 3386 89
1162 4922 333
1276 252 363
324 1054 190
1624 2801 10
1132 2900 127
1951 2683 473
743 875 73
857 3404 89
1018 3663 10
622 767 78
989 3899 21
1104 418 307
861 118 44
516 3816 57
1159 531 15
729 2337 473
462 32 56
1103 1 463
240 2817 57
1266 101 307
1228 4969 44
1498 1251 12
423 3944 104
436 1509 310
780 538 172
267 1261 97
435 1794 419
368 2456 24
1951 1815 34
390 196 89
51 1536 56
468 4173 57
1263 1046 206
1393 2336 43
1401 4929 57
754 4063 56
2037 4169 278
1585 591 89
790 3335 303
327 906 370
6 921 77
1009 874 73
207 1362 73
1596 1509 310
790 492 12
417 5339 71
1377 4865 190
395 591 89
565 343 33
1266 3607 442
1009 5484 172
1976 1417 72
221 1611 20
771 3474 232
1160 180 78
296 2617 33
1825 643 364
2194 101 307
795 1613 213
617 1544 33
1639 205 70
549 1742 72
1708 1839 24
559 3176 468
283 2075 72
1236 164 111
246 2320 64
279 22 274
35 2444 12
194 106 120
969 3701 328
1172 136 73
114 498 190
689 3804 57
513 3725 71
1621 620 73
2056 501 44
795 4830 412
1147 185 12
15 709 137
668 33 32
794 2852 302
2277 1558 72
1249 1139 436
507 3210 110
1455 5219 118
366 4499 45
66 1303 71
1505 3434 137
1481 252 363
1472 4839 71
877 2781 73
110 829 43
176 394 71
1095 207 316
778 3053 42
14 174 54
1206 860 172
1481 462 71
1738 1639 172
1927 1712 71
615 2111 285
173 5026 103
304 2080 92
392 937 361
279 3181 333
443 2288 151
1021 2755 303
635 2277 65
1951 2326 159
1138 2527 316
412 2912 89
1190 1035 70
1047 1976 57
828 1229 192
713 260 317
590 5537 56
893 733 213
1508 1024 98
1600 1712 71
1292 2890 269
637 1781 56
1136 453 89
685 568 333
571 526 47
1063 2408 5
999 470 35
694 2627 70
818 85 89
876 2434 399
2155 97 71
365 200 109
1 615 299
1234 1817 72
1139 3537 444
807 400 325
1541 1897 44
2015 3799 71
810 3378 56
304 3833 371
1145 2655 138
580 501 44
49 2846 43
674 1639 172
1135 159 457
1154 4568 89
1328 4017 105
1056 5145 71
1405 1250 12
592 440 10
808 804 72
1085 29 12
1421 1739 57
569 2213 71
353 2590 271
779 330 190
447 2637 307
1912 3282 364
1774 104 86
311 2560 89
1296 27 307
1987 331 56
962 5303 72
2072 1103 92
1174 160 12
98 4087 5
66 1823 137
482 779 143
1186 136 73
812 907 43
1943 1813 357
1393 4614 276
841 439 285
35 371 73
1283 619 72
1447 2613 206
1904 101 307
1650 3575 12
1476 4309 139
1540 895 38
240 806 57
369 1934 10
310 777 71
736 4035 111
1283 477 89
1138 2306 296
1774 852 221
1070 4245 278
96 2495 62
955 192 57
779 2594 71
793 621 12
593 245 95
93 2001 89
744 787 201
969 2569 12
734 4067 56
1142 831 117
2277 525 71
195 467 107
736 5021 104
708 316 32
766 1270 55
1412 766 78
754 4191 95
699 162 38
154 564 91
1380 1160 359
1885 1409 135
809 304 219
1959 159 457
529 298 71
311 2189 91
105 4743 392
1162 27 307
1027 2059 206
615 4857 285
1572 4783 185
2126 410 190
1344 1984 271
1086 4237 333
778 4949 56
846 739 454
449 183 115
170 872 73
1407 4399 104
1037 447 181
1245 1226 457
240 1064 73
533 1249 72
347 2148 137
1521 221 89
632 1654 354
155 501 44
560 4143 57
1110 3264 88
989 2926 12
2049 490 159
292 489 72
176 937 361
448 71 72
869 2740 32
468 1354 72
1317 928 12
846 3788 31
848 42 276
888 358 279
692 68 71
1572 4021 279
1597 363 71
846 3935 57
1401 29 12
970 2333 345
360 526 47
1020 68 71
281 655 89
1015 3964 105
1187 367 12
1601 532 73
653 2358 427
576 2053 72
1384 1654 354
504 1200 71
145 3045 41
1244 2537 375
1615 32 56
1141 3308 185
605 561 107
770 439 285
1046 550 77
237 622 56
388 5308 201
66 3512 137
648 3690 468
2090 1461 5
668 1654 354
1223 76 89
194 693 436
1311 485 72
1870 710 89
1147 2 75
388 1930 404
737 3217 72
354 4122 278
1546 3854 70
1411 1331 457
1004 560 33
538 2471 71
155 1073 434
192 1950 100
283 3138 72
665 116 42
862 211 361
537 439 285
804 1275 142
576 274 42
1151 2574 303
597 399 213
264 1751 444
467 65 173
2279 211 361
136 563 44
629 4047 278
32 136 73
1483 4759 200
108 3981 89
456 2973 72
790 1015 355
831 2246 433
333 1454 144
846 2077 465
1817 1712 71
1228 3046 159
1277 137 135
108 1020 405
144 760 57
425 35 56
886 37 138
1388 68 71
1318 4261 12
663 2661 142
1360 309 64
71 1854 79
566 3393 23
642 4 71
343 4296 143
1302 2302 32
154 2460 46
1520 32 56
1405 2892 43
105 1297 72
1088 3021 70
1206 4862 105
349 1999 12
343 83 13
1382 4801 12
1634 472 100
663 3972 72
31 256 285
1296 2956 71
5 1517 32
1 617 41
1446 139 404
358 1774 57
1300 27 307
446 2543 246
1996 3698 57
1151 137 135
114 145 56
1137 791 71
297 2694 57
874 90 82
955 3292 207
96 92 38
1386 4413 97
2169 2971 190
195 929 55
327 1673 307
2211 748 44
90 1451 75
779 3478 221
860 2709 206
1360 5492 47
611 4076 100
492 256 285
1602 92 38
297 4533 409
707 289 56
1111 457 87
198 3427 278
584 307 43
2154 4743 392
1818 318 234
1578 485 72
349 1492 206
1432 3762 466
1311 1015 355
1523 4383 225
79 437 284
271 400 325
180 257 303
1035 4420 107
294 76 89
985 1699 78
593 5371 95
1065 775 468
273 803 43
1308 590 89
60 5057 30
1357 2111 285
858 1766 71
2274 5585 33
1713 447 181
954 179 49
1168 101 307
436 1584 88
388 675 285
108 4427 406
467 2218 334
1523 88 276
1410 1079 43
423 15 386
509 3289 34
1765 865 303
549 388 402
821 2648 471
351 392 89
648 1439 34
99 556 3
1838 1297 72
2094 2631 393
395 827 89
403 4732 318
1296 1249 72
1140 5392 32
397 1119 89
937 1664 56
1020 3427 278
1175 2 75
1934 4824 72
2216 2056 453
821 1364 60
1039 2459 71
742 5003 359
1070 1451 75
1022 4737 89
507 2585 246
1990 2526 89
807 2116 89
1155 4989 363
940 205 70
1027 484 206
1981 2460 46
158 2568 32
430 3292 207
1139 1251 12
948 705 384
195 748 44
1788 797 39
392 1656 250
1149 978 57
1365 205 70
628 316 32
1799 234 82
486 539 55
115 3262 89
1103 1310 466
1074 3339 9
1563 331 56
774 183 115
1065 3220 341
2097 2294 326
362 2481 91
1465 1771 56
1612 214 333
311 777 71
114 3807 57
605 3598 55
52 3699 113
110 602 71
364 4029 44
584 2779 32
583 5246 359
436 29 12
674 3752 305
468 101 307
89 68 71
125 763 25
1057 2656 55
1104 2178 276
1053 33 32
395 821 71
478 98 70
136 980 113
609 13 467
1410 4635 57
862 1057 246
1231 4493 248
989 2256 468
1825 1256 303
1842 1262 117
490 4872 89
1188 145 56
1078 887 305
879 2351 366
1162 2328 107
549 3835 190
1774 2786 448
1532 3250 285
369 1537 47
1793 1839 24
1578 1853 201
1644 974 92
299 439 285
778 2985 114
1005 2890 269
341 4793 453
1069 1871 41
1688 256 285
1912 1432 307
1187 97 71
411 2180 325
1797 1708 68
436 2006 160
436 2058 72
78 955 31
1039 339 106
1175 1221 338
1029 422 143
2244 4623 278
417 29 12
883 1277 44
648 98 70
28 211 361
777 3642 57
1444 76 89
1528 648 44
1829 205 70
1972 68 71
1976 1537 47
1828 2537 375
498 1565 56
1481 4169 278
891 13 467
483 289 56
770 3034 457
498 659 303
59 4246 278
567 794 72
331 5491 40
1421 422 143
1901 1091 73
689 3003 56
2256 4159 156
332 29 12
895 4878 313
626 1063 457
542 1712 71
1217 4617 91
1944 1006 286
374 3381 89
70 400 325
350 205 70
383 1621 32
875 2369 71
1211 4809 454
539 88 276
1872 440 10
389 2503 206
552 361 333
657 1908 70
1011 292 363
766 4046 276
322 145 56
531 3862 57
400 1703 54
246 337 87
944 4798 285
1480 5397 43
1817 76 89
939 500 44
1253 781 453
1977 136 73
169 174 54
466 742 71
1343 983 57
795 4117 347
1696 1600 333
598 4091 24
688 1167 206
861 4407 44
678 132 145
663 415 359
1756 4061 70
1258 778 454
1326 4714 89
1298 313 421
599 4264 70
2221 563 44
896 568 333
1138 25 79
122 538 172
1395 748 44
871 3897 56
1177 4247 465
390 590 89
617 2082 28
879 4464 363
1189 3316 457
270 3474 232
1145 85 89
904 2821 73
1440 1671 206
1411 4926 453
1941 862 285
1032 643 364
1413 1666 303
1596 1969 89
109 457 87
1760 840 386
361 297 73
17 1539 71
1 2516 404
556 4602 34
32 619 72
1464 33 32
1039 4863 325
266 1624 57
1622 562 40
1587 76 89
1275 1968 318
26 807 108
1440 3943 370
1413 2420 404
550 1262 117
1344 99 70
917 1200 71
1929 377 54
301 779 143
120 981 73
731 447 181
814 4173 57
245 1005 303
286 4758 278
647 5241 457
1253 255 285
387 3283 70
15 255 285
194 1255 286
1810 2052 305
202 1027 54
1728 4485 121
119 178 97
1211 1046 206
1159 4067 56
333 4034 285
1973 2563 203
1441 4119 192
311 339 106
1397 97 71
1961 3320 73
588 1996 57
215 1079 43
1258 1219 185
1436 3054 24
647 525 71
702 68 71
2246 454 56
854 2135 285
1683 1985 12
1724 4635 57
1798 2715 33
196 2198 10
18 543 172
1858 4850 105
672 1979 89
1626 1018 375
1313 5255 190
450 167 41
549 71 72
793 2439 177
350 29 12
1182 33 32
567 179 49
174 3655 33
1060 342 24
404 119 22
1953 29 12
383 27 307
1354 336 33
525 475 89
1420 565 91
376 1839 24
31 3835 190
1729 2091 89
1288 1637 201
1758 322 190
1177 439 285
503 1769 48
136 2274 54
760 3488 89
588 2753 33
1472 4144 71
600 2579 341
176 2375 70
4 1362 73
389 5243 89
1949 2692 150
1503 114 72
448 498 190
559 181 453
1880 4612 73
553 2634 88
192 1 463
1848 26 109
1753 3535 71
902 714 104
1009 3016 112
141 756 57
683 40 72
147 440 10
414 841 40
675 2245 57
377 1 463
939 3807 57
1677 2414 201
1316 3632 89
1372 3990 303
154 1124 72
1296 4400 300
317 145 56
161 1263 73
1482 687 9
464 666 43
1503 1108 43
1384 2607 12
443 5409 78
1047 1964 54
689 2489 307
544 1057 246
1048 3115 12
388 1135 230
2131 4664 457
2246 4465 89
245 2069 57
2198 136 73
110 2121 43
408 1771 56
1160 17 43
55 5594 338
1410 95 56
1326 2761 303
288 901 42
525 3255 138
931 1744 316
1141 5289 386
1801 937 361
631 528 89
832 1035 70
370 3537 444
1235 1894 241
2086 3074 73
196 5068 278
714 3430 57
1268 983 57
1055 289 56
1515 1624 57
1507 3341 392
375 2485 42
404 2928 31
1152 1298 307
620 159 457
1371 4137 32
655 1018 375
296 1285 3
1812 620 73
2261 1346 89
1308 1211 94
1208 619 72
1151 1057 246
880 5330 285
391 578 10
814 439 285
1362 2027 439
1278 88 276
95 1767 56
816 596 164
1570 1331 457
635 2410 190
1503 629 275
341 140 253
410 498 190
367 2404 56
389 478 86
597 486 107
1237 2898 70
1473 2262 88
71 2972 303
1376 1074 71
1503 355 72
1420 27 307
1559 4399 104
1160 71 72
784 1277 44
110 1850 272
377 777 71
1481 2799 303
417 1470 42
508 995 285
1892 1813 357
1389 380 70
1444 492 12
1269 73 72
1035 1960 72
1812 5443 292
448 5326 333
1393 1012 72
616 1041 370
656 3881 75
511 2831 56
1136 136 73
1496 4913 457
303 3241 271
1145 1386 33
520 72 71
842 1698 198
1458 510 404
635 1758 434
1103 323 89
690 3898 213
939 396 185
1232 3389 451
1827 1063 457
257 1226 457
1488 656 285
1113 4760 278
1637 1279 97
1318 2456 24
1472 1563 25
1324 4753 12
1439 606 9
283 4778 461
675 380 70
1404 735 453
1323 4104 172
618 148 453
867 1627 232
793 1640 201
244 603 71
653 211 361
1360 688 89
297 4929 57
207 2259 89
2207 261 12
139 211 361
1212 1773 71
795 4767 73
645 740 386
1699 2198 10
1375 3413 363
1769 3964 105
2050 4711 70
691 3990 303
700 422 143
1008 500 44
1754 915 57
661 525 71
1328 3864 48
656 3569 97
167 2273 43
844 2604 473
196 1702 78
931 419 286
598 2808 24
109 1286 71
550 3927 71
270 2981 210
39 379 209
972 136 73
233 288 33
498 289 56
336 1076 415
168 4642 163
1967 3761 189
1338 1046 206
1744 4237 333
901 1148 43
1623 2048 217
132 2645 32
989 1446 82
136 469 295
1982 1309 457
1966 5313 364
1243 467 107
1405 761 57
1135 2903 453
382 159 457
1263 3058 82
188 2374 421
835 3693 52
213 1708 68
68 2059 206
1410 4608 316
1287 756 57
147 181 453
291 2395 276
1600 734 89
1318 3569 97
1848 118 44
1584 4905 386
388 528 89
1225 1508 316
1151 2459 71
2231 303 316
1360 3409 12
699 903 62
673 1331 457
1396 906 370
1934 1135 230
567 647 303
1311 23 274
108 1079 43
122 672 124
1244 2926 12
1531 1126 274
1244 1451 75
1502 101 307
1320 101 307
52 817 226
169 687 9
1068 3057 89
1429 4625 406
668 472 100
1175 1687 72
1252 228 72
68 735 453
2004 278 354
1906 1874 43
1189 322 190
2243 29 12
1403 1361 82
625 588 70
1618 216 276
1481 659 303
1145 4775 43
1218 4051 172
494 2694 57
99 1165 138
847 3346 78
1951 2216 473
777 2889 341
1548 116 42
1503 1402 353
1413 4664 457
77 2394 303
525 1451 75
154 3737 56
1682 1496 246
403 3443 318
247 1323 55
559 140 253
1335 605 137
504 68 71
362 2979 89
257 2343 318
2084 1661 139
1455 1817 72
2068 1963 71
386 5323 142
311 85 89
1385 647 303
1708 2400 55
497 3780 353
247 5339 71
69 21 2
425 243 73
158 1696 89
1584 1826 44
1366 1900 71
1235 847 291
248 1271 56
15 3427 278
99 549 89
41 563 44
934 1331 457
1152 4757 271
1116 1137 43
1464 45 276
1344 1710 409
746 205 70
675 1126 274
198 145 56
4 164 111
629 3744 43
1248 4798 285
617 3642 57
1036 77 91
1228 3270 87
388 1153 199
1280 2107 276
235 3432 57
683 3861 113
882 3263 88
1052 3222 206
685 263 271
1526 610 173
319 2820 12
1994 1096 396
1654 1677 386
133 4427 406
396 4251 57
626 777 71
1411 214 333
1443 5267 115
270 691 57
1925 4111 405
882 724 89
270 5108 130
1686 577 105
1233 117 307
516 1421 9
471 454 56
63 2745 71
1753 4463 481
1443 274 42
1120 13 467
1223 753 56
414 640 12
2260 1225 358
2235 205 70
1126 3180 286
164 3 12
1500 439 285
423 1695 72
857 621 12
219 1782 56
354 3327 192
789 958 44
637 27 307
2255 614 113
1546 619 72
636 25 79
1370 294 363
936 2332 369
531 835 72
1880 1073 434
1197 4360 45
1699 1837 72
2080 1320 295
70 1079 43
1321 1624 57
1024 1908 70
1344 4579 70
1760 400 325
707 4776 285
720 472 100
197 3679 73
775 568 333
691 3128 468
928 2337 473
1161 783 252
108 753 56
516 6 160
477 2758 44
483 5262 285
1296 4134 75
2282 2182 79
1842 2628 57
1031 3185 206
300 4682 278
75 3529 363
1931 1146 33
279 2582 75
1143 292 363
199 3494 12
1484 76 89
1865 2056 453
108 3005 88
827 1298 307
712 176 104
1152 4824 72
399 313 421
327 3873 137
44 207 316
926 323 89
687 277 316
1862 2178 276
691 761 57
81 359 56
635 488 246
1127 2647 276
559 489 72
1095 2431 97
225 2260 251
108 216 276
1851 4462 185
468 677 78
1305 205 70
426 2778 6
418 222 182
265 447 181
437 1353 71
270 634 70
735 290 340
1565 4969 44
663 3427 278
1005 72 71
1437 568 333
1419 3290 404
389 1277 44
181 27 307
1601 153 71
1175 819 447
1169 396 185
758 1522 89
2318 1942 202
674 1004 303
66 353 78
159 792 231
111 193 43
513 3731 25
132 4413 97
1299 409 72
1216 636 107
460 207 316
1318 772 89
27 52 307
842 124 105
258 718 107
784 167 41
1155 500 44
2005 518 363
580 636 107
360 998 70
882 783 252
1 764 143
460 1694 89
1649 32 56
116 4198 278
507 2915 91
1159 845 370
186 1160 359
799 29 12
207 1696 89
457 2140 32
1209 1849 155
2174 1543 56
2211 761 57
1749 1999 12
1017 1476 251
306 3251 40
1068 4851 278
513 230 70
580 4285 172
1222 2944 47
370 469 295
414 4832 12
638 3275 10
1336 98 70
99 4022 56
1344 2140 32
675 136 73
113 183 115
1055 29 12
695 4844 57
1155 298 71
130 439 285
467 3695 88
819 5282 172
1238 4897 48
1098 4389 57
2221 821 71
1096 875 73
31 101 307
1703 3427 278
317 2212 32
614 3792 25
489 4561 278
337 1463 73
1084 342 24
1160 3117 172
541 3862 57
701 2912 89
40 5045 10
489 4848 110
1212 2978 209
1843 3904 293
1991 3250 285
1415 1984 271
1464 2348 348
332 756 57
388 1254 285
1052 4051 172
1557 139 404
965 1586 286
335 4327 278
1253 728 113
106 165 12
71 4692 70
895 2001 89
1349 3201 72
549 5163 31
501 844 40
1483 436 303
1888 4198 278
969 27 307
393 126 304
1169 4297 271
517 1251 12
563 2202 42
744 92 38
1571 3601 71
1107 748 44
2 469 295
712 594 112
1548 1297 72
109 2 75
1929 2263 86
6 2920 213
1248 1999 12
799 1038 398
1182 4429 31
2202 214 333
497 3716 185
351 1503 72
1420 1046 206
668 181 453
629 5189 52
1326 4790 363
139 3399 426
1344 4016 64
718 159 457
699 1719 12
205 2259 89
1792 1063 457
1827 4698 451
1672 496 113
385 379 209
1728 4531 70
199 821 71
814 3018 70
1877 72 71
339 255 285
728 1551 72
2117 292 363
1498 1274 167
311 769 107
998 4369 143
1784 2298 158
1581 420 190
1357 1804 12
1548 2498 366
516 1346 89
400 316 32
1188 1109 89
1027 1060 457
950 2390 89
205 3768 24
52 76 89
174 3989 9
1284 3881 75
2003 4844 57
62 743 72
1516 414 71
51 1277 44
798 4377 272
846 1175 415
1344 4292 40
736 4399 104
930 929 55
617 1436 34
1894 298 71
1189 2256 468
1208 1226 457
410 448 333
1486 5064 57
103 2686 72
1413 1423 72
688 1160 359
1403 4619 105
62 311 125
2185 11 276
2231 4329 12
1236 1545 246
851 2793 355
887 640 12
1577 724 89
1663 617 41
585 1611 20
365 2176 11
1195 256 285
1098 4031 12
887 6 160
512 701 72
605 2951 192
130 400 325
1296 252 363
925 1172 25
282 1046 206
1717 5452 12
1410 306 72
1058 292 363
566 302 71
51 2320 64
880 439 285
92 2656 55
97 1683 10
553 2647 276
226 3045 41
838 4876 295
415 9 475
2071 456 70
46 224 295
1891 3538 453
477 1043 70
1457 980 113
329 1711 57
912 982 56
2127 2923 185
936 1496 246
1485 1654 354
272 1179 63
1679 1231 276
425 2677 43
1420 5263 71
1419 2349 258
686 633 271
958 422 143
1174 139 404
864 138 79
1860 472 100
2034 2729 111
1154 139 404
1137 3725 71
731 1936 72
265 227 103
793 2077 465
1523 4997 57
1120 1183 206
1774 2029 158
939 523 57
777 563 44
911 1096 396
1907 621 12
1487 189 202
2087 4051 172
319 3623 12
306 358 279
517 2249 73
1277 4399 104
332 933 77
692 2297 79
736 2715 33
508 4425 97
449 1057 246
880 17 43
1284 2023 180
423 331 56
2006 1877 56
1633 1048 206
912 4012 370
1222 29 12
762 1199 56
191 4969 44
1243 476 57
186 508 359
358 1609 10
828 3370 43
2180 1359 71
1786 2530 55
1506 1096 396
396 987 285
518 1551 72
1269 2091 89
1067 4492 78
1215 1856 54
788 781 453
827 501 44
159 1687 72
228 834 70
417 377 54
703 902 43
517 761 57
2268 29 12
513 606 9
851 573 47
39 2696 292
84 1903 55
284 5569 34
338 231 72
349 1493 241
1476 236 48
1692 2360 237
914 515 41
278 2 75
1195 27 307
169 26 109
454 205 70
953 2122 92
876 2895 444
201 1154 97
2053 5175 57
177 895 38
517 1583 73
151 4668 56
1502 628 174
1381 2607 12
1059 2939 34
33 146 33
626 485 72
217 1837 72
1119 573 47
600 1249 72
130 997 57
2092 501 44
689 1249 72
999 4825 94
1852 3144 89
461 225 111
1061 4421 285
381 27 307
1056 379 209
1506 90 82
1180 4408 56
977 772 89
1903 3199 31
1212 4928 163
899 640 12
248 1006 286
903 2557 457
1278 1671 206
360 4740 10
332 312 42
143 4688 117
604 1057 246
1753 5079 190
497 3778 71
811 2527 316
388 5401 143
490 1416 89
161 4757 271
242 2304 359
1252 1462 404
437 655 89
1260 490 159
536 2390 89
60 5223 30
245 323 89
2316 1226 457
1651 2088 271
902 90 82
1136 2325 187
299 779 143
1480 159 457
1636 2996 444
520 1439 34
186 954 276
588 661 72
217 1051 32
102 454 56
1149 4568 89
4 2252 21
2320 256 285
391 316 32
554 3702 71
342 1825 44
1868 4371 10
155 4381 24
396 72 71
2042 3427 278
2046 1251 12
863 29 12
1410 343 33
1051 85 89
1701 15 386
90 621 12
2279 2077 465
400 3427 278
159 20 89
563 621 12
1870 319 57
156 2408 5
1188 92 38
1235 1493 241
1043 361 333
1 2518 92
981 1433 214
1004 3384 303
789 163 32
1052 3647 206
159 3738 120
1081 2628 57
1407 202 56
1351 5451 91
1028 953 70
859 136 73
765 205 70
1355 192 57
1963 4312 172
1065 5178 384
1311 2662 71
1760 3729 10
559 72 71
1584 1096 396
1116 4206 56
31 205 70
2014 36 44
545 85 89
52 174 54
1326 298 71
1771 3971 338
1270 3700 47
2109 2613 206
1686 4604 83
1159 2981 210
936 92 38
1883 245 95
1188 114 72
1423 1664 56
2015 1696 89
778 749 43
5 1 463
466 1068 333
1096 1398 247
955 3542 185
370 1570 233
1746 2628 57
396 593 42
396 1676 73
1325 5024 295
847 2199 6
1857 655 89
1003 99 70
720 3010 86
1168 5227 274
669 856 149
549 363 71
1458 1020 405
1032 272 56
870 4516 48
115 1135 230
271 124 105
373 1910 72
198 4835 70
1300 542 396
1059 3325 301
1377 659 303
193 1070 70
2220 1636 337
2090 2242 85
2275 7 78
1067 1677 386
163 4051 172
762 2345 57
834 914 353
1524 628 174
1528 21 2
1603 3934 56
1506 1542 112
688 2819 457
1383 5305 73
1174 5337 271
436 2005 107
267 436 303
455 2130 107
94 350 137
228 3043 25
376 1595 42
651 287 307
725 3016 112
1062 97 71
2193 3430 57
1024 2730 44
1751 17 43
1004 316 32
1296 4448 56
795 936 113
1016 4042 71
2215 5337 271
490 2093 89
381 1524 271
1751 619 72
1075 106 120
1325 4873 276
1648 1539 71
1161 2813 72
1404 5461 82
829 262 318
1048 1707 86
617 4543 86
851 2386 480
40 5133 71
1219 323 89
92 2789 57
705 698 333
1977 1192 92
1696 3938 57
1071 4377 272
951 116 42
773 878 73
726 1671 206
319 2859 57
2283 1958 89
1235 5229 73
829 1115 121
1584 5334 347
213 277 316
656 1469 396
1834 2152 215
1455 3277 99
1686 1671 206
2202 72 71
1532 181 453
1178 1735 41
1719 164 111
360 810 43
567 327 43
1262 2637 307
2048 1143 295
828 1447 40
725 359 56
97 3557 12
1774 116 42
1068 568 333
707 1596 284
1395 97 71
1308 1846 163
1603 577 105
1278 3302 340
319 2446 89
1187 1114 457
1084 3939 89
647 1877 56
419 1452 78
1932 3501 89
2202 396 185
565 4198 278
1785 836 312
517 2300 71
1352 1558 72
25 2971 190
1801 211 361
476 3107 138
1380 757 404
2055 4482 268
970 855 71
355 177 12
791 1285 3
515 915 57
2105 197 43
620 2778 6
876 631 167
1686 2351 366
2184 5065 70
889 68 71
1021 25 79
537 4051 172
265 4223 310
1212 2315 271
2180 568 333
904 375 55
314 3006 449
8 316 32
2297 101 307
2250 2327 213
773 470 35
1608 76 89
931 3147 258
507 1295 374
1686 4194 278
1583 4055 42
900 2617 33
1232 1464 89
1970 211 361
670 2402 16
1844 2218 334
1365 68 71
609 2081 91
2120 3629 412
354 2376 43
1551 816 12
1466 2133 190
1009 211 361
1450 3096 81
2129 1986 6
2023 1260 260
106 580 66
1601 72 71
1357 4192 92
930 5184 96
559 666 43
2066 606 9
834 361 333
145 3554 32
1578 82 34
2003 164 111
212 2289 89
1395 5497 137
150 4431 76
363 617 41
864 3907 33
798 29 12
1370 53 363
87 111 43
2283 1558 72
1855 568 333
163 299 364
1625 571 72
1645 118 44
1330 1067 89
671 2845 271
1384 211 361
885 4297 271
2004 1654 354
173 83 13
1312 945 165
452 568 333
240 1155 44
1195 701 72
369 912 181
615 3990 303
91 939 89
888 1154 97
1365 98 70
2256 82 34
316 873 73
97 1410 12
1423 3186 142
678 55 56
1105 92 38
640 5499 307
151 4408 56
350 1103 92
1824 1210 307
156 183 115
1248 114 72
1282 3869 71
60 1226 457
429 104 86
841 4264 70
1337 1217 338
1050 1227 318
654 1615 38
961 967 91
1217 3733 199
876 116 42
617 744 361
974 77 91
1840 4605 128
635 4922 333
151 477 89
1068 515 41
560 1748 307
565 4333 92
940 3391 274
581 2183 70
966 214 333
805 1346 89
749 1195 89
338 523 57
2090 845 370
1856 85 89
731 4502 48
1216 5502 73
2264 1908 70
1848 1416 89
490 3959 72
373 856 149
358 2492 114
2046 5294 10
513 1690 57
773 1461 5
280 4227 89
1912 440 10
1051 299 364
1153 1410 12
1018 4411 303
367 1697 55
1212 4451 89
240 1297 72
298 787 201
460 568 333
1320 476 57
1622 1620 307
483 1410 12
707 744 361
1478 2302 32
240 874 73
1405 701 72
1384 4423 291
446 570 12
851 616 271
380 228 72
184 27 307
1153 1143 295
673 1677 386
2256 29 12
862 68 71
1187 3954 453
430 5389 43
589 4048 67
955 4399 104
71 1539 71
1039 1528 12
432 2771 32
647 436 303
1596 121 89
1168 458 74
480 3072 416
980 72 71
1834 2271 44
1672 5251 465
144 983 57
1302 2338 463
96 98 70
1614 391 89
1549 3089 232
637 3329 12
1953 728 113
1724 1014 35
1591 451 89
1211 3244 43
315 4039 278
1442 322 190
1000 1209 89
821 367 12
67 361 333
1139 363 71
212 4801 12
543 2328 107
1507 643 364
425 5569 34
38 667 24
604 3497 260
409 5158 137
561 211 361
306 817 226
1052 2367 206
1724 2122 92
57 280 120
179 4143 57
1223 1082 375
1455 1687 72
1904 693 436
945 2278 24
927 586 12
159 152 70
1050 98 70
299 1436 34
1682 1079 43
1586 3584 78
1137 4593 333
1333 724 89
1818 1290 43
2120 842 57
597 5351 295
1419 553 232
969 577 105
1266 5022 73
298 3828 206
1050 920 192
1523 145 56
569 943 113
1104 27 307
954 748 44
886 843 372
1428 1459 364
1466 1558 72
1143 294 363
1296 5457 303
762 5398 41
995 4712 386
668 775 468
762 1729 97
1560 3060 57
791 2998 24
193 1910 72
242 1065 378
404 470 35
1067 2830 57
103 3057 89
92 3977 363
1032 973 116
5 197 43
814 4839 71
995 2561 206
912 29 12
798 185 12
207 225 111
692 2684 5
155 4834 92
1949 4650 43
2015 363 71
661 2337 473
1133 1696 89
74 608 43
310 1103 92
368 4398 364
1227 1200 71
1928 2956 71
1003 359 56
1692 1251 12
60 2738 29
1292 1183 206
742 519 71
1065 1216 89
1468 379 209
1519 4133 344
364 29 12
782 767 78
1405 298 71
389 4264 70
846 136 73
1739 4979 434
1072 1435 32
197 3029 55
625 1827 43
1312 4560 95
1865 4845 336
1672 2077 465
1614 205 70
1410 4898 278
359 1157 10
474 1403 73
71 3733 199
273 342 24
1875 2709 206
1425 1746 78
71 306 72
1068 2493 241
869 1101 239
1247 3411 307
699 606 9
1568 4029 44
79 2305 18
139 761 57
452 3541 185
1587 222 182
571 27 307
1416 1445 73
876 621 12
544 715 32
86 5527 359
50 239 24
1744 113 71
1729 2026 307
1292 4911 103
1053 1009 260
846 1554 34
1383 1310 466
1300 114 72
39 1154 97
490 29 12
834 5228 457
615 2562 25
376 4235 404
711 1537 47
1850 2333 345
1907 2444 12
861 764 143
1276 5543 381
273 1282 24
117 101 307
1984 748 44
66 1107 32
236 604 55
1407 1251 12
1192 1658 148
111 1322 55
169 2112 325
141 116 42
384 97 71
1592 3865 320
1302 339 106
279 176 104
851 586 12
736 764 143
397 4408 56
663 1240 72
1492 995 285
108 930 227
1693 557 325
614 1609 10
1043 5221 163
230 1316 110
514 2405 83
1208 205 70
974 620 73
1078 2135 285
700 1939 12
1414 5583 479
122 673 120
1316 189 202
2236 4213 44
281 1136 303
1692 983 57
525 183 115
1568 929 55
237 27 307
1051 3103 284
453 483 72
742 5143 88
2182 298 71
1384 847 291
483 995 285
1214 191 44
1059 1852 53
543 1627 232
247 209 32
1368 3704 267
468 4029 44
1183 472 100
286 76 89
180 4753 12
27 202 56
91 483 72
998 2833 89
1526 2361 104
955 2416 57
36 181 453
1134 647 303
789 1651 89
1463 4086 56
376 1424 43
1549 3095 333
2071 79 353
1503 952 70
888 807 108
52 3095 333
1082 803 43
185 4978 71
1762 761 57
264 1242 414
846 2756 285
1059 68 71
44 4608 316
2231 4873 276
480 3397 463
525 1977 87
899 1286 71
523 82 34
498 2082 28
683 1228 185
1420 1258 73
394 2628 57
1384 3850 369
159 4154 96
1459 3220 341
1846 4892 44
1103 1822 464
1442 772 89
1832 3696 24
565 3006 449
1214 884 57
2086 2076 137
286 13 467
1268 622 56
80 3442 318
1401 98 70
1615 3672 303
64 1712 71
433 139 404
995 171 12
1472 211 361
1528 529 252
1973 617 41
225 520 89
891 2898 70
1218 4026 364
1225 2260 251
525 4860 97
1637 1839 24
364 1567 33
1011 2065 73
1441 1607 73
1264 180 78
1777 3193 89
2 2 75
1963 95 56
1187 750 70
28 915 57
62 314 119
1325 5326 333
2043 626 56
959 1145 95
1092 4290 318
1308 647 303
1067 2549 291
562 85 89
66 330 190
1247 1197 89
680 621 12
1088 3343 71
185 1 463
1947 2522 423
798 498 190
377 202 56
979 722 89
1644 114 72
82 913 180
1226 4407 44
778 231 72
264 775 468
1567 792 231
1518 4619 105
1318 2321 71
1511 246 55
1052 538 172
437 98 70
1538 895 38
388 1312 458
1330 398 89
507 2244 468
1389 2314 73
1579 4399 104
565 3109 75
507 1060 457
154 76 89
1317 856 149
2302 568 333
1186 418 307
2146 1076 415
15 501 44
1302 1183 206
1249 783 252
433 1051 32
744 4427 406
1827 3181 333
396 1598 70
1610 252 363
1914 440 10
548 2234 401
567 162 38
94 362 71
1216 5525 10
1744 318 234
1067 222 182
1218 1587 285
1380 37 138
22 405 33
2179 1735 41
427 956 41
789 3144 89
1523 709 137
1009 1275 142
955 2263 86
153 340 56
969 2804 12
1877 1902 333
779 5001 210
1146 533 42
412 454 56
1250 3348 32
640 322 190
1108 4397 66
734 2087 97
1160 891 137
620 1577 73
945 1545 246
1852 214 333
688 485 72
1236 1712 71
876 840 386
1693 5029 115
1029 1451 75
2092 761 57
1498 621 12
209 5483 139
2218 2420 404
791 625 89
900 260 317
8 277 316
1563 1880 97
597 2824 56
1129 744 361
1144 761 57
1584 4450 213
389 4749 324
2159 4975 9
1281 696 370
396 659 303
246 2880 404
374 92 38
2296 735 453
94 39 143
266 3554 32
31 493 15
490 980 113
432 866 73
743 27 307
1244 140 253
2243 387 201
1974 489 72
1561 1057 246
1182 888 71
308 3668 89
961 1101 239
1353 1581 209
209 767 78
1584 537 12
1383 836 312
996 348 71
451 1499 457
1355 577 105
576 101 307
1224 856 149
1274 181 453
263 388 402
389 3471 33
743 25 79
744 792 231
685 3196 10
1328 313 421
1360 2636 73
186 191 44
1862 361 333
1134 71 72
451 1637 201
709 3549 144
63 820 40
3 88 276
1291 4816 84
743 4549 89
1022 4178 10
332 2184 55
747 272 56
93 523 57
133 82 34
753 1579 12
702 739 454
635 3845 89
1484 3192 70
1950 3607 442
930 1430 55
376 1901 285
1132 1613 213
24 1642 73
483 764 143
2029 85 89
54 772 89
1258 3096 81
673 25 79
717 915 57
1367 643 364
93 4323 12
1278 189 202
1137 4346 10
1299 447 181
488 454 56
114 3753 89
1235 25 79
962 4615 43
706 1099 449
1605 3183 12
158 2439 177
834 4661 185
1793 1580 209
1602 1020 405
1270 735 453
760 761 57
396 1668 325
828 810 43
396 4056 57
1160 619 72
1093 1298 307
78 148 453
225 560 33
585 4032 234
610 697 57
672 400 325
490 2720 24
490 453 89
19 954 276
117 3745 285
374 4292 40
437 1842 70
1377 101 307
337 297 73
351 577 105
311 4634 71
581 2876 453
235 71 72
1065 901 42
1145 272 56
1849 4110 113
597 400 325
237 836 312
1039 1511 195
55 4039 278
1672 192 57
1180 568 333
1580 5412 158
1009 482 70
1096 235 32
1326 1697 55
2087 386 32
2072 5596 173
757 812 22
874 2595 10
1576 2354 66
1140 2837 43
1739 841 40
807 1373 71
1053 1304 78
798 3711 272
1258 1380 473
524 101 307
425 1552 72
626 181 453
1298 3509 89
257 76 89
225 76 89
795 392 89
1681 995 285
2224 3614 89
1792 136 73
358 211 361
1530 642 477
77 2523 56
1310 3034 457
1395 983 57
598 255 285
824 2272 43
1135 183 115
1342 1310 466
584 590 89
1201 498 190
377 4005 44
298 2501 206
778 945 165
810 1696 89
871 2396 41
460 1539 71
1308 1817 72
1278 1661 139
1229 485 72
2225 2660 107
436 783 252
1555 98 70
327 3872 31
78 3521 33
724 306 72
1477 1249 72
97 272 56
10 3847 386
846 4399 104
1063 4275 73
2003 2528 449
482 2696 292
1221 2479 89
947 311 125
1065 1 463
597 978 57
398 386 32
1482 2821 73
351 1504 71
212 2082 28
523 1270 55
1564 572 48
194 1900 71
2094 851 84
1678 4614 276
1125 835 72
1887 4233 47
1481 3940 278
1565 2939 34
332 1432 307
259 5194 278
904 256 285
866 2379 457
1311 3427 278
679 1143 295
83 162 38
554 1385 57
1948 3361 363
1096 4224 89
790 518 363
209 3322 143
192 1177 89
997 4277 246
587 27 307
1177 205 70
367 325 56
805 205 70
1038 277 316
1379 3820 184
1376 318 234
1141 439 285
270 339 106
1139 33 32
1397 4374 465
1187 359 56
2184 221 89
2066 277 316
1445 3434 137
1300 1319 25
1161 2176 11
1569 2647 276
389 1649 89
1798 1519 71
1751 211 361
159 98 70
519 1451 75
946 97 71
694 1254 285
1470 176 104
1087 1903 55
1450 1386 33
1016 809 42
729 707 29
588 3768 24
1106 1886 328
900 1343 318
613 118 44
1692 4974 241
1035 4706 71
871 4133 344
361 4302 365
1024 3427 278
691 68 71
822 318 234
657 2174 14
246 4386 55
273 4922 333
62 1838 72
2087 3271 377
1925 4514 400
382 1060 457
1740 68 71
68 468 78
1515 211 361
1745 770 313
859 400 325
685 98 70
1302 836 312
84 3342 276
969 1096 396
276 1799 73
1432 330 190
228 1175 415
166 1221 338
574 15 386
1577 1 463
483 757 404
39 1140 337
1532 2979 89
108 5010 418
1102 1978 87
2199 1912 117
1413 929 55
588 318 234
4 278 354
105 498 190
886 594 112
757 501 44
1170 485 72
1451 748 44
2247 2523 56
108 3011 143
1450 972 43
675 2459 71
876 4454 206
2088 1217 338
1017 1712 71
558 843 372
473 436 303
349 68 71
583 2731 12
1315 181 453
623 1957 144
1195 528 89
1358 33 32
212 689 56
1141 3904 293
1340 860 172
392 1654 354
1182 2166 357
1376 2326 159
619 4126 350
824 25 79
136 1098 89
1153 979 78
363 841 40
689 3889 105
1087 2574 303
907 3003 56
403 2248 74
483 1257 91
2318 1014 35
1809 1106 452
1154 2074 10
1883 101 307
273 85 89
340 4889 114
522 1561 57
194 29 12
403 3971 338
406 2775 56
587 4028 38
1382 2701 137
233 180 78
1082 1467 43
597 324 38
2206 1046 206
1541 3043 25
516 606 9
41 2001 89
1187 1295 374
1290 316 32
1002 3100 89
582 2677 43
804 99 70
561 101 307
1557 4033 386
777 3737 56
1318 277 316
389 4557 172
1123 95 56
136 94 276
2289 2790 359
1482 777 71
26 87 24
705 345 137
1934 203 316
1296 1512 405
970 1556 286
119 2822 349
498 1006 286
205 1 463
1189 1696 89
808 1341 143
127 5170 453
192 501 44
961 1165 138
1530 29 12
91 561 107
1513 97 71
258 2973 72
529 1787 137
490 355 72
1363 4940 73
955 710 89
1188 748 44
1188 3802 113
881 5333 44
1245 764 143
449 3374 56
1966 1031 260
1456 101 307
618 277 316
93 355 72
115 2607 12
1121 298 71
510 4120 33
952 4454 206
396 2744 70
1639 518 363
1096 763 25
1154 1830 56
1155 3089 232
202 4789 49
168 525 71
1544 1046 206
1315 3128 468
1560 340 56
1160 4832 12
67 2940 298
360 1505 386
893 3427 278
1527 4737 89
1513 316 32
946 228 72
787 3254 71
1324 4264 70
331 1481 54
1194 3254 71
388 3461 457
1155 5163 31
319 576 63
687 4056 57
436 4602 34
289 2069 57
259 3940 278
1495 5425 139
928 910 273
989 205 70
621 2222 88
307 400 325
724 1962 64
2117 4462 185
887 1682 206
10 448 333
2059 523 57
1326 978 57
315 1386 33
1297 1651 89
763 72 71
92 3229 92
1966 2088 271
280 1810 84
560 3071 32
675 2051 94
635 171 12
414 2938 359
955 1684 72
350 145 56
2124 1106 452
369 710 89
201 98 70
419 1332 42
1098 4241 12
1131 1181 392
169 2962 150
1760 33 32
335 244 71
217 761 57
2080 1196 71
566 234 82
1619 4539 428
2231 194 333
368 3763 307
1091 3942 185
1084 76 89
340 1044 17
110 2478 120
354 761 57
21 27 307
530 1378 371
695 2396 41
1219 5034 89
1799 1297 72
1178 5040 318
292 1146 33
1068 2438 120
1912 3856 73
1751 414 71
1017 121 89
1429 1272 43
1503 693 436
689 2220 78
2274 659 303
1054 3420 25
14 26 109
1147 2505 65
432 68 71
691 962 89
1357 1399 107
1636 501 44
1912 3505 71
689 591 89
1221 363 71
1195 85 89
108 2173 405
1503 364 276
1411 1607 73
1962 2337 473
1302 3786 463
655 978 57
2247 807 108
1699 400 325
166 1344 137
1168 591 89
837 136 73
1199 205 70
1711 1192 92
1411 263 271
1563 5178 384
677 2889 341
186 158 276
370 36 44
1635 507 404
900 874 73
1713 667 24
374 1578 214
653 1633 120
1527 2057 53
689 867 73
482 2682 78
34 1753 442
1000 318 234
1763 29 12
891 145 56
1212 70 113
59 302 71
695 501 44
255 2103 424
984 3692 278
1244 946 113
189 969 72
1125 358 279
247 3080 56
2225 1270 55
678 777 71
673 1204 459
1174 2805 12
904 3715 56
784 3272 64
158 892 54
1462 3919 71
1625 515 41
2019 3935 57
1972 289 56
1679 4770 374
823 2 75
1562 1018 375
1054 3692 278
377 1068 333
360 3463 71
828 192 57
594 396 185
851 3082 404
1212 447 181
566 539 55
787 4552 104
2039 1551 72
1357 3520 396
261 1176 89
1329 33 32
437 298 71
510 4137 32
1027 621 12
945 3173 453
52 3689 89
492 396 185
1588 929 55
1534 2910 57
1205 2199 6
1862 1463 73
1024 3003 56
165 31 33
1206 5342 10
647 2198 10
1403 227 103
1223 562 40
193 3379 42
1800 2311 56
2106 2811 206
1499 4284 32
1567 767 78
1059 4531 70
955 139 404
317 400 325
1248 1908 70
1782 828 276
1817 1194 116
1588 272 56
1318 4982 316
1187 2713 70
57 673 120
67 2361 104
906 2407 32
1472 2749 185
1312 361 333
2173 38 143
1738 4936 406
114 1655 333
1425 422 143
1486 4892 44
1851 18 268
1780 1982 333
1039 1046 206
1599 207 316
1297 2519 44
1313 5405 89
1094 174 54
277 1018 375
791 2652 70
893 45 276
1543 221 89
174 1767 56
1388 1712 71
1754 840 386
1047 4635 57
249 4141 44
1442 330 190
907 1331 457
509 4493 248
857 76 89
432 3565 57
530 958 44
587 4906 104
516 1501 71
1332 1459 364
1351 25 79
74 2287 71
1012 568 333
1612 2804 12
332 3475 70
181 910 273
540 2927 55
996 4223 310
1258 2683 473
762 3621 34
452 74 424
1021 4122 278
1337 400 325
876 69 71
286 4121 278
1153 983 57
503 76 89
1199 724 89
114 781 453
1516 589 89
961 2459 71
614 3981 89
1345 162 38
1677 2964 100
1145 2752 34
400 5005 25
1473 1908 70
1529 1075 12
1782 4390 316
640 622 56
656 252 363
640 2456 24
283 1074 71
1515 2520 404
2023 1460 260
1526 15 386
1813 1143 295
736 4032 234
689 2213 71
789 470 35
787 470 35
2200 1211 94
1410 1359 71
29 1735 41
334 1461 5
1320 5406 97
1247 4294 44
147 2903 453
436 636 107
106 1157 10
361 1538 285
990 4550 412
219 1892 72
769 330 190
154 866 73
483 2096 232
45 2709 206
999 1563 25
641 1182 378
969 2455 57
1219 1682 206
1249 4875 64
179 3280 137
257 2344 57
1494 10 386
386 356 56
1547 1772 213
354 728 113
2116 1221 338
51 5565 364
1155 1471 73
305 1210 307
1097 2409 10
504 2895 444
257 322 190
1622 4282 40
837 470 35
1648 814 446
944 3692 278
490 3314 89
361 2470 89
1451 140 253
483 1666 303
245 4749 324
1310 594 112
937 2878 285
1977 777 71
2056 518 363
29 2259 89
973 693 436
2257 85 89
563 1034 54
999 2 75
31 2790 359
1131 323 89
1055 4773 78
1025 581 51
1189 4255 453
160 4300 56
1449 617 41
270 1322 55
2147 5352 452
1860 1817 72
997 498 190
1580 1043 70
60 1950 100
1323 255 285
566 29 12
186 1632 71
490 785 73
1576 4457 89
1360 2831 56
1408 447 181
1407 3998 73
559 1234 107
888 748 44
1435 77 91
1785 1613 213
1299 4752 94
1067 3898 213
1121 29 12
1799 76 89
1481 2800 285
195 1001 285
930 698 333
1754 633 271
299 121 89
1248 439 285
1269 97 71
1068 842 57
1484 3057 89
1131 1560 87
114 640 12
881 804 72
2119 4638 348
2211 4555 44
390 539 55
1248 85 89
856 82 34
553 1031 260
2252 3767 417
91 2561 206
151 2370 57
2246 519 71
2017 27 307
1502 72 71
1187 449 453
1812 206 188
1536 704 83
298 3221 116
510 3020 32
310 754 42
430 176 104
248 2220 78
961 796 107
44 1739 57
1413 1386 33
1345 1671 206
1470 85 89
195 4757 271
309 1392 105
778 160 12
186 2718 218
820 2059 206
255 292 363
257 4182 185
636 2152 215
478 1632 71
828 2288 151
351 72 71
1061 655 89
2077 4473 295
841 1284 6
1856 4004 34
956 1626 72
68 2576 145
700 1656 250
1886 633 271
607 136 73
82 2777 190
1945 1661 139
654 396 185
110 1099 449
598 1952 24
30 472 100
478 463 70
741 3600 71
80 1340 72
1678 4811 421
753 3574 190
707 3387 43
1648 475 89
1650 493 15
1039 400 325
1567 252 363
755 2390 89
558 1580 209
620 3650 206
881 4032 234
620 85 89
217 4555 44
2186 619 72
317 2353 85
1379 697 57
388 5367 435
702 759 333
270 240 43
1439 304 219
1976 221 89
59 608 43
1357 4914 24
17 2654 89
1195 4997 57
1429 355 72
1219 227 103
324 3698 57
792 4596 89
1361 32 56
25 367 12
1878 2001 89
834 4243 185
432 1725 42
1472 4302 365
396 764 143
789 1584 88
1235 2930 243
1076 4147 56
256 1591 304
1492 643 364
521 2763 159
404 3427 278
336 4198 278
1615 611 285
541 162 38
1848 2047 56
900 76 89
563 797 39
1966 1254 285
1449 1548 185
691 508 359
192 4409 112
237 17 43
1866 2890 269
1381 2163 285
1580 4928 163
409 2419 113
157 728 113
330 1253 73
847 97 71
2053 245 95
764 84 190
1660 3531 285
1617 705 384
1966 5474 260
1067 33 32
610 70 113
1249 915 57
1281 5216 103
1986 873 73
1054 142 57
1962 1014 35
241 500 44
501 2355 57
1865 3036 333
1523 5304 103
225 4003 9
670 291 380
923 214 333
538 2795 453
980 1020 405
1886 4433 279
408 3463 71
98 720 54
452 978 57
1714 489 72
1305 64 362
149 4298 55
257 1054 190
835 1712 71
1464 2539 411
742 1978 87
1481 4051 172
1583 1999 12
343 1364 60
169 863 260
868 101 307
862 3889 105
396 4229 57
245 2587 24
1622 518 363
589 1815 34
1218 53 363
1502 659 303
1350 568 333
1131 2999 72
1492 4576 364
549 3974 474
496 2359 463
1407 2247 73
219 2250 111
1140 2748 43
1233 656 285
749 363 71
403 4242 163
1085 2574 303
1516 1417 72
678 1996 57
1065 937 361
489 1908 70
2015 1985 12
179 3645 137
740 1483 43
547 114 72
39 2831 56
1923 50 386
1402 3297 393
1782 937 361
143 476 57
617 2439 177
1217 1637 201
53 1494 206
862 439 285
1433 728 113
1821 3343 71
990 1331 457
1307 777 71
948 1193 72
498 1797 50
261 4945 12
1870 1351 57
404 1177 89
2008 1248 206
1068 4493 248
10 14 398
487 5478 34
946 394 71
1400 1637 201
6 245 95
359 76 89
727 4007 310
2231 3835 190
193 1370 73
521 1613 213
1345 1680 412
347 2276 359
717 2615 366
1515 4061 70
2103 4231 191
1364 1514 10
1102 470 35
1009 805 70
162 211 361
432 2055 442
482 483 72
483 1268 56
423 2913 308
1418 1020 405
1602 3509 89
219 2704 202
265 208 32
32 1741 404
1574 2137 176
478 3509 89
361 438 71
1238 159 457
2184 3964 105
1890 1656 250
180 903 62
1155 1366 54
1565 3687 187
1796 183 115
1340 1945 172
326 1496 246
1429 2062 24
246 2317 47
52 327 43
1569 2770 56
1854 447 181
1137 4998 71
1316 307 43
1096 454 56
1698 29 12
1440 1046 206
989 167 41
121 400 325
497 1545 246
41 19 44
2028 4574 43
1867 573 47
1425 1880 97
483 3689 89
1235 5122 267
1565 4536 38
328 1451 75
1140 688 89
414 3382 73
1506 4552 104
2052 3834 350
207 29 12
1183 640 12
993 380 70
565 5213 468
907 543 172
563 5535 44
1834 2696 292
1333 2320 64
761 676 118
731 5568 89
360 3495 107
993 72 71
1425 85 89
936 3658 212
2017 76 89
12 3844 72
1375 4781 43
1020 400 325
114 3577 57
1483 205 70
1059 1244 416
1182 95 56
1374 831 117
1796 2361 104
787 1251 12
668 1057 246
759 3488 89
1181 1063 457
28 1733 71
978 1251 12
1406 192 57
415 3588 453
784 608 43
684 2636 73
374 2803 40
1066 2654 89
328 814 446
1546 2037 333
2250 3541 185
1752 1589 259
188 963 89
1879 1666 303
1256 448 333
784 380 70
174 3437 42
381 3246 348
1187 697 57
1484 475 89
2186 1504 71
530 1552 72
640 590 89
240 2494 12
208 1711 57
1273 753 56
1314 2082 28
1498 1785 318
1155 826 43
1357 98 70
486 2212 32
969 3473 83
108 927 285
789 2833 89
1503 3427 278
1572 4852 278
871 2736 44
163 2533 368
1169 733 213
414 82 34
460 2474 71
143 455 107
932 1437 172
1329 4997 57
1430 2464 99
1161 3537 444
767 5501 82
332 2239 205
1022 417 92
1305 136 73
71 4075 199
1701 447 181
1601 2259 89
983 1314 303
46 1306 186
121 634 70
1580 1725 42
64 277 316
678 1408 54
355 767 78
1420 71 72
483 2567 201
1673 2803 40
1411 4236 404
692 472 100
116 1996 57
1851 3160 206
1873 1380 473
2184 2405 83
613 273 89
2319 543 172
1095 3775 89
507 4156 246
1068 5181 316
1229 5292 258
1382 710 89
10 2879 98
161 477 89
2039 136 73
1488 5157 71
1502 543 172
2190 2670 287
887 643 364
1009 1277 44
2120 5448 368
2255 923 12
279 1297 72
1350 2667 314
1131 2324 97
530 2616 370
1391 1459 364
1953 318 234
1019 561 107
23 653 441
231 1155 44
517 2914 386
341 650 409
762 3671 71
832 1937 307
1118 4814 411
1586 3089 232
198 17 43
1401 568 333
1591 2796 137
52 2008 71
119 3389 451
111 113 71
1407 29 12
52 4997 57
659 3163 233
168 860 172
1171 459 73
706 566 21
2196 33 32
1056 435 73
683 2780 56
804 956 41
974 468 78
1568 2191 33
389 4473 295
389 769 107
647 292 363
490 875 73
413 840 386
1095 1084 10
139 415 359
348 1674 326
1005 422 143
1820 3664 33
656 1880 97
795 4640 94
1711 1661 139
280 2955 370
1261 701 72
1844 4707 209
797 1220 213
231 287 307
1158 2252 21
1683 1618 40
1505 1990 213
731 4781 43
1423 1023 98
879 705 384
1071 1545 246
374 2701 137
233 37 138
1188 710 89
1798 112 384
1787 1880 97
593 563 44
1195 448 333
717 1038 398
89 497 307
689 239 24
212 1695 72
38 211 361
620 489 72
1275 508 359
1486 391 89
861 454 56
358 1558 72
978 470 35
1275 33 32
560 4389 57
403 3458 333
1864 1154 97
289 667 24
1237 1615 38
1807 1896 56
198 2415 56
2082 1984 271
1463 292 363
169 1342 89
879 1426 57
390 4351 206
145 4745 43
1866 657 185
1407 2523 56
1357 2454 190
657 1753 442
1849 2027 439
1563 347 40
645 2613 206
133 1436 34
1101 2 75
60 844 40
1572 98 70
2031 3427 278
1796 106 120
453 4909 12
816 37 138
71 376 55
1093 292 363
1212 298 71
1441 969 72
819 2761 303
343 269 54
581 221 89
2297 289 56
374 2327 213
1459 5214 275
1419 591 89
1009 2895 444
1296 3022 42
279 5495 234
166 27 307
454 2096 232
1660 255 285
1586 3554 32
850 1999 12
1419 5475 278
1218 4509 57
291 4217 396
59 17 43
1877 589 89
1131 3337 192
1220 162 38
1103 95 56
744 3526 260
1892 1110 348
382 1210 307
403 1257 91
1245 360 57
742 3286 138
93 237 71
1300 136 73
1530 77 91
1765 360 57
2108 756 57
795 798 89
71 2979 89
1166 1353 71
725 710 89
1161 3597 71
335 87 24
1797 1343 318
1798 71 72
115 244 71
779 458 74
424 761 57
495 2812 270
470 3529 363
1658 937 361
311 1179 63
814 312 42
640 3674 47
1228 1093 56
2150 1213 143
1311 1665 325
1463 485 72
58 287 307
1237 621 12
1235 393 71
1003 5450 82
51 2317 47
388 733 213
1523 616 271
502 2194 44
869 3965 105
1827 88 276
196 1253 73
1300 423 285
1548 590 89
955 1538 285
329 179 49
1160 1049 32
2297 1968 318
779 379 209
671 2315 271
187 3664 33
282 4810 210
377 214 333
1008 2166 357
1130 1551 72
820 214 333
770 1331 457
794 746 303
1131 27 307
640 2358 427
1315 3086 10
2029 454 56
1727 1907 113
942 915 57
1908 3607 442
1284 3254 71
886 498 190
1817 392 89
53 2310 71
1178 583 278
66 344 137
21 66 363
550 1216 89
85 3758 10
1528 3256 48
412 108 71
587 1712 71
771 2158 89
1464 4590 82
286 5068 278
1249 1175 415
1410 448 333
673 4294 44
2090 422 143
1903 2070 57
1652 4399 104
318 2328 107
501 1761 33
1455 101 307
1287 97 71
814 5000 56
169 3886 57
13 2650 56
193 974 92
425 5391 73
1414 2266 412
1136 3958 33
31 2084 72
754 27 307
303 2845 271
803 1547 185
616 772 89
522 1262 117
760 4154 96
1149 4552 104
689 621 12
1513 68 71
216 314 119
74 3578 72
992 851 84
1776 4310 449
442 2069 57
1036 2051 94
60 741 70
668 986 89
490 2053 72
1047 472 100
779 635 271
1852 4799 32
1000 1583 73
807 1862 159
156 809 42
637 5061 72
1516 29 12
2032 68 71
390 1328 473
779 3665 242
375 688 89
225 483 72
1814 589 89
726 2631 393
887 1671 206
1224 4347 63
2209 3343 71
2086 2941 404
1341 591 89
1030 5180 295
1296 5083 358
106 392 89
1023 543 172
396 675 285
546 2648 471
667 588 70
1063 3119 363
280 591 89
1111 4700 168
1064 5061 72
270 5345 409
1735 520 89
1290 1838 72
542 1359 71
2277 3830 299
1154 174 54
1218 32 56
1315 1626 72
1321 1060 457
673 114 72
857 1359 71
414 3427 278
437 3016 112
64 498 190
1155 1285 3
242 469 295
1281 4418 370
270 2444 12
1247 1146 33
707 4849 12
594 205 70
1384 162 38
794 76 89
1728 4328 285
149 76 89
63 3023 89
240 2174 14
145 3454 12
955 4439 73
432 77 91
181 998 70
648 1471 73
1112 418 307
584 205 70
767 903 62
1355 94 276
762 2314 73
194 2191 33
454 1010 71
589 3429 34
265 635 271
91 492 12
689 1969 89
225 37 138
436 85 89
923 12 276
620 272 56
229 1123 112
1270 2869 32
1401 97 71
808 624 57
217 2839 91
831 2027 439
1615 2607 12
834 4858 379
1187 3532 57
711 27 307
1487 3427 278
585 797 39
195 2846 43
381 228 72
673 2266 412
893 743 72
1575 2523 56
2100 68 71
889 590 89
456 2136 73
1103 4363 72
821 525 71
1292 379 209
1468 470 35
1642 892 54
483 3013 57
1138 211 361
889 973 116
1404 32 56
1008 1337 87
1151 17 43
1301 1682 206
157 822 24
1464 971 72
1828 4622 333
1841 1210 307
1136 5146 89
1536 915 57
390 3414 426
1961 1815 34
1530 2618 453
1481 701 72
955 816 12
363 568 333
144 3432 57
2214 1032 43
989 1273 107
1765 440 10
2117 589 89
1516 63 71
2247 29 12
996 1860 89
1967 2422 327
1082 382 39
730 2237 235
346 3904 293
1646 136 73
1508 4060 278
145 4919 72
1201 145 56
643 820 40
374 515 41
1981 6 160
542 2898 70
192 3822 414
275 582 85
306 1211 94
808 2094 71
1147 170 66
1819 2957 424
597 2004 107
1189 2386 480
1775 417 92
1708 2303 453
989 841 40
1228 469 295
585 3218 73
1038 767 78
1248 3269 91
1253 1088 221
225 661 72
2254 181 453
1302 4490 104
974 205 70
1544 1984 271
1195 902 43
97 147 56
459 2 75
181 913 180
319 3308 185
336 500 44
1197 375 55
1003 2592 75
1177 710 89
193 975 71
1856 5247 71
140 316 32
2015 2589 11
2278 5346 192
265 229 43
67 3542 185
655 588 70
525 2863 12
1173 761 57
835 4137 32
203 792 231
480 3842 139
93 230 70
1760 1817 72
1104 289 56
196 2197 10
807 5594 338
1445 1605 54
1300 3013 57
198 2077 465
1760 1362 73
60 403 25
270 225 111
1844 216 276
1535 3448 44
1 136 73
619 76 89
560 2554 292
2116 1019 375
565 2844 276
1585 1277 44
1857 5023 43
1067 68 71
955 847 291
127 4125 32
1814 4079 258
571 73 72
1173 211 361
71 761 57
1443 111 43
1692 319 57
1929 1211 94
99 2668 281
2240 3874 267
1746 2800 285
671 4838 304
764 4837 184
1612 4371 10
635 605 137
1209 1012 72
1532 3596 185
1444 136 73
691 1310 466
99 1215 91
549 4424 323
1078 3824 364
805 211 361
1274 1331 457
1373 136 73
673 753 56
689 29 12
1344 32 56
846 3484 72
1143 3486 382
1677 691 57
1843 425 57
1813 2844 276
547 3822 414
58 1747 78
1812 2436 349
819 17 43
1245 29 12
851 1 463
396 678 259
480 779 143
1460 1408 54
824 2651 205
1582 3964 105
844 440 10
212 398 89
946 2001 89
879 2615 366
62 1463 73
1292 361 333
250 1337 87
1503 361 333
1615 4472 116
765 3709 56
396 1544 33
758 7 78
1813 214 333
861 3994 307
68 3607 442
1188 2698 136
1336 630 111
1416 2590 271
1322 1085 57
1244 3923 404
717 1227 318
1392 698 333
164 2535 137
304 1471 73
549 289 56
2002 3440 39
588 3368 89
1817 892 54
1584 4826 348
1861 3254 71
556 728 113
1325 3360 295
665 214 333
1405 763 25
408 3465 67
1499 4012 370
824 101 307
618 1902 333
826 2182 79
1167 174 54
670 1878 33
552 400 325
1425 298 71
77 2811 206
747 557 325
1714 396 185
610 75 89
1416 4967 268
874 492 12
719 791 71
871 2132 33
1455 29 12
1118 1671 206
698 2059 206
1792 71 72
1442 2909 190
689 101 307
698 1797 50
114 2841 55
364 470 35
97 344 137
1738 483 72
513 2345 57
2183 4684 205
2309 302 71
679 705 384
114 1 463
543 4418 370
1137 4321 333
1228 1234 107
969 5116 73
520 5328 70
351 906 370
466 470 35
895 5161 212
549 2543 246
1269 2701 137
5 1519 71
1212 2981 210
1803 1081 72
1009 4042 71
1076 137 135
254 314 119
446 1652 12
26 2674 71
902 379 209
899 29 12
784 99 70
1590 2528 449
566 183 115
491 3879 89
519 1781 56
247 3778 71
1058 192 57
1248 174 54
27 106 120
2108 2176 11
727 2329 100
384 250 89
1339 76 89
195 2262 88
910 844 40
388 3979 180
566 2036 70
1202 958 44
95 311 125
7 2046 56
259 1240 72
126 4039 278
589 1839 24
361 201 162
1145 136 73
1568 1697 55
1178 1193 72
272 4430 364
308 114 72
180 231 72
31 1802 34
784 85 89
1299 5058 208
2285 181 453
1412 5012 5
1796 1646 89
1493 3292 207
720 1713 73
770 1410 12
565 349 90
159 1839 24
504 836 312
497 2662 71
1324 542 396
937 1211 94
42 1833 87
1724 4418 370
195 404 43
549 2302 32
829 5036 278
623 787 201
1248 2100 113
825 3836 171
1081 4009 465
787 781 453
814 2607 12
2214 798 89
819 1127 259
1854 4874 368
1059 4419 44
974 4763 32
1199 344 137
174 4427 406
1505 1978 87
327 2421 273
1476 25 79
689 915 57
1436 710 89
217 208 32
100 1551 72
110 1976 57
25 23 274
1363 772 89
1342 3889 105
64 569 71
1532 906 370
799 396 185
1519 4462 185
795 4556 73
1410 454 56
912 1057 246
1412 2186 78
651 3729 10
1064 1286 71
241 829 43
771 764 143
390 782 44
1221 1200 71
637 2267 89
301 1825 44
46 807 108
1956 4310 449
70 3110 57
141 1825 44
1050 1629 234
1064 1364 60
173 930 227
965 4104 172
1275 536 42
487 1906 32
217 5488 97
2229 5290 79
1895 4044 70
1579 4398 364
2117 656 285
1269 435 73
145 26 109
2218 701 72
351 4005 44
286 3156 453
141 418 307
1242 2595 10
792 2222 88
952 636 107
994 216 276
1523 327 43
1516 4724 93
1955 440 10
383 980 113
221 3048 191
879 682 264
336 2037 333
277 1046 206
895 159 457
288 162 38
1305 1712 71
1171 547 12
948 728 113
610 1670 284
149 2721 88
291 202 56
1438 272 56
747 761 57
212 748 44
599 2479 89
1413 5573 162
1842 522 42
360 2822 349
847 1176 89
321 318 234
1548 2841 55
939 3371 430
1189 2011 31
2163 3803 56
160 68 71
1021 594 112
846 3837 364
1849 97 71
876 470 35
779 1817 72
714 2069 57
1235 2450 71
1020 1251 12
233 2772 32
620 1382 72
361 1798 25
1107 3091 72
366 200 109
648 1146 33
958 88 276
573 2627 70
1178 390 163
59 301 56
571 5579 468
430 3157 97
1479 980 113
1025 781 453
1595 2337 473
1419 2299 71
551 31 33
1561 1096 396
2284 1233 57
110 603 71
1147 761 57
353 2311 56
573 287 307
2231 3451 65
2273 1217 338
324 435 73
22 3997 278
2224 1006 286
617 15 386
400 184 12
1757 363 71
144 359 56
248 1746 78
197 4061 70
654 1739 57
295 1333 64
1089 1033 73
1481 2878 285
452 1712 71
1436 2800 285
496 2239 205
381 2804 12
57 284 56
955 3822 414
259 981 73
324 4083 71
460 673 120
2303 1331 457
969 289 56
2029 4686 70
1574 2027 439
1155 289 56
599 1430 55
374 1619 40
718 2251 373
521 379 209
436 2003 209
1660 995 285
965 628 174
1492 796 107
724 1409 135
412 646 42
376 2975 405
1029 27 307
869 1894 241
2286 47 71
1056 4018 104
1114 3770 105
2046 1802 34
1179 795 89
549 3983 412
1388 3758 10
1139 1390 355
384 306 72
388 958 44
365 101 307
1353 205 70
541 15 386
323 29 12
193 49 42
5 1200 71
1216 116 42
948 557 325
539 3427 278
1367 4419 44
755 648 44
370 2448 381
351 1683 10
341 4771 56
166 5169 57
1481 1377 12
361 3703 49
1514 666 43
1209 272 56
1991 440 10
1168 4725 457
317 63 71
2186 422 143
1365 3581 155
2266 3554 32
1663 1299 307
1133 1260 260
581 453 89
1407 305 159
1234 2438 120
40 1399 107
170 3259 71
141 777 71
1020 4195 355
1524 606 9
1825 851 84
51 1871 41
767 1222 12
931 3191 258
270 2376 43
979 1538 285
207 1872 72
846 860 172
588 1550 43
566 4003 9
46 3199 31
912 2616 370
521 1964 54
374 570 12
184 1217 338
585 3713 9
362 1069 89
868 4232 74
452 1174 145
640 4284 32
1400 4617 91
617 1221 338
1858 915 57
92 2164 192
1022 1246 75
51 29 12
64 439 285
145 853 13
259 27 307
997 2244 468
717 3427 278
1153 1984 271
26 1723 71
795 942 113
1143 4383 225
1403 112 384
876 2161 9
152 804 72
1480 1331 457
834 937 361
955 4783 185
871 4561 278
1344 3921 57
1237 92 38
454 2124 354
668 2056 453
437 3869 71
1594 3249 337
984 33 32
740 2389 33
451 4886 73
1178 4571 335
1567 628 174
1250 347 40
1963 3097 70
444 437 284
1258 4376 104
687 2722 101
2279 470 35
1414 489 72
851 4028 38
1209 3625 6
1413 2878 285
1194 831 117
791 561 107
31 518 363
808 4098 70
2218 1174 145
322 561 107
560 1089 43
1586 2036 70
207 502 107
1754 101 307
140 1835 72
1923 5424 213
989 2973 72
1634 3130 97
1761 6 160
1281 2805 12
187 528 89
844 1620 307
490 2128 88
1624 4970 408
1036 2090 374
1248 489 72
1211 2498 366
194 231 72
764 2105 185
1951 382 39
373 470 35
1302 4789 49
987 2960 38
573 99 70
419 2580 259
195 340 56
461 3735 56
1219 1331 457
851 906 370
874 91 81
1026 1558 72
778 5470 72
1831 1436 34
114 393 71
2256 272 56
2216 91 81
1224 2404 56
97 37 138
116 2664 72
1353 136 73
1422 29 12
2015 76 89
507 831 117
1695 472 100
162 27 307
1700 4396 71
687 4635 57
768 76 89
74 892 54
2080 2956 71
1346 1121 70
1194 1070 70
362 1215 91
1870 735 453
1644 1252 44
1487 470 35
1487 943 113
737 835 72
306 466 55
637 277 316
1043 70 113
1206 1773 71
879 3367 235
708 1411 32
724 3433 159
1369 847 291
492 1366 54
186 4741 172
1226 1602 107
191 3868 241
876 687 9
662 27 307
79 436 303
1214 1780 34
87 465 12
858 774 32
630 32 56
1223 85 89
713 248 384
483 1181 392
1777 242 33
1669 82 34
794 887 305
1156 1661 139
1146 4963 278
2000 76 89
668 1353 71
819 2602 285
1760 2414 201
46 678 259
798 4524 384
77 2956 71
1170 1725 42
827 606 9
264 864 260
1246 3964 105
846 275 465
2178 439 285
780 2569 12
1273 121 89
1369 903 62
819 4932 209
876 4320 292
746 1375 44
108 5298 12
40 1764 303
272 5037 303
802 99 70
1728 5588 172
130 837 395
492 2314 73
740 3705 57
2275 316 32
1605 1996 57
1111 2260 251
2029 3192 70
1476 400 325
1746 2666 226
1702 2405 83
1228 2701 137
1191 3543 185
569 2825 15
1577 79 353
1998 1393 276
270 4595 232
979 3363 303
248 710 89
1249 4323 12
246 1076 415
678 318 234
552 440 10
1455 4198 278
1134 4523 44
1863 1000 89
1052 937 361
1375 3381 89
1 2276 359
1132 1545 246
1672 3784 364
1546 998 70
1153 568 333
2221 3472 33
636 1251 12
1363 1451 75
144 272 56
984 3401 274
869 174 54
302 118 44
2062 92 38
1567 647 303
1138 1558 72
1540 4051 172
1200 1441 152
1578 3935 57
2077 334 12
2176 136 73
1370 3706 89
1581 1754 73
1188 453 89
1149 835 72
648 111 43
110 4080 71
222 2541 333
480 1091 73
248 136 73
615 4115 33
132 4606 316
317 1656 250
1107 94 276
375 3502 42
308 4796 71
2253 2137 176
346 3717 43
64 321 190
317 1696 89
225 4535 369
1480 982 56
1135 1331 457
437 741 70
2119 4541 348
1574 3019 137
154 153 71
159 1337 87
1141 840 386
410 1525 56
1817 4399 104
1328 526 47
308 829 43
1360 1449 44
1788 4005 44
803 3716 185
1710 5457 303
161 6 160
92 27 307
1527 164 111
389 2611 206
1460 1602 107
1487 216 276
1863 3600 71
1644 1364 60
1516 988 137
2227 983 57
1989 435 73
23 81 451
900 272 56
1053 72 71
867 533 42
731 2330 187
549 211 361
599 4003 9
1853 322 190
2237 1754 73
1209 4645 107
1314 1258 73
1016 1999 12
1281 342 24
427 576 63
74 399 213
663 1275 142
1085 4328 285
94 3873 137
1287 2543 246
186 5209 319
1106 3761 189
127 4095 469
1807 603 71
1269 3556 12
125 1969 89
1022 3960 33
1565 68 71
1784 336 33
1487 3801 89
1477 3427 278
1305 3370 43
945 659 303
46 175 104
277 3715 56
1955 525 71
1446 1451 75
1818 4020 42
328 1459 364
1133 4962 54
1126 3568 278
1270 2252 21
862 577 105
2195 1656 250
1302 2660 107
196 933 77
435 653 441
775 3427 278
1890 1671 206
1760 3898 213
1488 447 181
1223 563 44
360 29 12
1074 2077 465
1444 4162 25
1395 4844 57
1760 440 10
916 3400 28
435 2146 144
308 953 70
673 1057 246
1588 4809 454
31 1382 72
1258 148 453
483 323 89
656 458 74
1054 1749 453
1692 362 71
1183 851 84
551 816 12
1245 263 271
1439 4670 57
15 359 56
1380 983 57
192 4140 299
620 1886 328
18 1615 38
607 2683 473
2284 588 70
1791 379 209
1336 2821 73
395 69 71
1797 2185 56
588 3050 71
961 458 74
647 5037 303
361 440 10
41 1490 268
373 1247 57
131 162 38
2204 139 404
387 1009 260
1299 2301 57
1144 984 71
1155 3643 361
1145 1937 307
1321 659 303
315 174 54
22 71 72
1300 5045 10
1536 563 44
355 3334 43
1813 1218 185
794 3106 251
894 1613 213
2220 2955 370
52 72 71
1179 1046 206
2096 4245 278
1338 3781 412
60 2346 43
444 400 325
219 2591 56
395 2400 55
795 4637 70
1199 448 333
1341 1098 89
417 899 79
907 3504 71
2269 717 236
974 2710 71
763 2622 40
2198 17 43
1228 1910 72
367 164 111
1521 205 70
339 82 34
635 563 44
1696 4368 71
854 439 285
140 1417 72
1349 3624 172
1391 470 35
617 2674 71
1131 1211 94
263 36 44
108 1451 75
1127 4702 71
1361 3589 146
931 145 56
1328 728 113
1541 1136 303
225 2262 88
1365 2326 159
1140 962 89
823 2049 56
597 162 38
1966 864 260
954 85 89
507 2121 43
427 1530 271
1082 1956 209
1297 32 56
1600 2071 258
332 1304 78
780 101 307
604 939 89
1290 1439 34
1636 2056 453
1244 1936 72
1166 4329 12
1460 3167 83
213 33 32
473 1813 357
1629 915 57
1513 4353 32
2196 621 12
808 2047 56
90 481 190
154 606 9
1440 4547 206
538 1046 206
152 2077 465
2232 1735 41
549 1680 412
1015 3859 56
1153 1648 239
1790 4238 278
1552 68 71
1692 627 232
297 586 12
109 400 325
256 4266 75
1851 3402 206
145 2296 12
543 1686 56
1467 2340 303
1266 1134 286
320 2454 190
1395 4427 406
166 1951 300
549 2521 85
1370 833 307
903 322 190
824 3727 92
1360 3729 10
699 1842 70
75 411 25
1267 920 192
668 4130 73
1187 3407 71
1102 4453 73
248 201 162
597 98 70
115 765 24
1565 509 190
804 382 39
2096 4564 279
1195 974 92
373 899 79
1798 518 363
2022 327 43
495 98 70
1516 732 271
212 3012 57
939 3517 276
1096 2047 56
1481 6 160
1272 1437 172
1103 176 104
537 628 174
1488 735 453
483 1254 285
360 76 89
194 114 72
446 2703 137
2155 865 303
1181 29 12
1434 1249 72
19 289 56
1017 4965 206
644 4615 43
1407 580 66
205 4408 56
161 1461 5
835 1677 386
688 2254 468
1275 3857 40
467 970 52
1180 3330 338
1624 4392 303
437 97 71
292 5039 42
941 1218 185
25 4796 71
789 891 137
550 3356 56
1667 330 190
1550 715 32
375 5212 57
1440 25 79
1405 98 70
2246 490 159
1388 608 43
1329 27 307
1410 327 43
279 1501 71
124 685 40
1376 98 70
1143 1980 224
521 3578 72
1136 164 111
600 1374 363
1155 138 79
1026 2724 71
753 4852 278
1362 112 384
1283 878 73
648 4778 461
1115 525 71
93 557 325
661 1632 71
286 983 57
1431 198 54
17 1833 87
161 2945 292
1202 2316 64
990 3330 338
1601 2183 70
405 1676 73
615 1149 33
1294 1226 457
236 1043 70
1300 567 219
1395 4280 137
345 3896 92
1169 3160 206
617 2800 285
613 2545 72
390 2895 444
206 1040 89
1799 1046 206
447 2082 28
115 2829 87
1193 1260 260
609 73 72
1538 1358 89
623 972 43
536 3026 409
1672 1596 284
92 68 71
1423 3601 71
1657 411 25
743 2571 72
174 400 325
798 616 271
605 558 111
552 4314 278
1946 1267 103
1584 2533 368
1440 1886 328
387 231 72
809 701 72
680 5249 57
12 1837 72
1239 4499 45
420 1547 185
814 3427 278
195 1027 54
1388 4218 10
1294 687 9
790 3037 285
1066 148 453
729 439 285
754 3538 453
540 1528 12
1646 33 32
141 629 275
1399 687 9
691 485 72
1166 5059 246
9 1388 10
788 2034 10
1566 1300 71
1314 3586 89
773 485 72
321 2969 55
292 439 285
180 19 44
1245 2501 206
791 599 33
743 40 72
1302 1990 213
1092 2124 354
1186 1146 33
1313 1238 72
1851 3721 185
2192 439 285
790 171 12
1395 2456 24
580 1997 71
73 827 89
78 1258 73
67 657 185
934 4399 104
173 2815 113
42 196 89
795 5305 73
1137 821 71
1974 5235 55
209 298 71
1183 29 12
1318 1976 57
180 908 42
541 1712 71
622 1557 72
1074 584 10
1720 4670 57
580 456 70
1081 1664 56
46 856 149
1211 400 325
1721 915 57
110 1966 10
1516 2 75
144 765 24
41 3898 213
625 141 72
108 1688 43
125 688 89
1472 363 71
261 71 72
1371 265 115
1344 709 137
1252 5045 10
513 118 44
1056 88 276
393 659 303
678 5048 71
1011 277 316
13 2752 34
1828 2941 404
2005 643 364
511 379 209
1678 2 75
180 5428 427
236 822 24
60 3869 71
521 866 73
39 539 55
1012 4854 15
1178 1251 12
154 4105 78
512 2039 91
920 2354 66
1754 214 333
1547 98 70
663 2063 42
1475 4399 104
124 1034 54
793 101 307
926 2956 71
979 647 303
1015 3427 278
979 3961 260
1195 1353 71
980 697 57
1141 1548 185
560 3005 88
760 2469 120
105 277 316
222 83 13
97 1947 9
1953 783 252
209 477 89
1187 98 70
1225 164 111
936 2380 350
1813 4099 57
991 164 111
1102 2752 34
1131 3576 12
1258 4726 185
289 619 72
747 993 57
514 1643 73
161 85 89
88 2376 43
97 1615 38
324 321 190
1787 27 307
1327 412 200
2101 2360 237
689 2933 105
1683 1408 54
273 1277 44
861 2200 32
1814 3425 56
1375 3653 104
1530 937 361
929 1112 73
1064 1070 70
1972 1384 71
1063 36 44
501 340 56
59 3249 337
543 1201 72
1120 447 181
989 2027 439
1312 2584 71
88 3482 89
45 1835 72
2027 3221 116
1244 448 333
365 114 72
1064 2001 89
92 3216 285
113 1237 66
1039 202 56
1406 3451 65
1923 4482 268
1026 27 307
194 787 201
1206 2623 276
1477 3074 73
1586 245 95
304 3427 278
1278 2169 338
1078 1709 384
341 568 333
671 1666 303
549 41 55
1864 253 89
2130 125 258
1420 1 463
208 4964 57
1140 2406 65
279 2396 41
1963 4192 92
2125 3473 83
302 352 33
2079 2679 278
1262 1099 449
1230 145 56
247 414 71
270 3681 107
1918 2672 209
605 3010 86
549 1871 41
349 958 44
805 37 138
113 6 160
5 2369 71
58 525 71
610 68 71
270 807 108
635 3649 89
1157 136 73
1131 3601 71
1637 533 42
490 710 89
595 554 57
1251 830 118
989 363 71
454 2970 89
64 380 70
1223 4411 303
52 5194 278
415 1691 70
161 2907 89
420 1057 246
552 663 70
311 1115 121
1102 1348 44
57 749 43
1428 3624 172
837 3026 409
332 136 73
1966 68 71
6 1254 285
425 501 44
93 36 44
1070 1347 306
2239 1109 89
699 1321 137
452 5007 340
1245 1466 143
1062 359 56
2142 68 71
375 5460 33
1349 439 285
902 1210 307
1270 5037 303
436 2904 43
68 294 363
1498 3442 318
151 711 89
297 591 89
1270 2361 104
46 561 107
1160 3245 199
1009 4113 142
1965 1327 79
75 407 104
1174 3825 364
131 835 72
1798 1359 71
918 4481 384
291 2167 57
78 431 43
647 342 24
724 352 33
795 5310 276
990 2046 56
1256 3666 276
1487 1249 72
14 1620 307
1480 538 172
1535 25 79
1740 234 82
333 1046 206
785 2696 292
1417 3139 285
1082 2984 305
1076 2666 226
712 3348 32
427 1 463
1403 97 71
330 3462 40
1035 27 307
1036 3992 43
478 5408 73
781 1768 48
163 4557 172
297 36 44
1844 313 421
191 829 43
173 1080 96
851 192 57
315 1528 12
399 1200 71
15 101 307
874 136 73
1484 3524 78
301 1034 54
2099 1401 69
609 1073 434
1700 211 361
1925 292 363
1658 647 303
360 1850 272
480 1175 415
1153 2243 141
460 5566 307
270 192 57
64 200 109
939 139 404
312 5376 279
2016 2659 41
969 3128 468
859 5375 285
792 3172 247
308 1786 57
1009 1034 54
1536 1561 57
1744 1501 71
1338 1228 185
1856 1046 206
1410 368 56
216 794 72
1774 3337 192
2211 4854 15
209 422 143
689 1277 44
1219 3402 206
310 165 12
611 588 70
725 230 70
2030 4401 371
2162 3167 83
2219 1231 276
480 2254 468
1141 493 15
1035 250 89
874 76 89
388 341 137
1141 2782 246
597 1283 5
1104 162 38
1797 469 295
297 358 279
882 929 55
66 1479 97
652 4920 457
1729 27 307
1483 1260 260
1879 472 100
1272 1712 71
270 4292 40
2069 307 43
30 115 113
1009 2301 57
1318 2774 72
1443 4067 56
789 546 89
62 525 71
2204 4733 333
777 3057 89
1222 5402 137
778 431 43
1064 5511 478
106 5578 10
1858 842 57
364 903 62
2297 447 181
538 1589 259
1825 97 71
1472 915 57
286 1099 449
1338 29 12
931 4568 89
880 656 285
1644 205 70
90 3228 383
507 3170 88
440 614 113
1738 777 71
860 875 73
808 1800 56
1391 955 31
270 551 67
259 2080 92
837 211 361
298 439 285
1008 1503 72
560 712 89
2112 1143 295
233 71 72
656 3138 72
1753 3990 303
1326 211 361
197 1841 89
192 1976 57
979 2144 258
689 2811 206
1076 1174 145
1253 1221 338
1645 2607 12
501 99 70
1543 1246 75
31 2456 24
540 388 402
948 564 91
1218 3181 333
1283 4400 300
379 1386 33
753 5220 71
393 1658 148
620 319 57
358 1615 38
1572 508 359
1180 76 89
1992 4804 32
1413 2083 56
1265 697 57
1199 3013 57
246 211 361
1447 459 73
749 4985 57
459 2753 33
497 1921 425
1212 895 38
2261 136 73
1852 277 316
490 2908 89
158 400 325
1380 4689 57
1856 2217 276
1189 448 333
1578 2527 316
889 6 160
286 88 276
1018 634 70
1271 724 89
1512 761 57
792 787 201
246 379 209
876 4565 282
1087 643 364
1262 136 73
373 3233 285
1247 81 451
490 162 38
1279 3895 105
1474 826 43
1567 2414 201
2023 656 285
457 101 307
207 4627 12
794 506 215
2282 647 303
179 1961 137
395 1377 12
1708 2254 468
358 2957 424
824 277 316
1749 604 55
1622 4632 40
736 2286 34
132 76 89
1410 4039 278
1252 655 89
1581 886 71
179 489 72
1514 331 56
1777 5006 70
1459 145 56
1979 525 71
647 2579 341
1429 3436 177
876 3953 104
677 68 71
1148 139 404
1278 2918 259
1757 361 333
1039 2047 56
1544 2989 267
71 1797 50
1561 396 185
159 1683 10
1717 2800 285
217 3427 278
151 253 89
1639 360 57
1427 3427 278
1050 777 71
1217 2984 305
1140 5062 65
1024 2095 163
920 241 107
948 4658 275
1227 347 40
348 211 361
1672 995 285
1567 136 73
108 921 77
248 4005 44
511 1483 43
659 379 209
2125 1227 318
969 5469 453
588 3168 221
533 176 104
1202 2595 10
749 3427 278
631 3394 54
749 1781 56
1216 2195 10
1654 847 291
143 475 89
159 710 89
541 2095 163
1035 4439 73
318 3015 97
961 3045 41
301 767 78
542 724 89
452 485 72
1719 619 72
360 101 307
760 4419 44
1096 1476 251
327 394 71
1214 4029 44
2004 4760 278
814 106 120
1311 978 57
842 4398 364
420 136 73
42 273 89
1357 448 333
1004 4303 57
1263 837 395
939 4148 43
74 1691 70
1962 136 73
59 1124 72
147 498 190
879 643 364
1809 1046 206
825 2098 33
1588 1160 359
1143 493 15
1355 2899 72
798 621 12
1065 1994 231
1711 5049 275
661 162 38
939 1304 78
135 454 56
1055 940 42
159 610 173
691 214 333
594 633 271
162 4192 92
438 440 10
396 1192 92
395 140 253
199 400 325
1686 3916 83
499 202 56
629 162 38
565 1558 72
1381 1987 72
1051 568 333
657 1175 415
379 5419 414
1862 5 73
1300 1172 25
2315 3591 88
607 4372 404
1033 302 71
2016 4306 43
511 3404 89
2309 527 71
1734 774 32
1601 1102 29
1923 76 89
566 1158 32
1226 4666 65
516 3609 33
1622 135 307
254 772 89
668 88 276
1336 1735 41
989 2465 40
823 1146 33
140 97 71
1201 316 32
250 1429 213
1244 1739 57
2175 17 43
935 3852 277
1575 71 72
995 235 32
1713 2829 87
1505 3487 56
955 1676 73
71 530 12
641 72 71
1619 2926 12
1982 1063 457
193 483 72
141 2056 453
1359 4234 278
783 3601 71
989 4546 89
553 1791 12
526 1919 310
490 1419 73
144 1 463
1492 4720 324
45 1568 206
155 221 89
834 2077 465
468 306 72
92 495 92
1144 1985 12
1226 1968 318
387 1630 363
240 118 44
578 4844 57
1075 4663 56
779 4599 104
1571 1755 72
1420 498 190
2156 3427 278
1196 1421 9
1332 2056 453
1145 4473 295
571 18 268
390 3452 72
86 1938 24
2093 2141 303
1115 1545 246
1590 88 276
1460 3442 318
300 4720 324
455 272 56
1193 5459 259
1199 1712 71
808 2668 281
1581 205 70
1204 2277 65
1062 1046 206
270 570 12
2112 359 56
222 486 107
240 25 79
997 1312 458
1272 3977 363
1167 4284 32
1963 1358 89
1115 2597 38
209 1584 88
73 1836 73
930 2667 314
1300 1254 285
2142 5572 71
404 1274 167
19 49 42
444 209 32
875 401 159
1615 298 71
1375 1221 338
1361 211 361
1207 4911 103
517 4285 172
160 2001 89
1074 440 10
1221 3696 24
370 2407 32
1974 2581 437
829 2266 412
1636 181 453
789 1917 89
91 162 38
279 4427 406
1796 3202 82
1281 417 92
1639 3913 56
2042 1551 72
1569 2229 370
1227 227 103
341 3587 56
1483 1451 75
736 1926 89
1047 585 89
115 644 383
1086 1221 338
86 211 361
1671 2156 31
1017 1990 213
563 68 71
708 252 363
1373 687 9
2152 2309 47
2316 2077 465
614 2607 12
1539 4183 185
1578 2474 71
1774 1998 56
779 4366 271
931 750 70
1070 1858 285
1847 2095 163
582 4743 392
1995 183 115
597 2309 47
870 4399 104
1410 1748 307
1318 448 333
1609 29 12
1021 1968 318
124 24 44
2205 3752 305
1050 767 78
1499 4164 71
111 4594 34
1292 61 129
1456 272 56
1662 3936 71
2190 2222 88
872 322 190
1903 2358 427
230 477 89
473 3384 303
1665 3783 73
151 772 89
2275 2912 89
298 591 89
1550 1903 55
60 2188 75
787 3626 89
900 1337 87
1003 2564 182
44 1555 299
1672 1876 89
2305 748 44
181 826 43
1215 3101 54
1982 1310 466
151 374 89
136 269 54
1035 2365 213
1699 4626 120
993 2517 57
779 3034 457
1455 436 303
1619 1027 54
1802 4552 104
1417 5306 303
846 719 63
1666 1859 437
2216 76 89
1308 1600 333
690 543 172
1603 324 38
1780 1277 44
872 2022 72
1194 800 246
691 1909 42
1745 856 149
1380 3427 278
2189 590 89
1470 1322 55
1440 324 38
332 538 172
1404 4061 70
939 149 71
1407 221 89
795 3242 202
1829 88 276
644 4753 12
1020 318 234
1590 3461 457
2279 299 364
1035 1908 70
369 2082 28
626 1004 303
546 288 33
64 342 24
1322 1249 72
159 742 71
2192 3940 278
747 591 89
754 906 370
180 4557 172
60 27 307
1115 2005 107
593 4574 43
266 5229 73
2195 1175 415
709 1654 354
1094 3725 71
304 4399 104
882 1686 56
517 3213 285
1022 1388 10
841 3692 278
1475 4657 44
2104 3865 320
1337 364 276
1367 36 44
305 4601 29
1511 1276 317
1298 636 107
605 205 70
70 420 190
256 1256 303
304 4128 209
1543 3761 189
1502 6 160
1709 591 89
525 3015 97
213 458 74
1084 1251 12
1369 1682 206
2209 4254 79
122 1 463
1141 635 271
707 701 72
501 3155 72
362 5119 57
161 561 107
278 3180 286
780 4051 172
1 102 221
403 1675 325
542 9 475
466 623 57
1024 70 113
330 2601 71
467 2132 33
2231 626 56
1565 98 70
403 545 162
1266 3006 449
1746 3134 57
52 3249 337
1239 2278 24
298 4868 206
1299 2920 213
1038 2145 284
1831 4248 370
162 1921 425
1054 2358 427
1866 1547 185
1602 176 104
1760 2078 127
1146 2723 359
1420 219 71
617 1511 195
201 1022 24
1875 1737 93
1199 32 56
284 1103 92
1526 1547 185
25 3769 42
1211 17 43
64 471 89
1169 5251 465
379 1607 73
412 2714 70
1022 1651 89
1799 1613 213
1486 4176 10
1583 1176 89
197 2284 75
183 76 89
588 5190 54
1220 4856 71
207 1783 42
1128 5516 73
731 722 89
1997 656 285
396 211 361
270 313 421
1422 1595 42
31 128 318
1189 955 31
289 1455 40
303 336 33
1143 3620 54
747 4068 33
599 323 89
1096 879 57
2279 145 56
457 1533 172
74 792 231
447 2867 70
430 1209 89
270 2400 55
621 2132 33
1692 4922 333
1224 576 63
350 1354 72
374 492 12
1492 2642 307
1288 1146 33
2159 97 71
928 3046 159
854 341 137
816 4210 258
31 52 307
1874 304 219
144 205 70
1210 2663 71
1183 817 226
732 903 62
1140 71 72
1316 1382 72
353 754 42
124 530 12
1176 811 116
859 851 84
1264 4060 278
507 68 71
362 2630 71
25 2417 89
637 2639 44
2272 1099 449
1039 2961 370
1443 5366 10
1501 4886 73
530 200 109
18 75 89
728 228 72
1221 287 307
2288 3752 305
569 114 72
1368 491 238
416 1940 10
364 140 253
1298 763 25
222 27 307
67 4671 278
2190 1202 271
283 2149 137
906 3016 112
417 34 57
1312 3736 56
1749 4957 89
1644 1037 24
1672 750 70
1585 316 32
1353 447 181
1613 2277 65
1533 659 303
753 1568 206
447 4054 163
891 779 143
1236 5523 57
291 69 71
1324 2804 12
770 445 426
415 485 72
389 472 100
213 761 57
744 1745 78
2048 3602 295
416 1711 57
369 587 87
1107 687 9
1957 5568 89
2117 641 120
1729 448 333
1615 2027 439
131 2439 177
482 3948 122
1302 2361 104
230 834 70
787 644 383
1720 165 12
494 3128 468
429 164 111
1276 358 279
1675 76 89
1603 99 70
1635 214 333
1274 4670 57
1489 5095 363
1754 761 57
980 298 71
233 4342 73
389 1029 11
463 23 274
297 643 364
610 2919 283
871 1155 44
798 1583 73
712 4863 325
1603 223 241
1432 728 113
594 219 71
753 2059 206
449 5103 15
1229 1174 145
1407 3437 42
1467 3503 303
186 470 35
507 3386 89
1360 573 47
658 32 56
1579 159 457
1018 439 285
1511 277 316
1141 3630 185
1059 4004 34
1768 4823 44
1187 1302 71
540 2030 86
1138 937 361
656 3578 72
286 2216 473
1215 764 143
1637 61 129
970 1591 304
1489 643 364
1711 37 138
819 3230 73
24 403 25
1358 1817 72
2121 15 386
621 348 71
822 3788 31
435 97 71
181 2994 270
352 379 209
787 4374 465
1202 76 89
626 3686 71
106 174 54
1179 721 89
1335 5511 478
589 5044 412
1202 792 231
228 1464 89
496 764 143
1383 1211 94
1361 162 38
693 217 71
1970 415 359
1440 3980 206
530 1000 89
427 5028 44
1299 176 104
1488 643 364
1977 1375 44
874 3138 72
135 568 333
1938 3504 71
1440 5343 73
66 767 78
773 292 363
1657 4398 364
1546 1785 318
809 97 71
1178 3777 353
2194 216 276
409 854 89
2003 294 363
165 298 71
360 145 56
659 68 71
213 3427 278
1608 2379 457
114 1530 271
1371 1145 95
340 1471 73
423 4789 49
1523 1874 43
931 3148 258
1169 4377 272
389 2263 86
1055 27 307
449 1683 10
1249 440 10
2184 518 363
71 1200 71
2100 38 143
989 4226 55
52 980 113
777 2772 32
2089 761 57
1228 270 107
413 1331 457
1102 933 77
1262 2654 89
1631 1380 473
905 483 72
419 3625 6
1189 1496 246
12 1684 72
435 3591 88
1174 3719 453
2003 4879 137
277 728 113
2117 1216 89
1209 800 246
831 591 89
1985 5567 303
2025 1935 57
571 2959 89
1056 15 386
549 1297 72
687 237 71
1402 2145 284
186 102 221
1440 162 38
1360 2285 44
236 2471 71
1009 2235 473
207 3150 89
764 4726 185
1154 1407 71
893 1304 78
678 3130 97
386 911 180
2190 3264 88
389 2296 12
1502 439 285
1272 2 75
1910 3427 278
1736 1 463
637 1467 43
386 661 72
79 3333 336
417 1085 57
1134 1712 71
1413 1285 3
483 2058 72
1472 298 71
712 1179 63
1355 114 72
656 4752 94
1803 2473 97
390 5079 190
130 1265 55
653 400 325
343 145 56
1997 748 44
291 794 72
1457 875 73
613 701 72
733 85 89
1760 289 56
2282 11 276
451 2560 89
240 2598 303
948 1378 371
829 3838 32
727 29 12
1411 591 89
1395 1296 72
1346 2882 71
275 561 107
1037 3235 165
821 88 276
343 2750 185
1849 1197 89
1434 586 12
1053 647 303
1322 250 89
1383 2666 226
1749 520 89
779 2328 107
691 4707 209
206 2662 71
117 2613 206
213 3385 92
362 183 115
618 739 454
165 114 72
1318 183 115
1472 1113 89
436 5077 97
1950 3442 318
435 1451 75
955 4159 156
459 619 72
254 1043 70
2046 3013 57
1217 4738 303
1299 29 12
1747 4602 34
1219 484 206
513 4448 56
214 3032 33
1639 216 276
1009 4741 172
1235 33 32
341 418 307
1966 101 307
1751 76 89
834 659 303
317 1537 47
727 302 71
1261 68 71
967 1335 48
1444 1712 71
677 797 39
1546 1 463
2050 98 70
80 5462 108
1902 728 113
319 344 137
673 563 44
1326 1712 71
195 1697 55
984 1754 73
133 401 159
247 3579 40
402 4994 71
1624 1901 285
953 772 89
1154 591 89
99 1238 72
213 1073 434
829 193 43
1152 4697 369
245 455 107
1382 906 370
738 4194 278
172 3296 333
1159 848 369
1402 3162 286
1474 1330 457
1223 4622 333
286 216 276
597 1205 132
45 220 268
169 1210 307
1517 388 402
1197 2245 57
1435 1227 318
1310 1063 457
1411 506 215
912 1696 89
483 485 72
100 302 71
1146 3820 184
212 627 232
580 142 57
340 5233 113
339 2637 307
2298 3328 32
363 1543 56
559 4997 57
494 27 307
1384 4399 104
1589 5068 278
1842 2928 31
1487 783 252
1487 221 89
1624 4175 260
653 1211 94
417 2222 88
41 4452 93
1323 2640 57
1115 3864 48
45 1888 71
1645 4544 25
1751 1413 44
1669 3562 240
451 712 89
2185 619 72
1219 3510 237
1179 588 70
94 1226 457
321 1420 159
1220 1638 415
805 289 56
157 1342 89
955 558 111
452 2102 104
2120 2266 412
1317 754 42
1008 68 71
62 2013 73
1153 289 56
1186 27 307
358 785 73
1510 2912 89
831 616 271
86 1771 56
1163 1517 32
217 231 72
385 1910 72
808 4061 70
2082 1524 271
663 901 42
900 3444 71
346 192 57
1407 1908 70
370 440 10
100 1955 32
1093 4646 348
1405 1969 89
1090 1035 70
1102 3242 202
1081 380 70
1645 1251 12
1658 5356 56
892 3199 31
415 753 56
1049 4377 272
292 996 303
465 588 70
174 1908 70
430 1046 206
850 29 12
25 4419 44
604 3638 303
1766 304 219
351 2259 89
1710 388 402
233 4358 230
1736 883 70
1366 2194 44
797 1548 185
232 114 72
962 288 33
969 2792 333
997 2456 24
319 396 185
597 2263 86
612 3249 337
1929 356 56
388 1546 416
1708 1322 55
29 1860 89
2062 958 44
1300 3139 285
2144 2140 32
1221 5 73
1841 3427 278
114 244 71
1096 3199 31
450 640 12
204 461 25
217 1278 144
268 3791 71
192 6 160
1970 698 333
510 4108 33
874 1682 206
327 1 463
452 1793 429
2147 525 71
1299 1202 271
1213 2449 71
1107 298 71
1214 4744 190
648 408 43
1328 289 56
40 1115 121
233 3526 260
1311 4518 279
1188 4452 93
615 3216 285
161 2088 271
197 5569 34
1386 3597 71
41 1265 55
2209 72 71
1584 3643 361
623 99 70
699 489 72
917 228 72
1335 2901 444
846 2456 24
1178 3279 42
1199 1467 43
257 1227 318
994 568 333
1419 400 325
496 301 56
824 2361 104
1090 1103 92
376 1696 89
1681 982 56
360 1184 56
1020 162 38
905 4215 355
4 763 25
1299 15 386
269 2969 55
1 937 361
969 1073 434
1061 4364 305
1949 4242 163
731 2994 270
139 380 70
522 538 172
1414 155 38
858 3845 89
945 1163 118
1294 647 303
1567 4027 89
2146 1929 404
1481 764 143
886 77 91
195 313 421
1413 4173 57
1796 526 47
581 418 307
1036 132 145
256 121 89
1619 2439 177
2020 4302 365
1290 874 73
1160 980 113
9 394 71
846 1574 285
310 488 246
382 1504 71
497 3983 412
141 316 32
1264 355 72
1420 97 71
945 3293 355
753 4042 71
291 3919 71
1284 4578 278
71 4037 73
567 1685 57
671 3176 468
982 3251 40
1010 2276 359
1739 1785 318
2 1060 457
1215 4962 54
1393 17 43
799 1216 89
955 835 72
396 2756 285
2097 4989 363
436 114 72
2195 3435 177
1726 2059 206
1287 272 56
1366 487 107
409 298 71
452 2957 424
1721 72 71
469 1900 71
161 470 35
2056 194 333
668 569 71
376 2577 417
194 979 78
955 761 57
487 183 115
1758 68 71
324 3354 89
635 2226 89
1299 807 108
233 1031 260
2260 1227 318
1218 761 57
114 289 56
1231 1342 89
1107 4371 10
779 4004 34
678 3260 57
340 2412 43
423 1884 104
629 1289 33
13 604 55
1411 4383 225
1386 777 71
1132 1756 72
574 2543 246
1283 1012 72
496 1015 355
891 3198 23
541 80 33
1299 4713 104
2159 390 163
789 16 43
421 99 70
1664 787 201
718 4347 63
1534 2357 114
1311 1352 57
480 3719 453
427 4465 89
1972 937 361
1067 905 370
1515 4963 278
483 2524 42
518 2266 412
668 1723 71
1644 4323 12
506 400 325
707 5249 57
1302 506 215
1253 1968 318
1502 1260 260
1860 76 89
2088 277 316
1050 5335 94
625 412 200
979 437 284
1185 4510 284
114 2528 449
601 906 370
1416 4371 10
2054 139 404
1303 573 47
746 1335 48
1067 153 71
1470 4399 104
1534 1240 72
273 5583 479
2317 136 73
412 4499 45
778 1943 12
331 820 40
427 4347 63
922 4226 55
110 245 95
645 2615 366
1022 5447 75
2237 23 274
79 2607 12
389 1908 70
1326 4983 258
150 3826 285
1300 4439 73
1340 1510 232
1341 2420 404
186 390 163
737 618 72
1141 205 70
361 2158 89
2093 659 303
2198 98 70
431 860 172
571 5308 201
1922 472 100
1344 3178 38
2032 1712 71
195 5203 24
151 32 56
457 295 341
841 724 89
174 1258 73
1222 1487 89
160 764 143
1228 3427 278
945 382 39
798 3766 140
4 724 89
1273 5052 139
1070 3045 41
560 4635 57
1388 1572 206
460 2155 188
604 2794 107
119 2444 12
1470 4480 43
308 183 115
1288 3377 101
842 2668 281
1181 1712 71
565 4051 172
634 1712 71
2199 3381 89
1281 621 12
828 1531 71
1663 447 181
1917 2 75
2253 631 167
895 136 73
541 136 73
1472 529 252
644 277 316
123 183 115
1578 216 276
1077 525 71
1632 3169 260
207 2946 462
638 2058 72
1357 3489 89
648 2793 355
814 5341 56
766 2402 16
1696 501 44
685 1262 117
1464 880 453
71 2116 89
957 4145 24
1045 2737 221
1103 745 71
879 734 89
222 2477 71
119 27 307
497 733 213
572 1386 33
661 3798 43
1004 2834 55
819 3286 138
4 1880 97
29 453 89
1012 98 70
916 2157 410
1619 4697 369
2130 3294 258
658 29 12
517 991 33
969 2635 57
936 1712 71
1569 42 276
116 1146 33
281 915 57
412 493 15
1972 3272 64
1024 1032 43
781 2804 12
404 440 10
155 564 91
1307 1359 71
854 116 42
145 1353 71
358 1687 72
270 796 107
31 248 384
1564 234 82
51 803 43
830 1798 25
1867 2946 462
8 7 78
1182 4606 316
428 4555 44
894 1364 60
955 114 72
1366 1979 89
161 1087 92
979 435 73
406 1955 32
1132 97 71
291 2627 70
78 1270 55
711 1786 57
1741 3757 465
1700 76 89
17 546 89
1183 3883 318
2015 3914 142
1803 577 105
1609 3552 31
519 145 56
1065 299 364
611 3616 57
1351 4362 139
436 4700 168
1397 4166 172
1419 1819 359
459 181 453
1963 2603 172
502 958 44
1302 136 73
1009 1251 12
1068 3326 404
577 2002 89
448 659 303
1534 2628 57
440 5540 303
1047 1860 89
409 2699 89
1679 4600 314
1169 4755 250
1815 4198 278
1876 216 276
1400 2439 177
280 243 73
1230 3427 278
1498 3692 278
821 1999 12
745 787 201
1272 4527 185
1172 97 71
1851 1548 185
1414 616 271
1908 2 75
1070 2834 55
641 1054 190
1161 2175 251
581 4329 12
1237 847 291
859 703 120
1419 3710 338
1603 1956 209
389 4193 279
231 1686 56
119 1303 71
1672 1373 71
2094 718 107
1350 764 143
2254 2641 42
1451 4378 172
1472 17 43
51 1155 44
145 2295 325
170 869 57
903 900 412
886 3573 470
648 3209 43
1019 274 42
427 1969 89
1892 1014 35
1167 4678 184
1218 5185 394
1090 1860 89
1709 568 333
746 2096 232
299 1594 42
779 396 185
2101 2239 205
1102 1112 73
317 153 71
301 608 43
436 455 107
1790 2610 21
585 2711 32
808 3074 73
1410 461 25
97 400 325
1063 5190 54
604 5379 285
1946 5560 137
345 1900 71
1326 299 364
1030 1187 71
538 1063 457
629 192 57
90 802 107
1283 1224 405
1495 148 453
1146 181 453
161 1524 271
648 1118 33
2133 4176 10
2160 5387 103
1379 68 71
1156 764 143
736 370 50
1131 3356 56
543 1132 72
1502 1587 285
753 895 38
68 76 89
1160 2666 226
1134 590 89
1189 4621 473
1569 5110 192
1454 4726 185
705 659 303
1926 4888 24
414 2727 15
1406 162 38
742 472 100
656 619 72
507 1249 72
1022 353 78
1151 5265 259
1057 2075 72
163 4166 172
1577 4019 89
1103 2914 386
776 1416 89
1126 2878 285
45 2059 206
618 588 70
814 1055 89
1610 1018 375
483 3083 232
355 1999 12
531 57 361
1021 353 78
286 3254 71
1183 1612 15
205 181 453
1296 1260 260
2279 5362 232
1531 97 71
2101 227 103
198 577 105
141 1094 73
629 1881 71
1455 507 404
351 6 160
1195 4574 43
1359 1676 73
1704 751 295
1439 4737 89
888 3509 89
784 4148 43
1115 82 34
1901 1240 72
170 874 73
635 2188 75
899 3474 232
884 2508 71
1368 1226 457
1569 2440 397
1255 4562 284
2114 88 276
1966 1671 206
1407 631 167
186 2162 113
1160 321 190
1059 767 78
311 1325 115
1039 4668 56
1053 969 72
1319 3149 56
435 4399 104
1283 483 72
959 1631 71
1966 1861 56
1393 1920 206
1581 203 316
1740 2 75
945 4075 199
1 2163 285
877 591 89
1003 4831 311
939 3015 97
286 72 71
1502 256 285
1093 3107 138
133 1284 6
1530 4866 348
2090 1879 78
903 2310 71
614 4352 32
1651 1537 47
807 5084 75
106 2830 57
1197 2029 158
4 1155 44
1686 88 276
1219 2921 185
1017 1253 73
351 3126 246
1384 3427 278
1442 319 57
1296 1504 71
154 1105 57
647 3836 171
2209 2167 57
947 439 285
1588 751 295
615 205 70
900 453 89
1137 1714 354
1275 777 71
1302 114 72
1615 1134 286
984 3252 42
1473 2406 65
1455 3220 341
52 4583 56
12 25 79
538 279 457
396 2642 307
2176 4941 192
454 88 276
1395 5269 406
1119 3584 78
1338 740 386
1644 4847 278
159 5106 97
386 978 57
74 860 172
1179 3517 276
877 33 32
1388 76 89
1268 3380 73
847 2595 10
254 2593 12
193 205 70
888 1277 44
1875 175 104
1171 49 42
297 1197 89
718 29 12
1125 3176 468
1682 549 89
1229 3083 232
233 2607 12
317 121 89
192 1637 201
1753 4083 71
2111 1593 285
2053 4651 353
1466 229 43
995 4550 412
1799 2059 206
1672 2014 284
478 27 307
1220 753 56
1443 2492 114
2002 5517 73
1257 4271 78
225 770 313
154 3368 89
367 3373 261
778 5248 406
1683 732 271
1244 1227 318
1101 4368 71
779 1071 12
626 267 89
567 2948 56
159 783 252
1827 501 44
1766 1594 42
233 3026 409
1633 29 12
436 897 137
1410 3728 73
668 3819 42
324 1731 57
1516 4226 55
66 348 71
1442 2077 465
360 316 32
10 12 276
203 1030 233
780 983 57
389 2501 206
1257 3427 278
1341 101 307
336 145 56
969 1824 31
270 3166 396
651 417 92
1 5588 172
288 175 104
1360 626 56
1702 3155 72
1023 628 174
1980 53 363
241 4270 24
438 1921 425
324 1037 24
1312 5243 89
1198 1315 303
1168 1212 178
206 1039 161
840 1096 396
743 1240 72
1067 4536 38
361 398 89
1502 252 363
529 1079 43
1514 581 51
1778 1016 355
1107 2471 71
20 2662 71
733 2366 290
1234 752 44
778 3666 276
1279 3082 404
1141 900 412
2230 656 285
1303 3422 89
2145 1942 202
140 315 32
1824 1575 270
560 2309 47
1585 4331 13
483 376 55
1639 49 42
1155 4674 72
412 216 276
1309 2001 89
1272 532 73
1436 557 325
283 1211 94
327 4971 457
697 4941 192
1209 3678 47
409 983 57
807 53 363
403 145 56
1536 4862 105
2053 4379 43
4 174 54
1790 416 71
716 76 89
1233 500 44
1476 27 307
1966 272 56
572 288 33
254 1778 56
162 318 234
910 1921 425
1146 836 312
774 1217 338
1216 177 12
1375 358 279
1786 2571 72
1805 1018 375
1487 96 252
1693 440 10
1586 3430 57
1329 1950 100
1797 1734 54
1591 4303 57
1874 2771 32
785 2507 370
894 2127 71
744 1255 286
1401 216 276
62 312 42
807 3327 192
1202 164 111
886 761 57
955 4157 104
480 1247 57
629 32 56
1401 498 190
1221 4446 40
497 1228 185
1540 2977 295
2282 1564 449
1296 761 57
1215 1606 71
531 101 307
604 4835 70
1790 2586 192
217 2587 24
403 4284 32
1746 817 226
791 1416 89
496 3662 10
207 582 85
1344 3207 95
946 2758 44
1923 3942 185
1207 37 138
2275 3114 473
543 285 307
181 447 181
1239 2532 89
1963 439 285
553 538 172
618 831 117
669 3819 42
1511 417 92
2184 252 363
1361 608 43
1808 775 468
490 3199 31
75 294 363
332 2492 114
20 1032 43
1460 1377 12
955 1326 108
1119 1045 57
2061 1154 97
1066 4723 278
1596 3369 190
483 2856 359
1615 5478 34
1067 4365 348
1215 2926 12
396 6 160
60 582 85
1195 513 357
726 937 361
1859 136 73
270 2167 57
955 3601 71
1172 158 276
1501 2491 332
787 577 105
767 3286 138
202 2881 73
878 3772 105
1365 1977 87
976 3901 98
26 76 89
2110 1114 457
876 3065 387
1648 657 185
1708 1014 35
498 2937 364
1578 400 325
1619 840 386
969 2511 391
1678 538 172
113 1098 89
286 4671 278
742 5002 43
1034 162 38
1401 605 137
1159 4251 57
1229 643 364
2110 363 71
207 2053 72
691 97 71
1350 327 43
1600 2261 208
26 2672 209
2067 3834 350
1937 5002 43
2248 563 44
240 4080 71
486 98 70
213 5323 142
1615 4542 73
571 181 453
158 3661 27
609 279 457
1584 4536 38
1510 3913 56
647 435 73
1925 5453 386
1603 2010 73
1619 5211 87
68 1249 72
549 4708 272
1140 1772 213
1249 2946 462
1403 159 457
1048 1298 307
392 1211 94
675 891 137
998 23 274
270 4647 409
1394 2826 10
1615 555 71
1159 3790 250
1107 3035 109
1649 124 105
1601 2002 89
1820 3427 278
1969 4849 12
1260 4493 248
906 1551 72
1257 1318 291
1314 1160 359
1299 1451 75
1533 4063 56
699 983 57
1222 287 307
1219 2056 453
4 377 54
987 1890 289
2112 448 333
194 329 56
1296 698 333
389 4485 121
41 5456 42
1205 3359 284
523 4257 70
277 4383 225
217 412 200
355 2232 297
1681 3294 258
480 880 453
180 906 370
1268 764 143
667 1802 34
123 4574 43
990 3254 71
1359 2343 318
447 1886 328
149 4038 73
620 1960 72
730 231 72
894 3958 33
993 68 71
1492 3837 364
56 1356 56
370 2607 12
1407 453 89
2200 361 333
1146 3716 185
396 5077 97
874 4682 278
513 76 89
1328 322 190
478 4802 56
436 298 71
829 710 89
1022 3131 43
1537 1817 72
2050 3910 57
821 4523 44
841 761 57
1533 3356 56
2085 767 78
1642 2369 71
846 114 72
718 2056 453
1350 53 363
734 1797 50
180 53 363
1300 2345 57
1250 1074 71
689 3615 72
497 1441 152
984 191 44
19 48 42
1251 274 42
946 3335 303
685 728 113
1337 2349 258
219 1093 56
1498 139 404
1181 5001 210
1651 1046 206
1020 282 57
1973 4932 209
1370 472 100
435 4565 282
1345 2767 104
672 440 10
680 76 89
299 3 12
1630 1424 43
744 136 73
1026 1446 82
801 101 307
161 174 54
42 2376 43
1923 1046 206
1082 1046 206
710 4842 73
388 3746 375
438 860 172
122 400 325
645 1318 291
427 379 209
349 2496 71
939 174 54
1092 1999 12
1210 636 107
242 440 10
194 3027 409
490 440 10
993 772 89
1644 1712 71
1649 514 404
14 1240 72
1828 139 404
759 4037 73
270 1739 57
151 3609 33
1180 29 12
1187 4873 276
1169 1226 457
410 3474 232
1225 262 318
513 1611 20
1481 619 72
510 211 361
525 2431 97
1676 1624 57
212 774 32
989 1154 97
1355 3725 71
140 3565 57
1277 971 72
1055 2748 43
1646 1504 71
136 1422 56
657 209 32
412 294 363
2196 1671 206
1213 3318 159
1186 3840 35
1070 272 56
886 1661 139
2094 628 174
166 485 72
291 3815 72
335 1914 232
44 215 73
376 69 71
1296 3760 164
541 3908 57
580 683 53
1637 76 89
1523 871 43
194 400 325
362 82 34
387 137 135
99 728 113
94 1919 310
1063 2183 70
2250 1220 213
687 5467 43
553 2323 75
388 1641 70
2321 29 12
251 2198 10
1120 756 57
1176 2325 187
1187 568 333
1615 1893 304
1140 4206 56
1283 2649 359
1644 5047 43
471 472 100
1477 1459 364
627 5013 78
961 2469 120
1039 4007 310
46 542 396
1160 1091 73
920 2295 325
286 2972 303
330 828 276
60 327 43
2062 3646 72
521 2259 89
588 4094 168
169 4411 303
984 4555 44
348 953 70
201 174 54
1236 710 89
726 4880 406
1395 818 406
1796 952 70
928 159 457
332 856 149
874 2361 104
1869 871 43
962 3757 465
206 76 89
1916 728 113
304 3309 386
205 1904 33
1245 3549 144
1155 4464 363
747 114 72
44 1785 318
1067 3492 88
324 1451 75
369 3165 209
1915 4641 300
665 477 89
798 4854 15
50 621 12
1228 860 172
91 5234 205
1803 3427 278
114 2396 41
1521 2077 465
1369 292 363
705 98 70
937 360 57
6 289 56
979 1788 12
1226 2767 104
1175 2669 26
713 3392 57
1160 2570 193
1260 2276 359
52 621 12
468 72 71
604 1337 87
1022 2370 57
1428 3240 38
1250 305 159
554 145 56
2306 2847 195
1744 3165 209
19 1230 276
1949 4238 278
1463 3739 78
1377 4679 258
2098 422 143
513 417 92
1303 4329 12
483 1914 232
1549 256 285
1584 133 57
246 76 89
286 1671 206
903 1680 412
1748 1226 457
1344 3323 43
838 1242 414
280 171 12
199 1020 405
1296 955 31
2320 255 285
194 2096 232
25 440 10
1336 412 200
1644 2259 89
1211 4564 279
186 3298 350
1221 2616 370
709 5354 87
1922 4555 44
1672 4060 278
397 1852 53
315 5489 73
100 1637 201
1021 1699 78
438 2028 72
173 742 71
310 720 54
412 272 56
54 3492 88
1123 847 291
864 2628 57
2270 2266 412
310 225 111
1182 363 71
1214 2635 57
187 764 143
432 1232 206
396 1671 206
261 2361 104
703 920 192
133 1889 56
794 2666 226
588 2857 33
1736 1860 89
309 2700 137
750 2921 185
2137 4044 70
1850 655 89
436 2865 104
1395 1358 89
1586 2783 79
1860 3610 276
753 2845 271
554 4692 70
168 70 113
626 3003 56
945 2284 75
136 4371 10
1070 1538 285
1045 380 70
93 1031 260
563 4050 172
370 2562 25
1388 2595 10
1193 4722 172
6 2919 283
1756 840 386
525 4005 44
931 3457 258
647 4769 285
2088 4723 278
1202 1817 72
978 539 55
683 318 234
1795 330 190
931 5292 258
1358 4398 364
1677 761 57
1632 656 285
1373 1266 105
1004 3427 278
1384 972 43
944 85 89
115 488 246
1981 955 31
136 164 111
1589 485 72
140 118 44
1372 3871 449
256 1214 365
131 1654 354
1138 76 89
1456 2232 297
779 3601 71
1437 1143 295
1097 330 190
1709 2856 359
2194 1262 117
637 261 12
685 318 234
236 237 71
520 2450 71
1427 469 295
1249 2800 285
282 447 181
486 4326 57
506 174 54
441 216 276
1068 1896 56
186 24 44
195 996 303
816 4809 454
1536 2551 57
386 2262 88
1483 2971 190
1624 5265 259
1160 2647 276
797 3596 185
1750 1402 353
903 324 38
751 4390 316
1102 4301 57
2079 687 9
900 978 57
678 1325 115
1484 5099 169
729 1310 466
1099 1638 415
1301 1227 318
1363 1402 353
1977 418 307
1703 764 143
1047 608 43
71 3578 72
257 3443 318
259 469 295
644 1573 12
412 4408 56
1057 4421 285
1183 4531 70
805 1696 89
253 339 106
794 619 72
191 3995 32
257 2342 414
412 955 31
1004 183 115
142 2166 357
1312 2266 412
52 2471 71
88 891 137
432 4968 206
1266 1657 190
247 2278 24
2011 605 137
2196 318 234
1410 70 113
573 1319 25
937 211 361
869 929 55
291 4269 364
121 557 325
253 536 42
756 2557 457
2125 3916 83
1695 1341 143
1951 4253 40
1475 3155 72
1227 1985 12
192 27 307
1538 3617 71
658 3016 112
598 2831 56
486 4199 181
304 472 100
615 947 33
1360 111 43
15 2716 10
477 2236 107
1039 2977 295
1039 5488 97
186 4135 43
584 1251 12
1205 4480 43
1020 3115 12
1261 4917 72
259 1845 137
2271 1914 232
216 955 31
1076 3978 101
713 3804 57
284 101 307
1586 4417 71
931 2145 284
1235 1985 12
737 1193 72
114 1739 57
778 931 406
1931 1012 72
648 1713 73
1318 590 89
1276 764 143
1005 3070 49
731 3155 72
549 2607 12
329 27 307
1581 1790 75
369 4932 209
766 655 89
2084 458 74
381 4677 89
599 4580 89
422 379 209
31 3727 92
484 4193 279
607 3793 89
630 5379 285
311 2635 57
629 1605 54
1578 4557 172
1622 5329 219
197 356 56
29 76 89
550 3809 120
332 472 100
812 2902 453
199 3427 278
980 76 89
902 4490 104
479 3934 56
446 2896 363
97 748 44
995 1410 12
1586 418 307
29 110 117
1288 1189 377
1095 4675 33
1197 3513 56
70 2755 303
2043 5503 70
986 1226 457
45 27 307
144 3025 201
1239 885 33
1008 4296 143
1228 2 75
81 5594 338
978 705 384
700 768 6
787 2685 465
366 777 71
1560 2136 73
1160 3601 71
1375 518 363
256 1134 286
870 1046 206
51 1115 121
969 298 71
563 3067 73
221 515 41
1675 4917 72
193 976 32
1714 359 56
947 1887 73
1284 1144 57
374 234 82
987 1122 96
1414 1331 457
217 879 57
1257 4710 285
678 1238 72
1717 1837 72
695 101 307
1540 485 72
1679 498 190
1534 915 57
651 3117 172
182 666 43
144 761 57
1403 3203 190
2290 761 57
1353 33 32
658 2854 78
361 1127 259
1574 136 73
1322 340 56
747 3576 12
984 448 333
734 2873 33
319 3317 156
581 4859 89
1719 1737 93
471 1544 33
233 655 89
832 114 72
1090 2601 71
869 4226 55
2257 1935 57
1155 1109 89
1187 76 89
109 269 54
1896 1146 33
1770 4892 44
1336 4509 57
1333 1278 144
1300 252 363
1580 493 15
417 1154 97
28 101 307
1300 974 92
1082 656 285
1652 155 38
266 2302 32
432 1183 206
2255 257 303
1198 764 143
1717 4579 70
989 2561 206
326 1353 71
1306 3543 185
20 1713 73
1050 3538 453
389 1034 54
85 807 108
770 605 137
272 4973 24
798 3941 139
1395 4180 103
1322 289 56
1187 2647 276
707 1665 325
999 619 72
1866 2278 24
2017 435 73
316 690 33
341 1461 5
1294 880 453
1132 45 276
512 1226 457
838 649 57
432 2819 457
1472 761 57
876 1382 72
1569 5019 89
1307 4559 70
88 2069 57
1442 627 232
970 2747 137
1522 400 325
1203 3894 105
286 289 56
392 706 276
1283 591 89
306 2218 334
330 4844 57
2243 439 285
1103 5130 404
367 1562 457
2072 766 78
1253 647 303
1523 72 71
517 518 363
1269 17 43
285 715 32
1143 1175 415
367 2415 56
782 2296 12
958 2660 107
1140 2370 57
549 1671 206
457 1698 198
400 754 42
1641 3813 481
373 2489 307
1353 1817 72
141 159 457
939 703 120
1145 3289 34
955 5319 186
888 45 276
33 3044 361
668 1060 457
1188 888 71
1059 76 89
467 1129 57
303 179 49
1288 643 364
1884 2895 444
1417 373 303
1923 3665 242
961 3724 38
1410 3506 33
1216 185 12
1244 1065 378
631 3638 303
1249 64 362
32 138 79
1064 4408 56
10 4730 386
1328 2345 57
1729 2374 421
362 2389 33
254 3987 276
392 15 386
1748 1488 139
154 839 57
386 769 107
1530 2027 439
563 1596 284
359 255 285
68 4857 285
205 2542 120
940 556 3
1270 1793 429
880 477 89
626 4050 172
1395 2786 448
1104 196 89
1683 777 71
370 2277 65
713 2638 55
747 2058 72
1850 3198 23
1474 159 457
1444 1696 89
1024 1695 72
222 3076 24
1151 5375 285
108 174 54
1880 4804 32
900 1277 44
1553 5323 142
1976 1284 6
807 4122 278
781 183 115
899 4913 457
1039 673 120
1440 2326 159
671 2167 57
136 1384 71
953 842 57
490 1321 137
1451 728 113
936 1 463
193 76 89
1841 5014 363
1739 3251 40
1338 210 56
159 891 137
846 1914 232
1439 1461 5
1152 4638 348
699 946 113
311 860 172
2053 828 276
1400 4104 172
1579 1753 442
1616 379 209
1451 844 40
1035 1438 6
195 1116 55
1056 205 70
1212 451 89
78 880 453
1900 4146 33
819 475 89
1215 979 78
731 3725 71
1603 568 333
1137 2548 295
894 761 57
999 4555 44
2198 498 190
374 119 22
1398 72 71
1197 121 89
1458 313 421
2186 1503 72
109 2931 54
1601 171 12
1763 4906 104
637 1533 172
657 469 295
1223 101 307
1154 327 43
1088 1842 70
584 4523 44
14 3693 52
173 1286 71
989 3969 56
812 27 307
861 641 120
846 262 318
71 40 72
1187 606 9
687 4408 56
758 2 75
248 568 333
240 2207 33
2252 1512 405
1394 3406 187
343 25 79
1373 1014 35
1350 252 363
948 4904 415
1131 501 44
814 3615 72
1817 3041 103
2283 2317 47
1344 3319 206
1015 5235 55
1175 1936 72
1154 148 453
634 436 303
1210 1192 92
1296 4066 57
1182 3725 71
280 331 56
2088 2664 72
363 4319 235
1614 1251 12
1850 477 89
1646 2304 359
1788 3305 29
712 3427 278
1376 1827 43
360 1529 91
1010 4331 13
1175 469 295
81 208 32
336 1 463
1623 2528 449
374 1615 38
627 2422 327
627 136 73
1149 141 72
1005 470 35
1376 1776 159
1464 72 71
807 4462 185
1090 2493 241
52 983 57
919 2056 453
1403 1868 104
370 4594 34
335 82 34
186 4762 333
1419 5545 57
410 856 149
647 3310 453
970 1712 71
1277 85 89
373 2165 33
1584 4874 368
1686 3156 453
1095 1142 120
638 693 436
1365 4050 172
1215 621 12
1032 4952 42
1209 1613 213
602 1978 87
2195 4606 316
628 400 325
1154 4557 172
1367 2420 404
626 3504 71
1257 2800 285
175 2133 190
620 2821 73
1355 2768 350
343 3852 277
126 829 43
95 1554 34
131 3442 318
831 417 92
1406 4894 66
1688 568 333
529 4217 396
1039 3199 31
789 772 89
689 1633 120
217 3437 42
436 82 34
1150 2601 71
1748 1683 10
1299 2088 271
1601 1979 89
247 5490 72
68 1748 307
259 231 72
440 192 57
130 1414 32
1138 468 78
1345 912 181
484 318 234
396 530 12
381 71 72
39 3311 47
1865 2384 209
413 781 453
595 621 12
410 53 363
209 390 163
595 379 209
1128 1046 206
286 145 56
1131 4385 406
1560 2149 137
1145 4997 57
1221 2743 70
51 754 42
1834 85 89
254 2310 71
1078 937 361
768 1248 206
1454 761 57
1245 282 57
891 916 107
955 3356 56
1847 1785 318
1227 687 9
1175 717 236
403 71 72
807 85 89
1311 4772 70
19 277 316
471 3560 24
1631 13 467
199 1656 250
91 1 463
537 415 359
599 4555 44
468 659 303
258 29 12
335 594 112
1282 5501 82
1009 72 71
969 202 56
1391 643 364
376 5513 137
563 5487 405
1410 4796 71
87 5002 43
1212 955 31
2031 1945 172
1533 331 56
154 314 119
1187 94 276
358 1749 453
399 1031 260
427 101 307
1022 4382 97
824 750 70
1925 1221 338
513 614 113
2050 1439 34
1813 400 325
1132 1335 48
1282 1682 206
543 485 72
672 748 44
1032 3162 286
205 360 57
1131 137 135
845 2492 114
994 1 463
1565 4997 57
1012 3275 10
1376 1585 56
1160 70 113
2159 2701 137
162 835 72
1827 5177 463
379 242 33
790 659 303
823 3320 73
1510 36 44
261 1240 72
814 184 12
1026 29 12
699 397 137
449 3768 24
992 1936 72
810 4413 97
607 1 463
637 4781 43
2008 1696 89
419 384 79
881 228 72
711 3056 25
1455 5420 405
1160 183 115
1514 4368 71
912 485 72
525 712 89
525 4593 333
2056 3509 89
540 1537 47
997 4893 57
44 29 12
542 619 72
1613 4931 465
1248 8 55
1039 1898 43
779 447 181
2255 3679 73
887 1504 71
1352 3704 267
176 1558 72
453 331 56
1370 974 92
69 219 71
31 1388 10
402 1559 89
819 3588 453
1019 619 72
589 3187 24
1774 4028 38
360 4156 246
330 3428 56
245 280 120
859 4599 104
515 98 70
1319 439 285
835 1912 117
323 1423 72
1312 3568 278
1267 97 71
640 4617 91
1984 3467 237
247 1193 72
1134 761 57
1272 5149 294
840 2274 54
2136 3934 56
1237 4399 104
1162 3181 333
1096 1687 72
965 1453 147
25 113 71
1938 3108 75
225 2665 421
45 1678 386
111 1676 73
1066 2025 89
782 1900 71
310 423 285
636 97 71
1443 336 33
1009 435 73
409 2210 32
396 48 42
1400 3309 386
1252 4834 92
1360 5430 155
1310 543 172
724 796 107
42 4024 42
821 4315 357
1593 5201 358
1716 138 79
726 74 424
1 939 89
1053 643 364
998 4198 278
280 3138 72
492 196 89
265 807 108
1719 4046 276
869 3292 207
1137 304 219
1270 4128 209
645 3382 73
1230 1887 73
1195 2343 318
377 98 70
1110 3321 117
141 358 279
537 764 143
154 2682 78
272 1451 75
1337 4494 258
1578 180 78
388 3427 278
587 878 73
374 555 71
1011 5095 363
1345 1228 185
734 1551 72
1601 1967 55
278 3880 120
1180 3426 314
1296 5498 285
599 104 86
1009 289 56
1984 27 307
823 903 62
500 466 55
1624 5258 278
1245 3384 303
1476 245 95
543 1119 89
1429 866 73
1656 3313 87
784 901 42
212 3062 12
1022 323 89
248 374 89
311 1984 271
792 1874 43
270 1194 116
97 1519 71
89 101 307
1145 3517 276
1690 1968 318
689 581 51
1644 1838 72
154 1142 120
174 377 54
1272 3427 278
1355 342 24
1467 4049 303
1848 3193 89
731 3041 103
995 3258 347
1814 101 307
2218 3370 43
547 447 181
97 3558 32
270 1271 56
1515 3386 89
1648 149 71
556 810 43
1131 174 54
1269 2618 453
1136 4304 135
1145 3935 57
381 4418 370
605 1735 41
515 908 42
99 754 42
995 1528 12
833 1914 232
1309 5186 185
1836 1105 57
887 5518 70
835 5485 89
547 3919 71
600 4486 340
1066 851 84
1128 588 70
1579 114 72
1809 347 40
540 2794 107
922 1220 213
1322 76 89
699 390 163
808 1364 60
1855 2858 71
1923 622 56
1077 3208 57
542 893 71
873 136 73
1813 2217 276
1896 1602 107
1657 272 56
441 2070 57
955 520 89
647 3951 70
584 71 72
953 619 72
1136 1636 337
996 2816 71
16 33 32
172 2199 6
1022 3891 115
1969 4086 56
130 321 190
1445 1146 33
217 5535 44
1672 363 71
491 873 73
91 903 62
598 1149 33
46 22 274
1235 4244 107
197 400 325
932 1994 231
1363 397 137
1319 942 113
1904 1769 48
1539 4222 185
870 2608 270
1569 3671 71
437 2983 305
311 400 325
157 174 54
1270 733 213
1096 469 295
1879 2228 57
186 495 92
175 1107 32
1271 68 71
115 502 107
1841 76 89
1429 3767 417
725 1379 89
240 250 89
1260 1815 34
862 2601 71
41 313 421
170 3915 104
157 2929 227
1524 1570 233
1152 3847 386
1428 5308 201
337 1471 73
1569 2653 89
1131 1153 199
735 608 43
549 2933 105
675 1049 32
1899 2557 457
436 2444 12
543 209 32
1272 2603 172
1391 25 79
321 4385 406
64 1916 206
936 770 313
1966 116 42
452 4742 213
172 216 276
668 4027 89
229 965 259
1218 437 284
390 621 12
1229 380 70
201 2155 188
362 386 32
2259 1712 71
762 892 54
541 1908 70
159 5260 316
412 1031 260
997 3789 201
1395 619 72
2093 643 364
660 3177 456
25 202 56
998 5340 89
1233 4527 185
1353 2505 65
691 4295 72
1376 4635 57
736 2264 185
990 3540 71
2189 2425 369
1368 840 386
190 145 56
1234 1174 145
1206 2107 276
821 4801 12
2159 2444 12
1222 313 421
1450 4552 104
430 501 44
1786 4966 113
869 816 12
1514 802 107
759 4301 57
1674 439 285
199 3033 295
507 1331 457
1107 3587 56
311 125 258
208 5159 386
241 4488 195
549 3041 103
87 1766 71
1711 136 73
203 4675 33
1637 4911 103
41 501 44
93 4786 71
566 796 107
370 677 78
14 501 44
1676 1451 75
75 1870 181
245 98 70
1375 1286 71
1843 4 71
994 1732 71
38 822 24
87 325 56
606 1591 304
852 1554 34
193 244 71
696 2599 24
359 2636 73
217 237 71
1456 98 70
203 3513 56
838 3474 232
725 2121 43
327 1713 73
1199 767 78
1405 788 363
99 748 44
1967 633 271
1138 860 172
274 587 87
1231 1346 89
392 2624 273
1578 1436 34
1752 458 74
1248 2926 12
851 1310 466
1680 1264 72
299 151 331
1052 363 71
1183 127 382
1082 342 24
989 756 57
1471 2327 213
603 4637 70
132 2270 44
270 3078 51
1 946 113
1586 557 325
2216 136 73
1090 2622 40
388 101 307
480 489 72
1084 312 42
1524 101 307
1395 1359 71
1008 2567 201
989 4156 246
1873 651 453
1344 410 190
699 1121 70
956 4255 453
1740 131 194
2231 1353 71
824 2219 152
598 5055 172
78 777 71
2010 1713 73
1388 98 70
390 3383 70
131 696 370
945 6 160
562 1359 71
731 591 89
1951 85 89
3 563 44
1850 1402 353
1302 85 89
395 2954 89
25 4752 94
1145 1227 318
1296 4699 192
647 344 137
575 453 89
1357 4372 404
258 304 219
497 1183 206
141 2861 107
656 1620 307
350 710 89
141 2464 99
97 1377 12
969 4136 83
1727 1664 56
767 108 71
588 27 307
2236 1881 71
1056 216 276
451 710 89
989 3356 56
437 2867 70
373 472 100
1493 211 361
99 3913 56
478 302 71
671 1041 370
111 140 253
1236 1018 375
1234 1295 374
240 454 56
1859 2726 358
1608 4891 386
1 2956 71
417 1726 91
1364 5439 12
2189 2325 187
1444 4722 172
404 3445 40
1312 4873 276
1701 255 285
1009 5561 56
212 76 89
1609 4593 333
569 4112 10
29 29 12
166 162 38
1236 1966 10
272 1289 33
1801 4050 172
258 2699 89
997 1471 73
683 2948 56
1016 237 71
301 1363 24
856 895 38
21 62 82
989 493 15
882 4080 71
1799 748 44
382 25 79
28 109 255
1553 2639 44
1070 1838 72
1972 4794 278
142 216 276
1270 1096 396
711 2273 43
265 485 72
1472 710 89
955 1033 73
760 384 79
437 435 73
1319 5196 33
1880 29 12
1832 444 72
1367 3162 286
133 94 276
1227 179 49
79 1055 89
1221 4810 210
1141 2420 404
108 5189 52
1065 2801 10
626 3488 89
1644 1626 72
1259 2495 62
97 1921 425
38 4986 55
283 27 307
1045 2803 40
2197 3370 43
427 1251 12
459 447 181
1734 188 232
1009 758 115
1127 344 137
1493 3538 453
1296 1046 206
791 3632 89
571 3674 47
64 1836 73
1535 2123 71
1222 433 12
1692 515 41
324 12 276
363 844 40
678 97 71
1413 2663 71
693 181 453
1493 4577 40
300 4447 278
512 842 57
1132 563 44
1225 3922 57
26 89 89
1511 662 359
172 4667 414
536 1122 96
1351 758 115
1507 5232 426
885 5493 270
918 5134 78
1807 2295 325
552 1384 71
1140 351 89
1195 68 71
939 3427 278
814 2843 199
909 570 12
1329 76 89
1980 4057 70
2163 1213 143
1951 4897 48
1944 136 73
1796 777 71
1441 2033 87
553 211 361
2115 1651 89
969 1268 56
97 299 364
1141 216 276
1654 2925 259
173 2129 89
327 1175 415
29 1079 43
468 619 72
848 98 70
1049 63 71
1912 1197 89
358 1552 72
1583 3591 88
1178 183 115
1397 4050 172
1816 371 73
483 643 364
548 4312 172
174 1249 72
1966 145 56
1538 4438 44
186 568 333
1855 4445 465
235 1221 338
760 3622 42
1619 1810 84
1812 4792 56
427 171 12
225 1106 452
1472 2988 143
1243 1146 33
1751 40 72
1216 29 12
520 4251 57
315 2707 97
916 3021 70
1676 958 44
1315 2153 235
2 211 361
417 1115 121
1177 2234 401
716 3622 42
1991 659 303
1165 3837 364
1419 1396 426
1141 3715 56
1140 1861 56
845 1019 375
1279 4235 404
501 818 406
790 27 307
1368 181 453
130 101 307
787 3682 71
427 307 43
1082 283 307
1445 400 325
568 419 286
2211 5044 412
108 4593 333
1592 660 284
1878 4198 278
575 314 119
185 313 421
1272 134 201
540 685 40
498 4679 258
980 291 380
1273 1366 54
1572 4723 278
1848 568 333
240 248 384
1212 1200 71
475 999 59
1546 761 57
343 191 44
220 40 72
1277 647 303
478 2637 307
1205 2273 43
106 585 89
31 1788 12
1159 1451 75
1638 3303 71
207 1249 72
546 709 137
1274 379 209
866 4117 347
546 5256 57
1552 313 421
1215 4660 42
1030 139 404
836 3254 71
566 590 89
440 777 71
1273 5013 78
1423 4611 185
847 767 78
62 2742 72
1292 4942 89
1227 3430 57
750 192 57
1272 4251 57
1981 211 361
1692 4893 57
699 1788 12
402 400 325
1901 2647 276
430 1957 144
566 2905 89
518 3465 67
678 265 115
106 420 190
602 2030 86
814 4720 324
625 1262 117
536 980 113
1070 1987 72
660 498 190
1238 4861 105
1603 1046 206
2299 1962 64
1016 1839 24
717 211 361
631 4198 278
2204 761 57
597 772 89
620 2189 91
209 1987 72
169 2702 137
213 1642 73
1147 3175 19
1136 4501 160
311 4492 78
995 4532 348
317 164 111
1451 3495 107
2088 1566 403
784 2944 47
1169 4708 272
97 3078 51
217 1086 121
432 1197 89
713 1566 403
2012 2666 226
1972 761 57
587 1056 386
331 3046 159
258 5030 206
317 1529 91
711 183 115
742 4480 43
1513 4169 278
64 162 38
489 1240 72
2236 5414 57
629 157 71
1368 5021 104
2128 1179 63
11 5018 479
1197 2401 71
74 1386 33
1131 229 43
483 744 361
99 4847 278
2139 1454 144
799 687 9
2086 5422 457
251 1653 84
1402 4530 284
2229 4606 316
1704 1900 71
2309 4443 73
360 2305 18
993 3980 206
498 677 78
1553 4676 406
336 4047 278
1544 1226 457
1388 327 43
141 274 42
1070 3523 31
2210 3037 285
705 319 57
388 1928 404
713 722 89
166 1997 71
132 5438 219
1216 2361 104
979 4104 172
859 1275 142
531 139 404
319 469 295
1363 589 89
807 4226 55
1226 1868 104
1 1543 56
116 2215 318
824 493 15
1714 2367 206
1654 3309 386
145 2659 41
1318 4232 74
1669 2105 185
370 108 71
339 1921 425
1856 4406 189
1336 1979 89
1 956 41
1239 228 72
1082 2741 72
1171 2318 82
985 3618 318
99 1355 72
731 371 73
180 3231 236
1384 3293 355
1374 756 57
1016 1332 42
245 628 174
1210 3246 348
1214 748 44
1532 4160 185
1689 3026 409
770 3787 444
683 76 89
795 98 70
689 3895 105
1774 2441 138
617 656 285
29 2260 251
64 1178 209
467 591 89
423 4079 258
1021 568 333
337 1468 72
683 305 159
194 712 89
555 2361 104
1249 412 200
1851 5216 103
2084 761 57
436 4927 104
1357 3729 10
2063 25 79
616 1919 310
1727 4314 278
525 226 56
737 724 89
1043 2648 471
1032 656 285
611 3617 71
1236 3223 205
669 1213 143
4 5545 57
1625 3427 278
1713 1671 206
88 1029 11
87 2396 41
524 97 71
1345 5001 210
1138 2496 71
306 3250 285
358 3320 73
1682 2659 41
814 147 56
731 4678 184
1719 4103 33
141 643 364
1226 29 12
835 1536 56
1325 915 57
492 1006 286
390 1085 57
1039 5497 137
862 3882 304
187 1262 117
20 2663 71
1242 2074 10
1754 698 333
1188 834 70
1278 3427 278
16 3620 54
1455 2001 89
75 1118 33
1980 1359 71
432 400 325
962 3615 72
1546 659 303
417 4005 44
1277 1817 72
373 1116 55
375 577 105
999 136 73
380 4024 42
824 1817 72
1125 4108 33
1278 142 57
980 1819 359
1090 585 89
1066 594 112
1671 622 56
1970 650 409
1380 441 405
839 1010 71
1851 435 73
552 709 137
1301 3685 137
1274 906 370
886 1 463
273 76 89
792 99 70
273 1278 144
1613 145 56
1194 2254 468
1699 1277 44
237 3427 278
1593 125 258
1794 399 213
436 3379 42
366 4647 409
1888 3257 220
565 628 174
1009 42 276
436 909 139
2235 37 138
1418 4696 405
637 4198 278
899 17 43
2250 1990 213
440 322 190
369 2930 243
846 3390 12
816 1999 12
713 2 75
1005 1677 386
814 767 78
969 2255 453
2120 413 386
668 76 89
1711 3554 32
1686 3850 369
1638 68 71
770 1251 12
1469 605 137
447 2951 192
1891 1400 89
605 277 316
1035 5075 32
77 659 303
328 470 35
306 1383 364
616 888 71
71 693 436
1049 52 307
780 2692 150
253 2334 33
244 1146 33
264 3427 278
384 1685 57
1338 4231 191
2007 181 453
1855 915 57
899 744 361
2184 2861 107
480 659 303
496 2311 56
543 720 54
1877 886 71
1152 4532 348
1151 5241 457
1222 3052 12
835 6 160
363 3276 177
151 602 71
1613 1692 73
1973 454 56
1223 2848 40
566 2902 453
1384 133 57
782 4578 278
139 739 454
1069 2844 276
363 188 232
1339 699 434
217 400 325
1102 3528 108
289 2413 71
1299 1984 271
1652 1719 12
2046 2370 57
74 1861 56
615 1637 201
751 2487 453
1781 1186 378
690 53 363
1673 4294 44
1888 40 72
1563 3967 21
1505 640 12
1654 92 38
1774 1402 353
456 1555 299
1412 2813 72
743 132 145
1013 85 89
880 2802 54
352 3319 206
97 1533 172
828 519 71
972 358 279
270 4962 54
145 2494 12
1183 741 70
2208 2810 263
31 656 285
711 2186 78
1166 25 79
731 973 116
1278 439 285
35 4969 44
1024 715 32
770 1573 12
1648 1860 89
814 4181 89
1023 864 260
52 260 317
287 5166 172
1541 500 44
169 767 78
1205 436 303
2225 514 404
1672 3830 299
1458 1631 71
969 4696 405
1131 3693 52
1605 4296 143
1322 4509 57
1336 754 42
1011 2560 89
1346 962 89
110 458 74
1450 145 56
563 3193 89
1032 2245 57
1174 2048 217
2233 1518 225
1501 27 307
1740 5320 10
97 2731 12
607 3461 457
1140 2441 138
343 298 71
1203 3419 221
14 3431 262
1883 4181 89
93 1935 57
573 2626 325
1556 29 12
483 3420 25
1472 159 457
127 983 57
631 674 173
1760 2792 333
1916 1994 231
525 1871 41
1395 298 71
1608 136 73
1212 1340 72
989 72 71
1935 148 453
1206 3427 278
542 76 89
1039 1650 211
151 2072 56
736 88 276
1795 4074 135
1071 3006 449
2077 228 72
899 1664 56
1692 68 71
940 2844 276
989 4632 40
2234 616 271
376 97 71
1442 2749 185
784 1691 70
873 628 174
1956 3718 55
792 3885 43
274 3174 214
1954 1006 286
1336 313 421
1686 4017 105
595 470 35
2084 803 43
1698 3538 453
1904 1379 89
1746 380 70
1731 267 89
988 2430 77
1056 1671 206
1384 138 79
1299 1046 206
874 2339 113
406 1473 54
1452 114 72
898 496 113
1059 1177 89
34 211 361
115 3619 82
2270 501 44
1017 1284 6
1355 205 70
776 2696 292
521 603 71
124 562 40
707 2068 107
1384 4371 10
1365 2076 137
899 458 74
1139 485 72
1413 3626 89
647 2405 83
953 4404 189
1244 4758 278
1179 4754 56
1009 501 44
846 3538 453
578 27 307
1325 4473 295
315 777 71
1709 1056 386
955 3138 72
1383 656 285
969 1240 72
1208 761 57
1189 1312 458
351 1262 117
693 5293 274
814 1938 24
680 2418 263
1065 536 42
1384 531 15
108 3610 276
1395 2211 112
1272 393 71
387 271 89
1877 219 71
984 705 384
1183 619 72
131 733 213
332 890 72
689 72 71
1102 314 119
1600 1733 71
1182 88 276
785 355 72
878 2768 350
1576 4981 57
1204 3154 41
1276 518 363
2216 1155 44
679 15 386
198 88 276
1580 828 276
412 337 87
76 1095 57
1635 1951 300
1292 1200 71
1923 3308 185
680 1 463
359 1297 72
589 1079 43
778 4429 31
689 68 71
377 869 57
1471 1073 434
1111 4914 24
1021 1603 107
1195 29 12
1345 906 370
2252 2211 112
1238 470 35
616 489 72
438 85 89
52 886 71
245 4827 72
1299 2601 71
96 4061 70
479 2239 205
673 145 56
1505 4581 246
504 323 89
1895 27 307
2092 915 57
1253 4029 44
1131 2010 73
241 4385 406
798 2902 453
335 2908 89
2184 97 71
1644 2692 150
278 4124 403
1809 2501 206
270 646 42
511 2392 207
1030 76 89
1556 1183 206
360 571 72
569 29 12
601 1642 73
2166 3107 138
289 268 55
1248 675 285
248 1200 71
1131 2730 44
747 961 80
1211 3483 42
1109 417 92
1 917 165
390 118 44
1645 1668 325
1834 313 421
130 786 163
902 2059 206
160 831 117
2130 538 172
1077 114 72
362 316 32
800 1848 44
724 3451 65
217 1285 3
208 4381 24
1556 4270 24
212 2274 54
881 2494 12
45 25 79
261 1235 89
52 2310 71
937 139 404
358 2516 404
521 1863 12
1167 47 71
478 118 44
1946 2804 12
1963 1692 73
358 1200 71
2097 292 363
1178 162 38
469 3940 278
1218 2799 303
1140 4352 32
479 417 92
661 3179 473
1302 4399 104
1817 2756 285
1560 693 436
1096 939 89
550 3928 137
1472 393 71
1219 327 43
1875 1158 32
1051 439 285
1520 991 33
56 4272 56
1560 68 71
1994 216 276
177 104 86
206 196 89
1855 469 295
237 151 331
1679 4921 332
376 1594 42
1783 643 364
899 603 71
504 1654 354
237 3740 56
1502 25 79
1025 735 453
347 139 404
1270 2439 177
1472 1010 71
151 802 107
1082 1251 12
599 892 54
827 2252 21
1541 3245 199
225 211 361
1419 3970 403
277 4518 279
1532 292 363
1081 943 113
657 29 12
2188 363 71
850 4242 163
1009 4299 42
1753 2945 292
111 272 56
517 777 71
1388 3538 453
363 640 12
419 1950 100
2292 781 453
593 2818 71
382 4913 457
828 2129 89
1195 98 70
563 4082 56
354 412 200
1500 779 143
2086 4644 466
1486 2716 10
1276 3789 201
543 4028 38
241 39 143
1343 3847 386
635 1131 89
626 697 57
1160 420 190
1403 439 285
836 3844 72
450 1307 439
1309 2920 213
143 3549 144
1438 139 404
663 1629 234
650 2730 44
435 1342 89
1530 4673 206
893 29 12
856 762 33
192 97 71
1017 5490 72
264 3324 154
731 4897 48
989 2594 71
388 164 111
1152 1110 348
822 753 56
481 2258 92
989 96 252
1563 4947 70
689 118 44
604 289 56
1370 4738 303
205 2873 33
256 648 44
1855 1921 425
1410 101 307
99 1685 57
1521 4758 278
1953 2254 468
91 3549 144
699 379 209
1187 331 56
777 32 56
595 447 181
436 3581 155
1161 3797 43
254 1583 73
691 4214 333
225 490 159
1232 1060 457
1182 586 12
483 514 404
1649 1338 358
1155 1034 54
1603 1754 73
94 2733 276
114 5249 57
1032 4775 43
836 529 252
1009 1380 473
1151 2326 159
1194 378 209
973 79 353
1384 3659 374
1043 4362 139
831 1251 12
1774 457 87
1313 2844 276
114 1211 94
912 770 313
1471 705 384
2080 88 276
744 470 35
161 3886 57
1692 2361 104
1309 4190 184
6 1826 44
1170 606 9
1781 2337 473
675 302 71
604 2758 44
1612 4237 333
1984 248 384
268 2927 55
2086 4725 457
1728 3029 55
1644 4368 71
1278 4545 361
1228 528 89
1454 841 40
955 2379 457
617 1213 143
2179 418 307
1621 2077 465
132 1342 89
511 3807 57
1272 1613 213
2254 1015 355
446 2299 71
1490 1709 384
1138 469 295
34 1719 12
1039 3058 82
762 1452 78
1839 2122 92
1084 1708 68
2 5252 32
1666 1613 213
1580 3360 295
1005 27 307
1073 3651 189
1008 255 285
1262 2826 10
790 5171 333
92 1620 307
137 633 271
848 656 285
762 3476 89
303 5051 27
1569 785 73
1031 3160 206
108 453 89
201 2183 70
1132 733 213
1536 860 172
1311 400 325
939 573 47
609 3612 466
1249 498 190
367 5559 451
1965 1031 260
1167 5547 32
205 1034 54
466 4447 278
1790 1251 12
195 5105 24
492 1574 285
1036 540 9
1289 3838 32
148 606 9
1270 5596 173
946 2800 285
953 37 138
103 5414 57
529 3005 88
1077 4998 71
2292 181 453
596 2353 85
1187 761 57
1878 326 137
803 3541 185
38 2408 5
51 203 316
605 687 9
736 1177 89
514 728 113
1794 4044 70
97 1353 71
60 396 185
2274 1853 201
530 489 72
468 4019 89
1744 278 354
404 3330 338
1017 1353 71
190 415 359
629 400 325
1689 3040 42
1841 25 79
856 748 44
479 1358 89
913 2810 263
513 796 107
489 2716 10
174 1859 437
1287 3810 272
199 483 72
489 4338 89
753 5507 41
426 1589 259
1531 802 107
1665 2678 24
103 191 44
169 1008 285
1459 1538 285
1511 5146 89
17 101 307
1296 3469 137
1272 447 181
678 373 303
154 1158 32
1329 4758 278
60 1934 10
75 418 307
417 3497 260
94 2795 453
1216 3333 336
438 3787 444
1348 472 100
390 699 434
1676 1674 326
341 2486 453
28 1729 97
609 3711 272
514 305 159
2014 4 71
1095 76 89
1515 1359 71
388 36 44
1134 2460 46
2221 5112 56
961 767 78
187 1342 89
1444 3925 89
1093 999 59
1623 2077 465
114 159 457
1362 606 9
56 2010 73
60 932 75
989 3679 73
254 3304 97
1329 4100 161
985 605 137
1450 3605 33
160 1050 136
1188 4904 415
888 2268 71
404 208 32
388 2984 305
1494 3082 404
542 1872 72
1235 531 15
1528 121 89
1502 4050 172
1052 2321 71
423 98 70
1375 27 307
1916 435 73
705 761 57
824 99 70
1134 1103 92
1316 655 89
1136 3271 377
12 29 12
157 3257 220
1266 366 476
172 761 57
955 2696 292
1163 2127 71
1335 3813 481
1863 27 307
617 136 73
1414 3832 458
1015 1025 420
103 2028 72
1338 15 386
1140 205 70
2306 753 56
417 2729 111
326 1430 55
423 2071 258
466 2299 71
1187 753 56
45 2252 21
1020 145 56
1210 2130 107
1601 231 72
1725 919 182
961 1493 241
1156 761 57
920 1889 56
587 940 42
167 588 70
1017 2004 107
1532 3420 25
9 983 57
1760 2140 32
92 71 72
1760 594 112
1344 1410 12
511 1585 56
10 25 79
1992 439 285
688 2496 71
799 101 307
1146 3942 185
1222 1453 147
618 68 71
237 1144 57
1147 764 143
1910 2107 276
775 4726 185
618 485 72
953 5215 463
2043 5481 10
1829 1494 206
1078 370 50
1814 3802 113
529 4749 324
1206 5395 276
576 895 38
952 840 386
549 2056 453
1146 184 12
1615 2141 303
1169 3790 250
176 33 32
969 701 72
340 728 113
1215 172 12
824 2418 263
647 1314 303
515 1398 247
713 915 57
188 2638 55
93 27 307
1250 315 32
1318 5300 93
791 314 119
468 1558 72
536 1745 78
1060 1046 206
1008 3912 260
1037 176 104
223 101 307
985 3325 301
1803 74 424
1300 257 303
512 2143 258
1026 118 44
1143 1146 33
1296 4480 43
1397 1860 89
536 430 43
1221 1964 54
132 3313 87
857 2598 303
2242 5069 88
25 3969 56
117 1998 56
1986 4509 57
52 2636 73
1613 1046 206
876 4555 44
1043 483 72
1 2456 24
1688 958 44
340 439 285
1455 5067 278
989 4446 40
1315 1671 206
51 76 89
207 306 72
617 2200 32
638 688 89
825 4399 104
369 379 209
205 342 24
106 1964 54
861 2621 31
1187 1240 72
1442 245 95
248 2295 325
201 2716 10
846 744 361
560 3421 25
513 617 41
1314 2512 297
89 473 285
1133 2069 57
1442 4197 222
447 1664 56
97 681 303
846 4926 453
2253 328 78
731 5565 364
1090 303 316
197 5371 95
620 3275 10
186 1 463
955 470 35
742 114 72
117 863 260
1849 1692 73
107 229 43
945 728 113
1168 2580 259
717 840 386
59 915 57
631 174 54
1183 380 70
489 4740 10
948 484 206
1050 97 71
246 2 75
947 1353 71
1702 436 303
1159 359 56
1357 4368 71
260 391 89
283 15 386
1232 2744 70
478 712 89
154 915 57
1234 3712 375
1728 710 89
1728 687 9
319 591 89
625 1808 75
97 1627 232
1391 419 286
26 94 276
775 4280 137
1676 937 361
1320 5187 172
969 294 363
1197 4040 23
683 5260 316
689 5019 89
1132 205 70
1288 4959 12
1166 777 71
840 2099 43
1463 767 78
1058 4050 172
1846 4180 103
847 5342 10
553 4753 12
2137 72 71
1227 29 12
1419 2276 359
1011 1942 202
1223 373 303
1183 3833 371
1243 3440 39
873 189 202
97 2568 32
42 192 57
214 1543 56
1516 3003 56
1467 1255 286
1366 3886 57
1197 113 71
743 373 303
536 948 33
689 1103 92
2104 1278 144
132 2317 47
1058 4855 343
1210 1696 89
998 692 89
181 379 209
470 1621 32
1721 1968 318
227 229 43
12 174 54
931 3540 71
1235 72 71
1470 5312 43
656 2100 113
115 1283 5
1061 764 143
1153 4204 331
370 2079 43
156 3 12
1507 5179 465
1270 4397 66
248 1471 73
978 826 43
2228 1990 213
1248 1103 92
1066 4568 89
699 454 56
975 413 386
409 99 70
345 856 149
1940 482 70
248 472 100
2147 814 446
1008 628 174
888 1349 206
1778 2144 258
969 2954 89
1014 2477 71
1236 4290 318
1042 2896 363
1176 2953 396
997 2528 449
484 1976 57
1328 3897 56
273 358 279
1276 1640 201
259 2314 73
205 3043 25
57 281 73
1107 842 57
331 1128 73
1726 4454 206
314 1624 57
1222 763 25
1856 3508 137
174 32 56
73 687 9
762 1680 412
1299 1232 206
1383 63 71
987 1154 97
862 76 89
353 661 72
136 148 453
1190 136 73
791 3427 278
945 2764 89
55 418 307
589 324 38
1335 591 89
1075 971 72
969 33 32
341 4589 44
349 1496 246
978 121 89
678 3725 71
74 26 109
1664 1204 459
1316 4051 172
1956 3404 89
1439 29 12
1145 1706 72
1222 205 70
819 2995 271
84 304 219
74 568 333
1251 3062 12
1894 1 463
1182 655 89
1892 1678 386
320 417 92
1537 4592 89
350 272 56
486 82 34
948 318 234
565 72 71
1276 2972 303
1357 4427 406
1687 1256 303
239 3123 89
286 2331 453
1243 4488 195
192 1696 89
1561 440 10
1929 243 73
1951 814 446
1851 3541 185
1222 945 165
333 856 149
1214 98 70
1322 3205 98
1223 4335 40
377 566 21
1385 135 307
71 26 109
1134 485 72
170 2965 107
199 154 26
1846 98 70
777 2415 56
140 1348 44
1271 4870 384
1253 568 333
1259 311 125
593 1625 297
993 27 307
46 1795 71
2248 300 57
2006 619 72
432 27 307
230 1839 24
74 777 71
2092 2475 437
2191 76 89
1103 3554 32
2257 342 24
489 1256 303
1515 4596 89
1017 184 12
1645 5283 84
1492 4079 258
259 4230 73
130 777 71
689 347 40
2202 3005 88
332 387 201
1541 252 363
1727 238 55
2 4118 43
850 246 55
120 1417 72
680 396 185
2228 4613 64
309 345 137
861 3865 320
1739 699 434
689 106 120
363 483 72
1428 753 56
2097 290 340
2237 45 276
1129 1436 34
1131 4853 89
549 435 73
1679 3996 31
986 4785 89
1169 3711 272
460 71 72
1131 903 62
549 81 451
620 379 209
1603 76 89
1115 1831 40
144 4352 32
379 2029 158
1225 659 303
1760 211 361
270 501 44
381 245 95
956 5547 32
1195 255 285
1569 1844 71
1842 836 312
387 2601 71
566 5224 71
1842 277 316
1502 5454 260
2155 1547 185
180 856 149
367 3587 56
872 2890 269
1173 710 89
283 921 77
128 136 73
1691 754 42
565 759 333
71 1337 87
251 5026 103
1865 39 143
591 483 72
117 439 285
164 36 44
795 2904 43
1249 418 307
567 1593 285
301 2224 363
1070 412 200
1601 5047 43
1940 4375 453
594 2315 271
1572 5209 319
1742 1428 385
1035 1835 72
396 1621 32
1492 3569 97
1075 862 285
847 860 172
790 2611 206
399 643 364
1058 4027 89
1577 500 44
1547 1540 89
135 1560 87
449 2689 79
1245 1936 72
631 1539 71
914 71 72
738 3914 142
1561 136 73
744 311 125
1367 3294 258
1283 1488 139
1427 3868 241
187 960 57
953 1251 12
1624 2800 285
1017 470 35
2216 2800 285
900 5198 73
1195 440 10
1860 4238 278
25 4163 75
2088 136 73
1000 3626 89
1300 314 119
1830 1254 285
1493 2760 222
1362 1654 354
1204 991 33
192 3006 449
580 2311 56
1180 211 361
1272 458 74
1817 1046 206
797 1219 185
870 25 79
784 72 71
1581 4081 190
1414 439 285
961 29 12
417 1828 24
867 2143 258
67 4608 316
1096 27 307
1476 1147 72
1516 1114 457
1686 4862 105
92 1813 357
1368 2487 453
26 4027 89
1105 4970 408
1222 4163 75
1 4743 392
1237 4454 206
618 32 56
1326 3086 10
1460 145 56
846 2491 332
1229 256 285
1302 1612 15
1003 1712 71
1381 291 380
169 1379 89
1517 567 219
674 1710 409
483 451 89
1264 5039 42
626 1706 72
1209 425 57
1770 76 89
1316 2861 107
1043 3822 414
142 1842 70
816 390 163
1614 2926 12
1787 2476 145
12 98 70
1326 3384 303
1567 493 15
969 181 453
1081 2739 32
780 3809 120
749 1828 24
2257 439 285
1130 3573 470
706 380 70
172 1999 12
2218 318 234
426 673 120
1616 11 276
544 2956 71
1701 2096 232
1589 3653 104
1194 179 49
418 1863 12
790 1213 143
1271 209 32
180 2059 206
343 2527 316
1348 2656 55
1008 1937 307
476 400 325
233 183 115
116 1020 405
1865 629 275
1168 292 363
1713 1337 87
133 1253 73
1151 1332 42
726 1682 206
974 68 71
1143 74 424
1212 192 57
1455 1608 78
2042 1547 185
746 3272 64
615 211 361
453 1359 71
944 4051 172
931 903 62
978 767 78
851 289 56
937 2036 70
1031 1811 206
1223 952 70
1020 1012 72
970 1260 260
403 216 276
729 2895 444
287 27 307
1523 982 56
594 732 271
1675 2602 285
1619 1889 56
715 140 253
1835 2878 285
2138 1771 56
1923 1218 185
1760 770 313
436 518 363
829 2077 465
396 2349 258
1755 5075 32
688 68 71
490 1161 163
90 4 71
1192 4857 285
108 5248 406
1863 2857 33
1065 4427 406
858 2869 32
194 470 35
1918 3771 105
181 500 44
1033 21 2
1225 1744 316
1199 76 89
2094 1942 202
2083 2969 55
337 3688 143
1372 3006 449
1247 4970 408
516 695 32
2189 5135 266
75 3234 92
388 1426 57
174 163 32
931 981 73
387 2290 118
1997 2956 71
363 2418 263
770 4925 434
969 4071 89
1024 4841 97
428 2963 36
296 1340 72
1272 4742 213
1159 2481 91
660 291 380
311 4876 295
920 1443 89
1180 642 477
1062 3834 350
1467 647 303
1691 5033 43
1272 1772 213
1411 1566 403
1791 1687 72
1344 453 89
725 3744 43
180 4351 206
1418 214 333
838 777 71
391 2988 143
871 1421 9
731 633 271
2096 74 424
74 2763 159
805 4637 70
1874 1958 89
594 912 181
336 1930 404
2126 3459 466
1102 4027 89
111 5323 142
1323 5373 378
1066 4189 70
1805 433 12
1071 777 71
489 4576 364
513 274 42
136 1850 272
823 1055 89
615 492 12
566 2873 33
661 159 457
1769 3894 105
565 874 73
177 2323 75
1502 657 185
777 1161 163
899 1240 72
1159 4179 386
858 2821 73
663 4284 32
1174 3291 91
814 1339 137
750 1678 386
1404 2607 12
1411 748 44
1850 4586 12
777 318 234
616 2956 71
1160 983 57
364 1249 72
1713 358 279
671 145 56
26 1720 24
195 4146 33
1393 2107 276
246 1178 209
1313 706 276
387 2180 325
615 145 56
1154 2453 363
1391 294 363
1271 2349 258
749 1091 73
1888 4298 55
255 3133 407
1685 5464 333
1155 291 380
1183 33 32
628 121 89
39 159 457
1848 486 107
1417 1006 286
75 408 43
1712 1016 355
695 623 57
88 800 246
483 669 197
1717 32 56
1862 2395 276
1432 4521 466
1567 1215 91
420 716 155
1228 1883 57
267 138 79
877 2057 53
225 1689 34
52 2680 70
653 380 70
497 344 137
521 259 307
1317 114 72
237 469 295
159 3209 43
1219 305 159
1791 1467 43
518 2399 52
487 976 32
953 2 75
1012 2804 12
1143 3102 259
1026 76 89
490 27 307
454 371 73
1221 3475 70
1825 527 71
498 1096 396
691 3297 393
2038 1 463
1168 88 276
75 211 361
222 1306 186
1020 804 72
1977 1563 25
1170 1815 34
691 139 404
1823 4399 104
824 470 35
1138 2392 207
2221 1277 44
266 856 149
1147 3920 54
731 363 71
2087 728 113
1858 2037 333
848 750 70
147 780 457
1443 70 113
1361 252 363
712 1386 33
1237 5018 479
1503 412 200
1271 4079 258
931 3990 303
617 255 285
489 1739 57
26 1696 89
644 3831 370
1024 3698 57
1153 3826 285
766 4276 57
195 2747 137
1216 3461 457
38 168 60
2317 3427 278
468 4387 24
982 2239 205
524 1277 44
310 1045 57
414 3773 89
1854 3324 154
457 2854 78
854 4784 167
1633 165 12
1464 1671 206
1966 3023 89
1023 538 172
345 400 325
1609 176 104
1210 3708 389
1182 216 276
423 435 73
1123 483 72
1492 3457 258
1235 4865 190
230 742 71
1011 4997 57
1536 4619 105
834 2337 473
691 114 72
1278 2071 258
511 4822 419
521 277 316
541 1298 307
27 5365 72
1095 4917 72
1603 3292 207
1311 5288 71
814 2546 12
1459 1278 144
552 4593 333
834 4225 334
1003 305 159
889 440 10
726 4427 406
100 153 71
920 3418 29
576 2078 127
647 3889 105
119 754 42
46 226 56
955 5460 33
1925 29 12
498 370 50
494 777 71
1868 101 307
250 455 107
35 2519 44
1343 2683 473
713 380 70
3 3153 70
163 2986 172
1650 4756 40
382 5296 40
171 165 12
1711 1648 239
92 1546 416
1697 4705 172
1219 2926 12
1160 5366 10
626 5532 113
1160 162 38
376 2754 24
1601 1029 11
1504 3308 185
2203 2959 89
1161 148 453
387 2581 437
886 3474 232
1928 4071 89
1658 1627 232
350 1177 89
633 4198 278
1160 138 79
563 159 457
1067 172 12
443 379 209
1172 68 71
1516 196 89
734 822 24
259 318 234
1540 803 43
483 88 276
1395 65 173
175 103 295
141 3602 295
451 744 361
256 4325 77
459 4263 88
286 1063 457
859 628 174
358 433 12
81 25 79
1349 1368 285
1410 1184 56
228 189 202
169 3000 32
998 4555 44
1731 983 57
1401 181 453
543 888 71
605 111 43
1262 4555 44
846 820 40
1097 362 71
616 164 111
311 2716 10
737 980 113
367 1566 403
1302 3924 85
389 4668 56
1468 2743 70
922 5387 103
675 3488 89
1221 327 43
363 99 70
969 1712 71
955 568 333
286 586 12
1644 1859 437
413 1805 368
2049 2030 86
155 728 113
147 2902 453
948 2385 72
996 1898 43
1530 4652 348
192 85 89
396 816 12
360 1519 71
1669 1547 185
979 3083 232
1486 787 201
1571 1451 75
1445 426 43
1275 1217 338
1813 3541 185
1548 1 463
173 156 89
1353 638 65
174 2295 325
858 3885 43
246 2319 64
1160 4562 284
1902 29 12
131 4156 246
1979 4230 73
1196 1084 10
127 77 91
1172 185 12
472 955 31
436 552 57
1059 1551 72
259 5502 73
1314 1891 206
1644 2200 32
1026 582 85
1302 379 209
1150 615 299
814 4207 70
610 581 51
489 2891 117
795 4915 56
742 4691 463
335 1924 404
2270 2855 57
2096 3794 136
463 311 125
248 1712 71
912 27 307
558 71 72
110 3393 23
807 796 107
2010 2065 73
610 76 89
31 124 105
93 3528 108
62 3506 33
846 412 200
946 5306 303
1022 257 303
97 311 125
259 3765 73
1040 657 185
2023 4392 303
1375 355 72
260 440 10
311 3170 88
188 513 357
1855 5563 202
1413 1710 409
1709 2009 95
582 361 333
1406 379 209
833 1262 117
784 1537 47
2261 761 57
1276 25 79
1938 874 73
1760 4500 348
814 1586 286
1470 1913 52
1085 1590 303
775 4365 348
365 2370 57
332 2240 240
1000 895 38
864 958 44
618 3023 89
822 1637 201
1321 500 44
347 4825 94
710 179 49
713 4448 56
2141 781 453
1979 1083 67
498 1580 209
248 29 12
347 101 307
186 4819 92
1288 3825 364
191 5552 202
790 591 89
743 2446 89
1955 433 12
1318 2347 73
1216 3224 209
246 2315 271
806 519 71
196 2756 285
389 4019 89
469 2220 78
1347 4238 278
1352 138 79
847 4470 10
137 3711 272
602 2473 97
1315 3112 63
1136 813 159
1375 211 361
1218 2142 258
1850 2456 24
1673 1692 73
2000 3347 79
610 186 137
1213 6 160
1135 1057 246
43 3234 92
1272 472 100
1700 1900 71
1176 2912 89
181 682 264
2303 292 363
1595 305 159
1316 980 113
342 476 57
822 38 143
283 469 295
417 1100 54
369 1522 89
240 2296 12
1373 2692 150
563 3498 32
1804 400 325
482 272 56
92 1929 404
183 796 107
725 2428 31
626 325 56
1214 1536 56
91 2029 158
108 4385 406
69 2808 24
1183 181 453
2110 159 457
529 2128 88
1580 1249 72
787 330 190
378 2334 33
1128 3372 57
268 798 89
672 3830 299
18 29 12
829 101 307
623 1258 73
1227 2495 62
920 4419 44
1447 33 32
1154 3853 71
679 563 44
814 5377 89
794 233 292
294 439 285
1446 1615 38
1763 1461 5
1313 88 276
1194 568 333
1585 324 38
598 380 70
490 4796 71
588 4470 10
1624 1503 72
1459 2933 105
939 2219 152
1305 1226 457
1324 2653 89
291 2603 172
1044 4411 303
1053 4421 285
1265 165 12
125 1664 56
513 2660 107
245 2755 303
367 422 143
1260 203 316
298 1351 57
545 3427 278
221 697 57
1673 165 12
1962 1380 473
427 1675 325
1523 2056 453
29 1146 33
270 1629 234
1125 312 42
459 711 89
1314 1 463
1796 5259 89
1359 3284 303
2299 5206 64
2289 1221 338
712 4194 278
212 222 182
1189 68 71
736 1786 57
463 1546 416
1013 2853 143
78 4056 57
1645 3704 267
1761 4495 258
1211 2400 55
18 979 78
2165 333 32
1790 253 89
413 37 138
56 661 72
78 3537 444
1466 2471 71
400 2671 220
236 2752 34
1567 843 372
272 453 89
353 4912 55
2144 3548 117
978 5248 406
515 68 71
1145 355 72
2067 1743 70
1367 4051 172
984 603 71
989 1516 89
1503 591 89
1624 1593 285
1746 440 10
1308 4921 332
1693 628 174
791 490 159
784 229 43
1813 327 43
400 1540 89
46 4452 93
536 1467 43
1219 5135 266
483 3731 25
597 3041 103
1510 523 57
1492 4840 284
531 388 402
1161 2337 473
918 1656 250
625 1120 70
902 1248 206
114 358 279
1393 1917 89
237 763 25
525 3610 276
1353 1005 303
1980 382 39
1218 3891 115
374 820 40
1404 815 251
787 4445 465
1901 568 333
478 4155 43
337 2484 73
636 1879 78
1626 98 70
28 1286 71
1160 209 32
1968 140 253
168 859 85
715 727 79
69 1806 97
1026 2580 259
1022 159 457
1378 4821 389
42 27 307
208 2268 71
317 896 56
272 3641 6
1772 1664 56
1216 2501 206
2200 3924 85
876 76 89
1970 4559 70
1345 2590 271
1067 2616 370
934 3839 278
127 2501 206
247 794 72
699 417 92
976 138 79
311 1839 24
725 1035 70
1355 4206 56
1388 2059 206
1380 358 279
331 1977 87
1567 2027 439
1903 98 70
691 1749 453
1314 1683 10
1747 27 307
656 4995 71
299 3688 143
2185 761 57
2112 5123 333
1909 500 44
248 979 78
81 515 41
304 4821 389
1059 262 318
2173 538 172
1510 7 78
2188 76 89
467 3693 52
3 32 56
2052 330 190
720 299 364
1683 2621 31
864 1103 92
1292 3980 206
159 657 185
1154 4383 225
51 202 56
1977 2194 44
1188 3030 113
1699 1340 72
1270 1474 305
1528 3051 42
1291 557 325
368 2189 91
519 2239 205
1229 227 103
756 687 9
1330 4411 303
851 68 71
135 796 107
580 1835 72
119 1685 57
529 1936 72
939 5171 333
343 4065 278
1861 1221 338
403 1112 73
136 1200 71
264 3787 444
1269 1979 89
322 60 200
1066 3491 11
207 398 89
1410 325 56
1413 174 54
1586 101 307
151 4981 57
517 591 89
233 1256 303
1674 2895 444
876 2171 42
770 5418 454
562 733 213
635 781 453
1523 3162 286
1370 2464 99
744 291 380
435 68 71
798 4773 78
873 2515 285
1187 1359 71
4 929 55
1221 1677 386
2088 2420 404
86 1907 113
1252 1206 32
1410 4795 32
729 1073 434
744 735 453
1411 255 285
1567 2096 232
930 826 43
1204 724 89
1139 205 70
8 1714 354
1005 484 206
191 891 137
736 1047 57
888 3108 75
763 216 276
1375 74 424
162 3514 249
1979 323 89
1256 2 75
1975 448 333
831 114 72
1466 4394 78
923 2790 359
742 942 113
1879 611 285
1649 3964 105
709 5148 373
114 33 32
1589 874 73
794 3169 260
1881 2800 285
989 589 89
845 1254 285
1130 2212 32
194 2053 72
245 4059 71
1065 5374 231
1714 358 279
1883 1262 117
2110 435 73
495 2059 206
509 821 71
1326 1046 206
541 139 404
498 2352 258
1314 5343 73
779 2295 325
310 622 56
795 3553 113
734 1086 121
1076 29 12
191 1796 43
202 501 44
1464 234 82
1093 139 404
478 2184 55
795 394 71
136 628 174
525 1080 96
1216 2001 89
1283 85 89
1633 4669 370
489 4057 70
707 5571 384
1155 2628 57
791 822 24
1296 4427 406
454 3637 325
412 221 89
114 748 44
1384 4887 457
681 2628 57
451 4459 73
795 250 89
1176 397 137
341 2254 468
67 3516 213
1915 3065 387
225 2263 86
1541 1282 24
597 29 12
1140 164 111
421 4039 278
1516 298 71
1329 4470 10
1855 5418 454
2198 181 453
1753 454 56
961 489 72
766 4710 285
504 2797 350
851 94 276
857 37 138
194 3023 89
1050 568 333
486 585 89
13 25 79
1313 94 276
770 3757 465
998 1277 44
294 1328 473
1355 3254 71
698 3224 209
1733 283 307
565 447 181
550 71 72
17 5006 70
808 1303 71
110 610 173
483 2683 473
1269 5198 73
730 1889 56
689 156 89
629 2647 276
589 1155 44
1302 61 129
105 3633 64
602 1283 5
1095 4749 324
979 761 57
1486 2465 40
426 1268 56
1220 1331 457
1847 167 41
1220 4865 190
1017 801 187
1777 483 72
732 1046 206
1152 3246 348
1483 317 89
2031 4399 104
1019 2325 187
2187 567 219
1068 1504 71
151 98 70
236 2134 190
1137 3360 295
1472 4507 71
1375 5322 137
260 1609 10
9 71 72
570 1364 60
792 1615 38
1397 71 72
1235 647 303
969 4988 419
1058 4863 325
2279 862 285
501 4030 57
953 1258 73
1187 2266 412
263 709 137
2114 3964 105
1149 2371 73
1475 4739 213
1891 4000 71
675 1 463
199 2667 314
1428 3157 97
430 1110 348
925 761 57
1226 61 129
116 1661 139
687 767 78
233 136 73
151 27 307
294 310 72
955 616 271
831 33 32
1005 1027 54
1559 2563 203
1138 3308 185
389 1273 107
108 1685 57
1290 454 56
2206 633 271
1194 470 35
1492 5281 363
795 1646 89
1591 1934 10
542 2061 56
845 4163 75
1302 3641 6
286 1380 473
92 950 359
233 226 56
767 72 71
1016 193 43
543 640 12
1137 3010 86
511 99 70
117 289 56
541 5 73
1777 3815 72
1359 4601 29
187 324 38
1954 2336 43
396 1146 33
1227 4496 89
600 299 364
350 221 89
1168 4926 453
936 4997 57
1024 97 71
1249 657 185
846 2955 370
222 1339 137
1854 2091 89
316 483 72
1305 3152 40
807 272 56
777 2967 73
1498 3427 278
1410 1146 33
1794 448 333
217 4282 40
1530 5195 468
579 784 57
918 4868 206
1545 761 57
509 5002 43
448 2105 185
1250 3652 189
559 5418 454
961 1103 92
410 2519 44
1086 2704 202
1222 937 361
1139 3611 453
1083 2967 73
1017 151 331
1516 386 32
365 2764 89
1391 528 89
912 715 32
1426 3682 71
1228 4879 137
172 2659 41
1219 2239 205
60 1833 87
694 1460 260
430 4585 228
2155 45 276
67 1221 338
1683 1676 73
2224 231 72
1253 2598 303
1179 448 333
1572 5018 479
58 291 380
807 777 71
25 2 75
637 255 285
2214 2726 358
1698 164 111
1059 3997 278
1328 3826 285
989 1616 29
2160 21 2
237 71 72
1245 659 303
383 290 340
744 4364 305
159 1506 33
696 380 70
264 1247 57
1159 145 56
1416 2242 85
1237 27 307
2209 1593 285
145 1943 12
71 3838 32
778 1297 72
1384 1580 209
144 342 24
317 1143 295
605 983 57
1009 2296 12
1131 348 71
1839 1781 56
1059 2226 89
412 29 12
1903 2408 5
1160 3643 361
119 5446 155
71 659 303
1220 2175 251
317 634 70
48 2077 465
412 756 57
1181 591 89
985 623 57
2038 2625 364
626 190 42
1523 2553 333
92 507 404
832 438 71
1622 820 40
1134 638 65
807 4922 333
1178 3434 137
1483 4417 71
1020 735 453
1024 4067 56
1310 1243 450
916 1712 71
1561 2382 12
161 2196 10
1740 3423 194
617 2304 359
1584 2092 307
332 628 174
1696 994 43
1799 4399 104
1280 2175 251
683 1625 297
834 1218 185
1272 1731 57
1146 2099 43
904 1188 181
1753 4467 369
19 2427 56
956 191 44
1063 4043 89
1179 216 276
912 82 34
1145 567 219
1203 4850 105
391 643 364
1372 3034 457
1169 1331 457
427 3 12
886 1278 144
1268 2764 89
1776 1063 457
417 97 71
1406 3541 185
1294 4185 375
2256 1530 271
1855 396 185
1173 779 143
1596 687 9
217 3030 113
183 916 107
413 1 463
2211 1073 434
1403 1914 232
2254 1921 425
387 493 15
6 1556 286
551 2361 104
2014 179 49
645 15 386
575 563 44
1278 415 359
1842 489 72
699 2507 370
1953 5182 42
1235 266 209
1829 1234 107
327 305 159
73 76 89
595 448 333
1189 92 38
1678 5438 219
425 1199 56
228 2514 10
848 4487 375
520 95 56
1201 5300 93
1735 920 192
980 97 71
1189 1204 459
2058 211 361
673 4631 371
736 1529 91
6 5313 364
280 176 104
2186 841 40
580 2310 71
498 1057 246
447 100 89
1923 2327 213
1644 2239 205
143 2592 75
1673 313 421
636 1425 30
648 2232 297
451 2376 43
1888 1200 71
824 1682 206
619 5220 71
834 4556 73
396 978 57
648 316 32
400 68 71
1283 1551 72
1521 781 453
67 3517 276
780 439 285
612 3654 33
1686 4060 278
512 785 73
835 380 70
1155 590 89
1796 1849 155
443 1675 325
1817 3221 116
336 1358 89
1138 821 71
622 139 404
194 2187 57
2153 4955 279
977 4232 74
1367 66 363
618 1748 307
1185 772 89
2022 685 40
1455 1760 12
947 1817 72
857 412 200
170 4792 56
509 2096 232
541 3199 31
1453 2260 251
128 1557 72
876 250 89
513 1079 43
1506 4399 104
127 2021 457
285 2543 246
747 4003 9
943 27 307
858 697 57
436 1685 57
382 3967 21
584 174 54
338 813 159
1004 216 276
1245 761 57
480 448 333
945 593 42
1245 1183 206
998 3725 71
1860 4655 137
1147 5062 65
452 1676 73
1384 2456 24
1450 268 55
1160 4531 70
154 4349 77
359 710 89
805 712 89
1358 2163 285
894 70 113
240 174 54
1234 1579 12
241 1158 32
1027 318 234
90 2296 12
584 1976 57
217 829 43
550 663 70
604 3531 285
1341 330 190
1844 211 361
1631 81 451
1512 162 38
559 2200 32
552 1402 353
276 1135 230
855 2253 443
317 3858 127
240 2300 71
689 340 56
844 429 453
484 5148 373
265 986 89
2160 15 386
1514 2117 44
370 2159 390
1717 1251 12
172 1060 457
1153 1661 139
297 1324 316
430 675 285
400 76 89
192 365 457
378 305 159
859 675 285
638 4538 97
1125 1547 185
231 117 307
1039 4747 72
834 136 73
140 4571 335
760 316 32
4 2451 33
955 1719 12
186 1966 10
747 31 33
2115 2637 307
1 408 43
529 26 109
1089 4531 70
414 74 424
382 1617 32
49 2816 71
135 573 47
701 400 325
898 83 13
361 396 185
1486 2339 113
1542 440 10
1000 4219 449
1530 4541 348
1502 518 363
1848 4057 70
724 22 274
552 1712 71
550 2592 75
828 124 105
289 1028 54
1311 1714 354
542 1795 71
1011 4034 285
1235 252 363
1966 25 79
1131 1608 78
657 101 307
170 878 73
1859 29 12
930 1859 437
478 589 89
450 92 38
466 1167 206
1245 2866 57
918 1446 82
1999 2027 439
1205 1315 303
1314 1312 458
572 400 325
393 1701 172
1260 5138 405
251 2330 187
745 2371 73
422 851 84
119 1330 457
607 1179 63
50 1794 419
481 304 219
1277 251 71
881 1952 24
360 2590 271
127 2162 113
624 437 284
1158 2955 370
1207 4748 72
989 3150 89
929 728 113
1026 1277 44
197 27 307
517 1146 33
689 1064 73
1530 650 409
1498 125 258
413 1310 466
215 1074 71
1011 290 340
1742 4801 12
1467 1249 72
1198 831 117
1484 4264 70
93 2020 71
1954 483 72
1216 769 107
1652 2067 84
1502 318 234
655 1211 94
1333 5115 98
825 4051 172
640 3033 295
867 1103 92
1310 1331 457
1324 724 89
1964 619 72
1270 689 56
543 1220 213
396 535 88
1285 4255 453
274 1283 5
1158 740 386
410 376 55
1673 636 107
66 3513 56
1215 6 160
404 5507 41
57 772 89
513 765 24
2243 1277 44
1227 470 35
1268 3427 278
1810 4528 213
1062 1240 72
133 2282 107
383 754 42
1535 621 12
1994 5078 271
797 1712 71
836 3077 72
1104 4600 314
969 68 71
115 1766 71
1075 1436 34
1066 4832 12
155 3982 56
1502 2670 287
1120 903 62
1258 159 457
2082 1341 143
189 79 353
903 847 291
1487 1804 12
807 4721 12
2018 76 89
1373 3916 83
319 1936 72
114 1251 12
1286 4398 364
76 3160 206
798 619 72
1151 32 56
159 4997 57
242 211 361
1288 4325 77
563 1314 303
247 386 32
1142 237 71
1149 1648 239
388 1199 56
918 915 57
910 619 72
54 3587 56
1260 1284 6
236 1500 56
1020 2627 70
1095 3427 278
1711 958 44
1727 3919 71
823 3150 89
607 5025 37
1355 581 51
143 648 44
355 558 111
872 4352 32
1345 413 386
512 1636 337
2119 70 113
1103 2037 333
886 1419 73
157 3279 42
712 4723 278
1160 114 72
782 1966 10
486 1251 12
953 2361 104
689 497 307
994 70 113
1745 412 200
256 3774 70
1542 3086 10
1255 5174 364
1302 476 57
1009 136 73
1227 648 44
1606 71 72
2110 4376 104
343 5049 275
1 972 43
94 1654 354
708 246 55
1440 4726 185
781 1776 159
1171 5119 57
626 1114 457
1951 5547 32
718 2074 10
513 563 44
388 98 70
1150 4327 278
180 4810 210
610 295 341
946 372 285
1083 1 463
233 1579 12
2231 1373 71
240 209 32
1471 1294 375
1314 4431 76
824 363 71
1292 901 42
1982 1114 457
1102 4892 44
997 756 57
797 5435 185
1403 3402 206
136 4098 70
1620 1712 71
1263 470 35
343 4074 135
1572 3437 42
588 485 72
627 937 361
68 1620 307
1365 1815 34
69 369 196
1906 842 57
1414 3987 276
2274 1547 185
396 1451 75
1963 2636 73
1672 3233 285
1600 1249 72
1684 25 79
1141 4182 185
1728 1258 73
1076 2029 158
635 3071 32
360 50 386
1777 381 43
998 245 95
240 2902 453
1442 101 307
686 162 38
787 414 71
1830 299 364
71 643 364
1193 436 303
350 2492 114
2206 2413 71
141 753 56
977 5541 8
835 166 32
330 2328 107
1868 25 79
546 3370 43
1234 764 143
1390 2981 210
225 101 307
60 683 53
1481 1893 304
554 1217 338
2260 139 404
1281 4940 73
1428 1712 71
1488 906 370
280 1199 56
1179 606 9
1217 366 476
1981 1983 307
553 2113 260
1027 202 56
699 932 75
2281 1332 42
1376 29 12
1147 2004 107
1393 1942 202
370 1050 136
681 98 70
2255 215 73
1417 4539 428
483 3154 41
1020 1780 34
955 272 56
736 625 89
1281 1110 348
114 1316 110
227 561 107
25 2607 12
878 472 100
388 912 181
367 4959 12
233 681 303
2096 5346 192
40 2694 57
157 4542 73
605 1508 316
703 362 71
244 36 44
1507 1928 404
1897 4714 89
824 659 303
1472 13 467
2211 1682 206
688 3292 207
339 2399 52
790 2035 232
1704 2286 34
1009 174 54
1316 2448 381
140 2287 71
1397 1712 71
108 4997 57
486 1804 12
620 3546 42
513 2167 57
511 272 56
1928 289 56
71 261 12
1326 76 89
675 230 70
110 174 54
101 252 363
1512 1254 285
1102 1625 297
1409 27 307
1643 176 104
1 4137 32
1221 4649 32
1843 769 107
881 472 100
1408 1886 328
1963 2464 99
92 872 73
2008 2613 206
115 1002 82
866 3474 232
217 3799 71
517 136 73
351 2077 465
381 327 43
637 101 307
1887 2309 47
833 656 285
762 99 70
1589 761 57
1677 420 190
713 943 113
2218 355 72
668 1696 89
31 2049 56
425 4284 32
1857 98 70
222 3791 71
1263 4233 47
1397 1577 73
358 311 125
1744 183 115
683 1561 57
1534 2527 316
1681 5219 118
26 205 70
513 4930 104
1601 983 57
117 493 15
1245 1155 44
1004 1784 32
21 5546 285
807 4531 70
571 3675 48
1211 2412 43
1268 319 57
1003 605 137
778 4484 70
1045 1071 12
1068 327 43
1653 2842 72
1087 2087 97
1355 2300 71
591 2765 56
28 1438 6
894 4039 278
1421 3358 12
798 5445 144
699 578 10
1694 500 44
1274 148 453
88 1495 73
468 277 316
1375 568 333
1360 3333 336
1235 621 12
1974 589 89
186 70 113
343 101 307
1314 1417 72
1336 71 72
668 4061 70
360 231 72
706 1154 97
1377 3295 258
1626 17 43
1138 97 71
1619 2830 57
1548 1006 286
615 1586 286
89 2254 468
393 136 73
1479 364 276
1252 2523 56
1205 4470 10
675 4922 333
369 3324 154
1342 4310 449
874 3402 206
157 3999 91
1068 744 361
605 5462 108
31 767 78
199 2078 127
460 787 201
186 2369 71
743 471 89
1951 101 307
1963 4625 406
1578 5029 115
753 588 70
195 992 135
1429 872 73
719 4450 213
978 1476 251
617 204 71
126 608 43
1187 4998 71
1532 1219 185
60 25 79
980 454 56
436 80 33
161 769 107
1095 3340 318
992 3526 260
170 318 234
525 185 12
99 743 72
15 1032 43
955 834 70
259 2717 73
1169 4766 352
1070 995 285
79 438 71
1146 1429 213
59 2166 357
1307 4241 12
561 4 71
1805 1079 43
2090 172 12
1261 1096 396
1612 1215 91
1462 840 386
583 1046 206
168 2951 192
361 1537 47
1253 252 363
294 136 73
1437 2107 276
2114 3215 145
483 568 333
115 29 12
2092 4606 316
1228 454 56
1135 2585 246
248 2186 78
1050 733 213
361 53 363
1009 728 113
783 2412 43
58 286 318
973 2867 70
1276 4710 285
1136 1992 134
541 807 108
1365 1672 72
1299 635 271
389 453 89
2210 4525 307
1202 27 307
1409 330 190
1495 619 72
713 222 182
1589 3427 278
1035 4419 44
316 4051 172
2257 1046 206
121 1706 72
1962 3176 468
166 17 43
389 3407 71
478 511 307
1135 781 453
387 3102 259
1066 205 70
1363 27 307
176 4257 70
1266 1076 415
1318 1054 190
1017 2833 89
2202 85 89
571 761 57
1036 619 72
1115 711 89
770 4067 56
1644 5408 73
1523 787 201
888 3254 71
1057 3130 97
766 1646 89
599 4284 32
999 1207 72
1300 2447 41
1536 1046 206
1492 1593 285
978 3788 31
1576 4559 70
115 2707 97
819 71 72
989 455 107
1496 4940 73
509 1332 42
390 980 113
382 3089 232
1788 3636 72
621 3001 10
581 3474 232
161 3910 57
851 382 39
1497 4579 70
133 748 44
1502 860 172
515 1193 72
491 817 226
579 792 231
1709 1888 71
123 971 72
1397 656 285
483 3084 333
1325 304 219
872 1997 71
1360 2456 24
1854 915 57
74 3756 187
513 1696 89
136 1088 221
176 2138 72
459 94 276
993 4815 188
1360 3893 63
198 2654 89
1643 4593 333
144 766 78
900 97 71
130 725 98
1237 2283 152
1710 628 174
219 398 89
863 835 72
490 4180 103
1450 342 24
217 2069 57
997 4785 89
984 277 316
1240 5383 118
1177 1096 396
1047 3745 285
273 3706 89
1414 647 303
1643 4472 116
217 4439 73
354 4518 279
195 953 70
840 2328 107
230 978 57
1413 2311 56
881 153 71
521 734 89
1738 1277 44
1187 1309 457
1393 29 12
550 1 463
596 15 386
