99	783	140	1.0
204	1437	75	1.0
666	4464	166	1.0
122	925	85	1.0
547	3675	93	1.0
2103	818	79	1.0
2629	2444	0	1.0
232	1704	165	1.0
1356	89	72	1.0
285	2047	144	1.0
3101	2449	122	1.0
1157	428	162	1.0
3337	2828	137	1.0
1338	1255	16	1.0
3661	3168	2	1.0
683	4537	91	1.0
3875	1688	159	1.0
924	2114	122	1.0
4197	4572	72	1.0
2679	3115	120	1.0
4655	3242	0	1.0
2931	3279	86	1.0
635	4296	114	1.0
435	3042	96	1.0
510	10	21	1.0
251	1828	46	1.0
2643	104	138	1.0
619	4209	16	1.0
2719	1721	77	1.0
2013	1138	40	1.0
2442	748	71	1.0
784	889	0	1.0
3366	1963	16	1.0
464	3282	114	1.0
459	3237	72	1.0
475	1784	48	1.0
184	1338	72	1.0
2515	4486	166	1.0
579	4011	158	1.0
2679	3110	122	1.0
166	1214	12	1.0
37	355	91	1.0
1297	3117	87	1.0
238	1752	11	1.0
3286	846	133	1.0
4612	80	0	1.0
406	2843	48	1.0
285	2050	39	1.0
2642	772	43	1.0
3838	1662	132	1.0
1046	167	45	1.0
1527	1133	69	1.0
34	310	144	1.0
699	4648	44	1.0
2643	1715	157	1.0
1025	4580	107	1.0
4030	1788	58	1.0
328	2355	70	1.0
2932	485	67	1.0
2228	3000	52	1.0
53	465	96	1.0
2637	1681	0	1.0
406	2836	48	1.0
643	4331	144	1.0
1599	3944	21	1.0
3852	3155	40	1.0
4701	3750	43	1.0
4407	4163	104	1.0
44	394	61	1.0
140	1066	47	1.0
474	3332	45	1.0
474	3332	96	1.0
520	3634	156	1.0
1827	3984	50	1.0
17	188	0	1.0
1964	3944	44	1.0
3544	1629	65	1.0
2537	1643	56	1.0
2444	3884	144	1.0
4700	292	119	1.0
682	4533	41	1.0
273	1951	131	1.0
573	3941	24	1.0
4229	952	72	1.0
1789	3869	145	1.0
928	3537	145	1.0
3852	1715	92	1.0
1937	4383	14	1.0
3314	3840	142	1.0
4556	2675	72	1.0
442	3093	0	1.0
406	2854	48	1.0
2075	3108	46	1.0
2648	3112	94	1.0
4246	3270	0	1.0
1491	3940	0	1.0
4153	284	120	1.0
1929	1615	0	1.0
3641	3847	108	1.0
676	4495	68	1.0
445	116	166	1.0
6	88	147	1.0
573	3957	133	1.0
529	3702	10	1.0
333	2384	93	1.0
849	4042	72	1.0
69	562	147	1.0
50	441	61	1.0
286	991	137	1.0
99	782	23	1.0
232	1706	94	1.0
257	1871	92	1.0
2662	590	65	1.0
1632	233	48	1.0
3023	680	0	1.0
109	823	63	1.0
4735	1030	138	1.0
1016	2824	71	1.0
267	1926	130	1.0
1244	2562	167	1.0
3752	3443	72	1.0
111	865	48	1.0
2295	230	8	1.0
2236	1440	43	1.0
2684	590	144	1.0
1763	649	23	1.0
177	1290	39	1.0
459	3238	73	1.0
491	3445	46	1.0
361	738	164	1.0
53	460	117	1.0
300	2147	92	1.0
364	2591	0	1.0
257	1875	42	1.0
2523	3099	64	1.0
157	1150	24	1.0
130	992	142	1.0
1994	1695	8	1.0
398	2746	17	1.0
375	2675	23	1.0
3852	1704	92	1.0
459	2082	144	1.0
4208	1258	120	1.0
4119	1967	160	1.0
1009	4011	93	1.0
3709	2763	58	1.0
372	2652	81	1.0
631	4294	89	1.0
184	1339	114	1.0
1570	212	19	1.0
528	3682	1	1.0
459	3240	98	1.0
568	3904	0	1.0
232	1710	13	1.0
2552	3472	46	1.0
632	4284	72	1.0
1104	1088	72	1.0
9	90	0	1.0
20	211	25	1.0
327	1784	144	1.0
709	935	95	1.0
570	3928	24	1.0
286	2066	55	1.0
1976	3963	132	1.0
472	3317	73	1.0
108	817	71	1.0
273	1954	132	1.0
338	2419	117	1.0
588	4050	16	1.0
3308	4357	109	1.0
2236	1444	96	1.0
34	312	24	1.0
2363	1496	134	1.0
483	3401	11	1.0
165	1209	128	1.0
801	1630	90	1.0
3824	3132	65	1.0
230	101	144	1.0
1184	724	167	1.0
929	3843	144	1.0
130	998	24	1.0
8	112	164	1.0
4661	4551	43	1.0
152	1129	114	1.0
405	2775	114	1.0
4830	4632	117	1.0
49	433	0	1.0
676	4491	17	1.0
40	375	121	1.0
2601	917	164	1.0
25	244	124	1.0
446	3160	139	1.0
281	2015	166	1.0
415	2949	51	1.0
144	1092	161	1.0
662	4443	60	1.0
640	4322	9	1.0
565	3888	142	1.0
2255	1541	0	1.0
3177	2389	54	1.0
535	3734	98	1.0
2328	259	50	1.0
2473	3041	120	1.0
73	631	158	1.0
3989	374	161	1.0
176	1280	33	1.0
929	3845	48	1.0
683	4539	0	1.0
306	2168	72	1.0
355	2549	44	1.0
2147	784	48	1.0
711	3017	144	1.0
65	513	114	1.0
168	1232	66	1.0
304	2165	120	1.0
6	77	120	1.0
1180	3229	118	1.0
528	3675	93	1.0
155	1148	0	1.0
227	1616	25	1.0
227	1630	65	1.0
45	402	91	1.0
251	1830	122	1.0
806	1790	72	1.0
75	653	48	1.0
527	3674	71	1.0
1450	1131	132	1.0
3101	1185	0	1.0
671	91	112	1.0
6	84	87	1.0
2643	578	91	1.0
4082	2089	165	1.0
3547	4578	130	1.0
3696	2001	84	1.0
1218	2449	0	1.0
1223	3663	85	1.0
72	604	99	1.0
98	783	166	1.0
286	1008	142	1.0
142	1076	121	1.0
612	4164	132	1.0
13	162	72	1.0
3255	4467	125	1.0
576	3991	71	1.0
4038	1624	20	1.0
506	3547	62	1.0
806	1795	21	1.0
573	3942	120	1.0
1053	4201	47	1.0
308	2186	24	1.0
189	1361	110	1.0
1523	3263	0	1.0
1974	4275	166	1.0
4026	877	154	1.0
654	4410	120	1.0
1769	685	161	1.0
2231	2650	61	1.0
1504	240	49	1.0
1632	233	160	1.0
269	1935	0	1.0
1889	3351	116	1.0
574	3975	144	1.0
2013	1130	22	1.0
424	2993	148	1.0
15	179	81	1.0
1113	786	145	1.0
1572	3158	72	1.0
2714	1241	165	1.0
2652	2200	167	1.0
1082	4662	130	1.0
2177	886	24	1.0
1686	3221	98	1.0
4759	519	96	1.0
410	2901	68	1.0
1640	1173	141	1.0
299	2144	73	1.0
4660	2116	147	1.0
294	2099	80	1.0
3709	2769	46	1.0
12	144	144	1.0
364	2594	48	1.0
1092	1464	26	1.0
351	2526	72	1.0
1141	1541	120	1.0
2445	3884	15	1.0
3699	1882	137	1.0
81	681	124	1.0
232	1052	94	1.0
233	95	96	1.0
4324	3484	36	1.0
269	1938	111	1.0
3082	358	2	1.0
698	4639	107	1.0
351	2531	133	1.0
876	3314	58	1.0
71	596	98	1.0
306	2166	119	1.0
1183	2387	151	1.0
204	1435	24	1.0
217	114	65	1.0
581	4017	25	1.0
2151	4628	163	1.0
2643	1694	138	1.0
325	2341	98	1.0
491	3438	148	1.0
3156	836	68	1.0
3167	1621	167	1.0
3714	3995	95	1.0
225	1611	104	1.0
3157	968	117	1.0
563	89	160	1.0
15	165	133	1.0
472	3320	145	1.0
3836	3117	67	1.0
318	2281	96	1.0
6	85	166	1.0
309	2196	121	1.0
7	89	119	1.0
2648	1704	67	1.0
683	4547	89	1.0
1286	4446	122	1.0
4347	1708	120	1.0
153	1136	114	1.0
4517	2492	60	1.0
397	2744	133	1.0
574	3975	83	1.0
4790	3870	59	1.0
177	1280	86	1.0
286	2064	118	1.0
491	3443	166	1.0
1103	4229	120	1.0
421	2980	25	1.0
366	2616	34	1.0
224	1595	104	1.0
323	2313	47	1.0
459	3242	88	1.0
8	110	69	1.0
3255	4461	0	1.0
2424	1472	133	1.0
210	1486	46	1.0
1464	3867	133	1.0
490	1048	48	1.0
1258	1019	0	1.0
652	4395	135	1.0
2908	4675	122	1.0
1929	1643	96	1.0
413	2913	67	1.0
34	310	138	1.0
1468	461	38	1.0
2932	3277	11	1.0
3205	3262	158	1.0
543	3765	22	1.0
692	4613	48	1.0
562	78	0	1.0
692	4613	163	1.0
472	3317	145	1.0
1974	3012	83	1.0
1356	85	92	1.0
253	1849	35	1.0
3728	3352	25	1.0
597	4121	120	1.0
508	3570	167	1.0
397	2734	107	1.0
39	363	163	1.0
4197	837	0	1.0
3138	3107	45	1.0
226	1621	95	1.0
271	1947	42	1.0
662	4436	96	1.0
162	1184	70	1.0
206	1463	63	1.0
2586	343	144	1.0
777	3579	0	1.0
153	1136	18	1.0
1402	4654	8	1.0
34	73	17	1.0
2013	1135	67	1.0
522	3647	96	1.0
161	1181	93	1.0
370	2637	0	1.0
231	1662	69	1.0
1709	1191	144	1.0
1190	1472	141	1.0
1504	247	24	1.0
2662	3113	144	1.0
1297	4326	24	1.0
914	2490	137	1.0
1303	4410	81	1.0
734	1942	48	1.0
3709	2763	33	1.0
2195	1452	3	1.0
1182	4559	166	1.0
590	4074	74	1.0
408	2892	14	1.0
3836	1684	159	1.0
422	2986	0	1.0
4455	3417	43	1.0
572	3956	161	1.0
336	620	120	1.0
1093	1409	16	1.0
519	3624	166	1.0
734	1936	0	1.0
3832	3115	46	1.0
1527	1133	140	1.0
627	4257	0	1.0
293	2102	118	1.0
3187	490	145	1.0
446	3163	96	1.0
2213	74	156	1.0
2171	1117	18	1.0
403	2769	145	1.0
625	4246	56	1.0
445	3106	111	1.0
4157	2864	164	1.0
2669	3109	92	1.0
315	2248	123	1.0
1787	805	159	1.0
3852	604	92	1.0
4467	50	105	1.0
589	4053	86	1.0
2962	2040	160	1.0
1769	682	48	1.0
1001	2143	48	1.0
374	2662	144	1.0
878	735	83	1.0
9	123	21	1.0
1492	308	2	1.0
977	786	48	1.0
279	2000	59	1.0
474	3334	91	1.0
361	735	160	1.0
189	1356	10	1.0
2633	1687	63	1.0
1504	238	49	1.0
422	2986	72	1.0
323	2308	116	1.0
269	1937	46	1.0
574	3979	65	1.0
1572	3158	144	1.0
274	1959	69	1.0
1518	3668	66	1.0
3715	2437	21	1.0
2085	3437	72	1.0
1394	536	120	1.0
410	2901	85	1.0
2178	3262	96	1.0
44	392	144	1.0
4146	308	62	1.0
16	187	117	1.0
1889	3352	116	1.0
1977	3940	118	1.0
2255	1683	144	1.0
699	4651	92	1.0
24	237	166	1.0
53	455	123	1.0
4641	1606	31	1.0
2766	113	48	1.0
654	4410	144	1.0
236	1738	83	1.0
267	1924	11	1.0
156	1151	39	1.0
309	2195	145	1.0
1950	3158	117	1.0
4400	284	48	1.0
630	4283	24	1.0
4415	3308	72	1.0
768	2094	120	1.0
4429	1625	118	1.0
1480	4321	0	1.0
412	2909	159	1.0
446	3160	48	1.0
332	2379	35	1.0
663	4446	48	1.0
872	40	161	1.0
2949	3278	46	1.0
134	1023	48	1.0
4604	2517	126	1.0
638	4316	18	1.0
2512	2408	129	1.0
9	117	164	1.0
440	3074	23	1.0
124	953	111	1.0
166	1214	127	1.0
409	2891	68	1.0
3637	3908	0	1.0
124	954	13	1.0
247	1808	0	1.0
693	4623	155	1.0
2399	1186	27	1.0
1355	81	120	1.0
167	1214	72	1.0
464	484	133	1.0
79	673	88	1.0
2899	4153	10	1.0
118	902	0	1.0
355	2552	57	1.0
653	4407	0	1.0
435	3043	52	1.0
496	3471	64	1.0
2255	1703	158	1.0
1647	3636	121	1.0
365	494	13	1.0
1718	922	160	1.0
1964	3959	48	1.0
1755	1474	73	1.0
123	927	133	1.0
3319	4568	44	1.0
225	1598	137	1.0
210	1497	144	1.0
1297	3108	78	1.0
12	154	80	1.0
12	143	33	1.0
661	4433	135	1.0
2236	1435	74	1.0
3973	3328	145	1.0
410	2900	24	1.0
476	3352	135	1.0
864	3485	11	1.0
1297	1541	1	1.0
249	1815	89	1.0
3579	230	41	1.0
24	235	1	1.0
89	744	130	1.0
423	2988	19	1.0
3825	596	155	1.0
347	23	48	1.0
1527	1131	140	1.0
618	4194	70	1.0
674	4485	71	1.0
2125	3233	161	1.0
263	1904	82	1.0
479	3367	96	1.0
1046	167	96	1.0
205	1434	144	1.0
325	2339	98	1.0
273	1966	131	1.0
629	4277	58	1.0
2540	3316	130	1.0
605	4142	67	1.0
4713	2134	115	1.0
414	2935	95	1.0
4047	4668	25	1.0
4602	4130	156	1.0
3535	567	145	1.0
273	1963	132	1.0
1889	551	50	1.0
3985	287	164	1.0
2487	4470	144	1.0
2176	3641	164	1.0
3391	859	48	1.0
2303	3378	108	1.0
444	586	15	1.0
240	1770	24	1.0
2568	3595	139	1.0
204	1439	117	1.0
124	952	72	1.0
273	1953	107	1.0
3089	2413	22	1.0
684	4553	91	1.0
3229	2995	39	1.0
1893	2227	16	1.0
1183	3229	48	1.0
292	2096	0	1.0
1654	4395	67	1.0
5	67	63	1.0
4247	3274	20	1.0
17	188	72	1.0
1307	3425	16	1.0
641	1662	0	1.0
4535	2136	69	1.0
2255	1683	117	1.0
265	1916	104	1.0
3601	1420	24	1.0
4472	2169	72	1.0
464	3282	90	1.0
578	4007	161	1.0
30	286	74	1.0
232	113	44	1.0
568	3919	165	1.0
215	1528	91	1.0
751	535	96	1.0
3556	3073	25	1.0
1515	3943	68	1.0
179	1300	144	1.0
2864	1703	17	1.0
2994	560	21	1.0
4391	284	72	1.0
4455	3417	2	1.0
902	550	133	1.0
578	4006	22	1.0
6	78	96	1.0
2847	1736	44	1.0
3006	1151	148	1.0
1856	64	0	1.0
2743	2092	0	1.0
1628	520	21	1.0
2640	3116	48	1.0
641	95	112	1.0
2982	3832	159	1.0
122	923	24	1.0
4043	4673	0	1.0
1515	3951	70	1.0
474	3339	21	1.0
414	2930	0	1.0
2648	578	67	1.0
144	1093	49	1.0
2940	1446	86	1.0
1590	3846	24	1.0
195	1381	136	1.0
1934	2904	68	1.0
4357	3276	95	1.0
295	2117	115	1.0
3852	1676	166	1.0
756	2634	93	1.0
513	474	10	1.0
528	3683	138	1.0
3711	265	27	1.0
14	169	81	1.0
2874	3094	48	1.0
1810	2821	63	1.0
235	1726	49	1.0
4599	1932	10	1.0
220	1563	84	1.0
2649	1661	21	1.0
2864	1713	22	1.0
3138	1671	20	1.0
312	2232	95	1.0
116	900	0	1.0
3794	167	157	1.0
578	4003	95	1.0
3135	1987	105	1.0
681	4530	15	1.0
1527	1139	133	1.0
320	2293	97	1.0
680	4506	96	1.0
198	1398	86	1.0
1135	4604	144	1.0
1078	82	98	1.0
527	3684	158	1.0
947	171	38	1.0
238	1749	97	1.0
464	484	95	1.0
550	2564	49	1.0
3267	3676	1	1.0
3967	213	24	1.0
233	1718	163	1.0
3464	3530	24	1.0
3997	4211	162	1.0
98	780	46	1.0
4528	3271	152	1.0
1101	4003	0	1.0
3661	3158	24	1.0
1363	3608	20	1.0
2112	4039	164	1.0
409	2891	73	1.0
2099	1316	17	1.0
24	244	166	1.0
1383	2188	0	1.0
1271	3641	48	1.0
355	2560	92	1.0
1121	3642	92	1.0
155	1144	46	1.0
4826	2773	18	1.0
487	3429	48	1.0
504	3532	167	1.0
440	3070	18	1.0
2255	120	112	1.0
2967	2405	71	1.0
2730	3908	72	1.0
406	2841	34	1.0
90	747	108	1.0
4485	3316	113	1.0
3256	4458	96	1.0
2648	1687	94	1.0
1376	4024	94	1.0
3462	1553	57	1.0
51	443	46	1.0
1765	4623	141	1.0
1007	3868	97	1.0
204	1436	117	1.0
25	247	122	1.0
4146	520	87	1.0
2151	4630	1	1.0
459	3243	26	1.0
92	763	0	1.0
1207	269	103	1.0
4869	239	158	1.0
2637	1663	48	1.0
493	2651	65	1.0
1717	4018	73	1.0
686	3940	144	1.0
2961	535	110	1.0
4869	238	50	1.0
4438	1671	48	1.0
422	2989	75	1.0
464	3268	147	1.0
3948	1624	4	1.0
3825	1694	155	1.0
459	3244	120	1.0
632	4284	34	1.0
586	4037	70	1.0
4492	281	0	1.0
3899	1421	97	1.0
2778	3457	58	1.0
552	2064	115	1.0
415	2945	23	1.0
198	1400	116	1.0
217	1544	136	1.0
22	226	135	1.0
4357	3280	25	1.0
419	2967	72	1.0
970	1401	15	1.0
1990	3800	13	1.0
2540	3322	145	1.0
2791	833	149	1.0
239	1769	142	1.0
3505	4117	25	1.0
242	1788	0	1.0
566	3891	164	1.0
628	4270	10	1.0
3875	4325	165	1.0
493	2651	132	1.0
2643	1683	157	1.0
318	2276	131	1.0
4475	3437	72	1.0
523	3654	107	1.0
1990	3800	45	1.0
444	3111	158	1.0
3164	4555	19	1.0
683	4554	17	1.0
627	4260	109	1.0
75	641	2	1.0
2255	1539	90	1.0
734	1936	24	1.0
39	360	164	1.0
468	3297	159	1.0
357	2563	76	1.0
123	941	17	1.0
357	2564	142	1.0
128	988	24	1.0
225	1607	138	1.0
1527	1139	144	1.0
468	3299	27	1.0
253	1849	107	1.0
3794	167	84	1.0
595	4096	50	1.0
1499	4436	130	1.0
3641	3857	8	1.0
14	178	89	1.0
3273	921	41	1.0
416	2963	48	1.0
225	1601	42	1.0
1140	1668	49	1.0
119	905	93	1.0
217	1545	42	1.0
4135	3857	74	1.0
3875	110	38	1.0
483	3401	144	1.0
3601	1421	70	1.0
1156	1174	137	1.0
406	2866	48	1.0
9	96	20	1.0
37	346	71	1.0
1181	3222	0	1.0
527	3674	158	1.0
231	107	67	1.0
3823	3112	0	1.0
686	3947	95	1.0
339	2430	17	1.0
2124	3240	51	1.0
72	609	163	1.0
667	4458	48	1.0
1810	2821	144	1.0
3840	122	22	1.0
222	1588	20	1.0
3016	543	96	1.0
203	1427	118	1.0
328	2356	15	1.0
2767	1683	115	1.0
213	1509	0	1.0
3851	1683	12	1.0
595	4094	71	1.0
1315	2418	72	1.0
348	2518	159	1.0
3750	2948	149	1.0
321	2298	37	1.0
452	3198	96	1.0
536	3741	68	1.0
405	2806	0	1.0
171	1267	93	1.0
4335	3771	0	1.0
403	2766	45	1.0
241	1779	13	1.0
109	820	163	1.0
1527	1129	69	1.0
4449	2399	110	1.0
25	235	122	1.0
5	65	37	1.0
3852	1539	92	1.0
403	2764	33	1.0
337	1468	16	1.0
3768	43	37	1.0
1528	4666	48	1.0
164	1196	70	1.0
3291	617	93	1.0
193	1373	129	1.0
662	4440	97	1.0
206	1459	18	1.0
341	2450	0	1.0
527	3681	93	1.0
57	472	41	1.0
692	282	0	1.0
795	1228	166	1.0
3454	3659	96	1.0
4247	485	22	1.0
709	941	112	1.0
204	1439	18	1.0
227	1643	110	1.0
741	1808	69	1.0
3825	1667	155	1.0
3875	106	70	1.0
124	955	36	1.0
2255	1703	40	1.0
255	1868	93	1.0
1388	3378	132	1.0
320	2290	27	1.0
506	3541	158	1.0
2580	2704	29	1.0
3378	3383	166	1.0
179	1305	112	1.0
661	4430	0	1.0
2461	1294	120	1.0
444	3122	159	1.0
592	1210	95	1.0
284	2038	143	1.0
4429	569	118	1.0
351	2536	49	1.0
3430	1420	24	1.0
622	4226	155	1.0
2451	4231	0	1.0
269	1934	167	1.0
614	4170	43	1.0
1407	3204	144	1.0
2684	592	23	1.0
3851	3117	69	1.0
1603	742	46	1.0
24	242	102	1.0
1237	2344	69	1.0
4790	4236	96	1.0
337	2415	69	1.0
1668	1393	136	1.0
570	3927	26	1.0
1157	428	48	1.0
281	2017	45	1.0
2181	1163	120	1.0
4201	2147	48	1.0
3679	919	58	1.0
583	4023	120	1.0
1755	1476	14	1.0
481	2497	46	1.0
171	1259	117	1.0
516	3614	74	1.0
1451	1139	140	1.0
341	2459	87	1.0
174	1274	43	1.0
491	2399	48	1.0
2595	2493	2	1.0
1469	3830	0	1.0
2561	1693	15	1.0
115	887	69	1.0
1835	4305	88	1.0
4604	2205	25	1.0
317	2266	24	1.0
3138	3106	67	1.0
800	1619	72	1.0
348	2215	143	1.0
947	179	158	1.0
422	2987	96	1.0
2683	3435	92	1.0
4246	3278	21	1.0
69	554	155	1.0
1889	3358	150	1.0
1191	3556	161	1.0
522	3637	145	1.0
1987	1199	93	1.0
166	1213	127	1.0
10	129	28	1.0
3662	3165	99	1.0
3985	287	52	1.0
2777	193	26	1.0
4208	1260	147	1.0
4528	484	152	1.0
1567	3657	38	1.0
323	2329	144	1.0
2148	3191	86	1.0
1628	519	92	1.0
930	3844	144	1.0
1092	4017	75	1.0
1103	4232	88	1.0
3751	3440	20	1.0
323	2307	26	1.0
3752	3443	96	1.0
3585	1473	0	1.0
822	1634	112	1.0
2444	3884	120	1.0
222	1322	150	1.0
414	2941	160	1.0
464	485	95	1.0
405	2818	43	1.0
563	89	50	1.0
1940	281	24	1.0
3	42	88	1.0
485	3408	164	1.0
2662	92	144	1.0
183	1336	167	1.0
3591	3462	94	1.0
687	4585	121	1.0
3394	3320	74	1.0
4488	4582	136	1.0
4480	1671	48	1.0
1830	3317	71	1.0
481	2497	143	1.0
1788	803	91	1.0
650	2472	114	1.0
169	1239	40	1.0
508	3578	62	1.0
2769	2380	158	1.0
277	895	144	1.0
3825	106	155	1.0
53	458	159	1.0
3823	4323	0	1.0
4335	3776	19	1.0
2399	1186	147	1.0
3662	3165	144	1.0
239	1769	32	1.0
263	1906	148	1.0
1450	1136	132	1.0
1668	1395	94	1.0
275	1978	72	1.0
2149	1114	119	1.0
403	2768	61	1.0
621	4225	148	1.0
751	1185	27	1.0
44	393	85	1.0
405	2812	114	1.0
22	222	21	1.0
1934	2904	24	1.0
3310	3275	147	1.0
406	2855	48	1.0
4531	2364	0	1.0
130	1005	96	1.0
39	364	144	1.0
6	79	120	1.0
146	1102	55	1.0
408	2891	14	1.0
4	49	109	1.0
355	2549	0	1.0
2682	2498	26	1.0
4799	900	47	1.0
32	304	18	1.0
456	3222	21	1.0
590	4071	74	1.0
2111	4044	22	1.0
4343	1872	0	1.0
2852	3679	19	1.0
65	512	39	1.0
4295	828	111	1.0
1463	3866	111	1.0
3827	1698	67	1.0
849	4036	36	1.0
227	1644	111	1.0
491	2399	90	1.0
3605	415	136	1.0
323	2318	157	1.0
1938	4203	97	1.0
367	2623	24	1.0
2648	1672	132	1.0
3823	98	113	1.0
1889	1792	61	1.0
531	3717	23	1.0
2662	591	17	1.0
572	3951	165	1.0
2550	1122	158	1.0
1378	1472	0	1.0
1990	3800	120	1.0
2669	3109	128	1.0
2974	4607	140	1.0
464	3282	133	1.0
227	1620	155	1.0
1380	2855	15	1.0
664	4452	25	1.0
694	4628	48	1.0
232	1704	94	1.0
595	4089	14	1.0
335	2390	112	1.0
251	1828	108	1.0
82	696	47	1.0
2666	582	20	1.0
442	3099	142	1.0
583	4022	155	1.0
4869	231	1	1.0
70	569	26	1.0
601	4135	51	1.0
341	2453	148	1.0
2454	3664	22	1.0
1728	2717	72	1.0
456	3223	120	1.0
2845	4491	50	1.0
3066	2427	147	1.0
4108	2227	127	1.0
144	1093	12	1.0
449	3181	20	1.0
24	238	125	1.0
284	2031	142	1.0
34	310	14	1.0
450	3184	85	1.0
1297	3117	145	1.0
1129	1720	45	1.0
1515	3950	66	1.0
668	2961	120	1.0
2684	596	144	1.0
616	4181	134	1.0
1190	1470	23	1.0
3728	3358	110	1.0
53	462	15	1.0
434	3041	92	1.0
232	120	44	1.0
4433	3069	117	1.0
485	3413	24	1.0
125	961	95	1.0
72	607	126	1.0
2522	540	167	1.0
2626	1405	144	1.0
88	739	0	1.0
1475	3820	0	1.0
273	1958	131	1.0
406	2826	142	1.0
184	1338	46	1.0
3874	1618	0	1.0
379	2686	90	1.0
348	2514	144	1.0
2051	4634	70	1.0
563	78	141	1.0
3278	2488	95	1.0
504	3523	17	1.0
2965	446	39	1.0
464	3274	43	1.0
406	2822	28	1.0
1889	1624	116	1.0
351	2531	39	1.0
3664	4477	122	1.0
2176	3641	119	1.0
1931	1880	157	1.0
366	2603	97	1.0
2236	1441	96	1.0
590	4075	29	1.0
4247	3274	70	1.0
132	1016	159	1.0
3267	3678	110	1.0
34	319	16	1.0
238	1751	25	1.0
1336	3845	96	1.0
1935	4064	96	1.0
2575	1593	39	1.0
4438	1662	24	1.0
587	4037	71	1.0
2551	1116	68	1.0
1997	1132	69	1.0
289	2076	70	1.0
876	3327	69	1.0
70	569	144	1.0
233	95	48	1.0
702	3265	85	1.0
1135	4603	144	1.0
291	2091	96	1.0
694	4623	142	1.0
1652	239	28	1.0
557	3829	0	1.0
2013	1129	67	1.0
2617	3377	85	1.0
1191	3375	13	1.0
931	3796	98	1.0
1973	1619	16	1.0
336	2407	94	1.0
82	689	15	1.0
689	2787	0	1.0
3512	4017	48	1.0
3543	3240	10	1.0
1570	205	19	1.0
86	728	94	1.0
1271	3665	23	1.0
666	4459	0	1.0
4869	4596	29	1.0
546	3691	167	1.0
516	3608	71	1.0
230	1656	117	1.0
198	1400	37	1.0
487	3425	108	1.0
3727	3346	72	1.0
356	2569	163	1.0
1568	3650	120	1.0
138	1059	70	1.0
1860	2146	47	1.0
75	639	58	1.0
318	2279	98	1.0
682	4527	71	1.0
3825	1677	155	1.0
702	4667	20	1.0
3465	3383	97	1.0
321	2294	0	1.0
3337	2821	15	1.0
307	2181	70	1.0
1450	1131	71	1.0
776	1259	72	1.0
568	3905	90	1.0
69	553	110	1.0
971	2168	2	1.0
206	1451	63	1.0
348	2518	67	1.0
25	239	41	1.0
2561	1679	90	1.0
942	3268	49	1.0
3744	703	94	1.0
2570	4496	0	1.0
527	3676	20	1.0
1107	3589	144	1.0
198	1389	14	1.0
568	3909	1	1.0
3072	99	66	1.0
1994	1682	45	1.0
490	1050	48	1.0
26	259	75	1.0
152	1129	24	1.0
3744	3068	166	1.0
204	1447	92	1.0
26	257	24	1.0
670	4472	34	1.0
299	2139	96	1.0
505	3537	0	1.0
573	3963	88	1.0
4869	249	89	1.0
2620	3458	0	1.0
2	17	18	1.0
169	1240	39	1.0
448	3171	88	1.0
1977	3959	67	1.0
550	3037	95	1.0
1141	1708	160	1.0
235	1729	25	1.0
346	2494	147	1.0
328	2358	19	1.0
138	1048	0	1.0
232	1668	165	1.0
1686	3226	99	1.0
216	93	0	1.0
576	3983	0	1.0
4429	559	48	1.0
652	4391	89	1.0
683	4549	64	1.0
436	3047	0	1.0
941	2365	1	1.0
662	4444	25	1.0
3792	1168	167	1.0
409	2891	43	1.0
4697	2139	0	1.0
3768	4311	35	1.0
704	508	142	1.0
351	2529	144	1.0
285	2048	137	1.0
3852	1672	42	1.0
4728	582	45	1.0
131	1008	0	1.0
2637	1675	0	1.0
2638	3155	19	1.0
4112	1592	48	1.0
2649	1534	17	1.0
405	2817	114	1.0
2293	4436	10	1.0
629	4279	84	1.0
2570	4497	45	1.0
431	3020	72	1.0
4263	1658	11	1.0
4121	1019	92	1.0
3594	1620	59	1.0
8	108	165	1.0
315	2254	25	1.0
232	116	94	1.0
20	209	93	1.0
2649	3114	21	1.0
4229	952	24	1.0
606	4145	136	1.0
1527	1131	0	1.0
160	1182	0	1.0
3823	1696	113	1.0
4064	3150	64	1.0
405	2772	113	1.0
947	174	57	1.0
3825	1692	155	1.0
198	1392	92	1.0
423	2988	72	1.0
26	254	48	1.0
1515	3947	66	1.0
1301	2254	114	1.0
105	809	41	1.0
274	1959	22	1.0
4566	4672	12	1.0
418	2968	18	1.0
4475	3440	165	1.0
2431	371	0	1.0
498	3490	96	1.0
2689	93	19	1.0
3344	1404	98	1.0
1431	599	21	1.0
318	2275	137	1.0
2286	1043	0	1.0
2662	1672	119	1.0
662	4439	96	1.0
63	503	37	1.0
3281	4485	0	1.0
4415	3308	0	1.0
4246	3274	136	1.0
109	830	139	1.0
3539	2907	23	1.0
3814	3229	74	1.0
2643	1672	157	1.0
665	4456	0	1.0
406	2846	34	1.0
3601	1416	91	1.0
236	1737	90	1.0
1009	4012	90	1.0
1570	207	19	1.0
4465	2664	72	1.0
1019	3860	154	1.0
1113	785	140	1.0
25	231	49	1.0
1140	1533	72	1.0
313	2235	0	1.0
2990	2638	88	1.0
166	1212	96	1.0
3714	754	163	1.0
1649	2469	43	1.0
20	213	92	1.0
1584	732	18	1.0
597	4120	0	1.0
243	1790	142	1.0
431	3020	24	1.0
406	2876	157	1.0
414	2930	72	1.0
179	1302	12	1.0
1726	3137	67	1.0
1504	240	24	1.0
14	170	89	1.0
924	2114	0	1.0
356	2568	158	1.0
2649	92	120	1.0
1728	2717	21	1.0
608	4156	93	1.0
579	4010	93	1.0
227	1616	74	1.0
1964	3963	132	1.0
232	1703	70	1.0
2962	427	46	1.0
1502	234	0	1.0
49	437	155	1.0
130	1006	109	1.0
3394	3327	140	1.0
4228	959	149	1.0
444	3109	0	1.0
590	4075	97	1.0
539	291	99	1.0
32	301	0	1.0
351	2532	158	1.0
401	2760	119	1.0
2488	4472	167	1.0
115	889	118	1.0
4	43	0	1.0
3989	377	165	1.0
142	1075	163	1.0
2052	3272	137	1.0
100	788	166	1.0
3832	1697	134	1.0
147	1112	0	1.0
1025	4580	131	1.0
289	2078	70	1.0
1259	446	15	1.0
448	3172	139	1.0
143	1088	167	1.0
2662	577	41	1.0
1397	729	0	1.0
3454	3666	97	1.0
2673	1667	165	1.0
230	1660	46	1.0
71	579	0	1.0
205	1437	138	1.0
539	299	0	1.0
67	527	118	1.0
647	4350	0	1.0
444	3118	2	1.0
2561	108	15	1.0
3140	448	59	1.0
444	3107	0	1.0
12	137	167	1.0
405	2804	50	1.0
3728	3352	72	1.0
387	2710	143	1.0
450	3182	71	1.0
676	4495	115	1.0
1769	688	144	1.0
82	699	111	1.0
1103	4232	165	1.0
3230	682	44	1.0
174	1274	68	1.0
403	2768	33	1.0
2347	4466	41	1.0
664	4454	87	1.0
520	3633	104	1.0
865	3476	41	1.0
317	2271	65	1.0
4682	2906	120	1.0
597	3221	64	1.0
4553	4394	114	1.0
4714	3236	13	1.0
1491	3940	70	1.0
26	256	0	1.0
864	3485	145	1.0
446	3164	24	1.0
408	2878	99	1.0
483	3397	11	1.0
198	1392	110	1.0
371	2639	37	1.0
4485	3317	20	1.0
24	239	21	1.0
4654	537	96	1.0
619	4207	14	1.0
2271	1036	23	1.0
3366	1955	161	1.0
200	1416	167	1.0
1997	1131	69	1.0
111	865	72	1.0
624	4234	102	1.0
88	734	45	1.0
1633	246	0	1.0
233	103	137	1.0
2600	940	63	1.0
487	3420	63	1.0
546	3777	91	1.0
437	3055	21	1.0
526	3665	161	1.0
96	774	70	1.0
2689	1679	109	1.0
414	2939	47	1.0
232	116	165	1.0
677	4499	68	1.0
3548	3222	39	1.0
198	1397	164	1.0
632	4295	72	1.0
168	1230	45	1.0
205	1436	0	1.0
581	4017	48	1.0
2683	96	71	1.0
601	4137	26	1.0
1598	3962	92	1.0
1860	2139	162	1.0
1726	1697	66	1.0
290	2081	2	1.0
55	469	0	1.0
2643	3127	161	1.0
345	2113	164	1.0
2626	1405	60	1.0
361	739	82	1.0
3823	1655	0	1.0
2450	390	143	1.0
3278	2488	145	1.0
41	378	22	1.0
1266	3673	91	1.0
464	3282	43	1.0
514	474	9	1.0
694	4622	138	1.0
406	2875	49	1.0
40	374	164	1.0
169	1232	120	1.0
1479	1152	73	1.0
3579	241	138	1.0
566	3893	12	1.0
2978	1498	114	1.0
1804	884	71	1.0
37	342	63	1.0
1450	1131	95	1.0
80	680	118	1.0
2537	1627	95	1.0
2537	1615	144	1.0
222	1584	61	1.0
290	2089	97	1.0
652	4380	89	1.0
1430	3117	93	1.0
2680	1703	69	1.0
3205	3205	158	1.0
1713	825	96	1.0
4167	2514	108	1.0
424	2998	155	1.0
3832	599	116	1.0
3751	3441	142	1.0
243	1794	86	1.0
2031	1664	140	1.0
583	4022	0	1.0
3319	4559	138	1.0
381	2690	117	1.0
1733	4018	72	1.0
504	3524	0	1.0
3990	569	76	1.0
3251	310	96	1.0
1685	2387	0	1.0
1894	2219	157	1.0
410	2400	50	1.0
351	2530	49	1.0
198	1391	37	1.0
231	1665	115	1.0
4869	240	29	1.0
152	1134	44	1.0
590	4073	16	1.0
559	3843	48	1.0
3230	688	45	1.0
363	2588	157	1.0
1977	3968	119	1.0
603	1736	87	1.0
3823	599	134	1.0
221	1581	41	1.0
29	273	114	1.0
709	929	120	1.0
368	2624	109	1.0
1889	3351	150	1.0
405	2779	44	1.0
977	783	49	1.0
572	3943	135	1.0
2662	96	119	1.0
664	4454	24	1.0
522	3640	0	1.0
3229	2997	144	1.0
210	1483	48	1.0
150	1124	22	1.0
370	2638	3	1.0
84	713	96	1.0
570	3930	61	1.0
664	4450	89	1.0
505	3537	48	1.0
693	4624	67	1.0
3068	4411	165	1.0
385	2705	82	1.0
4191	2490	46	1.0
269	1938	84	1.0
3565	488	50	1.0
1964	3967	113	1.0
2174	3679	144	1.0
1598	3940	93	1.0
206	1451	120	1.0
3229	2991	89	1.0
306	2166	24	1.0
1648	789	119	1.0
1464	3855	96	1.0
528	3683	147	1.0
2809	257	1	1.0
3852	604	166	1.0
2768	2376	72	1.0
3832	1704	143	1.0
636	4302	0	1.0
574	3973	96	1.0
2949	3279	72	1.0
1135	2787	143	1.0
409	2885	28	1.0
1603	742	160	1.0
4357	3277	67	1.0
235	1727	161	1.0
1574	4467	77	1.0
3376	664	95	1.0
122	917	97	1.0
293	2099	83	1.0
2778	1296	120	1.0
463	3271	66	1.0
573	3946	12	1.0
265	1917	144	1.0
4646	3772	116	1.0
930	3844	0	1.0
635	2786	69	1.0
3263	3777	147	1.0
2255	1713	90	1.0
1781	150	48	1.0
1	4	157	1.0
872	3378	117	1.0
4700	292	150	1.0
504	3529	10	1.0
921	4203	24	1.0
79	670	0	1.0
198	1395	163	1.0
2714	30	21	1.0
451	3191	0	1.0
157	1156	1	1.0
628	4269	0	1.0
69	544	72	1.0
1929	1633	51	1.0
548	1199	69	1.0
1668	1388	94	1.0
2431	377	121	1.0
2864	1703	143	1.0
3006	1151	122	1.0
2075	3111	21	1.0
4335	3776	133	1.0
1134	2140	45	1.0
1995	596	97	1.0
424	2993	40	1.0
39	369	69	1.0
2569	4499	167	1.0
2561	1713	15	1.0
200	1407	159	1.0
237	1734	89	1.0
650	4354	0	1.0
337	2414	63	1.0
275	1976	19	1.0
461	3261	88	1.0
12	136	26	1.0
194	1379	140	1.0
1380	4158	142	1.0
912	3609	19	1.0
2437	3465	0	1.0
175	1275	140	1.0
315	2257	50	1.0
345	2483	0	1.0
660	4429	0	1.0
801	1635	109	1.0
3565	3272	116	1.0
664	4447	0	1.0
364	2596	71	1.0
4798	3034	93	1.0
2178	1428	70	1.0
773	373	64	1.0
309	2194	45	1.0
676	4490	167	1.0
3715	2418	0	1.0
1223	3659	21	1.0
4630	1408	46	1.0
485	3407	0	1.0
2940	1439	98	1.0
210	1483	46	1.0
3874	1636	86	1.0
2304	3894	17	1.0
444	3111	132	1.0
232	1712	94	1.0
573	3964	138	1.0
359	2576	107	1.0
3267	3682	48	1.0
370	2641	143	1.0
253	1851	69	1.0
410	2902	24	1.0
3715	1259	46	1.0
341	943	104	1.0
557	3831	0	1.0
408	2887	96	1.0
374	2669	23	1.0
1871	295	55	1.0
71	595	98	1.0
3784	4147	0	1.0
4761	956	113	1.0
442	3093	92	1.0
1515	3959	42	1.0
683	4540	10	1.0
24	230	1	1.0
42	383	89	1.0
1616	2049	9	1.0
1998	1136	138	1.0
1929	1633	28	1.0
686	3942	18	1.0
3875	3153	159	1.0
589	4051	167	1.0
703	192	92	1.0
257	1873	92	1.0
574	3972	94	1.0
4598	3166	145	1.0
702	4668	45	1.0
463	3275	144	1.0
332	2375	84	1.0
25	246	98	1.0
2233	64	0	1.0
349	2520	137	1.0
4825	2773	63	1.0
599	4130	18	1.0
1990	3034	0	1.0
27	262	96	1.0
774	375	86	1.0
2339	4677	145	1.0
1113	787	49	1.0
462	3265	122	1.0
2328	258	119	1.0
629	4275	61	1.0
1865	1340	114	1.0
481	3388	166	1.0
2437	3465	24	1.0
1770	1229	24	1.0
7	89	120	1.0
444	3145	117	1.0
153	1130	48	1.0
198	1392	86	1.0
103	797	0	1.0
1568	3657	120	1.0
645	4340	112	1.0
3376	1029	95	1.0
134	1024	14	1.0
1977	3968	21	1.0
681	4520	9	1.0
3282	3530	140	1.0
2680	1676	17	1.0
82	686	72	1.0
108	816	0	1.0
2643	1701	20	1.0
2013	1131	40	1.0
3840	3113	85	1.0
335	2392	42	1.0
3823	3114	66	1.0
3873	1642	97	1.0
569	3909	166	1.0
323	2328	120	1.0
215	1524	38	1.0
20	216	112	1.0
2836	3054	72	1.0
3601	1421	109	1.0
408	2881	122	1.0
4209	3266	165	1.0
218	1548	132	1.0
130	991	48	1.0
277	1984	24	1.0
178	1298	120	1.0
3336	2821	51	1.0
1298	3116	145	1.0
4838	2881	121	1.0
221	1577	37	1.0
652	4398	82	1.0
344	2119	0	1.0
444	1705	15	1.0
2670	4480	68	1.0
3871	829	17	1.0
741	1808	96	1.0
768	2093	0	1.0
1463	3847	0	1.0
374	2663	74	1.0
3827	108	11	1.0
559	3840	70	1.0
4429	1642	48	1.0
259	1886	92	1.0
1598	3945	158	1.0
406	2826	48	1.0
194	1380	161	1.0
641	1540	114	1.0
2637	1668	48	1.0
1608	2642	88	1.0
4869	242	72	1.0
3550	1860	42	1.0
69	544	24	1.0
3840	1684	166	1.0
1452	4105	124	1.0
425	2999	107	1.0
44	393	144	1.0
212	1503	79	1.0
3947	3168	87	1.0
877	2469	48	1.0
474	3332	160	1.0
2662	1535	119	1.0
631	4286	51	1.0
2726	2220	0	1.0
498	3490	22	1.0
3954	557	92	1.0
68	537	157	1.0
1964	3942	0	1.0
1129	103	118	1.0
496	3477	89	1.0
212	1503	16	1.0
253	1857	43	1.0
153	1134	41	1.0
506	3548	115	1.0
670	4470	154	1.0
52	449	65	1.0
3164	4541	130	1.0
397	2741	97	1.0
277	1993	144	1.0
2719	1721	105	1.0
115	885	112	1.0
528	3678	139	1.0
475	3344	167	1.0
251	1831	72	1.0
448	3176	131	1.0
210	1483	22	1.0
483	3401	120	1.0
286	2070	163	1.0
2263	2250	0	1.0
2124	3243	20	1.0
4700	3750	96	1.0
2795	3796	98	1.0
285	2053	62	1.0
25	230	144	1.0
4208	1422	49	1.0
697	4636	24	1.0
572	3946	70	1.0
1786	3106	99	1.0
504	3524	167	1.0
169	1238	131	1.0
267	1922	92	1.0
652	4397	160	1.0
2637	1676	48	1.0
3875	113	18	1.0
204	1435	92	1.0
2662	4327	66	1.0
947	164	113	1.0
681	4519	107	1.0
3727	3346	145	1.0
3825	1670	155	1.0
571	3937	96	1.0
621	4223	147	1.0
4201	2147	121	1.0
198	1389	144	1.0
459	3238	24	1.0
4396	547	127	1.0
2637	4480	0	1.0
491	3449	94	1.0
189	1354	122	1.0
4146	521	0	1.0
579	4005	48	1.0
864	3485	144	1.0
110	839	157	1.0
2949	3278	68	1.0
3936	944	90	1.0
105	808	7	1.0
146	1109	56	1.0
3722	3270	158	1.0
251	1843	71	1.0
485	3409	2	1.0
2684	586	23	1.0
285	2055	124	1.0
3350	1164	166	1.0
2930	4144	143	1.0
669	4474	94	1.0
750	537	147	1.0
368	2627	63	1.0
1951	3161	0	1.0
2637	1678	117	1.0
3522	2908	144	1.0
2683	3134	64	1.0
422	2986	48	1.0
1889	3354	74	1.0
561	3853	96	1.0
348	2518	93	1.0
328	2356	69	1.0
2620	3458	145	1.0
1967	4482	49	1.0
766	3656	19	1.0
468	3301	41	1.0
4239	1053	46	1.0
2189	3523	35	1.0
6	83	25	1.0
198	1393	115	1.0
404	2775	69	1.0
169	1230	166	1.0
3239	2010	134	1.0
4153	284	24	1.0
281	2009	49	1.0
265	1917	34	1.0
4035	4241	71	1.0
4030	1788	26	1.0
631	4291	11	1.0
2031	99	142	1.0
6	87	24	1.0
275	1978	71	1.0
3663	4470	119	1.0
381	2692	24	1.0
4799	900	0	1.0
1588	972	0	1.0
198	1392	164	1.0
592	1200	144	1.0
1889	3352	61	1.0
3875	92	159	1.0
459	3233	120	1.0
143	1088	0	1.0
1647	3640	92	1.0
2044	4685	19	1.0
669	4469	112	1.0
876	3312	165	1.0
3832	599	45	1.0
1672	1654	100	1.0
121	916	71	1.0
3823	1655	113	1.0
154	1144	134	1.0
253	1851	48	1.0
1515	3950	92	1.0
685	3462	63	1.0
4854	3937	24	1.0
4201	2145	96	1.0
4773	277	91	1.0
331	2374	118	1.0
406	2869	48	1.0
2561	1699	15	1.0
1889	3349	25	1.0
4610	497	85	1.0
1290	592	93	1.0
3612	823	72	1.0
368	2624	59	1.0
2180	1163	95	1.0
659	3105	92	1.0
2561	1679	44	1.0
4034	4231	142	1.0
357	2572	149	1.0
487	3421	73	1.0
415	2937	114	1.0
1079	83	24	1.0
3177	2389	126	1.0
573	3960	160	1.0
4044	4655	85	1.0
652	4393	72	1.0
4790	3869	90	1.0
133	1018	0	1.0
263	1910	46	1.0
25	239	96	1.0
2629	1185	0	1.0
130	1002	15	1.0
12	158	142	1.0
1084	281	24	1.0
2327	4018	72	1.0
4869	247	29	1.0
2795	3034	71	1.0
1489	4093	71	1.0
53	460	13	1.0
3900	3606	138	1.0
317	2264	70	1.0
683	4549	12	1.0
2042	3713	159	1.0
267	1920	83	1.0
3852	1704	162	1.0
1252	1160	140	1.0
1736	1594	46	1.0
444	3115	17	1.0
647	4350	106	1.0
71	577	145	1.0
499	3506	0	1.0
1099	3607	97	1.0
234	1721	72	1.0
1092	4018	26	1.0
4167	2204	23	1.0
2431	371	72	1.0
14	173	90	1.0
658	4424	91	1.0
1298	3106	67	1.0
343	2472	13	1.0
462	3262	48	1.0
294	2103	49	1.0
590	4063	49	1.0
2661	3155	166	1.0
304	2157	122	1.0
4429	1617	35	1.0
120	913	70	1.0
1244	2562	13	1.0
542	3756	48	1.0
3358	544	132	1.0
1599	3942	165	1.0
3394	3312	139	1.0
1266	3679	73	1.0
1976	3951	135	1.0
683	4546	112	1.0
3314	3842	72	1.0
672	4262	74	1.0
320	2293	59	1.0
336	2411	96	1.0
220	1560	109	1.0
811	1830	0	1.0
728	358	155	1.0
410	2899	148	1.0
635	2786	92	1.0
2622	1546	121	1.0
3721	643	23	1.0
275	1978	44	1.0
4394	284	13	1.0
1889	3348	61	1.0
404	2776	73	1.0
2962	1164	13	1.0
3836	3117	33	1.0
3219	4225	167	1.0
653	4407	72	1.0
588	4050	71	1.0
768	2096	72	1.0
4355	2401	33	1.0
232	1667	76	1.0
313	2236	21	1.0
3823	1680	95	1.0
4191	2121	19	1.0
1514	4184	0	1.0
1383	2199	86	1.0
681	4516	34	1.0
1122	851	26	1.0
3358	542	132	1.0
1964	3942	44	1.0
249	1816	157	1.0
457	3229	121	1.0
1271	3664	120	1.0
4532	2405	145	1.0
3480	2201	96	1.0
2800	2402	0	1.0
2236	1447	49	1.0
4047	3984	50	1.0
527	3682	122	1.0
547	3694	109	1.0
1599	3963	135	1.0
337	1468	93	1.0
2635	2412	118	1.0
142	1076	145	1.0
2072	2227	40	1.0
3714	4313	166	1.0
3229	2999	156	1.0
4869	246	45	1.0
371	2649	72	1.0
257	1875	19	1.0
4527	2140	20	1.0
406	2822	48	1.0
527	3678	25	1.0
3272	2037	167	1.0
3366	1959	156	1.0
2648	1672	45	1.0
3875	118	159	1.0
573	3970	60	1.0
891	2570	0	1.0
1889	3359	27	1.0
3464	1285	137	1.0
1175	313	30	1.0
54	468	143	1.0
188	1352	109	1.0
3267	3676	97	1.0
323	2306	72	1.0
435	3044	94	1.0
573	3959	0	1.0
573	3942	65	1.0
41	371	2	1.0
263	1904	33	1.0
3395	3318	71	1.0
2515	147	66	1.0
1009	4003	96	1.0
2598	2703	0	1.0
214	1520	114	1.0
523	3650	0	1.0
364	2594	156	1.0
295	2115	70	1.0
1515	3955	117	1.0
1174	2653	68	1.0
1224	3659	160	1.0
491	3445	19	1.0
162	1189	3	1.0
1464	3860	94	1.0
205	1449	20	1.0
3639	4655	122	1.0
200	1415	109	1.0
463	3270	25	1.0
3875	105	40	1.0
314	2244	43	1.0
348	2514	10	1.0
1997	1137	166	1.0
528	3682	49	1.0
1857	547	96	1.0
2136	2582	92	1.0
1856	64	96	1.0
490	1050	24	1.0
483	3404	72	1.0
2640	3116	46	1.0
1916	4593	70	1.0
412	2911	161	1.0
259	1886	114	1.0
573	3950	68	1.0
3696	1999	24	1.0
539	289	23	1.0
22	221	118	1.0
2638	1671	167	1.0
3172	4205	137	1.0
2571	3234	145	1.0
1631	2906	50	1.0
4604	2516	60	1.0
558	3840	45	1.0
1134	2138	0	1.0
1929	1627	96	1.0
440	3078	112	1.0
189	1362	131	1.0
34	317	14	1.0
204	1437	34	1.0
4276	2122	118	1.0
543	3766	48	1.0
2255	1684	90	1.0
3943	550	40	1.0
1714	817	67	1.0
265	1918	23	1.0
3837	3111	65	1.0
3344	1389	47	1.0
658	4426	115	1.0
1599	3961	43	1.0
1089	3652	160	1.0
15	179	48	1.0
3164	4536	119	1.0
520	3635	36	1.0
702	4678	122	1.0
3606	329	13	1.0
1223	3663	72	1.0
694	4629	0	1.0
800	1615	82	1.0
442	3094	71	1.0
349	2520	32	1.0
1599	3961	68	1.0
3464	2316	158	1.0
339	2433	4	1.0
2498	4607	55	1.0
44	390	134	1.0
3344	1393	71	1.0
206	1460	49	1.0
75	642	47	1.0
1046	166	147	1.0
464	487	114	1.0
709	929	163	1.0
109	829	95	1.0
144	1092	108	1.0
1527	1129	140	1.0
253	1854	24	1.0
1726	1656	11	1.0
612	4166	121	1.0
3606	1315	16	1.0
274	1953	0	1.0
167	1227	34	1.0
319	2290	96	1.0
539	3749	121	1.0
2662	1655	41	1.0
3946	1190	92	1.0
924	4129	88	1.0
3020	953	82	1.0
364	2596	109	1.0
4535	67	68	1.0
380	2335	117	1.0
3602	2141	22	1.0
259	1886	56	1.0
203	1433	46	1.0
306	2175	47	1.0
1393	3884	0	1.0
4862	231	149	1.0
3836	3112	159	1.0
1764	4628	0	1.0
1990	3797	0	1.0
364	2592	10	1.0
2104	4520	23	1.0
156	1154	23	1.0
3138	3108	0	1.0
3228	739	67	1.0
728	358	0	1.0
1083	1795	36	1.0
397	2737	117	1.0
2825	929	23	1.0
1451	1138	44	1.0
3503	1220	105	1.0
1297	4326	87	1.0
134	1026	48	1.0
1603	383	12	1.0
123	930	162	1.0
1652	239	17	1.0
403	2771	162	1.0
490	1061	135	1.0
405	2775	130	1.0
168	1231	164	1.0
1980	1652	43	1.0
877	731	144	1.0
3794	167	120	1.0
198	1394	37	1.0
67	308	96	1.0
1298	1669	145	1.0
265	1917	83	1.0
236	1733	0	1.0
564	3885	22	1.0
1998	1138	19	1.0
330	2368	144	1.0
329	2363	112	1.0
723	1787	109	1.0
1714	820	122	1.0
4263	1658	160	1.0
1504	237	147	1.0
1080	1035	120	1.0
17	189	112	1.0
3873	1618	100	1.0
2766	1667	165	1.0
320	2290	49	1.0
77	663	45	1.0
2437	3465	149	1.0
3522	4179	121	1.0
1297	3117	116	1.0
421	2978	158	1.0
418	2969	115	1.0
1479	1157	87	1.0
2743	2092	48	1.0
3848	2219	72	1.0
4357	3280	136	1.0
538	3743	71	1.0
263	1908	118	1.0
81	682	147	1.0
77	664	92	1.0
327	1784	96	1.0
662	4440	65	1.0
71	595	43	1.0
63	500	24	1.0
4869	249	153	1.0
419	2974	96	1.0
475	3347	80	1.0
4826	2785	97	1.0
545	3773	133	1.0
2561	117	70	1.0
3691	260	96	1.0
1117	389	48	1.0
4790	78	165	1.0
516	3614	16	1.0
2932	3272	11	1.0
751	535	15	1.0
742	4124	37	1.0
449	3180	0	1.0
4329	2371	89	1.0
734	1942	24	1.0
9	108	13	1.0
42	381	122	1.0
30	286	166	1.0
1491	3940	160	1.0
3852	1689	130	1.0
570	3928	95	1.0
1046	171	72	1.0
99	786	68	1.0
3006	1150	122	1.0
3661	2079	62	1.0
521	3637	133	1.0
456	3223	0	1.0
289	2075	145	1.0
275	1969	25	1.0
198	1399	37	1.0
669	4470	122	1.0
1	6	108	1.0
1976	3943	113	1.0
238	1756	121	1.0
2691	1541	115	1.0
699	4649	167	1.0
198	1390	14	1.0
25	240	114	1.0
363	2589	84	1.0
4527	2146	157	1.0
3229	2997	117	1.0
3072	107	46	1.0
2236	1437	96	1.0
3584	3276	37	1.0
2188	666	103	1.0
57	471	66	1.0
232	1686	165	1.0
560	3847	24	1.0
2684	4323	23	1.0
149	1122	50	1.0
277	1990	165	1.0
1249	1615	113	1.0
2990	2637	48	1.0
2561	1704	15	1.0
2637	108	48	1.0
2809	262	25	1.0
445	3121	67	1.0
4793	3876	135	1.0
27	261	96	1.0
102	796	59	1.0
4697	2139	43	1.0
171	1265	69	1.0
554	3815	40	1.0
442	3102	33	1.0
984	3004	11	1.0
1222	884	144	1.0
2231	2650	153	1.0
3105	1716	63	1.0
3164	4541	117	1.0
2743	2097	72	1.0
3535	555	160	1.0
419	2968	106	1.0
1545	2241	89	1.0
269	1940	72	1.0
1212	253	27	1.0
1479	4496	115	1.0
2766	1537	45	1.0
253	1851	73	1.0
1397	729	25	1.0
3171	952	141	1.0
3200	1306	0	1.0
624	4239	20	1.0
751	1185	141	1.0
2298	277	68	1.0
527	3695	48	1.0
1787	805	91	1.0
261	1898	13	1.0
2255	1703	55	1.0
398	2746	65	1.0
529	3704	106	1.0
243	1790	108	1.0
669	4469	96	1.0
2052	485	137	1.0
812	493	96	1.0
1316	3165	96	1.0
148	1116	132	1.0
4	54	63	1.0
1977	3963	159	1.0
687	4591	86	1.0
115	887	24	1.0
1079	79	48	1.0
241	1780	64	1.0
497	3466	23	1.0
464	3281	114	1.0
2932	3282	12	1.0
691	4607	114	1.0
1112	785	163	1.0
1977	3957	17	1.0
3620	4628	143	1.0
3836	1655	158	1.0
1212	254	100	1.0
405	2801	114	1.0
2052	3281	71	1.0
476	3345	93	1.0
4628	2754	144	1.0
249	1816	2	1.0
2637	1541	69	1.0
30	280	148	1.0
2423	2223	85	1.0
624	4233	46	1.0
1949	1960	44	1.0
728	358	121	1.0
1363	3608	145	1.0
397	2741	70	1.0
278	1995	117	1.0
4825	2783	87	1.0
81	692	150	1.0
57	471	85	1.0
148	1118	49	1.0
3609	1241	45	1.0
1499	4436	70	1.0
371	2642	45	1.0
1726	1690	155	1.0
290	2083	41	1.0
2537	1627	132	1.0
1567	3651	144	1.0
832	2422	48	1.0
445	3153	67	1.0
81	686	65	1.0
3133	4091	144	1.0
2515	4485	35	1.0
1599	3945	68	1.0
2864	4326	12	1.0
590	4070	85	1.0
3764	3885	22	1.0
25	239	122	1.0
728	360	19	1.0
409	2877	25	1.0
3101	518	26	1.0
509	3580	73	1.0
170	1241	69	1.0
3946	1190	96	1.0
342	2467	148	1.0
271	1944	41	1.0
561	3855	1	1.0
1964	3948	134	1.0
560	3847	73	1.0
417	2958	0	1.0
3366	1963	24	1.0
328	2351	19	1.0
2218	4229	144	1.0
82	698	74	1.0
596	4104	74	1.0
447	3158	89	1.0
662	4440	144	1.0
3239	2480	71	1.0
103	798	17	1.0
168	1230	19	1.0
73	631	119	1.0
325	2342	69	1.0
1964	3957	135	1.0
230	1656	22	1.0
3473	1870	142	1.0
450	3182	107	1.0
227	1626	120	1.0
3059	4654	147	1.0
1504	231	97	1.0
232	122	94	1.0
2031	575	140	1.0
811	1829	137	1.0
3829	1717	159	1.0
1726	1656	141	1.0
2648	117	67	1.0
1249	1622	144	1.0
527	3692	93	1.0
218	1549	88	1.0
1163	3165	165	1.0
1491	3941	144	1.0
444	3118	40	1.0
393	2728	96	1.0
1843	610	22	1.0
71	580	96	1.0
590	4069	85	1.0
136	1035	0	1.0
4423	3421	46	1.0
1083	1790	72	1.0
478	3366	0	1.0
414	2934	95	1.0
3076	4411	35	1.0
159	1175	141	1.0
442	3092	96	1.0
924	2113	160	1.0
449	3179	44	1.0
3072	103	115	1.0
267	1923	9	1.0
184	1339	49	1.0
375	2672	24	1.0
225	1607	43	1.0
91	758	142	1.0
2255	1683	121	1.0
1765	4621	144	1.0
3337	2821	0	1.0
140	1065	159	1.0
90	745	0	1.0
491	3445	72	1.0
37	337	0	1.0
672	4269	144	1.0
295	2115	137	1.0
709	929	22	1.0
1628	535	22	1.0
4201	2142	165	1.0
1266	3677	68	1.0
235	1726	25	1.0
686	3940	60	1.0
606	4145	96	1.0
444	3115	135	1.0
27	268	72	1.0
474	3335	145	1.0
1205	2076	97	1.0
1007	3868	145	1.0
914	2490	69	1.0
2515	159	160	1.0
1301	2251	116	1.0
157	1157	59	1.0
4644	852	24	1.0
4208	1246	97	1.0
723	1787	152	1.0
677	4499	165	1.0
508	3569	71	1.0
67	519	72	1.0
406	2828	112	1.0
75	634	158	1.0
3823	1682	19	1.0
88	735	24	1.0
1726	1539	45	1.0
3503	1156	161	1.0
635	4299	43	1.0
1009	4011	48	1.0
1271	3664	87	1.0
110	862	118	1.0
315	2251	147	1.0
692	4612	73	1.0
3836	3113	12	1.0
3319	4559	160	1.0
3138	1534	164	1.0
536	3740	0	1.0
491	3443	48	1.0
2099	4655	20	1.0
297	1262	69	1.0
154	1147	48	1.0
356	2562	0	1.0
1686	3223	48	1.0
4487	4584	155	1.0
328	2353	15	1.0
650	4370	46	1.0
561	3850	110	1.0
2767	111	67	1.0
27	267	49	1.0
2648	1683	94	1.0
3641	3857	88	1.0
641	3134	115	1.0
3167	1615	36	1.0
497	3483	0	1.0
3825	1715	155	1.0
525	3659	120	1.0
2823	3876	86	1.0
619	4217	72	1.0
361	2583	144	1.0
1380	2853	24	1.0
237	1734	104	1.0
440	3075	21	1.0
300	2145	95	1.0
150	1123	24	1.0
4334	3776	32	1.0
397	2738	43	1.0
3816	655	118	1.0
528	3678	148	1.0
306	2174	69	1.0
2	12	88	1.0
259	1888	8	1.0
273	1957	9	1.0
508	3563	24	1.0
149	1122	138	1.0
4287	957	111	1.0
505	3537	24	1.0
1976	3949	145	1.0
2236	1434	164	1.0
574	3976	83	1.0
676	4495	144	1.0
274	1955	92	1.0
255	1867	38	1.0
4265	1846	0	1.0
634	4296	69	1.0
2176	3664	90	1.0
2124	3244	97	1.0
2679	1680	114	1.0
351	2534	139	1.0
751	322	141	1.0
3654	3865	70	1.0
3661	3167	0	1.0
4357	3278	20	1.0
291	2092	0	1.0
232	1658	94	1.0
99	781	93	1.0
3581	784	26	1.0
3454	3659	72	1.0
69	553	35	1.0
1967	4482	145	1.0
561	3847	46	1.0
2916	2913	66	1.0
291	2095	72	1.0
805	1480	82	1.0
4108	3069	67	1.0
1144	3205	0	1.0
69	553	89	1.0
598	4127	74	1.0
669	4469	94	1.0
407	2821	139	1.0
40	373	164	1.0
206	1450	0	1.0
2564	3366	94	1.0
155	1148	25	1.0
366	2607	127	1.0
2339	4684	167	1.0
103	797	166	1.0
4485	3317	113	1.0
168	1229	121	1.0
2951	1697	18	1.0
488	3430	0	1.0
1889	3361	116	1.0
315	2257	74	1.0
294	2104	107	1.0
589	4054	26	1.0
279	2001	12	1.0
3867	4691	104	1.0
3481	2199	24	1.0
127	972	167	1.0
277	1989	105	1.0
590	4069	72	1.0
286	2049	34	1.0
2052	485	71	1.0
516	181	81	1.0
3663	4470	15	1.0
320	2293	145	1.0
81	684	24	1.0
257	1873	128	1.0
397	2733	144	1.0
4869	238	3	1.0
3211	2842	16	1.0
2228	2993	21	1.0
14	173	35	1.0
1599	3964	21	1.0
3264	3675	96	1.0
226	1627	96	1.0
3825	114	155	1.0
4611	499	86	1.0
419	2971	22	1.0
134	1023	139	1.0
98	781	49	1.0
165	1204	106	1.0
690	2788	143	1.0
641	117	31	1.0
4055	3823	65	1.0
318	2283	95	1.0
409	2891	122	1.0
347	2509	22	1.0
203	1427	72	1.0
179	1299	144	1.0
3752	3437	47	1.0
3314	3844	0	1.0
2333	4053	144	1.0
412	2908	14	1.0
2662	1672	41	1.0
878	739	69	1.0
923	3742	106	1.0
512	3596	69	1.0
1493	2449	26	1.0
25	252	114	1.0
440	3081	97	1.0
2852	3693	21	1.0
238	1767	166	1.0
1205	1794	117	1.0
481	3375	45	1.0
155	1145	144	1.0
331	2373	24	1.0
3828	118	21	1.0
34	310	121	1.0
404	2776	0	1.0
501	3512	144	1.0
2171	1117	111	1.0
4251	1804	64	1.0
1212	253	96	1.0
166	1215	161	1.0
2823	3875	0	1.0
3832	1697	42	1.0
450	3189	166	1.0
710	918	72	1.0
1663	3277	93	1.0
2255	3121	64	1.0
57	471	44	1.0
351	2533	49	1.0
200	1408	110	1.0
568	3912	53	1.0
69	539	0	1.0
2672	115	44	1.0
4167	2210	72	1.0
1527	1134	68	1.0
568	3910	96	1.0
493	2639	44	1.0
1515	3955	46	1.0
1110	3512	142	1.0
463	3272	0	1.0
2684	592	144	1.0
1380	4158	0	1.0
346	2495	35	1.0
406	2834	34	1.0
52	450	24	1.0
2874	3094	23	1.0
438	3059	0	1.0
1008	3868	119	1.0
414	2943	68	1.0
82	681	141	1.0
1871	289	55	1.0
227	1620	97	1.0
2569	4497	0	1.0
4145	2305	20	1.0
491	3443	119	1.0
650	4369	45	1.0
194	1380	143	1.0
165	1205	21	1.0
1638	3663	0	1.0
46	411	122	1.0
3148	2540	24	1.0
419	2967	18	1.0
144	1090	0	1.0
442	3097	11	1.0
756	2634	0	1.0
664	4449	114	1.0
1726	3113	45	1.0
461	3257	24	1.0
281	2010	48	1.0
1515	3940	0	1.0
2705	2850	77	1.0
4485	3320	20	1.0
216	1535	55	1.0
624	4237	68	1.0
2236	1440	69	1.0
563	3875	48	1.0
641	101	144	1.0
631	4292	145	1.0
3383	2037	24	1.0
1450	1131	115	1.0
1987	1204	34	1.0
568	3909	164	1.0
1765	4622	141	1.0
476	3354	135	1.0
425	2998	120	1.0
692	282	120	1.0
232	1702	165	1.0
2637	108	113	1.0
231	90	22	1.0
624	4236	9	1.0
181	1323	136	1.0
604	1741	45	1.0
102	794	98	1.0
49	432	14	1.0
3337	2854	165	1.0
1929	1643	29	1.0
169	1232	118	1.0
619	4206	100	1.0
3823	1539	19	1.0
3948	1624	165	1.0
2998	3685	136	1.0
493	2637	33	1.0
2932	3280	157	1.0
1894	2219	96	1.0
71	584	1	1.0
474	3335	95	1.0
1964	3951	131	1.0
2172	1114	70	1.0
30	284	138	1.0
141	1073	96	1.0
341	2457	144	1.0
568	3914	138	1.0
570	3933	119	1.0
1036	371	93	1.0
90	745	115	1.0
801	1643	0	1.0
1956	2592	72	1.0
4039	2370	159	1.0
286	2068	165	1.0
145	1092	116	1.0
2537	1615	81	1.0
431	3024	167	1.0
27	264	99	1.0
506	3549	85	1.0
573	3955	93	1.0
4869	241	115	1.0
123	923	48	1.0
157	1154	84	1.0
327	1784	48	1.0
2795	3796	0	1.0
2171	1117	29	1.0
865	3485	42	1.0
248	1809	13	1.0
273	1951	72	1.0
683	4545	42	1.0
198	1397	68	1.0
370	2638	44	1.0
2052	3283	71	1.0
3492	257	27	1.0
510	3587	166	1.0
1555	2652	22	1.0
2609	259	52	1.0
2	8	48	1.0
1450	1129	44	1.0
223	1592	0	1.0
130	1002	67	1.0
684	4565	91	1.0
514	474	162	1.0
1726	1696	141	1.0
1988	282	50	1.0
267	1927	82	1.0
2643	1661	138	1.0
1686	3221	18	1.0
3187	490	18	1.0
459	3239	144	1.0
375	2672	120	1.0
2236	1434	96	1.0
3366	1957	82	1.0
3864	4487	63	1.0
4	52	159	1.0
123	928	164	1.0
508	3563	142	1.0
2540	3325	147	1.0
2236	1439	1	1.0
2580	535	48	1.0
321	2297	24	1.0
3202	4669	0	1.0
1	5	65	1.0
692	4616	48	1.0
3059	3378	147	1.0
231	104	18	1.0
2296	3159	80	1.0
1640	1170	92	1.0
241	1775	13	1.0
414	2935	46	1.0
16	184	22	1.0
1352	3223	117	1.0
14	176	89	1.0
1860	2139	122	1.0
2600	1481	142	1.0
2662	578	144	1.0
1941	2443	97	1.0
4475	3440	94	1.0
531	3720	103	1.0
694	4621	142	1.0
82	682	24	1.0
200	1410	48	1.0
425	3000	73	1.0
675	4490	137	1.0
226	1639	96	1.0
4869	241	72	1.0
4324	3484	89	1.0
562	3872	64	1.0
371	2638	83	1.0
3310	485	117	1.0
2079	64	21	1.0
3620	4628	144	1.0
509	30	97	1.0
2124	3233	144	1.0
358	2574	48	1.0
4318	4147	36	1.0
3764	851	144	1.0
1135	2817	144	1.0
232	1676	165	1.0
644	4339	164	1.0
4641	1606	7	1.0
330	2365	42	1.0
444	3108	67	1.0
3579	230	121	1.0
30	292	138	1.0
1860	2139	46	1.0
1599	3942	43	1.0
574	3981	94	1.0
2851	167	137	1.0
243	1790	0	1.0
348	2513	34	1.0
681	4520	106	1.0
592	3783	145	1.0
355	2561	118	1.0
604	1735	87	1.0
2967	2988	58	1.0
22	227	87	1.0
3229	2991	25	1.0
1397	729	72	1.0
2255	1674	90	1.0
291	2092	72	1.0
444	3140	165	1.0
942	485	115	1.0
498	3489	0	1.0
4192	2485	41	1.0
628	4260	24	1.0
328	2351	40	1.0
3823	3155	113	1.0
374	2664	145	1.0
592	3784	47	1.0
3167	1644	138	1.0
3167	1621	95	1.0
2672	4323	45	1.0
104	805	92	1.0
4681	2898	96	1.0
4527	2146	20	1.0
424	2993	55	1.0
4265	1850	96	1.0
115	898	88	1.0
459	3239	26	1.0
2437	3465	144	1.0
1612	3498	130	1.0
644	4338	0	1.0
649	4352	48	1.0
1860	2141	43	1.0
292	2094	96	1.0
2600	928	0	1.0
209	1480	38	1.0
694	4621	1	1.0
4492	281	144	1.0
3113	314	24	1.0
3337	2854	14	1.0
3838	1539	116	1.0
309	2193	145	1.0
408	2880	26	1.0
1889	3344	3	1.0
187	1351	159	1.0
123	930	36	1.0
1452	204	69	1.0
435	3045	69	1.0
277	1994	114	1.0
529	3707	140	1.0
1362	3602	47	1.0
3836	3149	113	1.0
3638	4671	96	1.0
461	3256	88	1.0
317	2274	114	1.0
565	3888	154	1.0
69	546	1	1.0
686	3943	68	1.0
371	2650	118	1.0
2662	606	140	1.0
69	550	95	1.0
2255	1715	90	1.0
67	521	111	1.0
4773	2224	58	1.0
69	560	86	1.0
673	4481	24	1.0
2561	114	70	1.0
563	3881	90	1.0
496	3463	48	1.0
4480	3150	0	1.0
4534	2145	24	1.0
445	3106	40	1.0
640	113	13	1.0
578	4004	71	1.0
2251	3761	97	1.0
561	3857	24	1.0
353	2546	70	1.0
3823	3113	0	1.0
232	115	165	1.0
4798	3785	163	1.0
2561	1676	139	1.0
3781	1596	0	1.0
1977	3943	45	1.0
103	799	134	1.0
1988	295	71	1.0
456	3225	0	1.0
14	164	81	1.0
8	100	119	1.0
198	1399	116	1.0
3344	1405	48	1.0
852	4343	92	1.0
2743	2091	73	1.0
3229	2991	1	1.0
412	2908	167	1.0
87	732	0	1.0
370	2642	3	1.0
39	361	0	1.0
1860	2139	119	1.0
343	2476	24	1.0
501	3510	0	1.0
4197	747	86	1.0
8	112	24	1.0
3973	3328	24	1.0
596	4118	120	1.0
415	2951	15	1.0
183	1331	14	1.0
3337	2854	68	1.0
507	3551	118	1.0
3964	2001	116	1.0
54	468	96	1.0
674	4488	71	1.0
1671	1654	92	1.0
4438	604	96	1.0
505	3540	22	1.0
372	2652	106	1.0
219	1550	84	1.0
1989	3796	25	1.0
51	446	107	1.0
1949	1953	115	1.0
169	1234	57	1.0
248	1809	167	1.0
369	2635	161	1.0
345	2491	93	1.0
221	1574	18	1.0
923	3748	65	1.0
2637	116	48	1.0
2809	257	49	1.0
222	1584	148	1.0
230	103	120	1.0
4480	1671	46	1.0
1584	739	145	1.0
471	3313	36	1.0
605	4142	105	1.0
1831	3316	15	1.0
1515	3967	120	1.0
940	2367	96	1.0
498	3491	67	1.0
167	1227	94	1.0
13	162	0	1.0
183	1332	72	1.0
3167	1638	136	1.0
1625	2234	0	1.0
221	1571	41	1.0
2255	1675	90	1.0
158	1163	167	1.0
285	2046	167	1.0
3601	1406	64	1.0
241	1782	106	1.0
437	3052	54	1.0
3921	841	99	1.0
1083	1795	88	1.0
509	2494	145	1.0
1336	3842	119	1.0
1726	1665	155	1.0
822	1634	70	1.0
418	2969	161	1.0
2537	1633	167	1.0
2561	1677	70	1.0
1647	3647	61	1.0
4228	1021	23	1.0
1787	805	41	1.0
547	3779	93	1.0
1168	3903	120	1.0
910	4672	47	1.0
2515	1872	0	1.0
484	3406	0	1.0
1786	3106	0	1.0
232	1682	1	1.0
904	234	9	1.0
1989	3800	24	1.0
563	3876	133	1.0
31	299	138	1.0
3794	179	142	1.0
1271	3641	42	1.0
568	3910	24	1.0
49	436	155	1.0
3964	2603	94	1.0
290	2082	41	1.0
695	4634	141	1.0
568	3906	72	1.0
4826	2789	41	1.0
222	1583	24	1.0
549	1201	24	1.0
1726	1697	141	1.0
318	2280	109	1.0
275	1976	135	1.0
3840	1701	132	1.0
310	2205	56	1.0
3069	4406	13	1.0
821	446	134	1.0
3146	382	70	1.0
638	4318	16	1.0
681	4528	60	1.0
2637	1679	94	1.0
226	550	96	1.0
491	3445	48	1.0
1940	281	0	1.0
567	3902	72	1.0
3601	1420	72	1.0
285	1008	48	1.0
481	3380	167	1.0
3517	2979	116	1.0
9	118	114	1.0
181	1312	14	1.0
481	3383	166	1.0
188	1352	144	1.0
4416	3306	71	1.0
2609	254	32	1.0
444	3122	26	1.0
579	4007	160	1.0
2962	1163	24	1.0
4485	250	113	1.0
4235	4303	70	1.0
1024	339	110	1.0
3832	600	94	1.0
1393	836	50	1.0
2231	2650	124	1.0
3613	2946	125	1.0
1769	681	43	1.0
358	2574	0	1.0
4862	239	148	1.0
774	372	48	1.0
218	1549	42	1.0
2561	3154	70	1.0
2347	4459	11	1.0
130	1001	83	1.0
285	1008	111	1.0
601	4138	145	1.0
45	406	62	1.0
2643	612	138	1.0
2	27	49	1.0
2671	1056	14	1.0
3201	205	10	1.0
2684	596	23	1.0
241	1777	59	1.0
543	3764	143	1.0
3792	1432	145	1.0
63	502	12	1.0
709	935	24	1.0
1129	1533	0	1.0
238	1748	13	1.0
4854	3937	96	1.0
1507	836	96	1.0
97	769	116	1.0
784	974	11	1.0
337	2417	17	1.0
506	3541	87	1.0
15	179	144	1.0
1140	1689	136	1.0
4509	4235	119	1.0
455	3212	46	1.0
57	479	166	1.0
464	484	114	1.0
4624	66	122	1.0
187	1349	118	1.0
498	3501	22	1.0
4531	2364	68	1.0
24	232	125	1.0
252	1848	164	1.0
1010	4003	121	1.0
598	4127	87	1.0
773	378	42	1.0
2680	1667	12	1.0
508	3566	24	1.0
2662	1672	140	1.0
253	1848	71	1.0
226	1622	96	1.0
157	1159	84	1.0
3	30	0	1.0
1032	2467	0	1.0
1009	4003	0	1.0
629	4273	81	1.0
2218	4229	0	1.0
641	4328	21	1.0
144	1092	57	1.0
4438	1679	95	1.0
563	3876	91	1.0
681	4520	82	1.0
90	746	46	1.0
4216	3855	119	1.0
3186	495	114	1.0
279	1996	0	1.0
2640	1667	94	1.0
3517	2979	0	1.0
184	1338	70	1.0
209	1480	96	1.0
299	2142	48	1.0
472	3324	137	1.0
592	4078	48	1.0
275	1968	72	1.0
4527	2148	67	1.0
75	654	80	1.0
3876	3113	46	1.0
2570	4499	22	1.0
1355	81	24	1.0
2561	1677	41	1.0
4480	1062	48	1.0
1685	2387	96	1.0
675	4493	46	1.0
263	1911	119	1.0
1584	2585	160	1.0
64	204	116	1.0
275	1969	120	1.0
317	2267	140	1.0
4347	1672	120	1.0
1174	1315	69	1.0
2688	121	144	1.0
1349	470	41	1.0
171	1256	94	1.0
228	1648	115	1.0
645	4342	113	1.0
2031	1681	0	1.0
2228	3000	1	1.0
339	1427	25	1.0
464	3275	144	1.0
183	1332	18	1.0
2013	1138	67	1.0
1994	1670	119	1.0
2633	1687	96	1.0
795	1231	40	1.0
2866	2220	166	1.0
878	739	46	1.0
570	3926	72	1.0
2778	3457	0	1.0
2218	4233	71	1.0
482	3395	0	1.0
446	3165	116	1.0
306	2171	161	1.0
323	2305	144	1.0
1157	415	162	1.0
1504	242	120	1.0
408	2881	97	1.0
2	12	102	1.0
2729	2699	69	1.0
506	3544	144	1.0
198	1404	86	1.0
2637	1676	0	1.0
28	272	24	1.0
1935	4063	27	1.0
1380	4160	53	1.0
2683	580	95	1.0
801	1619	141	1.0
1078	83	167	1.0
2296	3158	144	1.0
702	4673	85	1.0
440	3085	73	1.0
1599	3954	45	1.0
3135	3391	115	1.0
3826	1674	96	1.0
674	4487	152	1.0
1633	246	72	1.0
512	3594	70	1.0
1140	1662	45	1.0
2891	3515	144	1.0
665	4457	167	1.0
2614	44	95	1.0
1113	782	50	1.0
3522	2908	96	1.0
37	337	122	1.0
1964	3940	0	1.0
3829	1049	13	1.0
2934	592	98	1.0
297	2128	23	1.0
681	4522	58	1.0
3208	578	120	1.0
605	4143	154	1.0
34	309	0	1.0
1504	236	100	1.0
37	348	104	1.0
3272	4593	108	1.0
3900	3606	160	1.0
373	316	98	1.0
3580	781	71	1.0
447	3164	41	1.0
1515	3943	144	1.0
2891	3515	0	1.0
2643	3153	157	1.0
361	2582	66	1.0
1527	1131	116	1.0
1628	308	4	1.0
4154	4605	120	1.0
237	1745	24	1.0
2905	539	72	1.0
1266	3677	144	1.0
865	3485	161	1.0
2932	3274	73	1.0
3988	4152	0	1.0
2429	2	72	1.0
130	1004	59	1.0
165	1206	105	1.0
3990	3346	76	1.0
508	3569	93	1.0
1686	3229	92	1.0
4324	3484	62	1.0
495	3460	82	1.0
2178	2137	71	1.0
251	1836	153	1.0
447	3164	0	1.0
104	802	96	1.0
519	3624	0	1.0
408	2878	122	1.0
1504	239	24	1.0
2437	3467	69	1.0
158	1168	167	1.0
4465	2662	23	1.0
241	1783	34	1.0
3167	1617	167	1.0
2236	1442	48	1.0
3020	3419	60	1.0
328	2351	69	1.0
1183	3229	144	1.0
237	1743	35	1.0
177	1288	23	1.0
615	4174	19	1.0
456	3223	97	1.0
1183	3222	116	1.0
3751	3446	70	1.0
2561	3154	15	1.0
2	11	49	1.0
1140	1679	0	1.0
822	1634	10	1.0
164	1197	9	1.0
415	2953	140	1.0
1638	3663	24	1.0
535	3737	99	1.0
212	1501	10	1.0
193	1374	120	1.0
445	1674	67	1.0
496	3468	46	1.0
96	770	21	1.0
1889	3094	150	1.0
138	1048	94	1.0
302	2153	38	1.0
1770	1229	95	1.0
508	3375	93	1.0
2784	16	48	1.0
4167	2520	95	1.0
4308	2167	71	1.0
684	4559	91	1.0
2990	2637	37	1.0
4523	3782	98	1.0
83	704	35	1.0
3691	254	24	1.0
154	1141	144	1.0
2679	3154	43	1.0
378	2682	0	1.0
3637	3908	85	1.0
237	1741	24	1.0
16	184	143	1.0
915	152	24	1.0
1464	3860	38	1.0
687	4585	86	1.0
205	1449	62	1.0
332	2375	0	1.0
521	3636	24	1.0
611	4162	35	1.0
559	3845	42	1.0
200	1415	94	1.0
1369	3315	41	1.0
574	3981	112	1.0
435	3045	118	1.0
3267	3682	110	1.0
1515	3952	20	1.0
491	3441	47	1.0
4318	4146	138	1.0
237	1745	80	1.0
574	3979	144	1.0
4825	2772	70	1.0
4682	2903	26	1.0
3368	3851	139	1.0
687	4582	86	1.0
27	265	107	1.0
558	3837	147	1.0
4492	281	24	1.0
316	2252	118	1.0
1686	3223	0	1.0
506	3541	72	1.0
79	674	166	1.0
200	1412	135	1.0
4869	240	158	1.0
305	2166	67	1.0
2680	4327	139	1.0
1769	689	48	1.0
2730	3906	159	1.0
2255	1710	16	1.0
2248	2844	33	1.0
4276	2119	0	1.0
144	1093	132	1.0
3873	1642	14	1.0
39	364	109	1.0
687	1408	86	1.0
355	2551	91	1.0
1173	2447	61	1.0
459	3238	0	1.0
3823	97	0	1.0
2561	1681	140	1.0
341	2448	162	1.0
3168	1078	89	1.0
2648	1699	67	1.0
77	662	166	1.0
203	1427	24	1.0
183	1333	20	1.0
464	3279	147	1.0
165	1210	67	1.0
1209	232	59	1.0
1129	1539	69	1.0
232	93	94	1.0
535	3735	107	1.0
1682	2713	21	1.0
593	4081	48	1.0
446	3160	72	1.0
531	3719	162	1.0
337	2414	1	1.0
235	1727	147	1.0
9	94	70	1.0
1912	3790	13	1.0
670	4477	0	1.0
125	963	121	1.0
285	2054	137	1.0
300	2146	68	1.0
1870	2860	21	1.0
671	91	22	1.0
71	581	0	1.0
146	1108	56	1.0
1113	782	74	1.0
368	2628	96	1.0
4333	62	0	1.0
3167	1644	167	1.0
2573	134	0	1.0
3473	717	95	1.0
577	3997	97	1.0
914	2485	42	1.0
411	2899	48	1.0
3840	1684	143	1.0
80	680	80	1.0
406	2831	94	1.0
314	2244	0	1.0
3150	442	84	1.0
445	3109	118	1.0
2561	1539	42	1.0
199	1394	9	1.0
99	782	94	1.0
135	1032	51	1.0
2737	2450	87	1.0
344	2487	46	1.0
666	3234	96	1.0
2255	1708	112	1.0
2174	3682	167	1.0
476	551	135	1.0
3813	3224	136	1.0
632	4286	72	1.0
3261	1813	94	1.0
3840	3125	94	1.0
552	3808	85	1.0
462	3265	63	1.0
421	2544	140	1.0
3664	4469	91	1.0
3172	1166	117	1.0
473	3330	49	1.0
2633	1690	95	1.0
1905	784	121	1.0
113	875	25	1.0
571	3937	123	1.0
204	1438	18	1.0
4191	4132	136	1.0
375	2673	106	1.0
406	2836	114	1.0
612	4164	56	1.0
4572	243	117	1.0
4590	537	163	1.0
405	2810	68	1.0
2561	1677	15	1.0
1244	2562	110	1.0
167	1227	64	1.0
3495	4182	160	1.0
1610	296	165	1.0
259	1890	14	1.0
618	4195	147	1.0
702	3788	105	1.0
406	2854	17	1.0
3064	2262	24	1.0
627	4264	131	1.0
2	10	65	1.0
1671	1654	61	1.0
572	3950	45	1.0
412	2497	166	1.0
686	3942	142	1.0
3971	4494	96	1.0
1977	3940	72	1.0
4620	2072	21	1.0
240	1770	48	1.0
2151	4623	138	1.0
1380	2831	84	1.0
587	4043	57	1.0
3464	338	97	1.0
2669	114	44	1.0
1187	1971	159	1.0
1003	24	82	1.0
3823	97	113	1.0
359	2576	63	1.0
526	3643	49	1.0
79	671	141	1.0
932	3034	121	1.0
1598	3962	0	1.0
652	4392	23	1.0
235	1730	70	1.0
591	4065	96	1.0
3267	3678	48	1.0
1682	4154	139	1.0
232	1700	165	1.0
144	1097	93	1.0
525	3659	96	1.0
2484	4411	98	1.0
30	290	24	1.0
1527	1135	138	1.0
3872	2946	34	1.0
30	291	59	1.0
444	3107	131	1.0
67	518	167	1.0
3015	4284	134	1.0
603	1736	43	1.0
1180	3229	131	1.0
2438	3473	116	1.0
277	1989	136	1.0
275	1972	25	1.0
2729	3906	69	1.0
3630	1148	47	1.0
1021	1263	71	1.0
198	1399	120	1.0
1960	3160	98	1.0
3824	1663	65	1.0
365	2600	28	1.0
1009	4003	90	1.0
113	883	64	1.0
200	1410	92	1.0
2124	3247	147	1.0
415	2940	98	1.0
323	2319	96	1.0
238	1764	165	1.0
3961	2085	132	1.0
252	1846	107	1.0
505	3537	73	1.0
3035	2293	93	1.0
415	2937	123	1.0
72	607	2	1.0
977	787	49	1.0
2575	1593	49	1.0
32	303	96	1.0
615	4173	0	1.0
224	1596	69	1.0
1297	4326	64	1.0
2852	3695	44	1.0
138	1048	155	1.0
198	1389	92	1.0
1140	96	70	1.0
2767	1700	67	1.0
609	4160	70	1.0
135	1029	0	1.0
876	3312	24	1.0
201	1420	44	1.0
865	3471	36	1.0
1356	89	145	1.0
3663	4470	69	1.0
2680	4327	92	1.0
4438	580	73	1.0
51	441	87	1.0
2643	1683	138	1.0
2974	281	72	1.0
4527	2140	45	1.0
1598	3940	115	1.0
559	3842	21	1.0
91	756	157	1.0
125	957	68	1.0
2851	165	48	1.0
615	4174	140	1.0
688	4599	17	1.0
1865	1342	149	1.0
275	1980	44	1.0
3337	2821	66	1.0
450	3189	118	1.0
3020	3069	83	1.0
169	1239	166	1.0
1568	3653	98	1.0
921	4680	0	1.0
1352	2079	164	1.0
1290	1056	93	1.0
323	2306	144	1.0
3146	381	154	1.0
12	136	93	1.0
2620	3458	72	1.0
368	2626	96	1.0
53	461	121	1.0
486	3418	24	1.0
197	1386	0	1.0
2902	4036	48	1.0
492	3437	90	1.0
4869	238	121	1.0
3228	739	30	1.0
658	4419	59	1.0
416	2964	122	1.0
1182	4537	69	1.0
361	738	137	1.0
320	2293	132	1.0
605	4142	145	1.0
4869	247	121	1.0
1717	4203	49	1.0
2896	285	48	1.0
332	2377	159	1.0
4610	497	71	1.0
1248	1642	1	1.0
3819	17	10	1.0
77	662	90	1.0
2	14	75	1.0
2739	3603	22	1.0
2642	773	43	1.0
40	371	122	1.0
405	2819	114	1.0
579	4009	95	1.0
673	4483	36	1.0
485	3410	71	1.0
627	4266	167	1.0
241	1772	48	1.0
676	4490	0	1.0
80	680	0	1.0
1191	3556	21	1.0
2823	3870	85	1.0
590	4070	23	1.0
405	2779	0	1.0
232	1708	165	1.0
397	2737	70	1.0
4317	3377	107	1.0
1380	2855	84	1.0
1248	1628	72	1.0
587	4043	12	1.0
3336	2828	109	1.0
266	1737	44	1.0
3376	664	42	1.0
235	1727	50	1.0
72	624	119	1.0
2569	4497	48	1.0
1997	1130	159	1.0
3709	2763	144	1.0
235	1732	87	1.0
4838	2877	26	1.0
1977	3962	68	1.0
3205	1584	153	1.0
1515	3965	145	1.0
39	361	163	1.0
221	1572	37	1.0
1726	1690	141	1.0
2293	4436	112	1.0
2852	3694	111	1.0
511	3592	122	1.0
156	1152	147	1.0
407	2821	0	1.0
159	1176	57	1.0
2649	92	119	1.0
3072	4328	166	1.0
3314	3842	71	1.0
684	2117	67	1.0
177	1281	39	1.0
345	2490	164	1.0
1107	3589	143	1.0
1246	2229	0	1.0
4146	521	63	1.0
3823	2799	113	1.0
1195	1721	0	1.0
573	3943	136	1.0
3751	3446	95	1.0
573	3960	143	1.0
2949	3270	67	1.0
3337	2821	46	1.0
313	2234	0	1.0
1831	3317	61	1.0
1213	258	32	1.0
313	2238	42	1.0
2783	2494	147	1.0
343	2482	144	1.0
2052	3272	48	1.0
625	4244	81	1.0
522	3636	97	1.0
257	1871	18	1.0
2932	3268	147	1.0
3825	104	155	1.0
2113	490	92	1.0
108	816	96	1.0
219	1550	39	1.0
2847	1742	43	1.0
2767	1683	0	1.0
2255	97	18	1.0
572	3946	167	1.0
404	2774	0	1.0
573	3945	118	1.0
3337	2821	165	1.0
255	1869	62	1.0
2689	4324	109	1.0
443	3105	12	1.0
328	2350	20	1.0
1479	1158	39	1.0
3399	2862	162	1.0
91	757	33	1.0
1383	2515	73	1.0
253	1855	96	1.0
463	3271	147	1.0
193	1373	111	1.0
25	248	167	1.0
468	3304	110	1.0
233	94	116	1.0
3750	2948	21	1.0
179	1299	24	1.0
3	38	20	1.0
215	1524	32	1.0
104	804	92	1.0
212	1502	71	1.0
508	3555	57	1.0
12	136	32	1.0
581	1828	96	1.0
625	4245	48	1.0
1078	80	156	1.0
1515	3951	18	1.0
1726	1659	155	1.0
4480	1705	113	1.0
2328	256	24	1.0
424	2992	72	1.0
232	120	70	1.0
1988	282	100	1.0
1834	3241	43	1.0
4335	3772	72	1.0
314	2245	0	1.0
108	824	74	1.0
2614	44	167	1.0
709	927	72	1.0
2662	4322	41	1.0
278	1995	0	1.0
284	2032	12	1.0
1358	3366	34	1.0
200	1419	92	1.0
204	1434	18	1.0
579	4011	96	1.0
669	4471	65	1.0
652	4375	161	1.0
676	4490	49	1.0
4682	2899	76	1.0
241	1772	72	1.0
8	99	14	1.0
2303	3378	123	1.0
4767	3422	72	1.0
225	1601	83	1.0
1610	293	165	1.0
576	3991	132	1.0
4206	789	120	1.0
152	1137	65	1.0
670	4477	48	1.0
496	3465	166	1.0
616	4178	25	1.0
4	60	157	1.0
4153	284	22	1.0
2078	4484	167	1.0
163	1187	72	1.0
652	4401	89	1.0
359	2575	108	1.0
1684	2365	136	1.0
624	4237	11	1.0
1104	1088	25	1.0
4811	2404	144	1.0
294	2100	33	1.0
2561	1691	15	1.0
289	2077	121	1.0
3164	4542	142	1.0
2124	3238	144	1.0
2013	1129	24	1.0
141	1073	88	1.0
67	526	143	1.0
4492	281	32	1.0
3873	1642	56	1.0
35	331	69	1.0
3522	2908	72	1.0
138	1057	88	1.0
459	3233	15	1.0
16	180	0	1.0
2111	4044	160	1.0
323	2305	94	1.0
479	3366	35	1.0
2561	612	15	1.0
3852	1684	19	1.0
1713	825	71	1.0
2561	108	65	1.0
439	3061	48	1.0
1307	3425	81	1.0
561	3855	136	1.0
2666	592	17	1.0
2296	3159	139	1.0
1977	3963	118	1.0
597	4121	24	1.0
2835	134	79	1.0
4073	694	13	1.0
3728	3352	144	1.0
1508	4019	144	1.0
4790	4236	72	1.0
800	1619	90	1.0
4146	535	96	1.0
2596	3587	166	1.0
3789	2660	3	1.0
3594	1620	66	1.0
3138	3116	24	1.0
171	1256	15	1.0
19	204	21	1.0
3664	4473	15	1.0
568	3912	78	1.0
6	87	119	1.0
2296	3158	30	1.0
90	747	86	1.0
406	2828	25	1.0
624	4234	79	1.0
406	2822	139	1.0
1219	522	26	1.0
472	3321	67	1.0
67	526	64	1.0
406	2856	48	1.0
3493	3983	115	1.0
636	4307	24	1.0
26	254	32	1.0
24	236	148	1.0
374	562	143	1.0
2031	99	144	1.0
3825	3150	155	1.0
3493	3983	72	1.0
3319	4544	45	1.0
1504	231	121	1.0
456	3223	93	1.0
232	1715	94	1.0
4862	232	148	1.0
4438	1711	56	1.0
520	3633	65	1.0
2643	577	157	1.0
442	3104	142	1.0
448	3175	111	1.0
1190	3556	36	1.0
527	3676	92	1.0
366	2602	24	1.0
581	4020	15	1.0
87	730	63	1.0
1651	243	39	1.0
1236	3516	71	1.0
2498	281	15	1.0
198	1391	63	1.0
563	3878	86	1.0
12	141	15	1.0
3873	1617	11	1.0
440	3066	0	1.0
2801	2412	70	1.0
2561	1659	15	1.0
2662	4322	144	1.0
3875	109	159	1.0
3875	1665	91	1.0
177	1289	47	1.0
559	3842	119	1.0
847	4636	65	1.0
3155	4275	24	1.0
201	1420	96	1.0
683	4537	0	1.0
2217	4232	95	1.0
69	543	91	1.0
666	4464	38	1.0
1083	563	109	1.0
2845	4489	24	1.0
252	1849	73	1.0
3722	3276	66	1.0
1223	3666	121	1.0
1572	3163	122	1.0
130	994	1	1.0
154	1146	34	1.0
341	2452	51	1.0
3366	1952	161	1.0
3728	3352	97	1.0
3179	3676	133	1.0
562	78	96	1.0
3072	4328	94	1.0
405	2787	0	1.0
221	1573	66	1.0
415	2945	97	1.0
573	3950	20	1.0
101	788	121	1.0
528	3698	93	1.0
269	1938	98	1.0
537	3742	0	1.0
493	2642	139	1.0
397	2733	0	1.0
1205	2076	72	1.0
1598	3940	140	1.0
1631	2906	96	1.0
198	1397	14	1.0
291	2092	118	1.0
481	1470	143	1.0
3875	114	91	1.0
69	544	0	1.0
1370	3325	147	1.0
170	1245	148	1.0
359	2575	24	1.0
3177	2389	102	1.0
486	3419	63	1.0
445	3150	67	1.0
2680	1677	69	1.0
522	3645	145	1.0
3701	2467	87	1.0
4230	2830	70	1.0
323	2321	144	1.0
624	4233	1	1.0
1307	3425	124	1.0
3973	3328	48	1.0
2916	2606	154	1.0
2643	1686	157	1.0
672	4261	133	1.0
334	2385	0	1.0
516	3607	97	1.0
1129	4328	46	1.0
795	1231	42	1.0
1974	2979	17	1.0
468	3296	47	1.0
2738	537	21	1.0
805	1480	55	1.0
3826	1689	114	1.0
452	3192	166	1.0
75	634	60	1.0
3059	838	145	1.0
1608	2637	89	1.0
446	3165	0	1.0
345	2488	21	1.0
684	4570	70	1.0
1113	781	23	1.0
207	1468	0	1.0
4869	241	156	1.0
125	958	45	1.0
2522	540	87	1.0
3229	2991	48	1.0
3068	4411	132	1.0
3900	1479	138	1.0
527	3674	92	1.0
2767	619	67	1.0
67	522	17	1.0
4228	3628	159	1.0
3167	1615	19	1.0
232	1667	161	1.0
231	103	165	1.0
2780	1408	163	1.0
2637	4480	44	1.0
493	2642	70	1.0
559	3837	0	1.0
169	1235	145	1.0
1527	1138	72	1.0
2233	2422	92	1.0
189	1353	0	1.0
111	870	71	1.0
359	2576	19	1.0
2809	256	48	1.0
2498	281	24	1.0
406	2853	87	1.0
2678	4323	140	1.0
1527	1136	69	1.0
444	3109	66	1.0
323	2317	144	1.0
2164	1474	23	1.0
87	738	44	1.0
4636	255	24	1.0
548	1196	155	1.0
103	795	45	1.0
1450	1129	132	1.0
214	1520	91	1.0
1865	1340	68	1.0
929	3844	144	1.0
464	3274	147	1.0
404	2779	67	1.0
298	2137	93	1.0
4523	3676	24	1.0
4531	2364	166	1.0
237	1744	9	1.0
24	241	48	1.0
424	2995	56	1.0
238	1750	62	1.0
1218	311	11	1.0
207	1468	120	1.0
2540	3312	145	1.0
81	682	120	1.0
4681	2898	48	1.0
3577	944	117	1.0
208	1469	0	1.0
573	3966	120	1.0
3035	3773	48	1.0
2592	1173	22	1.0
179	1301	0	1.0
2434	825	0	1.0
529	3702	130	1.0
8	100	17	1.0
264	1916	156	1.0
236	1735	61	1.0
2399	1191	96	1.0
537	3742	117	1.0
3989	374	24	1.0
550	3789	75	1.0
599	4129	0	1.0
200	1411	140	1.0
2648	1665	94	1.0
485	3407	72	1.0
2643	1706	91	1.0
1849	659	59	1.0
3751	3442	20	1.0
685	4572	48	1.0
69	559	147	1.0
891	2562	157	1.0
1835	4305	156	1.0
193	1372	139	1.0
265	1917	130	1.0
3164	4543	66	1.0
651	4374	0	1.0
915	149	155	1.0
456	3220	16	1.0
4064	1062	65	1.0
2637	1672	117	1.0
75	643	133	1.0
774	372	98	1.0
3823	3112	134	1.0
4238	1700	164	1.0
3823	577	113	1.0
69	542	19	1.0
2831	1525	93	1.0
3164	4546	64	1.0
1290	1061	159	1.0
75	638	78	1.0
2648	1713	94	1.0
459	3247	144	1.0
1639	2154	69	1.0
381	2344	73	1.0
27	261	49	1.0
678	4497	27	1.0
475	3344	24	1.0
3202	4669	121	1.0
1527	1130	144	1.0
1010	4016	96	1.0
169	1237	165	1.0
1527	1134	91	1.0
12	161	141	1.0
1638	3663	91	1.0
165	1201	1	1.0
689	2788	45	1.0
4357	3270	97	1.0
206	1458	106	1.0
230	90	70	1.0
232	1696	165	1.0
1083	1795	12	1.0
872	3378	74	1.0
4146	519	62	1.0
3267	3689	23	1.0
2415	4178	157	1.0
415	2945	43	1.0
3312	1998	25	1.0
2610	262	97	1.0
257	1871	69	1.0
2255	1697	113	1.0
87	729	92	1.0
2766	3114	44	1.0
4830	4621	17	1.0
87	738	69	1.0
522	3637	72	1.0
2688	3117	113	1.0
1568	3658	40	1.0
652	4378	24	1.0
4624	1429	48	1.0
573	3963	64	1.0
806	1784	159	1.0
195	1	140	1.0
351	2526	144	1.0
4572	3316	91	1.0
437	461	75	1.0
592	4078	145	1.0
4697	2142	120	1.0
3778	3421	166	1.0
1236	3515	116	1.0
18	202	161	1.0
1889	3354	50	1.0
132	1015	136	1.0
418	2968	72	1.0
3503	1227	154	1.0
1889	1792	150	1.0
2303	3378	11	1.0
4681	2898	24	1.0
198	1397	37	1.0
2678	1677	17	1.0
3614	3234	147	1.0
347	2506	49	1.0
1054	3213	144	1.0
448	3171	66	1.0
1974	2979	159	1.0
4746	913	44	1.0
681	4515	133	1.0
2472	3041	86	1.0
102	794	72	1.0
3473	1454	120	1.0
3280	4125	20	1.0
58	485	48	1.0
566	3901	164	1.0
2641	769	17	1.0
36	334	121	1.0
521	3636	97	1.0
4682	2897	96	1.0
381	2694	167	1.0
2768	2376	96	1.0
388	2713	144	1.0
3310	3276	116	1.0
2847	1733	89	1.0
1632	233	26	1.0
547	3674	93	1.0
3841	100	19	1.0
2847	1733	24	1.0
2460	2538	70	1.0
2643	578	19	1.0
173	1272	73	1.0
253	1861	141	1.0
647	4350	37	1.0
1726	1536	66	1.0
370	2646	46	1.0
491	3442	24	1.0
2691	104	22	1.0
366	2609	160	1.0
1718	942	90	1.0
57	481	166	1.0
390	2717	36	1.0
1394	536	59	1.0
2255	1674	70	1.0
20	207	145	1.0
2643	577	138	1.0
24	232	72	1.0
214	1517	163	1.0
3148	2540	0	1.0
545	3774	159	1.0
464	3277	49	1.0
4682	2897	24	1.0
2648	3113	94	1.0
572	3951	71	1.0
377	2678	0	1.0
115	885	120	1.0
286	2062	130	1.0
216	109	14	1.0
275	1974	156	1.0
2303	34	10	1.0
81	689	15	1.0
4853	4307	58	1.0
509	2909	142	1.0
625	4249	58	1.0
811	1830	72	1.0
1140	1703	49	1.0
464	3269	49	1.0
449	3179	66	1.0
327	2345	99	1.0
486	3417	91	1.0
4516	4666	0	1.0
2648	1694	67	1.0
4208	1255	110	1.0
368	2628	59	1.0
405	2807	0	1.0
284	2038	147	1.0
381	2692	14	1.0
1938	4203	25	1.0
664	4450	24	1.0
216	97	66	1.0
1997	1138	64	1.0
2244	831	43	1.0
2051	4634	122	1.0
279	2003	20	1.0
1599	3943	68	1.0
419	2974	90	1.0
2662	1655	66	1.0
2042	3713	46	1.0
198	1400	86	1.0
273	1951	145	1.0
3172	1163	95	1.0
527	3687	158	1.0
49	432	66	1.0
561	3862	96	1.0
673	4484	59	1.0
313	2242	142	1.0
34	327	143	1.0
3722	3271	0	1.0
3837	1684	41	1.0
435	3042	120	1.0
109	830	163	1.0
9	95	22	1.0
82	686	49	1.0
285	2053	112	1.0
273	1963	108	1.0
521	3636	120	1.0
2182	3516	0	1.0
72	620	120	1.0
1786	3110	70	1.0
4509	3876	62	1.0
299	2138	47	1.0
2230	2650	164	1.0
408	2879	97	1.0
4528	3271	2	1.0
549	3783	120	1.0
269	1938	63	1.0
2177	895	96	1.0
4029	1276	4	1.0
53	466	143	1.0
849	4042	143	1.0
2	29	116	1.0
4646	3772	38	1.0
1989	3800	48	1.0
573	3965	15	1.0
1964	3954	44	1.0
4246	3278	133	1.0
144	1091	111	1.0
1014	308	122	1.0
780	1902	45	1.0
3579	242	133	1.0
480	3373	95	1.0
2013	1138	22	1.0
3852	118	166	1.0
3006	1150	8	1.0
154	1141	72	1.0
1084	281	144	1.0
2637	91	20	1.0
63	500	48	1.0
124	952	98	1.0
444	3133	17	1.0
539	289	99	1.0
123	919	48	1.0
2714	1241	98	1.0
414	2942	120	1.0
75	649	55	1.0
2042	3713	133	1.0
233	90	69	1.0
396	2732	144	1.0
2648	1541	67	1.0
889	3393	23	1.0
375	458	18	1.0
631	4289	167	1.0
149	1122	82	1.0
2051	4634	144	1.0
165	1204	162	1.0
751	530	89	1.0
667	4466	166	1.0
1266	3673	147	1.0
624	4240	30	1.0
446	3158	20	1.0
2662	1655	119	1.0
1977	3969	21	1.0
313	2239	21	1.0
24	240	22	1.0
4055	3834	137	1.0
1140	1701	22	1.0
464	485	133	1.0
318	2282	136	1.0
1078	83	98	1.0
1223	3663	61	1.0
323	2309	144	1.0
152	1132	69	1.0
570	3928	49	1.0
4701	3750	137	1.0
552	3813	48	1.0
140	1063	0	1.0
4590	521	144	1.0
1135	4603	140	1.0
39	359	166	1.0
526	3665	72	1.0
2256	2409	120	1.0
592	1204	111	1.0
110	854	159	1.0
3336	2835	95	1.0
2852	3781	147	1.0
312	2231	8	1.0
1266	3677	120	1.0
2498	281	75	1.0
539	283	166	1.0
2982	3832	67	1.0
3825	119	155	1.0
3291	1048	118	1.0
1218	2450	88	1.0
751	2454	85	1.0
1128	4537	0	1.0
3547	4581	137	1.0
25	235	49	1.0
3823	599	113	1.0
199	1393	9	1.0
233	106	70	1.0
406	2857	145	1.0
2736	2402	145	1.0
3211	2842	122	1.0
3900	3267	157	1.0
198	1399	110	1.0
456	2387	92	1.0
455	3218	95	1.0
1567	3657	72	1.0
452	3198	1	1.0
381	2690	167	1.0
685	407	0	1.0
6	86	161	1.0
602	4139	72	1.0
137	1043	142	1.0
154	1144	72	1.0
2643	1533	91	1.0
2643	99	157	1.0
3255	4461	167	1.0
1987	1209	108	1.0
2134	3506	157	1.0
39	363	0	1.0
640	93	69	1.0
934	2005	93	1.0
2429	4602	149	1.0
3113	334	112	1.0
57	475	36	1.0
662	4443	134	1.0
53	449	90	1.0
415	2939	48	1.0
281	2008	1	1.0
3503	1215	161	1.0
152	1131	44	1.0
2920	3439	0	1.0
2561	1673	70	1.0
683	4539	64	1.0
2484	4405	61	1.0
1871	293	69	1.0
339	2429	1	1.0
415	2952	78	1.0
1638	3665	124	1.0
65	513	65	1.0
3873	1624	6	1.0
419	2971	121	1.0
1450	1132	159	1.0
26	253	75	1.0
3229	2996	72	1.0
568	1235	23	1.0
270	1942	48	1.0
1515	3941	23	1.0
3516	1967	142	1.0
98	781	148	1.0
144	1097	142	1.0
1599	3944	44	1.0
340	2444	0	1.0
24	232	5	1.0
1788	803	69	1.0
347	2511	47	1.0
200	1412	144	1.0
552	3808	17	1.0
2932	3274	48	1.0
65	509	0	1.0
296	2118	94	1.0
671	95	121	1.0
526	3669	23	1.0
1492	331	99	1.0
3744	3068	113	1.0
1670	1029	0	1.0
3871	819	74	1.0
323	2314	144	1.0
235	1725	121	1.0
1515	3941	142	1.0
428	3013	92	1.0
152	1132	144	1.0
437	3052	103	1.0
410	2899	26	1.0
562	3872	112	1.0
3187	490	72	1.0
1224	3663	24	1.0
440	3068	73	1.0
539	3750	121	1.0
528	3683	72	1.0
351	2526	0	1.0
3267	3697	110	1.0
404	2775	42	1.0
3179	3699	15	1.0
159	1176	81	1.0
263	1904	0	1.0
3775	1002	15	1.0
692	4609	120	1.0
450	3185	104	1.0
1527	1136	68	1.0
800	1636	59	1.0
204	1439	60	1.0
219	1556	134	1.0
688	4595	72	1.0
2236	1435	43	1.0
419	2974	122	1.0
462	3264	147	1.0
1213	261	72	1.0
2019	22	66	1.0
220	1560	0	1.0
1297	1541	116	1.0
162	1185	122	1.0
520	3629	92	1.0
1976	3942	72	1.0
328	2357	115	1.0
222	1584	165	1.0
3251	310	44	1.0
3824	1666	65	1.0
529	3707	96	1.0
2147	493	68	1.0
1444	984	138	1.0
508	3552	110	1.0
1380	2825	84	1.0
30	279	148	1.0
3836	1679	156	1.0
4784	1732	140	1.0
573	3950	119	1.0
2498	281	48	1.0
157	1150	0	1.0
69	557	70	1.0
1603	382	161	1.0
3661	2079	122	1.0
2932	3271	148	1.0
3899	1421	93	1.0
682	4524	91	1.0
2175	2514	96	1.0
539	280	99	1.0
2518	536	68	1.0
63	500	12	1.0
227	1643	58	1.0
67	519	0	1.0
125	957	95	1.0
1115	2960	49	1.0
451	3191	157	1.0
300	2145	47	1.0
232	1682	45	1.0
1121	3642	72	1.0
4263	1660	142	1.0
410	2400	167	1.0
1950	3162	24	1.0
4438	1688	159	1.0
1718	930	162	1.0
100	788	112	1.0
72	623	119	1.0
3015	4284	51	1.0
226	1632	96	1.0
2429	333	47	1.0
842	3017	24	1.0
1788	803	162	1.0
28	274	100	1.0
30	290	148	1.0
1190	3559	13	1.0
24	237	22	1.0
2620	717	50	1.0
682	4515	43	1.0
452	3195	0	1.0
4588	1429	98	1.0
3852	604	119	1.0
774	374	98	1.0
2592	2445	25	1.0
157	1150	117	1.0
3824	1684	65	1.0
566	3889	72	1.0
1890	3349	78	1.0
4483	759	39	1.0
413	2925	67	1.0
667	4463	116	1.0
325	2336	97	1.0
406	2857	95	1.0
3366	1954	82	1.0
640	1541	45	1.0
1527	1137	141	1.0
645	4343	113	1.0
4480	3108	147	1.0
3064	2262	98	1.0
166	1224	92	1.0
167	1213	48	1.0
1010	4003	96	1.0
433	3035	32	1.0
1871	291	55	1.0
681	4513	0	1.0
241	1777	14	1.0
309	2193	21	1.0
2730	3908	47	1.0
232	1680	165	1.0
3823	3120	95	1.0
120	911	0	1.0
607	4146	0	1.0
4335	3775	0	1.0
464	3268	43	1.0
3852	1676	42	1.0
652	4393	110	1.0
631	4291	166	1.0
74	632	89	1.0
1222	884	96	1.0
4535	74	66	1.0
1652	243	15	1.0
585	4035	70	1.0
46	412	14	1.0
464	3276	49	1.0
2271	1040	25	1.0
406	2826	0	1.0
1726	1690	66	1.0
408	2884	14	1.0
336	719	94	1.0
4604	2201	48	1.0
236	1736	88	1.0
210	1485	69	1.0
533	3728	124	1.0
4485	3316	137	1.0
687	4583	0	1.0
3366	1952	115	1.0
4029	1276	99	1.0
1054	4125	138	1.0
2825	2151	143	1.0
3727	3353	20	1.0
460	3250	154	1.0
4239	1053	20	1.0
1686	3223	134	1.0
1977	3962	141	1.0
1479	1149	0	1.0
85	721	155	1.0
544	3772	104	1.0
2729	3908	69	1.0
3941	961	95	1.0
4624	1429	122	1.0
169	1232	165	1.0
4055	3823	166	1.0
1871	290	55	1.0
444	3118	112	1.0
217	1538	145	1.0
537	3743	0	1.0
277	1987	23	1.0
917	204	115	1.0
703	4093	141	1.0
3841	1702	44	1.0
4095	3992	164	1.0
678	4499	115	1.0
628	4270	93	1.0
2973	4607	21	1.0
3792	4671	145	1.0
6	77	130	1.0
4869	231	41	1.0
219	1552	0	1.0
3638	4671	0	1.0
1335	2603	167	1.0
561	3847	96	1.0
18	203	134	1.0
549	1196	115	1.0
485	3414	167	1.0
3851	1658	12	1.0
225	1612	104	1.0
1614	3711	63	1.0
277	1992	165	1.0
647	4349	39	1.0
3751	3438	161	1.0
526	3663	160	1.0
574	3978	165	1.0
2684	1684	19	1.0
627	4268	162	1.0
627	4257	63	1.0
1871	299	24	1.0
629	4276	85	1.0
1966	2044	16	1.0
3164	4555	92	1.0
2795	3796	24	1.0
2151	4628	162	1.0
4073	682	96	1.0
443	3105	96	1.0
2469	4152	144	1.0
285	2056	53	1.0
1964	3945	94	1.0
479	3368	115	1.0
573	3951	167	1.0
454	3206	18	1.0
577	3997	159	1.0
474	3333	163	1.0
490	3434	48	1.0
4549	4683	44	1.0
3218	3376	96	1.0
3162	693	65	1.0
3810	4681	122	1.0
323	2308	0	1.0
328	2349	41	1.0
2347	4465	130	1.0
1357	3367	84	1.0
1136	65	36	1.0
1889	3354	24	1.0
349	2521	119	1.0
26	259	48	1.0
405	2817	0	1.0
267	1928	22	1.0
2852	3673	25	1.0
3229	2999	49	1.0
2689	115	109	1.0
741	1808	46	1.0
232	1676	38	1.0
315	2247	48	1.0
832	1431	167	1.0
351	2534	48	1.0
1218	311	137	1.0
586	4036	135	1.0
130	997	67	1.0
4466	2675	129	1.0
82	686	24	1.0
638	4314	10	1.0
2118	1878	122	1.0
522	3637	71	1.0
3471	4274	43	1.0
2850	167	167	1.0
1762	3507	24	1.0
406	2822	0	1.0
3679	919	83	1.0
198	1399	86	1.0
2285	3348	40	1.0
1003	19	113	1.0
918	194	0	1.0
452	3202	167	1.0
424	2994	33	1.0
694	4630	24	1.0
676	4492	142	1.0
535	3736	107	1.0
865	3469	41	1.0
4869	235	41	1.0
227	1645	19	1.0
445	1062	9	1.0
24	235	96	1.0
2	8	78	1.0
1533	29	96	1.0
806	1789	86	1.0
290	2083	2	1.0
4239	1048	20	1.0
654	4412	70	1.0
452	3200	136	1.0
259	1889	8	1.0
144	1096	17	1.0
359	2577	48	1.0
191	1366	62	1.0
1113	782	145	1.0
10	125	24	1.0
641	117	21	1.0
449	3181	130	1.0
444	3117	26	1.0
79	675	72	1.0
4529	3069	82	1.0
3714	754	22	1.0
673	4484	7	1.0
44	394	85	1.0
3049	2237	90	1.0
115	894	123	1.0
2931	485	134	1.0
1479	1155	39	1.0
2303	42	108	1.0
91	759	141	1.0
25	239	92	1.0
1769	686	2	1.0
226	1635	96	1.0
172	1271	167	1.0
183	1335	69	1.0
692	4615	43	1.0
25	241	90	1.0
3138	3107	120	1.0
2701	3503	45	1.0
42	384	140	1.0
2228	282	152	1.0
3584	3277	18	1.0
1104	1088	98	1.0
375	2664	18	1.0
24	240	166	1.0
405	2780	0	1.0
110	838	26	1.0
1096	2079	145	1.0
1078	79	144	1.0
310	2200	0	1.0
415	2954	98	1.0
456	2387	67	1.0
464	3272	133	1.0
1987	1196	34	1.0
462	3264	135	1.0
99	787	144	1.0
340	2444	58	1.0
1584	739	12	1.0
1950	3162	166	1.0
259	1891	43	1.0
252	1846	73	1.0
4572	3317	113	1.0
242	1786	96	1.0
367	2602	116	1.0
357	2570	144	1.0
806	1790	71	1.0
3	32	91	1.0
521	3638	22	1.0
367	2623	161	1.0
1451	1139	0	1.0
259	1891	10	1.0
45	404	48	1.0
1846	2409	94	1.0
2174	3676	107	1.0
3838	1676	140	1.0
464	3274	114	1.0
3143	2403	147	1.0
339	1433	46	1.0
85	716	34	1.0
1096	2078	23	1.0
2662	1655	19	1.0
525	3660	147	1.0
2662	4327	41	1.0
687	4588	86	1.0
472	3313	120	1.0
3871	833	68	1.0
1893	2227	14	1.0
670	4479	159	1.0
1492	2453	2	1.0
81	683	142	1.0
474	3340	25	1.0
4191	2121	94	1.0
3500	2817	116	1.0
178	1296	120	1.0
4857	232	112	1.0
284	2034	129	1.0
273	1961	85	1.0
4869	240	89	1.0
140	1066	159	1.0
3601	1417	70	1.0
2054	4203	2	1.0
2691	580	21	1.0
1922	3017	0	1.0
3493	64	68	1.0
317	2266	140	1.0
452	3199	2	1.0
3971	4489	71	1.0
2013	1129	123	1.0
4149	2402	148	1.0
1303	4412	23	1.0
323	2308	120	1.0
425	3000	17	1.0
562	3873	115	1.0
34	314	17	1.0
751	535	136	1.0
507	3552	84	1.0
1834	4305	118	1.0
1218	2450	38	1.0
415	2954	167	1.0
520	3632	86	1.0
2451	4233	144	1.0
4869	237	29	1.0
455	3212	73	1.0
1223	3668	50	1.0
269	1940	156	1.0
529	3708	71	1.0
549	1207	19	1.0
375	2672	0	1.0
2071	2220	85	1.0
3314	3844	144	1.0
449	3181	89	1.0
406	2837	145	1.0
4218	715	39	1.0
2511	4153	143	1.0
4682	2906	144	1.0
443	3105	166	1.0
1140	104	71	1.0
44	395	97	1.0
2642	773	116	1.0
1141	3134	145	1.0
652	4381	46	1.0
98	785	44	1.0
505	3537	99	1.0
204	1437	144	1.0
285	991	159	1.0
3860	2224	58	1.0
442	3092	24	1.0
2649	1660	41	1.0
4228	3069	62	1.0
472	3318	67	1.0
497	3482	49	1.0
311	2223	66	1.0
115	885	167	1.0
310	2206	40	1.0
836	1810	155	1.0
140	1063	145	1.0
439	3060	144	1.0
153	1140	162	1.0
251	1827	114	1.0
373	2659	144	1.0
2347	4459	96	1.0
2940	1446	51	1.0
3826	1711	23	1.0
7	86	95	1.0
555	3817	40	1.0
914	2490	42	1.0
464	3272	43	1.0
2255	1707	137	1.0
63	498	37	1.0
1567	3653	98	1.0
3751	3447	20	1.0
1193	2674	87	1.0
574	3972	0	1.0
1997	1131	142	1.0
3852	1677	42	1.0
1287	1024	161	1.0
1718	921	160	1.0
3823	1663	19	1.0
200	1409	96	1.0
3366	1955	45	1.0
3015	4285	72	1.0
413	2924	91	1.0
4347	1711	120	1.0
1949	1953	162	1.0
273	1953	132	1.0
550	3793	150	1.0
39	362	72	1.0
1709	1191	97	1.0
405	2804	73	1.0
189	1356	156	1.0
526	3668	74	1.0
260	1895	137	1.0
3823	1541	118	1.0
410	2901	167	1.0
2662	119	41	1.0
251	1827	0	1.0
2450	1988	94	1.0
55	469	144	1.0
269	1936	24	1.0
427	3006	48	1.0
574	3976	65	1.0
3934	1276	29	1.0
782	3627	48	1.0
876	3317	40	1.0
227	1622	157	1.0
782	3627	89	1.0
304	2163	119	1.0
2213	1429	134	1.0
1889	3350	150	1.0
105	807	40	1.0
3366	1958	148	1.0
71	586	49	1.0
1352	3223	164	1.0
3700	1150	51	1.0
485	3409	89	1.0
20	214	120	1.0
914	2121	167	1.0
542	3754	0	1.0
108	822	71	1.0
2461	4572	0	1.0
539	291	72	1.0
397	2742	115	1.0
1684	2365	49	1.0
627	4258	134	1.0
1515	3955	68	1.0
123	923	19	1.0
521	3638	44	1.0
2580	535	72	1.0
402	2764	144	1.0
872	40	97	1.0
447	3158	0	1.0
4157	2858	70	1.0
1961	3160	50	1.0
1287	4437	161	1.0
3851	3121	12	1.0
9	122	22	1.0
199	1388	97	1.0
1964	3944	68	1.0
10	132	77	1.0
959	1830	26	1.0
4055	3834	42	1.0
213	1509	80	1.0
216	1537	112	1.0
2662	1535	41	1.0
64	508	17	1.0
531	3714	154	1.0
2932	3275	70	1.0
16	184	166	1.0
444	3124	17	1.0
443	3105	0	1.0
3961	2085	111	1.0
4191	2113	166	1.0
200	1409	72	1.0
3229	2994	120	1.0
342	2467	23	1.0
4385	1356	72	1.0
702	972	122	1.0
1518	3668	96	1.0
232	1695	165	1.0
947	167	38	1.0
3620	4628	72	1.0
2891	918	72	1.0
102	793	21	1.0
3750	2946	76	1.0
3276	311	138	1.0
3742	541	0	1.0
2973	4606	132	1.0
1054	3228	144	1.0
12	143	13	1.0
700	4653	3	1.0
493	2642	163	1.0
3366	1959	24	1.0
1515	3941	66	1.0
189	1353	109	1.0
568	3910	4	1.0
1727	92	40	1.0
103	801	83	1.0
4357	3280	97	1.0
988	2538	41	1.0
85	723	106	1.0
3208	1694	54	1.0
3571	392	163	1.0
22	227	63	1.0
4485	250	9	1.0
2221	2900	121	1.0
166	1226	127	1.0
572	3942	118	1.0
3875	1665	40	1.0
210	1495	165	1.0
681	4529	106	1.0
1610	281	148	1.0
82	685	73	1.0
624	4242	119	1.0
4509	4235	144	1.0
1726	1709	66	1.0
346	2501	135	1.0
1598	3967	155	1.0
3208	1694	162	1.0
263	1904	57	1.0
122	917	0	1.0
416	2964	48	1.0
1236	3515	44	1.0
231	1665	166	1.0
430	3018	41	1.0
284	2041	144	1.0
1428	1099	0	1.0
751	2451	97	1.0
103	795	83	1.0
616	4178	126	1.0
523	3650	141	1.0
1515	3946	95	1.0
632	4284	96	1.0
3826	1684	166	1.0
3615	3242	14	1.0
4438	604	75	1.0
3664	4472	156	1.0
548	1207	69	1.0
361	734	75	1.0
981	3864	161	1.0
157	1152	39	1.0
2637	1673	117	1.0
44	392	111	1.0
2063	2189	137	1.0
296	2121	165	1.0
1180	3229	70	1.0
398	2751	23	1.0
2255	1537	40	1.0
576	3987	133	1.0
364	2592	62	1.0
2872	672	165	1.0
561	3847	1	1.0
348	2513	158	1.0
801	1643	32	1.0
973	595	43	1.0
370	2644	3	1.0
496	3475	20	1.0
1467	1456	1	1.0
3402	3580	74	1.0
800	1616	87	1.0
6	84	14	1.0
2236	1438	118	1.0
948	256	5	1.0
491	3440	45	1.0
939	4446	72	1.0
3395	3312	73	1.0
307	2178	24	1.0
4590	308	163	1.0
1504	237	100	1.0
88	739	45	1.0
30	293	88	1.0
667	4460	72	1.0
529	3700	107	1.0
4584	3200	17	1.0
2540	3317	145	1.0
929	3845	166	1.0
230	114	144	1.0
322	2303	43	1.0
227	1616	157	1.0
3218	3388	89	1.0
1219	521	4	1.0
310	2205	101	1.0
300	2148	20	1.0
1248	1625	12	1.0
225	1602	64	1.0
3606	1315	69	1.0
1987	1201	121	1.0
285	2048	5	1.0
199	1394	78	1.0
2213	1432	81	1.0
902	3348	111	1.0
293	2102	36	1.0
406	2858	48	1.0
1572	3162	73	1.0
1140	104	117	1.0
692	4605	58	1.0
529	3707	152	1.0
361	2582	0	1.0
87	738	135	1.0
2940	1439	151	1.0
2336	2380	132	1.0
415	2948	140	1.0
619	2683	16	1.0
3641	3846	72	1.0
323	2308	48	1.0
2540	3316	145	1.0
2743	2094	120	1.0
410	2904	24	1.0
286	2059	20	1.0
691	4605	89	1.0
2673	1667	67	1.0
263	1908	22	1.0
406	2868	48	1.0
221	1561	108	1.0
4357	3271	124	1.0
98	783	140	1.0
4026	3508	155	1.0
319	2289	43	1.0
640	1539	65	1.0
1889	1792	27	1.0
522	3641	45	1.0
457	3232	23	1.0
64	204	48	1.0
485	3414	38	1.0
3218	3376	48	1.0
2218	4233	144	1.0
515	3607	148	1.0
692	4605	72	1.0
273	1961	108	1.0
303	2154	145	1.0
3771	202	62	1.0
241	1783	112	1.0
3068	4407	94	1.0
652	4374	89	1.0
750	308	48	1.0
419	2968	43	1.0
2662	577	19	1.0
2691	1697	40	1.0
1903	547	21	1.0
406	2838	112	1.0
1598	3967	65	1.0
119	907	82	1.0
539	3749	99	1.0
24	241	102	1.0
2689	4325	109	1.0
1515	3948	162	1.0
166	1212	144	1.0
508	1270	71	1.0
1870	2860	48	1.0
6	79	24	1.0
110	834	24	1.0
2236	1438	43	1.0
198	1392	115	1.0
223	1593	68	1.0
79	669	0	1.0
1728	2715	0	1.0
296	2124	166	1.0
3875	1665	159	1.0
177	1284	12	1.0
574	3978	41	1.0
557	3834	74	1.0
683	4546	163	1.0
3836	1708	67	1.0
57	482	19	1.0
162	1184	0	1.0
20	211	164	1.0
366	2613	96	1.0
198	1389	37	1.0
597	4123	87	1.0
4528	3268	114	1.0
4509	2183	144	1.0
4671	2227	136	1.0
848	4039	89	1.0
599	4129	68	1.0
3825	1703	155	1.0
2951	1673	43	1.0
3164	4546	40	1.0
3861	3803	119	1.0
683	4541	165	1.0
594	4082	24	1.0
437	3048	73	1.0
4239	3157	20	1.0
3208	3108	134	1.0
2641	772	43	1.0
446	3170	72	1.0
658	4419	1	1.0
2934	1674	46	1.0
304	2164	99	1.0
3035	2291	120	1.0
273	1956	1	1.0
200	1413	140	1.0
10	124	24	1.0
461	3254	85	1.0
2662	96	41	1.0
1278	916	143	1.0
81	690	121	1.0
2961	519	0	1.0
1407	3204	72	1.0
3430	1420	111	1.0
2434	819	0	1.0
204	1436	24	1.0
947	164	36	1.0
442	3099	144	1.0
1491	3955	93	1.0
483	3399	11	1.0
8	111	96	1.0
2085	3440	142	1.0
41	377	48	1.0
317	2273	24	1.0
1807	1454	87	1.0
2866	2220	22	1.0
2431	373	72	1.0
629	4278	38	1.0
110	848	14	1.0
219	1558	140	1.0
138	1056	161	1.0
2561	4324	70	1.0
99	786	149	1.0
833	939	38	1.0
243	1785	24	1.0
1212	253	49	1.0
444	3119	15	1.0
235	1728	49	1.0
113	879	58	1.0
631	4286	24	1.0
487	3420	145	1.0
406	2870	48	1.0
516	3620	74	1.0
3263	3777	72	1.0
3871	833	50	1.0
3789	562	73	1.0
1378	3990	47	1.0
243	1794	11	1.0
160	1182	140	1.0
4446	3067	24	1.0
3875	120	159	1.0
273	1965	117	1.0
205	1434	96	1.0
3278	2488	71	1.0
345	2490	92	1.0
175	1275	80	1.0
800	1616	82	1.0
206	1454	44	1.0
281	2007	0	1.0
77	662	42	1.0
568	3908	69	1.0
3179	3688	147	1.0
160	1182	162	1.0
233	99	12	1.0
1298	3107	121	1.0
123	940	16	1.0
3201	205	70	1.0
692	4608	0	1.0
503	3520	47	1.0
2189	3523	0	1.0
83	708	92	1.0
186	1343	68	1.0
1642	48	50	1.0
4697	2142	72	1.0
3836	1655	48	1.0
4126	409	97	1.0
630	4283	80	1.0
1186	1971	142	1.0
258	1882	158	1.0
3792	407	48	1.0
166	1212	64	1.0
3101	2447	110	1.0
503	3518	70	1.0
476	3363	116	1.0
1215	3073	96	1.0
26	256	24	1.0
14	177	35	1.0
1515	3964	141	1.0
36	334	111	1.0
539	292	72	1.0
1929	1616	40	1.0
30	280	0	1.0
2255	1692	90	1.0
568	3911	68	1.0
605	4143	114	1.0
1663	485	94	1.0
666	4460	94	1.0
2293	4436	145	1.0
485	3415	130	1.0
1103	4233	88	1.0
1080	1035	118	1.0
165	1204	34	1.0
313	2238	12	1.0
1570	218	131	1.0
1278	915	84	1.0
105	806	162	1.0
407	2821	167	1.0
146	1100	37	1.0
371	2639	14	1.0
3242	550	94	1.0
1976	3940	116	1.0
652	4394	92	1.0
596	4109	110	1.0
929	3844	0	1.0
2399	1191	72	1.0
1103	4231	87	1.0
82	681	120	1.0
220	1563	109	1.0
360	734	28	1.0
248	1810	81	1.0
3108	1453	157	1.0
397	2737	88	1.0
1567	3651	120	1.0
1610	296	39	1.0
179	1299	96	1.0
1393	3884	120	1.0
2679	3110	144	1.0
1668	1388	47	1.0
39	365	69	1.0
2063	48	130	1.0
624	4232	144	1.0
574	3980	144	1.0
1976	3949	107	1.0
638	4312	10	1.0
1014	308	27	1.0
2151	4630	24	1.0
464	3269	25	1.0
217	1543	95	1.0
32	302	48	1.0
1652	243	160	1.0
3727	3353	24	1.0
464	3276	114	1.0
333	2382	85	1.0
253	1854	72	1.0
2437	3465	75	1.0
699	4643	0	1.0
26	257	0	1.0
3366	1957	119	1.0
2071	2220	49	1.0
443	3105	83	1.0
596	4112	65	1.0
751	1185	26	1.0
398	2752	117	1.0
71	602	63	1.0
4296	826	123	1.0
2	25	120	1.0
25	242	122	1.0
36	336	94	1.0
359	2578	43	1.0
2974	281	19	1.0
398	2750	22	1.0
230	114	167	1.0
652	4399	89	1.0
570	3931	121	1.0
205	1444	35	1.0
1570	218	19	1.0
257	1875	13	1.0
681	4526	134	1.0
69	559	140	1.0
1101	4005	71	1.0
876	3314	36	1.0
3827	1539	159	1.0
671	94	44	1.0
108	819	96	1.0
674	4485	54	1.0
2688	3117	144	1.0
195	1	163	1.0
323	2308	24	1.0
2606	2447	157	1.0
349	2513	137	1.0
173	1272	106	1.0
2727	2728	64	1.0
1301	2255	24	1.0
3442	2173	78	1.0
3581	784	98	1.0
249	1812	95	1.0
459	3237	26	1.0
439	3064	159	1.0
592	4077	24	1.0
251	1845	154	1.0
531	3719	103	1.0
3794	174	111	1.0
375	2664	107	1.0
766	2979	48	1.0
3344	1389	116	1.0
181	1318	92	1.0
3707	2395	110	1.0
3875	1538	18	1.0
618	4192	93	1.0
1182	4544	70	1.0
3480	2190	96	1.0
2990	2637	14	1.0
484	3406	131	1.0
1527	1139	162	1.0
1608	2642	67	1.0
357	2572	114	1.0
418	2971	24	1.0
3367	32	139	1.0
1450	1138	130	1.0
728	359	155	1.0
3368	3851	20	1.0
1297	1541	31	1.0
105	807	15	1.0
138	1054	66	1.0
3428	413	13	1.0
2188	664	67	1.0
2571	3234	72	1.0
282	2019	162	1.0
698	4637	91	1.0
443	3105	93	1.0
328	2360	94	1.0
3954	557	110	1.0
115	887	10	1.0
2171	1117	68	1.0
368	2632	165	1.0
3231	838	122	1.0
4869	249	121	1.0
1951	3158	143	1.0
3630	1141	46	1.0
321	2297	68	1.0
290	2076	2	1.0
273	1954	66	1.0
44	389	0	1.0
336	2401	95	1.0
4588	2136	71	1.0
3755	2233	25	1.0
71	589	35	1.0
4347	1690	69	1.0
1193	1793	157	1.0
387	2301	0	1.0
34	312	65	1.0
3490	3328	163	1.0
1977	3969	41	1.0
3964	1997	85	1.0
688	337	121	1.0
476	3094	116	1.0
370	2636	130	1.0
468	3297	87	1.0
69	554	9	1.0
3852	586	92	1.0
3234	4349	126	1.0
3851	3121	68	1.0
1848	652	149	1.0
491	3449	96	1.0
405	2808	0	1.0
1590	3846	72	1.0
1889	3355	2	1.0
478	3366	156	1.0
549	1196	93	1.0
2488	4470	48	1.0
4238	3157	22	1.0
1093	1409	45	1.0
554	3816	95	1.0
364	2598	65	1.0
4790	3870	139	1.0
1733	4018	116	1.0
2743	2091	120	1.0
444	3109	43	1.0
30	293	120	1.0
3744	703	6	1.0
414	2932	97	1.0
546	3675	144	1.0
227	1630	74	1.0
902	3348	133	1.0
3102	310	0	1.0
4335	3771	92	1.0
496	3477	70	1.0
2125	3242	21	1.0
1083	1789	10	1.0
4064	3117	71	1.0
476	3356	56	1.0
756	2634	48	1.0
95	767	144	1.0
37	341	3	1.0
2678	1667	59	1.0
4429	559	13	1.0
3794	167	35	1.0
3654	3846	160	1.0
645	4346	41	1.0
3366	1959	113	1.0
596	4099	0	1.0
537	3745	12	1.0
20	209	23	1.0
465	3284	0	1.0
2680	1676	140	1.0
1468	461	89	1.0
435	3041	122	1.0
30	283	120	1.0
702	4686	105	1.0
2729	3903	69	1.0
3391	839	21	1.0
191	1368	147	1.0
226	1617	96	1.0
227	1618	25	1.0
3394	3321	142	1.0
675	4491	96	1.0
1205	1195	110	1.0
44	393	61	1.0
279	1999	2	1.0
568	3911	21	1.0
1585	371	25	1.0
556	3828	135	1.0
1598	3967	42	1.0
232	1708	94	1.0
524	3658	90	1.0
2932	3276	11	1.0
205	1434	117	1.0
1320	819	96	1.0
4517	2492	38	1.0
20	216	19	1.0
2962	1163	118	1.0
1464	3858	133	1.0
456	3224	140	1.0
81	686	147	1.0
506	3542	72	1.0
590	4065	72	1.0
2725	3158	136	1.0
2486	3362	107	1.0
464	3276	92	1.0
1168	3903	110	1.0
82	693	48	1.0
4270	2128	21	1.0
1856	64	167	1.0
3653	1814	0	1.0
527	3674	0	1.0
489	3430	140	1.0
3862	3786	0	1.0
527	3694	93	1.0
572	3945	46	1.0
487	3424	120	1.0
543	3769	48	1.0
776	3214	42	1.0
2339	1514	0	1.0
2552	3484	17	1.0
30	286	27	1.0
109	826	166	1.0
761	4482	80	1.0
4038	540	160	1.0
81	684	17	1.0
1107	3589	129	1.0
1213	260	94	1.0
572	3940	144	1.0
1212	254	0	1.0
145	1099	116	1.0
3825	1709	165	1.0
1182	4537	165	1.0
876	3312	0	1.0
3229	2996	48	1.0
24	230	125	1.0
1504	232	0	1.0
321	2296	99	1.0
2982	3832	0	1.0
3391	839	24	1.0
96	776	65	1.0
1652	243	134	1.0
476	3353	156	1.0
353	2547	120	1.0
4528	3281	147	1.0
1380	2855	96	1.0
280	2000	46	1.0
552	3809	121	1.0
1032	2467	94	1.0
1890	3345	150	1.0
2218	4233	45	1.0
2990	2638	116	1.0
574	3974	97	1.0
26	258	76	1.0
4547	2650	144	1.0
3139	448	72	1.0
1141	1541	145	1.0
4077	2662	42	1.0
498	3498	35	1.0
2649	1661	167	1.0
3208	1694	30	1.0
59	487	95	1.0
1090	4317	145	1.0
3163	684	166	1.0
1439	4149	92	1.0
2649	1658	113	1.0
4858	239	23	1.0
1610	3000	49	1.0
353	2541	70	1.0
3319	4538	69	1.0
204	1442	44	1.0
728	359	46	1.0
413	2920	46	1.0
1599	3961	20	1.0
356	2563	0	1.0
2670	91	11	1.0
1527	1131	72	1.0
3893	426	138	1.0
303	2154	66	1.0
152	1129	90	1.0
2683	3435	71	1.0
2643	612	91	1.0
312	2231	34	1.0
1977	3940	121	1.0
425	2992	144	1.0
609	2821	99	1.0
630	4283	0	1.0
579	4004	71	1.0
2561	3117	70	1.0
590	4070	25	1.0
2662	591	144	1.0
4784	1732	114	1.0
113	877	137	1.0
1870	2860	33	1.0
2218	4242	45	1.0
1725	2285	141	1.0
587	4047	48	1.0
485	3413	62	1.0
690	4603	0	1.0
1977	3961	46	1.0
800	1616	144	1.0
4061	2823	1	1.0
510	3586	21	1.0
4756	2221	18	1.0
1584	729	24	1.0
1685	2387	136	1.0
614	4171	33	1.0
119	908	82	1.0
319	2285	140	1.0
1303	4410	40	1.0
71	586	96	1.0
3794	166	47	1.0
417	2965	0	1.0
775	2436	24	1.0
370	2646	69	1.0
591	4063	0	1.0
3664	4472	52	1.0
2125	3233	24	1.0
75	645	79	1.0
167	1214	142	1.0
462	67	69	1.0
204	1435	96	1.0
24	235	41	1.0
572	3942	64	1.0
4246	3278	42	1.0
1269	2832	50	1.0
4869	4596	121	1.0
2648	1672	67	1.0
476	3350	135	1.0
1726	1659	45	1.0
3391	1824	69	1.0
4247	3270	120	1.0
671	94	67	1.0
2731	2262	41	1.0
2990	2636	0	1.0
631	4285	0	1.0
275	1976	44	1.0
3171	710	61	1.0
1121	3642	0	1.0
654	4409	165	1.0
1269	4182	1	1.0
2795	3800	40	1.0
781	3624	12	1.0
4645	3168	26	1.0
1581	4574	10	1.0
2637	1539	48	1.0
3961	2078	117	1.0
2691	1689	115	1.0
489	3433	133	1.0
2671	1671	14	1.0
2729	3912	69	1.0
30	291	120	1.0
316	2261	123	1.0
4397	2674	143	1.0
69	564	58	1.0
1590	3846	96	1.0
4	61	160	1.0
616	4177	8	1.0
806	1789	19	1.0
1009	4003	120	1.0
1374	2975	69	1.0
36	336	25	1.0
183	1328	25	1.0
550	3785	0	1.0
2648	1664	94	1.0
3376	664	66	1.0
924	2485	41	1.0
233	1667	94	1.0
38	359	50	1.0
2551	1116	41	1.0
1608	2642	132	1.0
2680	1697	94	1.0
110	834	72	1.0
318	2276	72	1.0
219	1552	84	1.0
2110	577	41	1.0
2402	4042	57	1.0
4532	2405	107	1.0
34	318	17	1.0
2845	4495	144	1.0
2678	1694	66	1.0
253	1858	73	1.0
474	3335	44	1.0
712	4637	151	1.0
2648	109	67	1.0
527	3689	158	1.0
1721	1790	97	1.0
1533	11	0	1.0
568	3923	110	1.0
4235	4303	0	1.0
1183	3225	163	1.0
1140	1703	117	1.0
390	2719	69	1.0
1224	3662	97	1.0
3138	3108	24	1.0
590	4065	48	1.0
332	2376	71	1.0
2962	933	19	1.0
1726	1539	141	1.0
205	1437	70	1.0
545	3774	41	1.0
3852	1680	166	1.0
1728	2715	35	1.0
1670	1022	97	1.0
2218	4231	142	1.0
4694	1914	24	1.0
684	4536	0	1.0
842	3017	167	1.0
552	3808	48	1.0
3946	552	15	1.0
1450	1134	159	1.0
1786	3106	161	1.0
290	2080	62	1.0
232	1694	94	1.0
4798	3034	136	1.0
233	1719	71	1.0
115	892	94	1.0
478	3365	93	1.0
527	3673	93	1.0
341	537	136	1.0
1603	742	48	1.0
418	2971	22	1.0
1134	2139	136	1.0
59	488	66	1.0
773	371	144	1.0
506	3542	87	1.0
527	3679	93	1.0
2013	1134	123	1.0
198	1393	133	1.0
1717	918	73	1.0
295	2116	95	1.0
574	3976	41	1.0
4869	237	158	1.0
405	2793	114	1.0
687	4584	121	1.0
1355	89	71	1.0
1527	1130	115	1.0
1129	1544	70	1.0
123	929	166	1.0
199	1405	110	1.0
581	1824	2	1.0
491	3441	71	1.0
255	1868	118	1.0
2662	576	66	1.0
4620	2127	79	1.0
415	2949	43	1.0
3230	683	137	1.0
225	1597	32	1.0
3779	3417	73	1.0
10	129	48	1.0
444	3112	17	1.0
1638	3665	19	1.0
487	3424	69	1.0
812	493	166	1.0
669	4469	157	1.0
267	1925	66	1.0
2174	3679	68	1.0
3813	3224	24	1.0
1590	3846	131	1.0
330	2370	89	1.0
1186	1971	44	1.0
462	3263	158	1.0
420	2976	120	1.0
468	3304	120	1.0
261	1900	82	1.0
4830	4621	117	1.0
263	1904	45	1.0
277	1989	157	1.0
79	669	71	1.0
1009	4007	166	1.0
406	2857	141	1.0
241	1780	38	1.0
475	3347	103	1.0
3395	3318	73	1.0
1515	3965	42	1.0
1297	3117	132	1.0
4700	3750	2	1.0
166	1212	40	1.0
2181	1167	29	1.0
3832	3155	164	1.0
574	3977	65	1.0
367	2623	49	1.0
275	1982	123	1.0
4685	900	48	1.0
4449	2399	149	1.0
2626	1390	132	1.0
1380	2831	0	1.0
654	4407	98	1.0
686	3963	24	1.0
520	3635	62	1.0
273	1964	132	1.0
2643	1706	157	1.0
594	4085	72	1.0
2176	3641	96	1.0
2438	3467	144	1.0
4697	2141	23	1.0
472	3312	62	1.0
2951	1701	16	1.0
2	22	77	1.0
1129	1535	43	1.0
2778	3457	9	1.0
459	3247	124	1.0
4869	240	72	1.0
204	1443	18	1.0
1261	2913	0	1.0
1263	2371	59	1.0
4265	1855	96	1.0
486	3418	92	1.0
523	3650	120	1.0
485	3410	123	1.0
344	2119	70	1.0
2570	4499	114	1.0
406	2837	1	1.0
472	3323	67	1.0
2103	2952	151	1.0
629	4271	80	1.0
2730	3916	163	1.0
2638	1713	18	1.0
237	1743	10	1.0
1950	3158	67	1.0
371	2636	143	1.0
848	4039	59	1.0
185	1340	46	1.0
4869	248	115	1.0
3539	3579	0	1.0
1732	4601	71	1.0
123	927	48	1.0
405	2811	114	1.0
583	4026	86	1.0
520	3629	107	1.0
273	1961	156	1.0
1515	3967	144	1.0
385	2702	106	1.0
624	4232	120	1.0
450	3188	71	1.0
677	4499	72	1.0
450	3188	113	1.0
474	3335	132	1.0
355	2552	19	1.0
1239	310	0	1.0
2684	3110	144	1.0
487	3423	162	1.0
1271	3664	43	1.0
612	4164	160	1.0
627	4258	85	1.0
240	1771	116	1.0
3535	3056	134	1.0
889	3387	22	1.0
1129	1539	114	1.0
4318	342	62	1.0
142	1079	24	1.0
221	1568	85	1.0
1236	3515	0	1.0
406	2829	48	1.0
1736	2304	22	1.0
1786	4326	70	1.0
933	841	1	1.0
255	1865	12	1.0
4682	2897	93	1.0
144	1089	0	1.0
4292	2229	0	1.0
800	1616	0	1.0
198	1393	109	1.0
1175	2659	22	1.0
1111	3514	7	1.0
449	3179	0	1.0
2637	1670	0	1.0
475	3350	41	1.0
595	4095	47	1.0
573	3950	72	1.0
4697	2142	144	1.0
166	1220	66	1.0
800	1627	48	1.0
3310	3276	66	1.0
692	282	25	1.0
64	204	120	1.0
3267	3676	142	1.0
2691	580	160	1.0
202	1422	0	1.0
1261	3242	25	1.0
1113	785	48	1.0
971	1486	2	1.0
3	36	104	1.0
2104	4527	158	1.0
144	1095	24	1.0
87	731	139	1.0
146	1100	0	1.0
1585	371	48	1.0
2628	4579	17	1.0
287	2072	46	1.0
366	2622	164	1.0
2673	4326	15	1.0
317	2271	143	1.0
39	364	72	1.0
3824	3120	132	1.0
1134	2140	93	1.0
319	2288	89	1.0
200	1418	92	1.0
350	2527	39	1.0
405	2777	0	1.0
65	514	85	1.0
183	1337	160	1.0
263	1906	10	1.0
4201	2142	68	1.0
3355	4036	74	1.0
355	2553	27	1.0
1290	1061	134	1.0
503	3517	70	1.0
4357	485	115	1.0
2255	1537	112	1.0
169	1238	118	1.0
2561	1703	138	1.0
64	204	0	1.0
865	3475	93	1.0
1479	4503	92	1.0
341	2459	13	1.0
876	3312	120	1.0
1045	179	166	1.0
285	992	137	1.0
3	39	112	1.0
3049	2236	64	1.0
629	4271	56	1.0
4700	3750	120	1.0
1515	3954	90	1.0
600	2117	67	1.0
4480	3107	112	1.0
1463	3847	97	1.0
3900	1479	157	1.0
3875	100	159	1.0
183	1328	96	1.0
4548	2650	21	1.0
4247	3274	44	1.0
522	3643	73	1.0
2438	3481	24	1.0
2104	4521	23	1.0
1602	746	37	1.0
474	3332	134	1.0
232	1541	166	1.0
681	4515	58	1.0
4263	114	144	1.0
183	1334	24	1.0
286	2063	34	1.0
155	1142	96	1.0
24	231	141	1.0
680	4512	148	1.0
3973	3328	0	1.0
1353	1510	39	1.0
2691	1677	70	1.0
1062	2773	113	1.0
3579	231	96	1.0
3436	838	145	1.0
157	1150	112	1.0
424	2991	26	1.0
809	2672	0	1.0
891	2562	72	1.0
227	1636	157	1.0
1271	3659	167	1.0
699	4651	142	1.0
105	808	103	1.0
2013	1131	67	1.0
3814	2388	140	1.0
677	4497	67	1.0
4455	3068	86	1.0
2637	90	94	1.0
415	2950	99	1.0
144	1092	90	1.0
236	1734	117	1.0
559	3843	95	1.0
459	3241	144	1.0
3826	1690	94	1.0
561	3857	70	1.0
406	2838	148	1.0
1388	31	136	1.0
69	560	108	1.0
322	2300	0	1.0
3630	1144	109	1.0
202	1425	141	1.0
625	4249	155	1.0
481	3377	143	1.0
82	693	88	1.0
505	3537	125	1.0
2637	1679	48	1.0
4228	959	0	1.0
40	370	72	1.0
1987	1209	156	1.0
102	792	58	1.0
516	3621	94	1.0
594	4082	72	1.0
573	3951	116	1.0
51	446	161	1.0
573	3962	44	1.0
134	1028	158	1.0
2638	96	95	1.0
413	2919	67	1.0
2689	3137	88	1.0
3825	101	155	1.0
12	140	82	1.0
1726	1658	141	1.0
100	789	90	1.0
285	992	118	1.0
1479	1152	61	1.0
4694	1914	87	1.0
459	3245	98	1.0
411	2899	0	1.0
3493	3983	120	1.0
421	2981	93	1.0
865	3482	67	1.0
508	3553	90	1.0
8	110	158	1.0
3836	3149	65	1.0
335	2389	112	1.0
596	4097	90	1.0
60	490	16	1.0
2643	1683	91	1.0
1134	2139	45	1.0
624	4233	144	1.0
1209	232	115	1.0
294	2106	130	1.0
8	106	145	1.0
742	4144	112	1.0
3713	839	95	1.0
2484	4411	85	1.0
4271	4666	96	1.0
690	2788	144	1.0
672	4269	48	1.0
698	4642	84	1.0
413	2920	20	1.0
217	1539	42	1.0
3167	1615	121	1.0
1025	1751	26	1.0
1059	3756	24	1.0
4036	2437	137	1.0
2	18	18	1.0
671	4480	68	1.0
445	3110	164	1.0
3264	3675	95	1.0
1608	2637	132	1.0
2623	1553	40	1.0
579	4004	0	1.0
3842	1708	44	1.0
2610	262	76	1.0
215	1527	81	1.0
1568	3650	0	1.0
635	2805	94	1.0
3824	3120	65	1.0
188	1352	49	1.0
709	951	164	1.0
3663	4470	47	1.0
127	987	73	1.0
315	2249	0	1.0
14	165	131	1.0
368	2625	48	1.0
4681	2898	0	1.0
1515	3951	93	1.0
1256	2289	141	1.0
3825	1718	155	1.0
893	1487	70	1.0
232	1676	60	1.0
2729	3908	162	1.0
654	4411	139	1.0
286	991	79	1.0
3164	4542	112	1.0
267	1931	143	1.0
4263	1534	142	1.0
375	2672	72	1.0
2213	64	0	1.0
4654	537	73	1.0
4347	3123	120	1.0
2	15	48	1.0
200	1406	0	1.0
549	1203	68	1.0
545	3772	7	1.0
332	2376	0	1.0
290	2075	41	1.0
4869	247	158	1.0
1002	2146	21	1.0
948	257	2	1.0
3591	2495	15	1.0
2637	1675	94	1.0
2255	1662	0	1.0
3881	1541	25	1.0
2537	1616	141	1.0
3722	3276	18	1.0
3630	1143	90	1.0
561	3852	0	1.0
2831	4672	161	1.0
1290	1061	0	1.0
72	624	161	1.0
2454	3664	25	1.0
509	3580	145	1.0
1574	523	75	1.0
2104	4515	48	1.0
4755	3425	144	1.0
191	1367	66	1.0
4528	3268	43	1.0
165	1201	46	1.0
219	1559	142	1.0
2213	72	34	1.0
405	2772	43	1.0
674	4486	144	1.0
221	1568	112	1.0
999	163	166	1.0
285	2048	150	1.0
243	1795	107	1.0
589	4057	131	1.0
1102	4231	25	1.0
520	3633	56	1.0
4869	237	115	1.0
464	3275	93	1.0
4429	569	48	1.0
3838	1706	138	1.0
263	1909	22	1.0
491	3438	48	1.0
3201	216	69	1.0
339	2424	95	1.0
317	2272	166	1.0
2328	260	47	1.0
330	2371	142	1.0
2561	3121	64	1.0
2451	4232	0	1.0
419	2971	98	1.0
2328	258	50	1.0
226	1631	96	1.0
498	3491	36	1.0
317	2266	147	1.0
1134	2143	93	1.0
590	4075	74	1.0
573	3948	165	1.0
631	4286	147	1.0
406	2850	48	1.0
4466	2675	57	1.0
3852	1676	92	1.0
396	2732	93	1.0
51	441	136	1.0
306	2168	111	1.0
418	2967	22	1.0
2347	4463	120	1.0
1103	4232	24	1.0
9	90	70	1.0
134	1020	94	1.0
82	697	160	1.0
4693	1917	157	1.0
641	93	19	1.0
688	4582	147	1.0
1097	846	161	1.0
1179	1420	72	1.0
1831	3317	11	1.0
130	997	72	1.0
2450	2784	50	1.0
104	804	46	1.0
2498	4607	31	1.0
268	1932	70	1.0
444	3122	94	1.0
847	4636	32	1.0
371	2642	70	1.0
81	682	87	1.0
1889	3357	150	1.0
1183	2387	134	1.0
1271	3664	0	1.0
4549	3385	95	1.0
654	4406	50	1.0
2743	2094	72	1.0
682	4515	72	1.0
273	1961	10	1.0
738	1833	47	1.0
2213	3265	82	1.0
2540	3318	48	1.0
240	1771	36	1.0
1803	31	1	1.0
2637	4323	70	1.0
2673	592	16	1.0
1349	470	91	1.0
2236	1437	120	1.0
468	3305	167	1.0
2250	4577	1	1.0
446	3164	0	1.0
440	3072	119	1.0
1163	3166	140	1.0
4819	659	59	1.0
2671	1711	14	1.0
3539	2492	47	1.0
493	2651	39	1.0
22	225	60	1.0
472	3319	137	1.0
39	359	50	1.0
2238	943	108	1.0
3875	1533	159	1.0
1297	113	116	1.0
323	2306	43	1.0
488	3431	95	1.0
206	1450	79	1.0
3230	681	0	1.0
2896	285	91	1.0
2643	1701	91	1.0
319	2285	164	1.0
3454	3666	133	1.0
1647	3641	40	1.0
1515	3943	94	1.0
512	3595	69	1.0
4043	675	72	1.0
51	445	165	1.0
2872	3864	166	1.0
3202	4669	71	1.0
526	3663	136	1.0
600	2114	0	1.0
4053	388	120	1.0
4287	2064	19	1.0
624	4234	132	1.0
464	3270	114	1.0
3319	4549	166	1.0
4307	2168	0	1.0
508	3566	144	1.0
2540	3315	148	1.0
1974	2979	66	1.0
650	4366	88	1.0
2255	3127	90	1.0
321	2299	47	1.0
1889	3357	48	1.0
3049	2237	37	1.0
459	3239	55	1.0
2932	485	142	1.0
3627	2217	138	1.0
2549	2527	0	1.0
622	4226	0	1.0
2641	773	14	1.0
214	1343	165	1.0
3823	4322	134	1.0
3630	1141	0	1.0
641	120	14	1.0
370	2645	81	1.0
683	4536	89	1.0
2124	3242	51	1.0
709	942	90	1.0
344	2113	1	1.0
284	2035	96	1.0
582	1593	0	1.0
4212	4500	120	1.0
406	2857	47	1.0
806	1784	120	1.0
3842	1708	21	1.0
1515	3963	90	1.0
3	30	24	1.0
2486	2368	24	1.0
2949	3270	74	1.0
3811	4227	32	1.0
279	1997	0	1.0
1504	230	100	1.0
2662	590	17	1.0
635	4296	142	1.0
2981	3937	48	1.0
4095	3992	94	1.0
1848	652	96	1.0
232	1691	165	1.0
627	4266	48	1.0
2961	520	0	1.0
1407	3204	0	1.0
348	2513	57	1.0
1990	3034	73	1.0
2451	4233	97	1.0
2540	3312	0	1.0
371	2644	58	1.0
1029	1953	24	1.0
3	34	110	1.0
77	662	121	1.0
27	261	2	1.0
521	3638	138	1.0
690	2812	23	1.0
3242	550	39	1.0
444	3114	17	1.0
2431	373	24	1.0
1092	1824	147	1.0
1499	4438	160	1.0
4159	2862	78	1.0
627	4257	156	1.0
1434	1472	21	1.0
269	1934	0	1.0
450	3182	72	1.0
4572	242	20	1.0
1976	3967	159	1.0
198	1388	144	1.0
3584	3276	48	1.0
1025	4580	155	1.0
1370	3326	118	1.0
681	4521	84	1.0
419	2967	106	1.0
267	1921	64	1.0
192	1371	71	1.0
189	1360	120	1.0
1370	3320	149	1.0
206	1463	44	1.0
1605	2431	158	1.0
1290	1048	118	1.0
152	1136	24	1.0
2296	3158	0	1.0
3418	162	167	1.0
347	2510	75	1.0
1140	1667	44	1.0
496	3465	19	1.0
279	2000	36	1.0
462	3266	12	1.0
167	1227	57	1.0
333	2381	68	1.0
2399	1186	96	1.0
47	429	47	1.0
2224	4667	36	1.0
450	3184	94	1.0
1889	3356	52	1.0
444	3108	133	1.0
235	1723	48	1.0
269	1938	1	1.0
4147	285	16	1.0
563	3871	108	1.0
923	3742	17	1.0
2643	3114	138	1.0
2640	1542	144	1.0
39	360	91	1.0
655	4414	90	1.0
1244	3382	55	1.0
1598	3967	89	1.0
67	526	18	1.0
3138	3142	24	1.0
3267	3677	24	1.0
232	1707	94	1.0
592	3783	46	1.0
669	4473	71	1.0
253	1856	96	1.0
2825	1469	0	1.0
1113	785	145	1.0
2641	771	17	1.0
1271	3639	143	1.0
876	3320	69	1.0
3840	1684	15	1.0
140	1072	157	1.0
4235	4303	72	1.0
319	2290	78	1.0
1129	103	46	1.0
18	201	113	1.0
1334	2623	3	1.0
408	2883	14	1.0
878	739	139	1.0
1062	2772	90	1.0
652	4390	114	1.0
483	3404	156	1.0
273	1955	108	1.0
330	2372	108	1.0
4527	2140	144	1.0
2671	1695	14	1.0
4869	249	115	1.0
516	1523	40	1.0
119	907	141	1.0
619	4218	73	1.0
3310	3276	147	1.0
3814	3229	120	1.0
506	3546	94	1.0
702	4682	167	1.0
593	4084	11	1.0
2183	942	87	1.0
2695	4588	87	1.0
619	4210	101	1.0
576	3984	0	1.0
29	277	94	1.0
1515	3951	144	1.0
352	2539	0	1.0
198	1395	67	1.0
2484	4409	49	1.0
2136	2583	102	1.0
2662	3113	119	1.0
3601	1421	84	1.0
2217	4232	96	1.0
3852	1678	19	1.0
1977	3957	44	1.0
317	2270	112	1.0
416	2960	24	1.0
25	231	1	1.0
1964	3954	162	1.0
1374	2975	37	1.0
339	1475	98	1.0
3630	1146	142	1.0
1831	3320	71	1.0
1336	3842	120	1.0
3051	4201	89	1.0
63	502	62	1.0
110	841	20	1.0
9	104	13	1.0
1227	2973	45	1.0
350	2526	161	1.0
370	2641	69	1.0
1380	4158	72	1.0
2648	3115	67	1.0
261	1900	34	1.0
4201	2142	134	1.0
2662	4322	19	1.0
1603	742	86	1.0
3267	3683	147	1.0
2776	4101	110	1.0
1939	550	94	1.0
573	3946	115	1.0
2255	108	102	1.0
459	3233	26	1.0
4810	4349	41	1.0
1871	299	0	1.0
1271	3665	142	1.0
652	4386	89	1.0
404	2775	97	1.0
3422	4145	19	1.0
1219	2444	88	1.0
2214	339	85	1.0
1464	3861	110	1.0
200	1406	87	1.0
3825	1699	155	1.0
205	1434	120	1.0
411	2906	48	1.0
1112	783	50	1.0
355	2550	117	1.0
3391	763	0	1.0
3016	3094	145	1.0
127	982	26	1.0
3837	1684	0	1.0
1222	884	0	1.0
573	3955	144	1.0
63	503	14	1.0
18	203	117	1.0
2845	4489	0	1.0
543	3767	86	1.0
198	1387	10	1.0
2349	4374	134	1.0
102	794	50	1.0
408	2880	121	1.0
559	3845	48	1.0
429	3014	0	1.0
14	178	35	1.0
474	3336	45	1.0
406	2876	137	1.0
25	232	145	1.0
2552	3484	42	1.0
65	510	116	1.0
1951	3160	73	1.0
2188	666	80	1.0
235	1725	0	1.0
546	3680	91	1.0
178	1292	72	1.0
125	957	0	1.0
1271	3665	160	1.0
774	375	62	1.0
625	4246	95	1.0
89	744	21	1.0
3	38	109	1.0
3628	2247	23	1.0
1889	3358	27	1.0
670	4472	132	1.0
450	3185	137	1.0
667	4462	22	1.0
3285	1847	96	1.0
296	2120	41	1.0
2662	592	41	1.0
20	217	47	1.0
583	4022	48	1.0
4641	1599	79	1.0
24	242	22	1.0
1989	3796	145	1.0
573	3968	115	1.0
150	1126	46	1.0
4295	828	63	1.0
2303	3377	123	1.0
446	3169	17	1.0
702	4689	105	1.0
2662	4322	140	1.0
2561	1676	70	1.0
406	2826	144	1.0
144	1092	21	1.0
90	748	49	1.0
445	3150	46	1.0
2251	3761	23	1.0
325	2339	159	1.0
3946	547	1	1.0
187	1350	165	1.0
1527	1134	144	1.0
83	707	11	1.0
3823	3119	19	1.0
496	3473	72	1.0
227	1646	70	1.0
230	1657	117	1.0
2990	2641	147	1.0
444	3110	17	1.0
491	3438	72	1.0
141	1073	120	1.0
169	1229	166	1.0
339	2439	71	1.0
4446	3067	144	1.0
3601	1416	164	1.0
43	384	67	1.0
597	4120	24	1.0
148	1116	158	1.0
652	4381	1	1.0
166	1212	91	1.0
4869	249	3	1.0
650	4363	70	1.0
3824	1058	65	1.0
618	4189	66	1.0
1491	3944	63	1.0
393	2727	1	1.0
703	4093	119	1.0
354	2548	0	1.0
683	4550	42	1.0
320	2290	147	1.0
27	268	71	1.0
2617	3380	0	1.0
14	169	120	1.0
4433	1605	117	1.0
1271	3664	48	1.0
3058	197	91	1.0
3584	3282	37	1.0
1724	2293	96	1.0
698	4637	0	1.0
4056	3829	19	1.0
671	1681	133	1.0
4238	1700	102	1.0
2852	3674	148	1.0
2580	2445	1	1.0
1889	1784	116	1.0
4480	3107	6	1.0
529	3700	66	1.0
355	2551	68	1.0
8	103	147	1.0
2648	1542	94	1.0
2050	2044	148	1.0
3124	915	133	1.0
3609	1594	0	1.0
342	2467	93	1.0
3744	703	117	1.0
2672	1707	14	1.0
1010	4003	22	1.0
198	1388	62	1.0
4602	2116	92	1.0
238	1758	47	1.0
3145	1470	0	1.0
2445	536	24	1.0
1515	3960	41	1.0
316	2248	167	1.0
3826	1690	23	1.0
571	3939	61	1.0
2207	4573	67	1.0
610	4161	27	1.0
368	2630	138	1.0
2586	343	66	1.0
390	2718	84	1.0
464	3269	114	1.0
4630	1408	18	1.0
186	1343	160	1.0
206	1461	108	1.0
103	799	41	1.0
590	4066	98	1.0
476	3345	32	1.0
4667	1409	92	1.0
341	2459	163	1.0
1527	1136	144	1.0
1929	1644	96	1.0
1004	3168	71	1.0
1901	3816	0	1.0
226	1615	0	1.0
1603	386	115	1.0
627	4262	167	1.0
444	3118	14	1.0
165	1200	39	1.0
2990	2636	44	1.0
446	3165	136	1.0
269	1935	98	1.0
4735	1030	73	1.0
782	3627	156	1.0
4682	2899	25	1.0
3825	4322	155	1.0
389	2715	167	1.0
27	267	107	1.0
79	679	119	1.0
46	424	71	1.0
2127	1252	34	1.0
130	1003	22	1.0
2643	4326	138	1.0
4335	3774	133	1.0
1219	308	4	1.0
323	2332	158	1.0
2974	4605	16	1.0
652	4375	44	1.0
397	2734	11	1.0
4455	1030	166	1.0
205	1436	74	1.0
3727	3346	96	1.0
1278	916	154	1.0
60	489	0	1.0
233	95	117	1.0
50	440	135	1.0
2031	99	66	1.0
437	3051	137	1.0
1212	254	48	1.0
3205	3205	121	1.0
104	804	13	1.0
1163	3165	140	1.0
1515	3943	44	1.0
2666	1541	142	1.0
1242	1101	0	1.0
200	1414	70	1.0
25	236	1	1.0
2236	1448	65	1.0
1515	3951	43	1.0
262	1902	89	1.0
418	2970	68	1.0
419	2971	48	1.0
1727	1696	121	1.0
496	3471	18	1.0
14	175	35	1.0
3264	3681	115	1.0
999	2305	119	1.0
290	2086	145	1.0
406	2874	48	1.0
1141	1668	63	1.0
53	449	0	1.0
3229	2996	120	1.0
366	2610	17	1.0
3912	1649	0	1.0
24	232	21	1.0
1454	3115	94	1.0
232	1701	70	1.0
693	4622	34	1.0
487	3427	120	1.0
694	4623	3	1.0
53	464	96	1.0
3366	1963	89	1.0
493	2639	106	1.0
3112	2494	2	1.0
2415	4178	20	1.0
891	2570	144	1.0
3823	1541	113	1.0
616	4180	38	1.0
420	2975	144	1.0
2511	1880	157	1.0
230	105	46	1.0
227	1618	0	1.0
63	504	122	1.0
1491	3952	19	1.0
2643	1533	157	1.0
669	4473	23	1.0
2649	92	43	1.0
390	2718	35	1.0
1527	1129	157	1.0
41	377	144	1.0
692	4606	109	1.0
655	4414	135	1.0
3704	3740	71	1.0
266	1733	0	1.0
1527	1139	71	1.0
4335	2291	72	1.0
45	397	120	1.0
947	164	89	1.0
848	4039	0	1.0
2174	3679	120	1.0
1610	3000	110	1.0
237	1734	0	1.0
130	997	45	1.0
624	4242	46	1.0
69	545	116	1.0
701	4655	0	1.0
191	1366	41	1.0
2662	592	140	1.0
2725	3158	144	1.0
162	1186	144	1.0
4429	1617	48	1.0
3841	1679	44	1.0
628	4269	62	1.0
1450	1136	44	1.0
3937	1456	50	1.0
531	3715	104	1.0
1248	1623	117	1.0
372	2652	24	1.0
445	3108	121	1.0
4869	230	89	1.0
1683	2979	115	1.0
574	3974	83	1.0
559	3845	144	1.0
1491	3944	91	1.0
231	1538	70	1.0
455	3212	96	1.0
546	3681	140	1.0
1726	1697	155	1.0
1287	3812	67	1.0
410	2400	0	1.0
2637	1681	117	1.0
41	378	41	1.0
2637	94	93	1.0
155	1145	19	1.0
3722	3271	133	1.0
2347	4463	82	1.0
221	1573	89	1.0
1589	968	119	1.0
2217	4231	120	1.0
235	1726	0	1.0
801	1618	37	1.0
321	2295	97	1.0
2236	1447	120	1.0
11	134	95	1.0
1976	3949	34	1.0
1481	4315	70	1.0
2873	570	119	1.0
212	1506	44	1.0
2673	116	68	1.0
30	286	138	1.0
3409	234	11	1.0
2013	1131	22	1.0
251	1844	123	1.0
4238	1700	54	1.0
152	1136	95	1.0
52	450	0	1.0
539	299	72	1.0
406	2863	48	1.0
1140	1668	120	1.0
4767	3422	165	1.0
8	96	115	1.0
583	4027	24	1.0
157	1155	104	1.0
221	1572	12	1.0
475	1784	45	1.0
37	349	47	1.0
3630	1148	91	1.0
3874	1615	80	1.0
486	3417	0	1.0
780	1902	59	1.0
1527	1138	133	1.0
528	3682	147	1.0
530	3711	49	1.0
3016	1622	50	1.0
281	2010	86	1.0
168	1229	42	1.0
1549	4408	71	1.0
8	109	13	1.0
4869	232	158	1.0
440	3087	24	1.0
3711	257	99	1.0
290	2081	41	1.0
4552	2157	0	1.0
355	2551	19	1.0
72	613	119	1.0
4057	752	82	1.0
690	2776	22	1.0
527	3696	158	1.0
2518	536	111	1.0
686	3950	21	1.0
82	696	162	1.0
3565	3278	145	1.0
2511	1263	138	1.0
1045	167	122	1.0
599	4129	18	1.0
1626	967	83	1.0
25	238	41	1.0
561	3866	94	1.0
4602	4130	44	1.0
102	794	14	1.0
148	1120	133	1.0
71	594	72	1.0
91	753	0	1.0
4167	2208	97	1.0
3971	4490	50	1.0
2204	535	21	1.0
2990	2649	71	1.0
524	3657	0	1.0
232	1541	49	1.0
168	1232	91	1.0
3229	282	118	1.0
461	3257	23	1.0
2134	3506	51	1.0
285	2050	48	1.0
563	3877	159	1.0
561	3850	94	1.0
1249	3056	70	1.0
479	3367	88	1.0
306	2169	162	1.0
3728	3358	41	1.0
387	2709	123	1.0
3101	518	11	1.0
1598	3971	117	1.0
539	3749	72	1.0
3653	1816	117	1.0
115	887	96	1.0
597	4125	133	1.0
3584	3271	37	1.0
1889	3357	1	1.0
328	2358	92	1.0
269	1938	167	1.0
3368	3851	45	1.0
1324	3551	91	1.0
2236	1440	96	1.0
3873	1628	158	1.0
164	1196	0	1.0
459	3244	73	1.0
4048	3522	1	1.0
328	2353	120	1.0
3493	64	162	1.0
45	397	73	1.0
3139	441	62	1.0
3288	424	70	1.0
690	2788	117	1.0
421	2980	21	1.0
773	371	131	1.0
1638	3662	60	1.0
370	2643	90	1.0
3826	1671	145	1.0
378	2683	17	1.0
669	4472	139	1.0
4308	2167	111	1.0
3394	3319	69	1.0
1380	4158	96	1.0
662	4437	134	1.0
563	89	46	1.0
520	3627	156	1.0
2515	146	132	1.0
267	1925	83	1.0
1213	263	72	1.0
3355	4043	49	1.0
241	1772	0	1.0
2537	1643	35	1.0
3941	274	106	1.0
1129	1544	165	1.0
152	1132	1	1.0
372	2653	103	1.0
311	2217	66	1.0
563	3881	136	1.0
300	2142	68	1.0
123	939	16	1.0
487	3423	48	1.0
99	783	0	1.0
21	208	0	1.0
444	3107	14	1.0
521	3636	144	1.0
662	4436	0	1.0
109	830	84	1.0
201	1420	139	1.0
3263	3777	48	1.0
977	784	71	1.0
2479	232	40	1.0
487	3427	108	1.0
636	4306	115	1.0
1733	4018	120	1.0
39	360	75	1.0
2660	58	140	1.0
251	1832	154	1.0
3355	4036	48	1.0
3657	2979	97	1.0
4830	4632	65	1.0
202	1422	27	1.0
1628	519	25	1.0
3455	1585	119	1.0
3825	1696	155	1.0
2621	3452	120	1.0
4112	1592	69	1.0
4657	1756	147	1.0
213	1509	48	1.0
487	3420	120	1.0
3875	1541	159	1.0
581	1824	64	1.0
110	834	0	1.0
199	1398	142	1.0
122	917	164	1.0
109	825	0	1.0
2838	4447	58	1.0
3017	1184	9	1.0
4858	240	25	1.0
3543	3236	89	1.0
4790	3870	110	1.0
669	4470	23	1.0
522	3640	167	1.0
115	894	112	1.0
201	1420	144	1.0
2637	116	94	1.0
2151	4630	82	1.0
1209	232	95	1.0
763	213	43	1.0
260	1895	166	1.0
1889	1792	3	1.0
175	1274	167	1.0
1266	3679	0	1.0
2990	2638	164	1.0
4529	3422	0	1.0
545	3775	162	1.0
212	1502	14	1.0
266	1919	93	1.0
3713	3983	97	1.0
1668	1395	133	1.0
2669	109	13	1.0
65	511	40	1.0
3108	1453	0	1.0
662	4440	122	1.0
198	1396	37	1.0
2932	3274	136	1.0
137	1046	45	1.0
1598	3945	96	1.0
228	1648	40	1.0
1496	4256	94	1.0
1292	1473	0	1.0
233	95	120	1.0
3827	108	65	1.0
1464	3860	145	1.0
159	1172	140	1.0
169	1230	69	1.0
33	306	0	1.0
1224	3659	136	1.0
2643	1537	138	1.0
516	3608	0	1.0
450	3185	162	1.0
4248	1472	64	1.0
284	2042	137	1.0
3464	1285	24	1.0
573	3946	88	1.0
198	1388	12	1.0
849	4036	129	1.0
1287	4437	0	1.0
1964	3950	68	1.0
1515	3959	68	1.0
1997	1132	91	1.0
290	2086	62	1.0
1527	1129	18	1.0
3267	3674	110	1.0
130	993	65	1.0
2845	4495	92	1.0
3366	1954	18	1.0
2960	528	23	1.0
1129	1539	43	1.0
2561	1697	64	1.0
1994	1695	143	1.0
24	233	115	1.0
196	1383	41	1.0
464	3280	147	1.0
1603	383	106	1.0
3263	3675	138	1.0
2684	3112	144	1.0
253	1858	44	1.0
281	2014	44	1.0
3654	3846	72	1.0
1301	2261	48	1.0
1652	243	85	1.0
852	3462	95	1.0
232	1681	94	1.0
813	493	70	1.0
2255	1704	17	1.0
2255	108	157	1.0
4069	878	140	1.0
508	3560	90	1.0
558	3837	142	1.0
63	499	63	1.0
1804	884	167	1.0
2275	1753	68	1.0
446	3164	142	1.0
948	256	75	1.0
564	3884	1	1.0
3267	3676	73	1.0
681	4522	9	1.0
336	2401	118	1.0
321	2296	38	1.0
4838	2877	121	1.0
134	1025	20	1.0
2102	828	63	1.0
154	1147	143	1.0
526	3663	167	1.0
1518	3665	94	1.0
2648	1542	67	1.0
2649	97	91	1.0
3840	3112	159	1.0
220	1564	37	1.0
233	1719	118	1.0
531	3716	66	1.0
4167	2198	96	1.0
461	3250	72	1.0
337	2417	65	1.0
2104	4528	23	1.0
3481	2199	121	1.0
312	2231	70	1.0
4541	4211	165	1.0
3825	1705	17	1.0
210	1493	115	1.0
481	3381	0	1.0
2648	3117	67	1.0
2845	4495	19	1.0
3823	1701	141	1.0
210	1494	135	1.0
2648	1674	94	1.0
775	2134	164	1.0
431	3020	167	1.0
3308	350	95	1.0
2031	97	165	1.0
485	3413	94	1.0
3823	3112	118	1.0
330	2371	72	1.0
1571	218	20	1.0
217	1540	46	1.0
1222	884	106	1.0
3750	2948	92	1.0
2678	1697	18	1.0
1353	1512	36	1.0
431	3025	94	1.0
3144	398	142	1.0
2176	3641	48	1.0
751	2454	62	1.0
591	4063	97	1.0
1976	3940	72	1.0
3827	113	133	1.0
40	371	55	1.0
2561	575	70	1.0
652	4395	115	1.0
4209	3263	69	1.0
27	254	48	1.0
1572	3158	48	1.0
2363	1484	47	1.0
442	3104	139	1.0
445	3150	14	1.0
4064	3117	40	1.0
2637	1674	0	1.0
1763	641	50	1.0
578	4003	68	1.0
275	1968	139	1.0
3786	1255	24	1.0
528	3673	71	1.0
2932	3273	11	1.0
604	1734	41	1.0
266	1738	166	1.0
442	3100	113	1.0
1668	1387	0	1.0
431	3023	96	1.0
483	3403	43	1.0
428	3013	163	1.0
273	1951	108	1.0
22	226	133	1.0
267	1922	7	1.0
2648	4326	67	1.0
654	4412	98	1.0
30	283	148	1.0
187	1348	159	1.0
457	3229	0	1.0
355	2552	117	1.0
2662	1655	144	1.0
124	956	81	1.0
1671	1654	163	1.0
3987	2136	95	1.0
572	3952	116	1.0
440	3087	75	1.0
3842	3112	67	1.0
198	1396	43	1.0
1078	80	24	1.0
580	4017	21	1.0
27	260	5	1.0
3840	101	119	1.0
526	3666	72	1.0
1964	3945	120	1.0
4238	1668	164	1.0
2648	3110	94	1.0
3852	1677	19	1.0
226	1634	96	1.0
2648	576	94	1.0
123	934	106	1.0
3838	1662	163	1.0
307	2183	163	1.0
144	1090	127	1.0
1303	4405	97	1.0
198	1397	90	1.0
1444	2018	162	1.0
3875	102	64	1.0
947	169	80	1.0
86	725	0	1.0
3337	2862	68	1.0
1527	1135	19	1.0
442	3103	140	1.0
125	961	22	1.0
3636	3907	0	1.0
3	32	106	1.0
39	362	0	1.0
692	282	49	1.0
587	4043	33	1.0
658	4422	48	1.0
46	415	45	1.0
2864	4326	133	1.0
543	3765	96	1.0
166	1220	144	1.0
1259	446	48	1.0
589	4054	167	1.0
127	971	121	1.0
1129	103	12	1.0
200	1416	92	1.0
55	469	143	1.0
594	4085	0	1.0
457	3232	24	1.0
669	4470	71	1.0
1301	2254	22	1.0
69	547	17	1.0
2050	393	162	1.0
67	308	0	1.0
3556	276	110	1.0
1889	3358	50	1.0
589	4052	24	1.0
198	1398	90	1.0
2592	329	0	1.0
662	4436	72	1.0
77	663	7	1.0
569	3903	72	1.0
573	3944	60	1.0
366	2602	94	1.0
319	2284	0	1.0
652	4375	142	1.0
924	2485	23	1.0
561	3850	0	1.0
204	1444	68	1.0
4528	486	152	1.0
543	3760	45	1.0
1831	3316	61	1.0
169	1240	64	1.0
90	749	34	1.0
681	4532	65	1.0
2176	3641	142	1.0
496	3469	162	1.0
361	2584	122	1.0
1726	3137	155	1.0
3082	359	75	1.0
592	1200	24	1.0
237	1740	65	1.0
1266	3679	47	1.0
526	3667	21	1.0
199	1397	139	1.0
1786	3107	118	1.0
4869	248	72	1.0
4145	1462	163	1.0
2571	3234	48	1.0
24	240	125	1.0
419	2969	18	1.0
4866	349	119	1.0
212	1503	24	1.0
46	419	42	1.0
2	19	118	1.0
4869	230	29	1.0
1336	3843	96	1.0
2684	1542	144	1.0
654	4410	70	1.0
311	2222	0	1.0
140	1068	121	1.0
455	3211	0	1.0
3133	2034	117	1.0
212	1503	164	1.0
445	1713	18	1.0
676	4490	97	1.0
3852	1713	92	1.0
82	698	66	1.0
2932	485	11	1.0
2544	854	83	1.0
578	4004	0	1.0
1515	3944	72	1.0
555	3818	71	1.0
316	2262	94	1.0
2981	3937	0	1.0
4755	1596	84	1.0
1572	3163	99	1.0
3291	599	129	1.0
2648	1683	67	1.0
702	4672	22	1.0
1934	2904	113	1.0
14	171	164	1.0
232	1711	94	1.0
4334	3775	56	1.0
75	656	82	1.0
999	4221	167	1.0
3807	3652	44	1.0
2444	536	68	1.0
474	3335	123	1.0
2	16	49	1.0
686	3960	21	1.0
3943	550	14	1.0
3691	262	78	1.0
1765	4625	123	1.0
216	1534	113	1.0
25	240	41	1.0
22	224	62	1.0
618	4183	91	1.0
2540	3321	145	1.0
105	806	46	1.0
601	4137	73	1.0
213	1509	107	1.0
578	4006	140	1.0
3751	3437	161	1.0
276	1967	112	1.0
319	2290	154	1.0
601	4137	157	1.0
2729	3916	69	1.0
481	3393	46	1.0
1633	239	159	1.0
343	2474	24	1.0
597	4120	72	1.0
655	4414	48	1.0
177	1291	86	1.0
537	3746	92	1.0
69	554	24	1.0
2687	1703	88	1.0
4230	2826	0	1.0
688	340	1	1.0
1610	281	49	1.0
668	2960	24	1.0
442	3098	22	1.0
4604	2205	2	1.0
1362	3603	123	1.0
204	1436	48	1.0
142	1083	70	1.0
3794	165	120	1.0
619	4205	74	1.0
4334	3771	48	1.0
2824	2227	84	1.0
1248	1625	73	1.0
348	2517	66	1.0
263	1909	56	1.0
4265	1846	49	1.0
2151	4630	156	1.0
1515	3951	113	1.0
69	541	70	1.0
622	4227	34	1.0
632	4284	166	1.0
1102	4242	145	1.0
1599	3945	90	1.0
2643	1717	157	1.0
90	749	31	1.0
4030	1788	13	1.0
3823	1541	0	1.0
552	3806	0	1.0
4761	956	25	1.0
483	3397	91	1.0
575	3982	145	1.0
953	2246	131	1.0
3637	3908	164	1.0
662	4435	46	1.0
370	2640	90	1.0
1053	4215	47	1.0
2648	592	67	1.0
632	4295	71	1.0
373	2659	24	1.0
4011	2150	48	1.0
2488	4472	84	1.0
1303	4405	144	1.0
435	3042	47	1.0
552	3808	162	1.0
26	257	74	1.0
37	338	109	1.0
578	4007	95	1.0
1683	2979	121	1.0
10	131	25	1.0
1714	817	0	1.0
3584	3275	23	1.0
474	3332	95	1.0
1182	4559	46	1.0
545	3776	162	1.0
597	4124	61	1.0
75	637	58	1.0
206	1451	45	1.0
2845	4489	90	1.0
444	3126	17	1.0
4494	842	121	1.0
579	4005	94	1.0
801	1643	49	1.0
924	4567	22	1.0
627	4265	114	1.0
1727	1709	165	1.0
728	358	72	1.0
777	30	65	1.0
1301	2247	167	1.0
341	2457	132	1.0
574	3979	112	1.0
1515	3964	107	1.0
336	2404	166	1.0
123	951	137	1.0
122	923	73	1.0
680	4505	122	1.0
507	3551	44	1.0
153	1136	93	1.0
543	3758	24	1.0
225	1602	85	1.0
200	1410	167	1.0
255	1865	36	1.0
4395	284	114	1.0
589	4052	21	1.0
442	3098	11	1.0
638	4317	17	1.0
339	2443	96	1.0
73	627	105	1.0
3825	117	155	1.0
486	2231	63	1.0
238	1761	119	1.0
2876	3802	121	1.0
876	3318	69	1.0
2511	3555	112	1.0
69	558	165	1.0
263	1909	32	1.0
1889	551	27	1.0
3937	1456	99	1.0
3579	242	73	1.0
85	720	119	1.0
2111	4044	19	1.0
4319	1513	0	1.0
3164	4541	66	1.0
259	1886	7	1.0
24	235	48	1.0
237	1741	59	1.0
3179	3699	147	1.0
30	290	74	1.0
2642	773	93	1.0
1168	3903	72	1.0
3809	48	56	1.0
1686	3222	61	1.0
3168	1721	72	1.0
1219	519	26	1.0
4357	3276	144	1.0
521	3637	49	1.0
225	1613	118	1.0
2151	4627	34	1.0
237	1743	106	1.0
3873	1634	68	1.0
801	1642	67	1.0
2960	2451	60	1.0
589	4055	131	1.0
1286	4446	161	1.0
849	4036	82	1.0
2781	1151	131	1.0
185	1341	103	1.0
7	89	49	1.0
2013	1132	40	1.0
343	2478	71	1.0
1976	3943	44	1.0
269	1938	12	1.0
669	4470	157	1.0
75	642	58	1.0
2962	1165	19	1.0
688	1277	25	1.0
750	2450	0	1.0
273	1959	10	1.0
390	2722	48	1.0
4429	568	118	1.0
657	4418	108	1.0
130	1005	71	1.0
1964	3950	145	1.0
138	1057	17	1.0
3696	2000	60	1.0
590	4071	46	1.0
4530	2374	0	1.0
51	445	96	1.0
2670	1708	66	1.0
198	1391	86	1.0
267	1930	87	1.0
155	1146	91	1.0
5	62	0	1.0
2580	2452	1	1.0
1078	89	144	1.0
2256	3612	143	1.0
692	4611	120	1.0
1518	3661	24	1.0
1994	1664	94	1.0
526	3663	67	1.0
1976	3940	71	1.0
167	1221	57	1.0
206	1453	107	1.0
526	3660	74	1.0
704	508	0	1.0
3874	1627	48	1.0
1383	2521	73	1.0
169	1228	42	1.0
1638	3665	156	1.0
343	2475	24	1.0
1763	3488	124	1.0
4830	4621	68	1.0
526	3663	43	1.0
243	1797	117	1.0
3792	1432	49	1.0
1336	3843	0	1.0
204	1435	144	1.0
1717	919	0	1.0
266	1919	61	1.0
226	1617	45	1.0
351	2535	89	1.0
75	639	1	1.0
2845	4491	24	1.0
650	4359	115	1.0
641	104	139	1.0
328	2354	119	1.0
2498	2997	121	1.0
692	4613	24	1.0
345	2488	71	1.0
435	3042	72	1.0
3838	1673	45	1.0
286	1008	163	1.0
1	7	16	1.0
498	3490	44	1.0
265	1916	156	1.0
415	2949	121	1.0
1472	2178	143	1.0
3823	4326	134	1.0
528	3678	110	1.0
3710	1191	87	1.0
1287	3812	11	1.0
2572	4047	166	1.0
2852	3674	139	1.0
851	1458	34	1.0
487	3427	167	1.0
2111	4044	79	1.0
406	2824	48	1.0
53	466	91	1.0
12	150	117	1.0
947	179	40	1.0
32	303	21	1.0
702	4675	105	1.0
3661	2079	144	1.0
1222	884	34	1.0
2722	888	0	1.0
2540	3321	31	1.0
1450	1138	89	1.0
1083	1789	105	1.0
542	3754	73	1.0
1647	3647	96	1.0
527	3688	121	1.0
51	445	72	1.0
46	421	65	1.0
142	1075	98	1.0
1471	68	38	1.0
925	2115	10	1.0
1939	4203	72	1.0
8	111	13	1.0
1112	780	1	1.0
388	2714	96	1.0
4208	3996	72	1.0
692	4617	142	1.0
1935	4063	96	1.0
2845	4492	89	1.0
4069	878	81	1.0
4429	560	13	1.0
1402	4654	47	1.0
4263	1539	144	1.0
224	1595	32	1.0
641	4327	20	1.0
348	2516	91	1.0
440	3069	72	1.0
959	1830	97	1.0
1655	1625	135	1.0
2569	4141	34	1.0
267	1925	14	1.0
3823	3141	20	1.0
655	4415	72	1.0
2052	487	71	1.0
4002	3558	83	1.0
1103	3874	113	1.0
3946	542	0	1.0
2505	122	148	1.0
57	473	86	1.0
357	2563	165	1.0
175	1275	0	1.0
4430	543	48	1.0
4263	117	120	1.0
917	204	94	1.0
181	1307	0	1.0
414	2937	95	1.0
1079	79	96	1.0
24	244	127	1.0
4433	3417	22	1.0
542	3755	114	1.0
1686	3221	74	1.0
237	1741	32	1.0
330	2364	24	1.0
3699	1882	118	1.0
517	3622	0	1.0
2	8	0	1.0
277	895	123	1.0
542	3754	114	1.0
132	1011	23	1.0
125	961	96	1.0
516	3621	144	1.0
631	4285	37	1.0
2537	1630	64	1.0
578	4007	141	1.0
459	3233	100	1.0
2729	3907	159	1.0
573	3960	70	1.0
3832	599	21	1.0
2662	576	119	1.0
67	518	0	1.0
205	1444	142	1.0
487	3428	72	1.0
681	4525	106	1.0
91	761	141	1.0
71	575	166	1.0
999	1164	95	1.0
1271	3641	40	1.0
310	2207	114	1.0
2643	1661	91	1.0
198	1403	110	1.0
388	2713	57	1.0
4221	753	0	1.0
696	4635	47	1.0
460	3251	66	1.0
640	1539	114	1.0
4121	1019	163	1.0
578	4003	24	1.0
2650	2424	121	1.0
703	201	114	1.0
4027	1008	167	1.0
4869	4596	72	1.0
68	519	157	1.0
563	3880	159	1.0
1380	2831	96	1.0
2934	614	115	1.0
3794	166	122	1.0
681	4531	17	1.0
701	4661	126	1.0
2	14	70	1.0
328	2352	144	1.0
3829	1684	159	1.0
3006	1150	25	1.0
3601	1420	48	1.0
568	3914	16	1.0
2643	1537	91	1.0
1504	243	63	1.0
1308	635	0	1.0
2637	114	117	1.0
1314	1258	167	1.0
411	2903	96	1.0
26	253	27	1.0
198	1394	68	1.0
136	1041	160	1.0
2637	1673	48	1.0
460	3250	110	1.0
2962	4488	65	1.0
124	952	50	1.0
3571	1489	165	1.0
3517	2979	133	1.0
1527	1130	161	1.0
3997	4205	134	1.0
3824	1684	21	1.0
325	2340	22	1.0
34	325	119	1.0
90	749	125	1.0
2561	1691	70	1.0
232	117	94	1.0
2932	3281	11	1.0
355	2550	132	1.0
4599	1932	88	1.0
3832	1699	115	1.0
4418	1663	96	1.0
3366	1954	113	1.0
1721	1790	133	1.0
634	4296	0	1.0
506	3544	50	1.0
2515	148	134	1.0
415	2935	72	1.0
592	3784	144	1.0
3825	3119	155	1.0
3171	952	45	1.0
2461	3612	129	1.0
2424	3375	135	1.0
1479	1159	88	1.0
479	3368	44	1.0
218	1550	107	1.0
110	834	48	1.0
336	2401	166	1.0
1302	4406	72	1.0
3543	789	73	1.0
560	3849	104	1.0
666	4459	38	1.0
3146	386	61	1.0
446	3161	1	1.0
3139	448	157	1.0
123	938	16	1.0
2679	576	40	1.0
526	3665	96	1.0
161	1181	67	1.0
947	170	11	1.0
2044	3462	23	1.0
398	2746	89	1.0
418	2972	93	1.0
1129	99	14	1.0
2662	3113	41	1.0
304	2159	167	1.0
230	90	69	1.0
2431	371	48	1.0
483	3398	84	1.0
1083	1795	119	1.0
462	3262	72	1.0
4212	4501	15	1.0
2637	1677	90	1.0
4	48	107	1.0
1301	2247	72	1.0
328	2348	93	1.0
311	2226	45	1.0
427	3005	160	1.0
4869	237	72	1.0
1652	243	39	1.0
1938	4203	72	1.0
3091	2323	46	1.0
366	2603	90	1.0
1103	4241	47	1.0
3205	3263	158	1.0
80	680	24	1.0
3584	3272	48	1.0
589	4053	144	1.0
259	1894	80	1.0
1686	3229	118	1.0
387	2710	97	1.0
2601	935	90	1.0
1	2	66	1.0
1046	167	22	1.0
130	994	96	1.0
2280	789	24	1.0
1804	884	84	1.0
568	1235	43	1.0
444	3110	144	1.0
3871	833	97	1.0
366	2604	46	1.0
153	1132	116	1.0
2648	98	67	1.0
918	194	158	1.0
1102	4233	48	1.0
113	882	103	1.0
3167	1617	11	1.0
676	4491	71	1.0
3842	3112	165	1.0
891	2562	100	1.0
2128	2405	152	1.0
115	894	58	1.0
780	1902	84	1.0
2847	1734	114	1.0
1889	561	116	1.0
170	1242	148	1.0
103	799	116	1.0
323	2312	144	1.0
1610	297	106	1.0
210	1489	167	1.0
464	3274	95	1.0
45	396	39	1.0
115	887	144	1.0
4146	520	61	1.0
3624	2250	99	1.0
155	1142	0	1.0
728	362	19	1.0
634	2816	22	1.0
206	1452	130	1.0
2597	1793	72	1.0
1686	3222	74	1.0
415	2952	99	1.0
3318	1125	66	1.0
97	778	119	1.0
459	3245	144	1.0
371	2644	72	1.0
2515	156	55	1.0
305	2167	160	1.0
624	4241	47	1.0
3480	2199	118	1.0
384	2701	106	1.0
1263	2979	158	1.0
590	4064	98	1.0
267	1924	96	1.0
3699	1886	116	1.0
4790	3882	95	1.0
2669	1695	93	1.0
2124	3248	148	1.0
2561	1704	68	1.0
336	2410	23	1.0
670	4470	91	1.0
2561	91	15	1.0
236	1738	41	1.0
2255	116	68	1.0
4146	311	37	1.0
200	1416	37	1.0
2237	2401	0	1.0
661	4434	61	1.0
1083	1785	12	1.0
1717	919	48	1.0
353	1786	69	1.0
454	3205	18	1.0
1871	279	55	1.0
468	3291	64	1.0
3422	4145	34	1.0
137	1046	70	1.0
2637	1674	94	1.0
27	263	122	1.0
1889	3359	3	1.0
2637	575	117	1.0
3871	819	150	1.0
641	95	41	1.0
163	1186	66	1.0
1726	1539	66	1.0
162	1190	110	1.0
2725	3158	116	1.0
24	230	166	1.0
462	64	66	1.0
1190	3556	0	1.0
1769	681	0	1.0
2051	4634	64	1.0
774	370	2	1.0
658	4419	38	1.0
3838	119	142	1.0
27	268	99	1.0
2540	3312	73	1.0
431	3019	110	1.0
539	291	166	1.0
1878	661	0	1.0
232	1714	94	1.0
293	2098	110	1.0
3103	1177	43	1.0
1092	4017	124	1.0
2620	3458	24	1.0
1335	2603	73	1.0
590	4070	48	1.0
1567	3658	114	1.0
359	2575	12	1.0
315	2251	25	1.0
130	994	24	1.0
291	2092	113	1.0
3840	1701	65	1.0
698	4639	155	1.0
589	4059	86	1.0
694	4627	48	1.0
652	4392	89	1.0
1507	836	69	1.0
318	2275	166	1.0
4682	2897	48	1.0
96	772	21	1.0
2689	91	109	1.0
232	1664	165	1.0
562	78	144	1.0
4661	4549	92	1.0
375	2673	107	1.0
1871	279	9	1.0
2213	66	1	1.0
252	1846	165	1.0
653	4407	45	1.0
506	3546	20	1.0
4492	281	73	1.0
1056	236	73	1.0
1977	3969	94	1.0
628	4260	10	1.0
652	4398	61	1.0
625	4246	21	1.0
464	3279	43	1.0
444	3128	40	1.0
110	834	120	1.0
377	2680	117	1.0
573	3944	21	1.0
2236	1438	120	1.0
924	2485	79	1.0
516	3608	144	1.0
1964	3944	157	1.0
71	602	92	1.0
4663	260	0	1.0
253	1849	1	1.0
2949	3274	20	1.0
44	388	111	1.0
212	1506	21	1.0
750	308	144	1.0
682	4532	72	1.0
3836	3117	22	1.0
596	4117	68	1.0
361	735	82	1.0
2486	1620	0	1.0
453	3204	48	1.0
2643	1672	91	1.0
452	3195	49	1.0
671	90	161	1.0
1626	967	143	1.0
2540	3313	120	1.0
538	3743	107	1.0
152	1132	91	1.0
201	1409	90	1.0
801	1619	107	1.0
371	2638	0	1.0
219	1551	93	1.0
2637	1670	48	1.0
1602	747	0	1.0
623	4229	0	1.0
2852	3674	44	1.0
1092	4018	63	1.0
552	3807	141	1.0
2905	3241	36	1.0
323	2306	92	1.0
219	1549	144	1.0
2486	1620	59	1.0
3208	3108	67	1.0
108	820	3	1.0
4334	3776	67	1.0
452	3192	72	1.0
661	4430	92	1.0
2684	586	144	1.0
1213	260	101	1.0
678	4502	72	1.0
1074	4677	135	1.0
3861	3795	75	1.0
3810	36	122	1.0
1684	1632	44	1.0
592	1196	1	1.0
822	1634	60	1.0
4228	1021	109	1.0
678	1150	90	1.0
2943	763	0	1.0
1397	732	116	1.0
64	508	161	1.0
1726	3121	66	1.0
156	1149	96	1.0
315	2248	145	1.0
3852	1680	92	1.0
60	492	14	1.0
2487	4470	15	1.0
2671	1680	14	1.0
125	963	45	1.0
2649	1535	115	1.0
1976	3949	116	1.0
482	3395	45	1.0
4167	2516	9	1.0
3228	734	0	1.0
315	2247	123	1.0
1165	3908	21	1.0
601	4136	1	1.0
725	3829	43	1.0
406	2845	48	1.0
428	3010	0	1.0
497	3483	49	1.0
3547	183	156	1.0
445	3149	67	1.0
154	1142	48	1.0
684	4536	115	1.0
18	194	44	1.0
977	786	62	1.0
12	148	117	1.0
27	257	9	1.0
2511	2072	112	1.0
289	2075	138	1.0
2949	3278	166	1.0
3064	2262	73	1.0
1182	4568	137	1.0
1301	2251	66	1.0
1140	1667	49	1.0
87	735	35	1.0
4	58	83	1.0
2643	4322	91	1.0
1565	2262	12	1.0
618	4190	93	1.0
253	1862	73	1.0
171	1248	71	1.0
1134	2139	115	1.0
601	4137	1	1.0
976	781	73	1.0
540	3751	0	1.0
1608	2637	114	1.0
2851	165	36	1.0
1889	3357	99	1.0
579	4016	72	1.0
25	232	72	1.0
3394	3321	72	1.0
1976	3966	133	1.0
4830	4621	144	1.0
4429	569	132	1.0
539	3749	166	1.0
63	498	24	1.0
508	3552	84	1.0
4077	2982	62	1.0
2148	3191	46	1.0
225	1607	39	1.0
156	1153	22	1.0
2174	3673	167	1.0
2931	3270	97	1.0
2248	2840	83	1.0
4825	2775	15	1.0
1025	1765	157	1.0
4246	3279	160	1.0
337	2414	42	1.0
69	543	132	1.0
1527	1133	94	1.0
3368	3851	68	1.0
702	4203	62	1.0
546	3691	91	1.0
462	3262	24	1.0
1211	3356	1	1.0
3565	3268	67	1.0
2050	2044	50	1.0
2188	666	46	1.0
1890	3345	52	1.0
4480	1542	6	1.0
671	1539	41	1.0
142	1081	166	1.0
559	3842	90	1.0
545	3775	0	1.0
240	1770	96	1.0
562	78	85	1.0
2662	4327	144	1.0
53	455	113	1.0
526	3643	0	1.0
1290	1048	15	1.0
3752	3440	0	1.0
4208	1423	17	1.0
2960	521	0	1.0
115	894	88	1.0
576	3992	72	1.0
3139	448	24	1.0
931	3796	24	1.0
4604	2188	121	1.0
675	4490	91	1.0
2650	2424	73	1.0
437	3052	30	1.0
4208	57	37	1.0
414	2930	19	1.0
3615	3242	41	1.0
591	4065	93	1.0
522	3637	118	1.0
455	1423	22	1.0
2255	108	139	1.0
2444	3884	161	1.0
235	1723	98	1.0
661	4433	72	1.0
3164	4541	158	1.0
1848	652	139	1.0
2255	1690	90	1.0
2782	1150	67	1.0
158	1160	118	1.0
4694	1914	48	1.0
561	3864	44	1.0
241	1773	110	1.0
25	240	1	1.0
261	1897	115	1.0
206	1460	115	1.0
543	3765	48	1.0
267	1927	32	1.0
3179	3676	148	1.0
2743	2091	27	1.0
241	1771	111	1.0
3310	3276	91	1.0
1227	1967	24	1.0
2286	1043	142	1.0
155	1147	27	1.0
3794	170	17	1.0
2606	1185	118	1.0
405	2816	0	1.0
3824	3111	133	1.0
440	3080	15	1.0
2767	1683	143	1.0
2031	103	164	1.0
405	2796	0	1.0
513	474	82	1.0
684	4558	0	1.0
1599	3948	21	1.0
568	3918	43	1.0
3139	441	48	1.0
335	2392	72	1.0
172	1269	144	1.0
1961	3158	96	1.0
491	3437	119	1.0
3824	3106	42	1.0
1297	1541	87	1.0
418	2968	142	1.0
1394	536	72	1.0
2164	4120	20	1.0
3751	3441	0	1.0
139	1061	165	1.0
496	3476	165	1.0
800	1619	133	1.0
204	1437	119	1.0
691	4606	13	1.0
299	2139	23	1.0
4497	2377	0	1.0
573	3969	67	1.0
3832	1701	21	1.0
2561	3149	15	1.0
2766	3114	142	1.0
3503	1225	117	1.0
1126	2011	133	1.0
164	1196	82	1.0
481	3381	166	1.0
13	162	166	1.0
142	1075	0	1.0
587	4048	94	1.0
1020	2131	166	1.0
474	3328	151	1.0
299	2144	49	1.0
4529	996	62	1.0
2601	935	24	1.0
2561	97	64	1.0
579	4016	96	1.0
295	2114	159	1.0
413	24	67	1.0
3314	3841	42	1.0
2561	1702	43	1.0
496	3478	97	1.0
261	1897	80	1.0
568	3925	69	1.0
3580	781	72	1.0
1856	3265	58	1.0
3267	3676	48	1.0
330	2370	112	1.0
3990	1632	76	1.0
2255	1681	90	1.0
546	3675	0	1.0
20	211	66	1.0
73	627	120	1.0
212	1502	103	1.0
3170	3627	92	1.0
592	4079	113	1.0
2569	4141	59	1.0
1054	3232	166	1.0
235	1725	25	1.0
40	370	96	1.0
773	371	104	1.0
405	2775	69	1.0
1358	3366	48	1.0
2610	262	0	1.0
25	231	145	1.0
2637	1663	0	1.0
652	4387	89	1.0
4357	3271	19	1.0
4475	3445	96	1.0
71	602	17	1.0
567	3902	70	1.0
1528	2023	99	1.0
2637	1671	117	1.0
3661	3167	25	1.0
227	1627	157	1.0
323	2306	142	1.0
141	1073	144	1.0
2151	4623	44	1.0
650	4365	164	1.0
419	2971	72	1.0
315	2254	48	1.0
385	2703	44	1.0
1718	921	66	1.0
1894	2219	67	1.0
380	2335	0	1.0
3172	1168	143	1.0
641	1668	43	1.0
1129	1535	14	1.0
3337	2828	68	1.0
1726	1658	155	1.0
404	2777	48	1.0
234	1721	0	1.0
629	4278	62	1.0
4455	3068	98	1.0
188	1352	24	1.0
1451	1139	116	1.0
72	611	112	1.0
3468	4456	114	1.0
179	1301	72	1.0
1190	3556	159	1.0
774	374	2	1.0
929	3844	72	1.0
2679	592	72	1.0
198	1391	14	1.0
4112	1592	138	1.0
570	3936	109	1.0
657	4418	64	1.0
358	2574	84	1.0
2730	3910	72	1.0
568	3916	138	1.0
1790	3876	131	1.0
323	2319	121	1.0
286	2070	43	1.0
331	2374	83	1.0
551	3805	163	1.0
232	1674	94	1.0
169	1232	91	1.0
933	1453	61	1.0
550	3792	96	1.0
361	732	89	1.0
447	3160	89	1.0
1977	3957	144	1.0
1113	786	49	1.0
481	3392	46	1.0
464	487	43	1.0
496	3464	161	1.0
140	1066	117	1.0
366	2620	140	1.0
558	3837	44	1.0
563	3878	108	1.0
449	3180	143	1.0
241	1771	60	1.0
348	2205	11	1.0
1365	1918	39	1.0
208	1471	136	1.0
568	3910	72	1.0
2599	2701	45	1.0
3072	1665	64	1.0
220	1563	12	1.0
69	541	47	1.0
503	3515	118	1.0
115	888	72	1.0
3843	119	166	1.0
1515	3955	144	1.0
167	1213	0	1.0
214	1510	0	1.0
810	4018	60	1.0
163	1195	162	1.0
1302	4406	0	1.0
4246	3274	20	1.0
102	792	40	1.0
1668	1388	21	1.0
682	4525	72	1.0
8	104	18	1.0
2013	1138	92	1.0
590	4065	68	1.0
458	3234	0	1.0
1182	4558	160	1.0
2809	262	48	1.0
3771	2653	23	1.0
527	3679	158	1.0
1863	3183	0	1.0
1301	2251	145	1.0
462	3262	0	1.0
2666	1541	95	1.0
452	3194	0	1.0
4324	3473	49	1.0
615	4175	25	1.0
1997	1129	40	1.0
612	4164	96	1.0
3263	3777	96	1.0
3170	3627	116	1.0
486	3419	155	1.0
3376	664	96	1.0
481	1986	143	1.0
2543	1468	61	1.0
463	3270	145	1.0
219	1552	106	1.0
877	2469	20	1.0
684	4134	70	1.0
1987	1200	34	1.0
1964	3942	48	1.0
1190	3556	131	1.0
3966	213	44	1.0
929	3845	142	1.0
1297	3117	40	1.0
405	2803	0	1.0
3881	1662	164	1.0
72	613	60	1.0
4295	830	63	1.0
1631	2906	0	1.0
1665	234	106	1.0
3179	3676	48	1.0
685	4574	113	1.0
474	3342	29	1.0
2341	378	135	1.0
217	1540	0	1.0
2614	2913	24	1.0
4429	1617	1	1.0
931	3796	23	1.0
2851	166	48	1.0
514	474	35	1.0
40	370	68	1.0
335	2388	47	1.0
522	3638	18	1.0
505	3541	87	1.0
2568	3595	56	1.0
3500	2817	145	1.0
1010	4016	72	1.0
277	1990	131	1.0
291	2093	27	1.0
30	296	166	1.0
35	332	70	1.0
483	3404	120	1.0
2027	863	155	1.0
82	688	159	1.0
459	2082	73	1.0
562	3869	65	1.0
684	2118	70	1.0
81	685	0	1.0
924	4129	160	1.0
403	2766	93	1.0
4602	2116	156	1.0
2896	285	96	1.0
4526	2140	142	1.0
4602	4130	21	1.0
134	1023	157	1.0
528	3678	47	1.0
329	2363	43	1.0
352	2538	0	1.0
36	336	23	1.0
101	788	112	1.0
179	1300	73	1.0
2188	666	0	1.0
709	941	19	1.0
2434	819	149	1.0
6	78	43	1.0
466	3286	26	1.0
2796	284	96	1.0
24	230	102	1.0
4604	2205	126	1.0
451	3191	133	1.0
421	2983	96	1.0
1010	4005	22	1.0
12	161	138	1.0
472	3321	145	1.0
2349	392	92	1.0
3464	1285	50	1.0
2171	1114	12	1.0
405	2772	0	1.0
1451	1132	116	1.0
387	2709	60	1.0
4701	3750	156	1.0
527	3692	158	1.0
217	1541	120	1.0
1162	3269	161	1.0
2768	2376	48	1.0
406	2857	16	1.0
671	94	72	1.0
4077	2662	102	1.0
4485	3320	137	1.0
1786	3156	70	1.0
4523	3781	85	1.0
568	3909	72	1.0
2626	1393	64	1.0
138	1051	166	1.0
2648	3154	94	1.0
375	2662	107	1.0
2961	520	135	1.0
1683	2979	162	1.0
976	781	0	1.0
2643	1681	138	1.0
235	1725	86	1.0
277	1990	66	1.0
4030	1788	161	1.0
243	1785	95	1.0
4417	716	95	1.0
3539	3580	2	1.0
316	2263	93	1.0
3852	118	92	1.0
1297	3108	31	1.0
1668	1393	21	1.0
678	4503	120	1.0
640	1539	0	1.0
124	952	34	1.0
2095	2827	143	1.0
4869	246	89	1.0
413	2929	162	1.0
805	1480	161	1.0
154	1141	25	1.0
459	3241	120	1.0
573	3959	116	1.0
171	1258	68	1.0
1974	2979	83	1.0
3267	3677	132	1.0
3871	833	124	1.0
269	1940	121	1.0
162	1188	2	1.0
4494	842	48	1.0
2255	599	141	1.0
446	3162	61	1.0
4230	2825	82	1.0
73	629	143	1.0
3464	338	72	1.0
2637	1678	48	1.0
3344	1389	144	1.0
2124	3233	98	1.0
908	2652	144	1.0
368	2631	162	1.0
624	4232	93	1.0
1515	3951	60	1.0
691	4606	35	1.0
629	4271	0	1.0
664	4449	24	1.0
531	3714	96	1.0
1504	236	24	1.0
1218	2449	38	1.0
1271	3664	40	1.0
405	2788	114	1.0
2934	1672	17	1.0
414	2940	98	1.0
285	2045	0	1.0
2649	1535	19	1.0
595	193	0	1.0
1785	3537	24	1.0
406	2831	48	1.0
915	152	23	1.0
586	4036	0	1.0
2561	1662	102	1.0
3326	1515	96	1.0
483	3402	90	1.0
2450	1486	119	1.0
204	1442	18	1.0
4263	1539	143	1.0
406	2854	87	1.0
3023	680	66	1.0
620	4222	0	1.0
3264	3780	114	1.0
171	1254	13	1.0
942	3281	67	1.0
421	2983	91	1.0
4112	3206	153	1.0
2	10	114	1.0
177	1282	115	1.0
625	4252	132	1.0
138	1050	0	1.0
2990	2649	43	1.0
249	1813	96	1.0
1870	2860	107	1.0
508	3552	164	1.0
806	1784	24	1.0
27	254	96	1.0
2050	393	61	1.0
2795	3796	70	1.0
3281	152	97	1.0
2540	3318	96	1.0
165	441	39	1.0
1297	113	132	1.0
1964	3945	118	1.0
170	1243	8	1.0
201	1420	85	1.0
221	1575	13	1.0
63	504	36	1.0
623	4229	93	1.0
1974	4274	34	1.0
3050	4665	70	1.0
405	2790	0	1.0
12	146	115	1.0
3852	1684	92	1.0
547	3694	93	1.0
604	1919	88	1.0
444	3132	119	1.0
4869	235	89	1.0
527	3678	0	1.0
1960	3163	72	1.0
2469	4152	132	1.0
1515	3950	44	1.0
4819	659	26	1.0
198	1392	67	1.0
492	3437	48	1.0
75	653	33	1.0
4529	702	106	1.0
506	3545	87	1.0
3809	3859	152	1.0
3715	64	1	1.0
178	1295	120	1.0
155	1142	120	1.0
1567	3657	0	1.0
331	2374	127	1.0
1504	236	49	1.0
75	656	58	1.0
406	2831	137	1.0
51	445	40	1.0
1862	386	86	1.0
1997	1138	90	1.0
3465	333	109	1.0
219	1548	159	1.0
2085	3447	24	1.0
420	2975	74	1.0
556	3823	19	1.0
3540	635	145	1.0
403	2764	58	1.0
3840	3112	58	1.0
415	2942	45	1.0
347	2503	0	1.0
3751	3440	70	1.0
1518	3659	0	1.0
551	3795	0	1.0
3876	1658	115	1.0
692	4619	49	1.0
1397	732	69	1.0
75	633	0	1.0
2691	1667	1	1.0
751	2451	85	1.0
515	3605	50	1.0
600	2114	68	1.0
3823	1683	113	1.0
3480	2201	26	1.0
654	4407	61	1.0
683	4555	42	1.0
3840	1701	40	1.0
1271	3664	96	1.0
333	2380	160	1.0
1429	1352	104	1.0
1533	2929	162	1.0
693	4621	111	1.0
2738	537	162	1.0
1266	3679	24	1.0
573	3966	144	1.0
1163	3166	165	1.0
2434	819	112	1.0
2689	3115	120	1.0
641	117	144	1.0
2303	3394	74	1.0
157	1153	46	1.0
12	155	40	1.0
528	3699	93	1.0
675	4490	109	1.0
552	3808	43	1.0
183	1335	148	1.0
734	1936	144	1.0
4267	4602	145	1.0
652	4378	85	1.0
4557	3984	61	1.0
1527	1138	1	1.0
3851	1683	142	1.0
598	4127	0	1.0
231	1666	69	1.0
666	4459	159	1.0
570	3932	94	1.0
71	583	0	1.0
8	97	161	1.0
3836	1708	159	1.0
4523	3698	159	1.0
977	780	48	1.0
406	2828	0	1.0
1610	281	105	1.0
1929	1627	94	1.0
932	3796	147	1.0
658	4419	97	1.0
672	4269	108	1.0
27	265	55	1.0
1163	3166	0	1.0
2606	2447	108	1.0
2236	1441	1	1.0
1155	2128	22	1.0
440	3082	120	1.0
4869	235	29	1.0
4523	3676	85	1.0
212	1500	31	1.0
444	3143	15	1.0
110	844	18	1.0
3751	3441	161	1.0
30	283	12	1.0
423	2988	161	1.0
444	1695	15	1.0
456	3223	139	1.0
574	3978	83	1.0
619	4208	117	1.0
608	4152	120	1.0
49	435	110	1.0
595	4090	67	1.0
461	3258	34	1.0
1352	3507	117	1.0
527	3675	158	1.0
4202	2245	121	1.0
1572	3163	74	1.0
252	1846	0	1.0
555	3818	72	1.0
216	1533	50	1.0
3208	1678	115	1.0
475	3344	118	1.0
450	3182	24	1.0
115	896	122	1.0
671	1681	65	1.0
4108	2229	80	1.0
1913	1516	19	1.0
345	2118	91	1.0
223	1594	45	1.0
3875	1534	159	1.0
206	1451	16	1.0
1988	295	72	1.0
2537	1636	35	1.0
682	4528	71	1.0
355	2552	125	1.0
291	2091	121	1.0
1610	281	77	1.0
414	2937	20	1.0
4798	3796	162	1.0
2561	1541	70	1.0
3823	3120	113	1.0
2609	253	96	1.0
490	1050	160	1.0
702	848	21	1.0
595	4095	48	1.0
355	2552	33	1.0
1016	2824	120	1.0
472	3317	0	1.0
315	2251	66	1.0
490	3434	15	1.0
522	3642	44	1.0
57	475	166	1.0
3662	3165	130	1.0
22	223	24	1.0
1647	3647	111	1.0
1183	3225	116	1.0
148	1121	65	1.0
157	1152	67	1.0
460	3250	15	1.0
430	3017	166	1.0
1357	3367	108	1.0
366	2603	167	1.0
53	456	98	1.0
510	3589	164	1.0
344	2484	93	1.0
3535	557	134	1.0
692	4609	24	1.0
522	3643	121	1.0
446	3170	143	1.0
232	1677	89	1.0
2279	789	23	1.0
235	1729	34	1.0
1638	3662	148	1.0
2515	150	21	1.0
2218	4233	120	1.0
2983	3820	72	1.0
3208	578	45	1.0
3827	1718	133	1.0
78	668	12	1.0
2454	3664	48	1.0
4535	1429	48	1.0
475	3349	12	1.0
130	996	96	1.0
68	535	0	1.0
332	2378	38	1.0
1830	3317	22	1.0
405	2792	0	1.0
3503	1222	139	1.0
2537	1633	38	1.0
444	1062	165	1.0
2221	2900	96	1.0
2851	165	108	1.0
406	2839	48	1.0
179	1300	119	1.0
629	4275	85	1.0
1370	3317	148	1.0
219	1548	134	1.0
3779	3417	22	1.0
527	3695	93	1.0
3985	287	144	1.0
397	2736	44	1.0
625	4250	62	1.0
426	3001	48	1.0
563	3876	165	1.0
545	3772	48	1.0
2974	4608	89	1.0
424	2998	124	1.0
72	620	60	1.0
3162	682	49	1.0
22	225	43	1.0
806	1791	20	1.0
4208	2420	120	1.0
161	1181	43	1.0
528	3688	96	1.0
442	3092	48	1.0
446	3169	115	1.0
401	2758	46	1.0
2279	791	60	1.0
452	3192	45	1.0
3825	94	155	1.0
4120	1030	68	1.0
2	26	94	1.0
3755	2233	134	1.0
764	209	45	1.0
154	1143	140	1.0
2835	134	24	1.0
1515	3940	144	1.0
115	894	34	1.0
456	3224	144	1.0
1307	3425	167	1.0
4541	4221	165	1.0
2549	1489	140	1.0
2640	1670	167	1.0
546	3779	24	1.0
1074	4677	37	1.0
470	3307	0	1.0
634	4297	22	1.0
1871	291	9	1.0
1871	289	9	1.0
4385	1356	165	1.0
271	1945	116	1.0
2791	829	160	1.0
4264	1658	133	1.0
4630	1408	70	1.0
4869	237	100	1.0
88	737	45	1.0
563	3881	117	1.0
4488	4582	96	1.0
263	1908	45	1.0
4201	2146	93	1.0
624	4232	113	1.0
1222	884	24	1.0
167	1227	41	1.0
3696	2001	17	1.0
3555	982	26	1.0
1096	2078	66	1.0
2540	3324	145	1.0
3751	3443	117	1.0
1104	1088	163	1.0
2569	4497	109	1.0
1278	916	24	1.0
179	1302	37	1.0
4145	2305	24	1.0
440	3085	119	1.0
2171	1117	51	1.0
4201	2147	164	1.0
493	2636	90	1.0
136	1034	163	1.0
49	435	136	1.0
2648	96	94	1.0
226	1633	165	1.0
619	4201	69	1.0
2243	820	144	1.0
275	1969	0	1.0
574	3980	17	1.0
795	1228	0	1.0
227	1646	24	1.0
212	1508	131	1.0
71	592	48	1.0
2641	772	12	1.0
2648	1665	160	1.0
198	1392	11	1.0
3267	3682	122	1.0
3759	841	134	1.0
463	3270	95	1.0
2650	2424	24	1.0
558	3840	70	1.0
2952	1484	135	1.0
473	3331	21	1.0
2873	570	37	1.0
474	3334	145	1.0
620	408	0	1.0
444	3130	112	1.0
2606	2445	69	1.0
591	4063	122	1.0
3851	1681	12	1.0
204	1439	83	1.0
462	3264	98	1.0
247	1808	72	1.0
30	289	74	1.0
2643	1701	138	1.0
269	1940	71	1.0
367	2623	94	1.0
24	232	102	1.0
414	2935	69	1.0
431	3023	72	1.0
506	3545	44	1.0
452	3198	50	1.0
681	4516	58	1.0
3264	3695	163	1.0
82	693	96	1.0
425	3000	144	1.0
4466	2675	9	1.0
2643	4326	90	1.0
2469	4152	0	1.0
369	2634	109	1.0
693	4622	56	1.0
365	2601	30	1.0
115	894	72	1.0
309	2193	144	1.0
250	1824	114	1.0
4830	4621	99	1.0
366	2614	126	1.0
508	3557	34	1.0
220	1567	107	1.0
99	781	149	1.0
3840	1536	165	1.0
1383	2513	42	1.0
1078	80	72	1.0
751	535	24	1.0
557	3831	48	1.0
2610	257	97	1.0
434	3040	0	1.0
3314	3837	144	1.0
2515	1870	166	1.0
241	1777	115	1.0
618	4189	164	1.0
1977	3943	68	1.0
877	731	0	1.0
574	3973	1	1.0
347	2503	38	1.0
3150	441	62	1.0
420	2975	0	1.0
69	539	72	1.0
1339	3205	0	1.0
698	4637	96	1.0
505	3537	144	1.0
1990	3034	120	1.0
232	1684	94	1.0
1249	1621	72	1.0
156	1149	0	1.0
508	3566	23	1.0
25	242	41	1.0
1062	2808	113	1.0
686	3963	90	1.0
426	3004	15	1.0
385	2703	106	1.0
12	136	0	1.0
321	2294	24	1.0
652	4393	58	1.0
8	97	43	1.0
4335	3771	133	1.0
101	791	24	1.0
286	2060	144	1.0
4093	3737	86	1.0
1518	3665	24	1.0
527	3674	20	1.0
168	1229	64	1.0
63	498	0	1.0
493	2637	83	1.0
1862	381	86	1.0
1092	836	26	1.0
1684	2303	48	1.0
3143	2403	0	1.0
225	1597	86	1.0
444	3109	158	1.0
4029	1276	49	1.0
2965	446	62	1.0
2689	576	14	1.0
292	2096	48	1.0
444	3144	15	1.0
1683	2979	0	1.0
33	306	86	1.0
568	3904	69	1.0
1113	781	140	1.0
226	1637	96	1.0
30	279	0	1.0
963	2682	94	1.0
506	3546	46	1.0
459	3242	15	1.0
15	165	113	1.0
435	3041	74	1.0
1889	3346	61	1.0
459	2082	26	1.0
165	1208	93	1.0
3620	4628	0	1.0
3851	1700	12	1.0
3709	2763	81	1.0
4029	1276	2	1.0
3418	162	119	1.0
34	312	98	1.0
129	989	72	1.0
548	1200	137	1.0
200	1407	48	1.0
2843	3828	135	1.0
3402	4676	72	1.0
4584	841	99	1.0
198	1393	48	1.0
1464	3860	13	1.0
3504	4117	25	1.0
390	2722	96	1.0
379	2686	167	1.0
286	2067	118	1.0
683	4539	88	1.0
262	1902	134	1.0
173	1272	56	1.0
415	2937	91	1.0
3989	377	0	1.0
4246	485	45	1.0
2637	1676	94	1.0
233	91	143	1.0
1370	3312	145	1.0
1198	1421	109	1.0
475	3350	131	1.0
1964	3959	113	1.0
101	791	23	1.0
3068	4411	118	1.0
2515	162	56	1.0
3016	3094	97	1.0
2687	95	112	1.0
610	2826	0	1.0
75	634	37	1.0
119	909	82	1.0
4869	246	50	1.0
125	961	51	1.0
39	364	49	1.0
4064	1062	39	1.0
1504	235	49	1.0
1227	2969	18	1.0
146	1104	56	1.0
348	2518	142	1.0
2255	1668	90	1.0
1475	3820	24	1.0
361	737	161	1.0
508	3562	22	1.0
1464	3867	109	1.0
2714	4112	21	1.0
924	2113	41	1.0
3579	241	90	1.0
917	4106	46	1.0
751	322	144	1.0
2961	2449	4	1.0
370	2645	99	1.0
341	2451	41	1.0
4407	4163	139	1.0
3344	1400	72	1.0
2628	2409	22	1.0
475	3347	120	1.0
4407	4163	94	1.0
263	1911	120	1.0
86	727	95	1.0
3630	1144	45	1.0
4630	1417	111	1.0
421	2544	15	1.0
503	930	143	1.0
1340	739	63	1.0
697	4636	0	1.0
2	13	97	1.0
452	3192	0	1.0
12	143	10	1.0
153	1130	159	1.0
811	844	45	1.0
1393	836	24	1.0
1450	1131	0	1.0
2461	2403	155	1.0
253	1849	60	1.0
1598	3967	140	1.0
173	1272	0	1.0
848	4039	131	1.0
1334	1998	0	1.0
651	4374	142	1.0
310	2201	1	1.0
5	74	43	1.0
312	2227	106	1.0
2690	1672	43	1.0
251	1830	24	1.0
643	4333	45	1.0
11	134	24	1.0
221	1571	85	1.0
1964	3950	118	1.0
108	822	72	1.0
248	1809	95	1.0
119	905	105	1.0
941	2365	59	1.0
509	3579	0	1.0
3112	3379	1	1.0
498	3504	35	1.0
1610	295	165	1.0
227	1620	19	1.0
232	1706	165	1.0
48	432	115	1.0
624	4243	116	1.0
2479	232	69	1.0
599	2117	46	1.0
3490	2840	163	1.0
152	1130	89	1.0
3	37	79	1.0
2328	258	23	1.0
4153	284	98	1.0
597	3221	96	1.0
4334	3775	8	1.0
427	3005	72	1.0
4210	3212	120	1.0
3825	1539	155	1.0
2438	3472	91	1.0
3435	2929	162	1.0
2669	1696	9	1.0
2961	2444	148	1.0
1504	235	0	1.0
226	1638	96	1.0
891	2570	93	1.0
683	4552	67	1.0
281	2010	145	1.0
2743	2096	70	1.0
75	635	58	1.0
319	2287	96	1.0
618	4196	90	1.0
1363	3608	97	1.0
249	1818	11	1.0
82	685	148	1.0
4429	569	13	1.0
3985	287	151	1.0
1263	569	65	1.0
3241	1845	144	1.0
311	2225	69	1.0
57	478	84	1.0
491	3443	72	1.0
1271	3665	48	1.0
4790	4236	132	1.0
306	2174	167	1.0
559	3842	120	1.0
154	1147	17	1.0
419	2971	59	1.0
573	3944	145	1.0
462	3262	121	1.0
572	3942	167	1.0
74	632	0	1.0
2492	1542	13	1.0
3101	2450	38	1.0
504	3527	2	1.0
543	3758	115	1.0
144	1090	26	1.0
241	1772	96	1.0
366	2610	64	1.0
464	3281	95	1.0
316	2261	93	1.0
3565	488	43	1.0
662	4439	145	1.0
217	120	70	1.0
2973	4613	65	1.0
410	2898	97	1.0
406	2837	143	1.0
2550	1122	98	1.0
677	4496	112	1.0
574	3975	65	1.0
370	2648	83	1.0
573	3955	44	1.0
491	3442	0	1.0
313	2240	68	1.0
464	485	45	1.0
1266	3676	91	1.0
2078	4482	167	1.0
382	2699	0	1.0
2662	576	19	1.0
207	1468	46	1.0
566	3899	70	1.0
315	2254	145	1.0
319	2287	120	1.0
444	3132	15	1.0
947	174	133	1.0
3852	1699	42	1.0
335	2388	167	1.0
138	1058	19	1.0
456	3224	97	1.0
444	3127	158	1.0
410	2903	23	1.0
3539	31	29	1.0
1684	2365	44	1.0
1219	528	27	1.0
2052	3270	137	1.0
85	718	61	1.0
3239	2013	45	1.0
253	1859	73	1.0
34	316	17	1.0
2595	3582	94	1.0
94	768	0	1.0
413	2928	167	1.0
1770	1229	96	1.0
324	2305	48	1.0
2649	1656	44	1.0
3344	1404	164	1.0
450	3187	18	1.0
2852	3688	110	1.0
506	3543	130	1.0
315	2247	72	1.0
1297	3108	40	1.0
4446	3067	0	1.0
1183	3223	116	1.0
88	740	47	1.0
452	3194	72	1.0
3523	2829	0	1.0
3366	1958	113	1.0
360	730	0	1.0
30	294	27	1.0
1523	3205	0	1.0
526	3642	61	1.0
687	4590	86	1.0
801	1623	118	1.0
337	2412	0	1.0
472	3317	121	1.0
1987	1200	72	1.0
188	1352	23	1.0
3823	1667	113	1.0
2643	1665	138	1.0
4397	2674	24	1.0
2104	4521	24	1.0
396	2732	80	1.0
2118	2635	96	1.0
1515	3940	72	1.0
372	2652	87	1.0
4553	4394	137	1.0
487	3429	72	1.0
3291	1048	94	1.0
2648	3154	67	1.0
4790	78	133	1.0
63	504	15	1.0
1218	311	40	1.0
487	3421	22	1.0
127	981	42	1.0
241	1776	82	1.0
3696	2001	36	1.0
1380	2853	15	1.0
4324	3485	40	1.0
3875	1539	159	1.0
581	1824	24	1.0
273	1960	94	1.0
562	3869	0	1.0
686	3947	163	1.0
4624	1428	71	1.0
1633	246	24	1.0
96	769	164	1.0
1224	3663	96	1.0
436	3047	98	1.0
3743	569	72	1.0
3454	3666	22	1.0
656	4417	107	1.0
929	3841	117	1.0
464	485	147	1.0
332	2379	84	1.0
3512	763	0	1.0
1357	3365	91	1.0
440	3071	73	1.0
189	1360	73	1.0
545	3773	26	1.0
3875	108	159	1.0
734	1942	0	1.0
200	1409	24	1.0
666	3234	70	1.0
94	768	95	1.0
2363	1484	48	1.0
3	35	109	1.0
2851	170	113	1.0
198	1387	115	1.0
2643	1541	157	1.0
598	4127	64	1.0
686	3953	42	1.0
189	1359	47	1.0
690	4603	46	1.0
2637	1676	117	1.0
2648	115	94	1.0
865	3476	165	1.0
115	894	11	1.0
335	2388	119	1.0
435	3046	108	1.0
3139	448	89	1.0
198	1393	12	1.0
2053	3277	114	1.0
603	1919	61	1.0
152	1136	23	1.0
3652	1819	35	1.0
1376	4024	134	1.0
409	2885	120	1.0
232	1699	165	1.0
1224	3663	72	1.0
341	2450	112	1.0
2592	1178	142	1.0
533	3724	0	1.0
1271	3665	96	1.0
2498	281	109	1.0
3228	734	78	1.0
3584	486	37	1.0
119	905	81	1.0
274	1958	142	1.0
2617	1987	84	1.0
8	104	96	1.0
1129	3134	166	1.0
3310	3269	19	1.0
2835	134	0	1.0
233	1667	0	1.0
222	1586	4	1.0
69	561	37	1.0
414	2930	48	1.0
53	455	85	1.0
681	4521	10	1.0
69	549	139	1.0
3200	1317	138	1.0
110	861	113	1.0
4543	2828	1	1.0
39	364	118	1.0
3639	1529	97	1.0
231	100	19	1.0
1491	3940	72	1.0
355	2551	24	1.0
505	3538	73	1.0
3015	4285	17	1.0
262	1902	105	1.0
243	1795	48	1.0
3212	2843	63	1.0
1248	1621	97	1.0
2094	2862	78	1.0
548	1201	9	1.0
662	4439	0	1.0
69	554	96	1.0
4058	2130	167	1.0
77	664	41	1.0
73	627	48	1.0
87	733	12	1.0
1599	3940	44	1.0
370	2646	99	1.0
233	1692	45	1.0
22	221	59	1.0
280	2004	24	1.0
3273	1459	55	1.0
2908	2402	69	1.0
3828	1679	68	1.0
232	1705	94	1.0
3960	3986	110	1.0
493	2646	133	1.0
1515	3962	165	1.0
568	3909	93	1.0
492	3450	144	1.0
2934	1695	161	1.0
328	2347	164	1.0
1141	1667	94	1.0
1626	961	83	1.0
3961	2078	138	1.0
3699	1882	0	1.0
2089	3602	164	1.0
4487	4584	37	1.0
688	343	43	1.0
800	1619	64	1.0
877	2469	123	1.0
481	915	143	1.0
2794	718	93	1.0
2637	4480	48	1.0
440	3078	75	1.0
3961	2075	138	1.0
1684	1632	50	1.0
1450	1132	0	1.0
1504	242	0	1.0
669	4469	17	1.0
198	1392	138	1.0
3825	90	155	1.0
53	449	71	1.0
876	3327	90	1.0
83	709	15	1.0
2027	2955	151	1.0
88	739	96	1.0
3948	1624	123	1.0
67	518	64	1.0
306	2169	72	1.0
1504	231	163	1.0
2013	1134	156	1.0
251	1829	144	1.0
2398	3363	22	1.0
375	2675	121	1.0
252	1846	48	1.0
3932	632	48	1.0
2561	3149	70	1.0
237	1742	31	1.0
445	3110	12	1.0
198	1403	37	1.0
370	2640	69	1.0
2847	1740	1	1.0
4146	2451	60	1.0
597	4126	94	1.0
273	1953	91	1.0
568	3916	16	1.0
1407	3204	48	1.0
3208	3108	45	1.0
4207	1429	0	1.0
595	193	132	1.0
100	788	24	1.0
172	1269	120	1.0
3851	4480	12	1.0
2181	1167	122	1.0
2626	1393	38	1.0
628	4269	72	1.0
4528	3268	148	1.0
1320	819	0	1.0
543	3765	95	1.0
2255	1683	0	1.0
2511	2617	156	1.0
1889	3094	116	1.0
672	4269	134	1.0
2949	485	143	1.0
1865	1342	1	1.0
2124	3233	26	1.0
4641	1599	164	1.0
1180	2387	134	1.0
595	4095	132	1.0
2347	4467	83	1.0
556	3820	0	1.0
306	2175	72	1.0
3504	4089	2	1.0
273	1965	21	1.0
1527	1134	69	1.0
1504	235	100	1.0
2031	3142	140	1.0
220	1566	108	1.0
495	3458	120	1.0
159	1173	141	1.0
954	1525	14	1.0
483	3401	93	1.0
573	3951	138	1.0
222	1322	91	1.0
296	2116	94	1.0
3052	408	47	1.0
221	1571	61	1.0
1298	3106	92	1.0
2310	895	96	1.0
1297	3117	67	1.0
641	99	41	1.0
411	2906	24	1.0
3172	4206	125	1.0
261	1897	166	1.0
1009	4011	96	1.0
1248	1642	44	1.0
635	2801	96	1.0
474	3337	30	1.0
3601	1420	0	1.0
330	2368	24	1.0
103	798	90	1.0
2796	284	120	1.0
1571	209	22	1.0
579	4014	136	1.0
404	2782	48	1.0
3553	4412	40	1.0
408	2887	74	1.0
768	2096	0	1.0
592	1209	121	1.0
134	1020	96	1.0
214	1519	114	1.0
237	1742	40	1.0
527	3695	134	1.0
664	4454	116	1.0
526	3667	121	1.0
178	1292	24	1.0
479	3368	162	1.0
2552	3475	41	1.0
1140	94	117	1.0
3144	3615	159	1.0
424	2993	8	1.0
20	212	113	1.0
3202	4669	119	1.0
650	4356	45	1.0
3751	3437	142	1.0
3852	1699	166	1.0
5	76	61	1.0
902	550	94	1.0
456	3222	121	1.0
4351	2416	50	1.0
102	794	1	1.0
103	797	131	1.0
538	3743	0	1.0
3504	4116	122	1.0
677	4496	144	1.0
263	1907	165	1.0
685	4574	0	1.0
2174	3688	121	1.0
1193	1793	141	1.0
1893	2227	63	1.0
768	2096	120	1.0
1998	1132	19	1.0
2	20	90	1.0
1222	884	134	1.0
728	358	60	1.0
153	1139	16	1.0
681	4515	34	1.0
939	4446	120	1.0
8	103	117	1.0
2648	108	94	1.0
134	1021	44	1.0
413	2917	162	1.0
36	333	63	1.0
142	1084	71	1.0
4592	2170	37	1.0
1357	3365	89	1.0
506	3542	24	1.0
2662	606	119	1.0
3584	3277	24	1.0
328	2361	145	1.0
140	1063	120	1.0
2236	1442	43	1.0
504	3525	2	1.0
3480	2517	71	1.0
665	4456	140	1.0
208	1469	141	1.0
2662	590	144	1.0
2649	92	65	1.0
199	1388	72	1.0
152	1129	70	1.0
1375	2978	69	1.0
522	3636	155	1.0
237	1740	59	1.0
650	4368	44	1.0
2650	2424	62	1.0
2561	1537	70	1.0
110	850	20	1.0
4073	688	82	1.0
3394	3313	109	1.0
619	4220	166	1.0
328	2348	0	1.0
4090	2032	41	1.0
2643	1541	91	1.0
38	358	163	1.0
2454	3642	138	1.0
1567	3651	72	1.0
12	141	80	1.0
701	4663	49	1.0
3630	1146	45	1.0
8	102	21	1.0
4480	3107	42	1.0
4458	1172	0	1.0
115	891	87	1.0
4276	2489	141	1.0
2852	3674	110	1.0
22	226	115	1.0
4091	2023	12	1.0
477	875	0	1.0
2965	446	116	1.0
163	1194	70	1.0
189	1359	74	1.0
370	2644	99	1.0
1771	3516	166	1.0
4859	4351	0	1.0
684	4559	165	1.0
4663	256	76	1.0
4730	2415	6	1.0
167	1221	142	1.0
1567	3653	3	1.0
3579	230	91	1.0
4798	3034	100	1.0
3679	925	58	1.0
1297	113	91	1.0
3875	1537	159	1.0
640	113	120	1.0
2961	1185	1	1.0
1010	4005	48	1.0
4430	543	18	1.0
502	3513	0	1.0
561	3854	136	1.0
355	2553	67	1.0
669	4472	63	1.0
692	4609	72	1.0
446	3159	137	1.0
3138	3107	67	1.0
134	1023	113	1.0
3630	1141	72	1.0
2662	119	119	1.0
4317	886	90	1.0
3319	4538	91	1.0
462	3264	1	1.0
2248	2843	63	1.0
3901	2877	106	1.0
685	4572	0	1.0
198	1396	163	1.0
1769	683	48	1.0
1388	3385	12	1.0
194	1379	161	1.0
374	2670	145	1.0
487	3424	1	1.0
3464	3530	50	1.0
1013	1052	94	1.0
3875	110	92	1.0
2973	4616	38	1.0
4869	231	121	1.0
694	4628	144	1.0
130	1000	91	1.0
2680	1667	68	1.0
496	3466	96	1.0
492	3437	120	1.0
186	1343	42	1.0
2962	1164	71	1.0
3354	4042	74	1.0
2650	2424	145	1.0
3138	3109	69	1.0
2662	592	19	1.0
1726	3121	12	1.0
559	3841	42	1.0
361	739	160	1.0
2671	1684	14	1.0
189	1362	159	1.0
96	770	41	1.0
137	1045	22	1.0
464	3275	133	1.0
2147	784	23	1.0
205	1436	34	1.0
253	1857	15	1.0
6	87	74	1.0
24	241	22	1.0
2328	266	114	1.0
2658	2223	48	1.0
232	1675	165	1.0
69	539	26	1.0
343	2477	48	1.0
505	3538	102	1.0
464	484	49	1.0
39	363	75	1.0
3179	3677	145	1.0
682	4519	91	1.0
1684	1632	98	1.0
405	2775	0	1.0
1714	817	91	1.0
445	1713	67	1.0
2683	3435	43	1.0
493	2639	66	1.0
2714	1241	0	1.0
2648	1696	94	1.0
397	2733	72	1.0
573	3966	63	1.0
3201	216	70	1.0
3103	329	90	1.0
1585	371	96	1.0
1527	1140	68	1.0
12	142	60	1.0
2669	114	162	1.0
267	1923	59	1.0
595	4090	18	1.0
45	398	57	1.0
3823	3149	0	1.0
163	1195	72	1.0
694	4621	51	1.0
3851	1684	66	1.0
587	4046	81	1.0
152	1131	69	1.0
450	3185	72	1.0
756	2634	113	1.0
405	2818	113	1.0
3827	1698	118	1.0
3164	4543	10	1.0
2974	281	86	1.0
1140	1668	31	1.0
169	1231	117	1.0
168	1231	64	1.0
3205	3205	103	1.0
506	3544	72	1.0
596	4118	98	1.0
1183	3226	122	1.0
1010	4016	71	1.0
232	1713	94	1.0
310	2198	147	1.0
341	538	113	1.0
1960	3160	144	1.0
522	3648	121	1.0
3832	1710	116	1.0
444	3130	13	1.0
652	4400	89	1.0
1668	1392	19	1.0
1223	3663	38	1.0
656	4417	61	1.0
2650	2424	0	1.0
2637	116	117	1.0
387	2301	60	1.0
539	280	23	1.0
366	2611	126	1.0
1365	122	44	1.0
3167	1637	167	1.0
123	928	95	1.0
406	2865	46	1.0
374	2671	166	1.0
156	1150	96	1.0
578	4003	120	1.0
1997	1132	144	1.0
948	256	101	1.0
25	247	114	1.0
5	72	17	1.0
472	3320	121	1.0
217	1538	0	1.0
87	733	135	1.0
341	2464	162	1.0
276	1967	72	1.0
1491	3944	134	1.0
10	129	5	1.0
487	3424	24	1.0
237	1737	72	1.0
3276	311	92	1.0
683	4543	11	1.0
627	4263	16	1.0
590	4076	54	1.0
710	918	91	1.0
294	2099	105	1.0
257	1876	164	1.0
3852	1699	92	1.0
703	198	39	1.0
243	1791	0	1.0
680	4508	96	1.0
1129	1703	165	1.0
199	1390	48	1.0
1977	3942	22	1.0
609	4159	1	1.0
14	164	24	1.0
227	1645	83	1.0
527	3691	93	1.0
442	3094	72	1.0
3229	2999	72	1.0
288	2074	0	1.0
1632	233	72	1.0
3263	3695	72	1.0
692	4612	144	1.0
168	1228	112	1.0
285	2050	18	1.0
434	3040	135	1.0
246	1807	96	1.0
1684	2303	97	1.0
123	927	72	1.0
4247	3270	96	1.0
2511	1423	14	1.0
3255	4461	73	1.0
2860	688	115	1.0
304	2162	68	1.0
676	4490	90	1.0
959	1830	14	1.0
1472	2178	24	1.0
4853	239	2	1.0
2684	592	114	1.0
65	514	111	1.0
3950	1513	0	1.0
25	235	41	1.0
3477	3134	68	1.0
264	1916	94	1.0
328	2354	19	1.0
1102	4232	117	1.0
464	3280	96	1.0
139	1062	14	1.0
573	3943	44	1.0
77	664	71	1.0
40	370	120	1.0
1502	234	40	1.0
311	2221	0	1.0
683	4537	115	1.0
491	3446	119	1.0
3840	1659	112	1.0
163	1195	28	1.0
1363	3604	22	1.0
3641	3848	15	1.0
1209	232	157	1.0
2769	2380	111	1.0
2648	1689	67	1.0
468	3290	165	1.0
687	4584	47	1.0
3015	4284	147	1.0
404	2785	97	1.0
2537	1630	18	1.0
227	1619	19	1.0
410	2898	120	1.0
3164	4541	10	1.0
1271	3636	23	1.0
1527	1136	140	1.0
3875	4326	159	1.0
4602	4131	44	1.0
405	2818	0	1.0
1632	233	97	1.0
1572	3159	25	1.0
1804	2653	167	1.0
3664	4477	118	1.0
1145	3206	103	1.0
2648	1684	94	1.0
2606	1185	91	1.0
275	1979	156	1.0
1987	1201	53	1.0
583	4028	72	1.0
295	2117	132	1.0
253	1857	145	1.0
3711	265	4	1.0
418	2969	140	1.0
624	4231	120	1.0
23	229	81	1.0
3752	3440	69	1.0
3543	3240	73	1.0
3771	2914	21	1.0
751	2454	97	1.0
1183	2387	25	1.0
2013	1135	156	1.0
3751	3441	72	1.0
4247	485	72	1.0
409	2885	65	1.0
485	3411	92	1.0
3105	1716	141	1.0
1298	3106	133	1.0
99	786	117	1.0
1009	4003	165	1.0
252	1847	95	1.0
4238	1700	30	1.0
631	4291	24	1.0
2176	3641	24	1.0
3852	1694	42	1.0
681	4524	86	1.0
2178	2136	70	1.0
37	346	34	1.0
2255	1667	44	1.0
593	4081	73	1.0
537	3742	87	1.0
1227	1967	118	1.0
3794	174	157	1.0
1989	2568	158	1.0
1464	3865	66	1.0
686	3940	142	1.0
373	2660	121	1.0
58	484	135	1.0
3852	1704	116	1.0
3654	3857	60	1.0
666	4458	53	1.0
675	4491	109	1.0
653	4405	72	1.0
2981	3937	111	1.0
547	3699	93	1.0
2845	4491	2	1.0
25	238	1	1.0
493	2644	10	1.0
165	1204	59	1.0
431	3019	166	1.0
199	1393	156	1.0
2228	2993	56	1.0
653	4406	164	1.0
483	3400	44	1.0
3267	3682	23	1.0
625	1231	21	1.0
1175	314	24	1.0
531	3712	0	1.0
4654	521	163	1.0
243	1799	167	1.0
185	1342	68	1.0
2170	3603	135	1.0
170	1245	92	1.0
2683	3435	64	1.0
1213	253	96	1.0
310	2203	2	1.0
232	1690	165	1.0
671	90	120	1.0
1013	1061	156	1.0
168	1231	19	1.0
479	3367	144	1.0
1976	3955	136	1.0
3901	2877	0	1.0
508	3567	167	1.0
116	899	0	1.0
3836	3113	112	1.0
729	361	50	1.0
2552	3484	48	1.0
3072	4328	115	1.0
45	399	93	1.0
1071	1396	35	1.0
2213	1244	59	1.0
368	2626	144	1.0
152	1136	113	1.0
561	3850	120	1.0
1301	2254	25	1.0
1787	806	122	1.0
628	4269	156	1.0
63	503	86	1.0
381	2695	42	1.0
3355	4041	46	1.0
652	4402	89	1.0
566	3895	45	1.0
1213	262	53	1.0
3875	1720	45	1.0
198	1402	110	1.0
1889	3363	84	1.0
3146	385	84	1.0
198	1404	163	1.0
291	2094	97	1.0
665	4456	165	1.0
1242	1101	114	1.0
296	2119	164	1.0
808	1090	165	1.0
3368	8	91	1.0
2949	3279	122	1.0
766	2979	0	1.0
652	4378	120	1.0
30	290	120	1.0
2214	2425	119	1.0
4514	4222	0	1.0
3355	4041	74	1.0
14	164	0	1.0
207	1468	166	1.0
144	1098	134	1.0
3851	1684	12	1.0
323	2306	69	1.0
1140	1690	94	1.0
698	4641	98	1.0
479	3366	96	1.0
526	3643	62	1.0
568	3913	69	1.0
159	1171	141	1.0
563	3880	97	1.0
366	2617	160	1.0
564	3883	0	1.0
315	2249	67	1.0
1527	1135	0	1.0
1451	1138	116	1.0
4869	240	100	1.0
4019	460	55	1.0
319	2290	31	1.0
4387	3724	0	1.0
25	247	1	1.0
166	1218	165	1.0
805	1480	0	1.0
215	1530	68	1.0
616	4179	25	1.0
947	167	120	1.0
3139	448	40	1.0
323	2305	143	1.0
251	1830	48	1.0
152	1136	156	1.0
300	2148	68	1.0
560	3846	120	1.0
198	1388	48	1.0
2648	590	67	1.0
123	929	22	1.0
539	3749	1	1.0
425	3000	96	1.0
431	3022	0	1.0
110	860	59	1.0
1168	3903	145	1.0
182	1326	69	1.0
2561	1703	162	1.0
3771	4593	22	1.0
1633	248	110	1.0
30	283	24	1.0
618	4185	93	1.0
2995	547	120	1.0
406	2873	48	1.0
45	401	39	1.0
2990	2636	144	1.0
375	458	144	1.0
1061	3315	47	1.0
375	458	35	1.0
230	93	43	1.0
774	377	55	1.0
1173	3993	0	1.0
2347	4467	155	1.0
4790	3882	96	1.0
1827	1164	13	1.0
2484	4408	155	1.0
363	2590	135	1.0
3881	1668	71	1.0
163	1190	66	1.0
2643	119	91	1.0
940	2367	64	1.0
419	2974	0	1.0
83	708	11	1.0
3228	739	92	1.0
2864	1703	162	1.0
3179	3677	0	1.0
253	1851	24	1.0
196	1384	22	1.0
2949	3279	25	1.0
222	1583	1	1.0
4255	4237	147	1.0
1238	532	93	1.0
2224	4667	71	1.0
173	1272	144	1.0
1889	3361	3	1.0
2247	2840	118	1.0
344	2483	120	1.0
2486	1620	72	1.0
605	4140	144	1.0
193	1377	119	1.0
2823	3870	111	1.0
431	3030	66	1.0
2643	578	138	1.0
1726	1690	45	1.0
3267	3677	144	1.0
203	1427	0	1.0
172	1269	24	1.0
405	2774	113	1.0
1685	2387	26	1.0
2398	1191	50	1.0
294	2099	61	1.0
3852	1698	166	1.0
1949	1964	121	1.0
1397	732	91	1.0
852	4572	120	1.0
549	1207	43	1.0
1224	3666	68	1.0
47	430	48	1.0
137	1043	163	1.0
406	2866	156	1.0
437	3052	6	1.0
331	2373	143	1.0
123	943	137	1.0
2537	1643	133	1.0
3840	1536	67	1.0
1762	3507	89	1.0
1527	1137	71	1.0
4029	1276	53	1.0
30	292	74	1.0
4761	956	134	1.0
206	1450	120	1.0
558	3842	138	1.0
3267	3679	110	1.0
189	1353	72	1.0
496	3463	25	1.0
357	2563	124	1.0
3985	287	27	1.0
2286	3868	120	1.0
375	2673	48	1.0
688	4593	0	1.0
608	4151	0	1.0
292	2096	137	1.0
221	1571	109	1.0
3810	3037	122	1.0
573	3967	91	1.0
37	340	91	1.0
125	959	24	1.0
1718	920	24	1.0
450	3188	24	1.0
2248	2843	12	1.0
1338	1263	72	1.0
2595	2497	72	1.0
2069	970	163	1.0
2648	578	94	1.0
520	3632	112	1.0
363	2588	96	1.0
1527	1140	144	1.0
1046	171	96	1.0
183	1328	122	1.0
405	2797	0	1.0
2648	1687	67	1.0
232	1709	94	1.0
3834	1261	141	1.0
1271	3639	94	1.0
24	245	167	1.0
263	1905	56	1.0
138	1047	94	1.0
1079	79	24	1.0
4053	388	73	1.0
253	1852	145	1.0
446	3164	144	1.0
144	1094	94	1.0
3838	1697	40	1.0
405	2796	114	1.0
4433	3417	25	1.0
277	37	134	1.0
631	4293	24	1.0
1941	2429	120	1.0
576	3990	24	1.0
273	1954	108	1.0
232	1683	94	1.0
635	4299	145	1.0
520	3635	112	1.0
521	3637	72	1.0
2561	1538	15	1.0
3836	3117	156	1.0
2817	3557	85	1.0
1378	3375	42	1.0
171	1266	97	1.0
159	1176	106	1.0
444	3122	21	1.0
729	358	50	1.0
124	955	162	1.0
3314	3843	0	1.0
543	3758	48	1.0
4654	521	44	1.0
3366	1955	92	1.0
81	692	149	1.0
2824	2227	152	1.0
669	4475	141	1.0
4082	2089	114	1.0
137	1043	22	1.0
1977	3940	159	1.0
635	2805	67	1.0
444	3134	145	1.0
2643	119	138	1.0
3255	4461	49	1.0
3715	64	142	1.0
1082	2008	1	1.0
217	1544	21	1.0
34	313	17	1.0
4246	3281	92	1.0
1964	3940	91	1.0
3851	97	12	1.0
1964	3944	113	1.0
1141	108	93	1.0
1140	1533	1	1.0
403	2771	136	1.0
406	2875	75	1.0
1183	3221	116	1.0
1504	235	139	1.0
566	3897	163	1.0
309	2193	48	1.0
1608	2637	44	1.0
2648	1541	94	1.0
4112	3206	0	1.0
4465	2662	48	1.0
3825	1062	155	1.0
1638	3663	156	1.0
590	4064	97	1.0
2660	49	136	1.0
4190	604	0	1.0
123	937	132	1.0
406	2831	1	1.0
1566	2249	0	1.0
1163	1195	122	1.0
404	2773	0	1.0
3164	4541	43	1.0
25	243	103	1.0
4641	1606	142	1.0
2592	1173	71	1.0
2891	3515	131	1.0
667	4458	96	1.0
699	4651	70	1.0
675	4491	0	1.0
2767	113	46	1.0
2643	1684	91	1.0
2595	3580	74	1.0
444	3145	159	1.0
472	3313	48	1.0
293	2098	37	1.0
26	256	48	1.0
4487	4584	0	1.0
2561	1703	15	1.0
942	485	72	1.0
3548	3223	143	1.0
3133	2978	167	1.0
280	2004	59	1.0
2125	3243	19	1.0
1129	1668	166	1.0
375	2675	24	1.0
734	1942	122	1.0
2537	1628	119	1.0
253	1861	144	1.0
4357	3270	96	1.0
915	152	85	1.0
4869	240	153	1.0
1515	3944	46	1.0
351	2526	39	1.0
406	2844	48	1.0
448	3177	94	1.0
929	3845	22	1.0
269	1938	48	1.0
1726	1534	141	1.0
3851	99	12	1.0
366	2619	167	1.0
51	447	84	1.0
650	4357	62	1.0
582	4021	0	1.0
2968	629	144	1.0
319	2290	58	1.0
523	3651	96	1.0
408	2884	109	1.0
4455	709	107	1.0
1639	2154	0	1.0
2063	1760	69	1.0
422	2986	144	1.0
3481	2199	96	1.0
4697	2139	48	1.0
3852	1710	92	1.0
4217	1270	95	1.0
232	1697	165	1.0
440	3082	22	1.0
68	538	11	1.0
25	250	166	1.0
535	3735	1	1.0
499	3507	124	1.0
71	593	99	1.0
1062	2773	0	1.0
121	914	42	1.0
319	2287	72	1.0
312	2228	85	1.0
1993	1132	91	1.0
221	1564	84	1.0
27	261	75	1.0
1301	2261	72	1.0
406	2826	27	1.0
3742	541	69	1.0
1249	1617	21	1.0
2	9	97	1.0
99	785	143	1.0
154	1144	36	1.0
335	2392	23	1.0
233	95	116	1.0
646	4348	106	1.0
2400	2173	41	1.0
317	2270	120	1.0
4869	230	121	1.0
3238	1595	79	1.0
560	3848	70	1.0
520	3633	16	1.0
662	4442	96	1.0
3436	4681	145	1.0
592	4079	144	1.0
305	2167	95	1.0
155	1146	164	1.0
1226	1846	0	1.0
158	1165	22	1.0
476	3350	39	1.0
12	143	163	1.0
2053	487	63	1.0
508	3553	0	1.0
548	1196	24	1.0
221	1575	61	1.0
410	2905	135	1.0
1889	3351	27	1.0
1218	311	59	1.0
70	571	57	1.0
4119	1980	165	1.0
2333	4053	96	1.0
45	400	120	1.0
212	1500	80	1.0
629	4279	60	1.0
3961	3235	132	1.0
2683	1668	118	1.0
162	1186	73	1.0
2561	1668	15	1.0
579	4016	121	1.0
58	485	106	1.0
573	3967	144	1.0
2835	134	117	1.0
305	2167	112	1.0
526	3660	121	1.0
1297	3108	116	1.0
702	4666	0	1.0
91	762	141	1.0
75	641	50	1.0
811	1830	29	1.0
359	2576	134	1.0
215	1532	91	1.0
233	91	164	1.0
385	2702	165	1.0
1931	951	166	1.0
929	3841	42	1.0
573	3945	121	1.0
2236	1442	120	1.0
20	212	48	1.0
148	1117	74	1.0
3264	3695	122	1.0
539	299	156	1.0
83	707	93	1.0
1499	4436	45	1.0
549	3783	72	1.0
1786	3106	120	1.0
537	3746	155	1.0
134	1023	81	1.0
397	2737	19	1.0
347	2502	14	1.0
2931	3278	68	1.0
4535	1429	0	1.0
4790	78	111	1.0
53	452	123	1.0
285	991	136	1.0
244	1800	84	1.0
291	2091	0	1.0
891	2562	120	1.0
751	342	63	1.0
3267	3676	68	1.0
1489	4093	117	1.0
1504	241	100	1.0
468	3296	139	1.0
323	2307	0	1.0
4039	2366	43	1.0
4869	240	45	1.0
2031	103	22	1.0
751	2451	134	1.0
411	2899	72	1.0
2498	281	0	1.0
253	1861	44	1.0
531	3717	104	1.0
1202	334	45	1.0
67	532	93	1.0
1718	932	164	1.0
4869	237	45	1.0
2949	485	43	1.0
249	1822	139	1.0
142	1085	166	1.0
1271	3636	45	1.0
1183	3229	24	1.0
3852	1691	166	1.0
2424	3375	63	1.0
337	1468	163	1.0
573	3957	21	1.0
199	1399	47	1.0
4246	3274	162	1.0
763	207	46	1.0
445	3110	114	1.0
528	3689	93	1.0
641	4326	42	1.0
4246	3278	72	1.0
3493	64	96	1.0
4276	2488	120	1.0
606	4145	0	1.0
216	1533	72	1.0
4295	826	25	1.0
339	2435	45	1.0
492	3437	0	1.0
6	79	50	1.0
4796	255	37	1.0
4535	3262	48	1.0
3826	1677	166	1.0
440	3088	72	1.0
670	4470	65	1.0
49	433	141	1.0
2515	4485	128	1.0
4527	2139	166	1.0
437	3052	72	1.0
668	2961	93	1.0
4246	3278	66	1.0
3278	2120	135	1.0
2085	3447	114	1.0
3355	4039	143	1.0
271	1946	41	1.0
2083	3849	106	1.0
202	1423	25	1.0
702	2494	145	1.0
2561	1681	15	1.0
27	263	49	1.0
508	3563	119	1.0
693	4623	140	1.0
1515	3964	70	1.0
2649	3117	21	1.0
941	2365	138	1.0
573	3961	43	1.0
366	2608	161	1.0
4154	4605	0	1.0
3139	441	115	1.0
597	4120	48	1.0
699	4648	22	1.0
675	4493	59	1.0
1871	280	37	1.0
218	1546	0	1.0
1336	3845	43	1.0
2561	113	70	1.0
3602	2141	117	1.0
6	81	72	1.0
528	3682	68	1.0
2677	1675	90	1.0
374	2668	106	1.0
3146	747	118	1.0
418	2966	96	1.0
6	82	119	1.0
2951	1701	43	1.0
148	1115	8	1.0
3170	958	45	1.0
69	539	139	1.0
625	4254	141	1.0
22	223	122	1.0
94	768	60	1.0
560	3846	0	1.0
18	203	48	1.0
3427	163	20	1.0
104	802	0	1.0
1303	4410	96	1.0
6	80	99	1.0
4485	250	137	1.0
3383	2037	117	1.0
3179	3677	72	1.0
56	470	85	1.0
1515	3951	72	1.0
1889	3348	101	1.0
1682	4154	17	1.0
2228	2992	96	1.0
924	2488	145	1.0
1865	1342	70	1.0
177	1282	148	1.0
324	2305	0	1.0
445	3109	45	1.0
1301	2255	121	1.0
243	1791	24	1.0
1954	4217	49	1.0
3836	3117	103	1.0
225	1612	40	1.0
2444	3884	24	1.0
864	3485	106	1.0
579	4007	68	1.0
1190	1470	93	1.0
198	1402	90	1.0
3308	4357	60	1.0
1951	3160	0	1.0
2337	2175	91	1.0
1630	3205	96	1.0
573	3943	0	1.0
91	756	137	1.0
315	2252	72	1.0
37	343	23	1.0
618	4194	144	1.0
959	1830	121	1.0
1078	89	121	1.0
2649	97	42	1.0
3267	3678	73	1.0
910	835	0	1.0
339	2434	20	1.0
2451	4236	135	1.0
1479	1154	39	1.0
2384	276	92	1.0
4062	2493	156	1.0
168	1232	163	1.0
263	1912	111	1.0
1180	3225	166	1.0
4433	3069	72	1.0
590	4072	16	1.0
1726	1660	155	1.0
416	2962	48	1.0
199	1405	0	1.0
1036	371	48	1.0
676	4490	144	1.0
669	4475	34	1.0
4682	2906	24	1.0
2179	1114	0	1.0
631	4289	11	1.0
476	1792	120	1.0
2552	3471	40	1.0
2614	44	132	1.0
612	4165	41	1.0
204	1440	62	1.0
153	1138	114	1.0
123	942	17	1.0
3852	3155	92	1.0
153	1132	94	1.0
120	913	133	1.0
3751	3447	45	1.0
1394	4019	120	1.0
4429	1617	118	1.0
3852	116	42	1.0
1248	1621	71	1.0
151	1128	41	1.0
497	3487	72	1.0
3825	105	155	1.0
1786	3107	165	1.0
658	4428	144	1.0
2572	4458	145	1.0
113	879	89	1.0
702	4674	47	1.0
549	1201	0	1.0
3832	1689	164	1.0
375	2664	48	1.0
1452	4112	69	1.0
2090	549	73	1.0
364	2591	48	1.0
420	2975	48	1.0
592	1196	73	1.0
3630	1143	46	1.0
362	2586	0	1.0
672	4262	14	1.0
1504	247	49	1.0
865	3466	162	1.0
4700	292	93	1.0
152	1134	64	1.0
573	3967	41	1.0
237	1742	64	1.0
2633	1687	1	1.0
1226	1846	93	1.0
323	2326	144	1.0
317	2274	145	1.0
1113	786	22	1.0
1357	3367	35	1.0
189	1355	105	1.0
248	1811	66	1.0
241	1772	24	1.0
526	3671	122	1.0
681	4522	34	1.0
1303	4405	45	1.0
2845	4495	67	1.0
494	3452	84	1.0
2498	2997	117	1.0
1213	260	28	1.0
401	2759	106	1.0
924	4567	122	1.0
514	3599	0	1.0
235	1726	72	1.0
79	669	83	1.0
503	3515	0	1.0
4854	3937	165	1.0
1365	1918	70	1.0
434	3041	96	1.0
1	1	0	1.0
126	970	157	1.0
2444	3884	14	1.0
624	4230	143	1.0
492	3450	61	1.0
431	3027	48	1.0
318	2281	23	1.0
95	766	93	1.0
2678	1677	140	1.0
198	1387	48	1.0
4228	3632	157	1.0
20	216	120	1.0
559	3837	96	1.0
263	1908	57	1.0
1244	2562	87	1.0
551	3804	69	1.0
573	3941	0	1.0
801	1643	109	1.0
3235	1806	157	1.0
2649	92	144	1.0
3624	2250	0	1.0
408	2890	14	1.0
452	3197	74	1.0
675	4493	91	1.0
751	2454	148	1.0
424	2994	132	1.0
1141	1539	43	1.0
291	2094	2	1.0
3699	1887	61	1.0
1565	2262	160	1.0
376	2677	0	1.0
702	3609	0	1.0
81	685	24	1.0
3314	3840	90	1.0
2648	1684	67	1.0
1378	3379	0	1.0
3691	257	24	1.0
2776	4098	0	1.0
4755	1596	91	1.0
53	457	96	1.0
205	1449	24	1.0
401	2758	0	1.0
2104	4517	30	1.0
4167	2201	48	1.0
654	4409	72	1.0
275	1968	48	1.0
2662	91	41	1.0
123	928	26	1.0
295	2117	160	1.0
1610	3000	5	1.0
4396	547	66	1.0
587	4042	33	1.0
2013	1132	22	1.0
618	4197	41	1.0
371	2643	38	1.0
427	3006	47	1.0
179	1300	0	1.0
232	1679	165	1.0
4263	1538	120	1.0
446	3161	67	1.0
218	1547	132	1.0
3701	2467	112	1.0
8	105	20	1.0
1025	4580	83	1.0
834	451	96	1.0
3862	3786	72	1.0
2643	3153	91	1.0
2873	570	0	1.0
528	3679	73	1.0
345	2488	95	1.0
79	670	63	1.0
3256	4465	140	1.0
1726	117	155	1.0
115	896	34	1.0
2960	535	40	1.0
75	651	122	1.0
110	717	12	1.0
395	2730	20	1.0
304	2155	145	1.0
1141	108	43	1.0
215	1524	130	1.0
702	4677	21	1.0
661	4431	92	1.0
3832	1684	21	1.0
290	2080	0	1.0
91	754	72	1.0
464	3269	95	1.0
179	1301	128	1.0
3989	372	97	1.0
230	1655	46	1.0
132	1010	132	1.0
18	203	145	1.0
528	3673	46	1.0
33	306	40	1.0
625	4251	96	1.0
618	4189	137	1.0
203	1430	45	1.0
3105	1716	22	1.0
8	103	94	1.0
3713	839	0	1.0
3040	3538	22	1.0
130	990	0	1.0
624	4231	113	1.0
544	3771	123	1.0
681	4515	106	1.0
437	3056	75	1.0
2795	3796	144	1.0
514	3599	80	1.0
272	1950	133	1.0
227	1619	144	1.0
251	1830	147	1.0
1668	1405	48	1.0
366	2619	122	1.0
3337	2821	137	1.0
44	391	0	1.0
2864	1713	69	1.0
480	3371	94	1.0
69	544	48	1.0
475	3347	5	1.0
72	604	75	1.0
152	1137	45	1.0
476	3363	156	1.0
530	3711	0	1.0
335	2394	128	1.0
3263	3777	120	1.0
4641	1599	130	1.0
283	2028	66	1.0
456	3224	96	1.0
138	1057	95	1.0
484	3406	144	1.0
4767	3422	120	1.0
573	3950	120	1.0
127	980	25	1.0
347	2512	163	1.0
3584	3281	24	1.0
2738	2445	2	1.0
3636	3906	162	1.0
652	4390	61	1.0
764	213	45	1.0
3113	2	143	1.0
693	4623	0	1.0
1105	2541	0	1.0
497	3487	68	1.0
930	3839	142	1.0
422	2989	48	1.0
66	517	0	1.0
273	1963	92	1.0
3064	2262	137	1.0
200	1412	72	1.0
1726	1540	141	1.0
4201	2146	136	1.0
4059	2040	70	1.0
310	2209	121	1.0
154	1142	134	1.0
4167	2210	71	1.0
291	2091	48	1.0
370	2643	3	1.0
688	337	48	1.0
4728	647	45	1.0
942	485	121	1.0
1733	4018	24	1.0
208	1471	0	1.0
526	3669	72	1.0
2662	592	119	1.0
641	1535	142	1.0
688	1276	167	1.0
925	2115	113	1.0
2309	3370	40	1.0
1598	3945	46	1.0
2430	3034	48	1.0
179	1301	24	1.0
2151	4630	89	1.0
1112	783	24	1.0
251	1837	19	1.0
4246	485	133	1.0
440	3067	51	1.0
4228	3632	142	1.0
199	1393	137	1.0
2871	3986	0	1.0
410	2904	166	1.0
434	3040	48	1.0
2932	3268	11	1.0
878	739	145	1.0
468	3186	14	1.0
4246	3270	145	1.0
406	2833	48	1.0
37	337	48	1.0
373	316	51	1.0
243	1785	62	1.0
3701	2467	1	1.0
701	4662	36	1.0
2486	3353	93	1.0
4694	1914	13	1.0
2031	103	46	1.0
484	3406	48	1.0
219	1549	14	1.0
290	2083	62	1.0
812	493	91	1.0
152	1136	120	1.0
2738	537	69	1.0
2649	3114	44	1.0
2488	4470	144	1.0
953	4484	130	1.0
437	3054	71	1.0
269	1939	23	1.0
711	3017	48	1.0
552	2064	48	1.0
1889	3351	0	1.0
849	4036	72	1.0
1451	1132	68	1.0
4529	3422	133	1.0
57	478	37	1.0
2853	408	0	1.0
343	2479	144	1.0
3516	1967	0	1.0
414	2935	24	1.0
3337	2828	165	1.0
12	149	89	1.0
277	1986	121	1.0
2852	3690	111	1.0
455	3210	0	1.0
1464	3865	164	1.0
4830	4622	138	1.0
1633	246	144	1.0
3418	162	43	1.0
98	783	25	1.0
251	1841	102	1.0
415	2941	96	1.0
241	1776	34	1.0
229	1653	0	1.0
628	4269	24	1.0
2013	1135	123	1.0
153	1138	24	1.0
2236	1441	43	1.0
429	3014	24	1.0
16	184	95	1.0
1515	3955	20	1.0
2684	611	116	1.0
24	237	102	1.0
289	2075	72	1.0
2104	4517	6	1.0
1191	3559	68	1.0
525	3659	48	1.0
596	4110	35	1.0
387	2708	166	1.0
1451	1138	143	1.0
631	4292	11	1.0
1141	1679	118	1.0
127	975	71	1.0
3186	495	16	1.0
4194	1473	0	1.0
3852	1680	19	1.0
2092	4672	119	1.0
2872	3864	118	1.0
463	3271	0	1.0
641	1540	43	1.0
2685	4203	1	1.0
341	2449	89	1.0
1549	4411	95	1.0
2431	373	120	1.0
681	4518	9	1.0
3875	1667	159	1.0
361	2583	132	1.0
281	2017	164	1.0
3324	4578	161	1.0
2544	4017	49	1.0
3852	1694	19	1.0
321	2297	23	1.0
864	3464	165	1.0
539	291	23	1.0
977	780	47	1.0
487	3424	119	1.0
872	3378	140	1.0
2637	1667	18	1.0
2637	108	31	1.0
2643	1698	91	1.0
286	2065	118	1.0
3464	2316	137	1.0
2151	4623	65	1.0
306	2172	25	1.0
3612	818	149	1.0
972	1540	118	1.0
39	362	166	1.0
430	3017	48	1.0
1628	538	0	1.0
444	3130	141	1.0
69	546	48	1.0
948	257	49	1.0
461	3255	12	1.0
181	1309	17	1.0
3355	4039	72	1.0
2251	3761	48	1.0
4263	1534	161	1.0
1380	2853	96	1.0
3825	1691	155	1.0
138	1056	21	1.0
251	1831	64	1.0
687	1408	121	1.0
285	2056	139	1.0
3366	1956	159	1.0
67	519	48	1.0
2248	2840	63	1.0
108	823	72	1.0
165	441	108	1.0
1633	245	166	1.0
2303	3385	11	1.0
200	1415	140	1.0
1977	3942	144	1.0
57	478	19	1.0
31	299	25	1.0
1491	3941	21	1.0
3852	3137	166	1.0
666	3234	145	1.0
2852	3685	111	1.0
773	373	23	1.0
139	1061	94	1.0
4039	2372	121	1.0
505	3540	73	1.0
4324	3475	19	1.0
4357	3280	73	1.0
44	391	38	1.0
25	242	145	1.0
513	474	105	1.0
148	1114	0	1.0
335	2393	130	1.0
216	93	70	1.0
574	3972	65	1.0
130	1003	86	1.0
351	2537	49	1.0
27	268	47	1.0
1271	3641	87	1.0
2643	3113	157	1.0
1632	233	98	1.0
7	89	24	1.0
528	3682	72	1.0
1380	2855	142	1.0
652	4389	89	1.0
456	3226	122	1.0
1290	1048	24	1.0
3794	170	111	1.0
8	92	69	1.0
688	1276	66	1.0
1226	1846	145	1.0
1976	3960	88	1.0
594	4086	94	1.0
4771	312	27	1.0
1096	2078	24	1.0
547	3780	159	1.0
3852	1680	42	1.0
3464	2316	24	1.0
1380	2821	142	1.0
618	4198	95	1.0
3832	1701	114	1.0
751	1185	65	1.0
348	2215	162	1.0
3890	2522	19	1.0
948	256	52	1.0
3	30	48	1.0
221	1561	11	1.0
2572	4458	70	1.0
528	3678	18	1.0
924	4129	121	1.0
3792	1429	48	1.0
232	94	165	1.0
317	2269	143	1.0
122	917	48	1.0
3135	1987	165	1.0
2104	4531	118	1.0
1248	1623	12	1.0
3841	1679	92	1.0
281	402	46	1.0
27	263	99	1.0
160	1181	140	1.0
4651	392	36	1.0
273	1952	0	1.0
402	2763	144	1.0
1180	3229	46	1.0
3211	659	1	1.0
628	4268	68	1.0
3291	617	166	1.0
46	417	24	1.0
573	3967	120	1.0
20	210	143	1.0
1219	2444	121	1.0
210	1488	46	1.0
2561	1668	70	1.0
473	3328	137	1.0
2648	4322	94	1.0
1352	1485	69	1.0
2701	653	33	1.0
687	4590	121	1.0
1726	1660	66	1.0
1492	535	49	1.0
279	2000	3	1.0
671	1539	112	1.0
330	2371	144	1.0
259	1884	104	1.0
88	734	0	1.0
4394	284	145	1.0
393	2728	95	1.0
1092	848	26	1.0
977	785	71	1.0
63	502	87	1.0
774	373	39	1.0
1527	1137	147	1.0
215	1532	121	1.0
459	3233	62	1.0
3045	1248	96	1.0
339	2423	97	1.0
2415	4178	60	1.0
225	1609	47	1.0
2683	1697	43	1.0
8	100	164	1.0
579	4011	120	1.0
1997	1132	41	1.0
2662	592	144	1.0
1709	1623	94	1.0
200	1417	140	1.0
1598	3940	67	1.0
1355	86	70	1.0
292	2093	144	1.0
321	2296	121	1.0
444	1699	15	1.0
573	3963	133	1.0
253	1854	69	1.0
1428	1099	24	1.0
3310	487	94	1.0
4357	3280	48	1.0
2714	1249	21	1.0
137	1043	25	1.0
1515	3943	117	1.0
2649	102	43	1.0
31	290	137	1.0
1726	1660	45	1.0
327	2346	110	1.0
1640	4209	140	1.0
537	3744	24	1.0
97	769	0	1.0
405	2813	114	1.0
451	3191	71	1.0
1572	3158	25	1.0
390	2720	24	1.0
4180	1760	69	1.0
3402	916	120	1.0
310	2210	163	1.0
4163	3072	25	1.0
682	4528	72	1.0
690	2776	73	1.0
527	3696	93	1.0
2852	3684	111	1.0
1078	83	1	1.0
3743	3652	137	1.0
332	2376	160	1.0
122	921	138	1.0
370	2646	132	1.0
3710	1191	96	1.0
95	766	137	1.0
204	1446	96	1.0
445	1697	67	1.0
4838	2877	27	1.0
2932	3278	11	1.0
650	4361	16	1.0
40	371	39	1.0
2580	528	48	1.0
1263	544	65	1.0
212	1507	145	1.0
153	1138	70	1.0
3336	2828	69	1.0
142	1075	25	1.0
2523	3099	108	1.0
79	678	165	1.0
2552	3463	0	1.0
1567	3655	49	1.0
1965	991	51	1.0
1995	596	11	1.0
269	1940	85	1.0
177	1287	93	1.0
18	198	19	1.0
46	407	0	1.0
57	472	90	1.0
231	104	69	1.0
1090	4317	104	1.0
1248	1625	117	1.0
222	1584	48	1.0
475	3348	125	1.0
3162	681	17	1.0
273	1960	10	1.0
134	1027	96	1.0
199	1394	104	1.0
1633	241	109	1.0
198	1395	60	1.0
3832	1674	46	1.0
137	1046	25	1.0
415	2939	93	1.0
2347	4459	72	1.0
570	3933	41	1.0
306	2166	69	1.0
711	3017	24	1.0
433	3036	127	1.0
1461	1190	88	1.0
3752	3437	72	1.0
577	3994	68	1.0
1728	2717	125	1.0
4529	2222	74	1.0
251	1841	89	1.0
4264	1658	67	1.0
659	3105	0	1.0
257	1874	106	1.0
692	4613	0	1.0
236	1737	60	1.0
3164	4536	0	1.0
596	4101	110	1.0
1889	3344	150	1.0
3495	183	160	1.0
3135	1987	85	1.0
1450	1129	90	1.0
468	3305	113	1.0
2347	4458	118	1.0
464	3278	147	1.0
531	1873	163	1.0
356	2562	144	1.0
315	2259	77	1.0
2727	2728	120	1.0
4869	242	50	1.0
596	4108	63	1.0
483	3402	145	1.0
461	3254	22	1.0
447	3170	138	1.0
701	4660	150	1.0
579	4015	96	1.0
4728	1366	45	1.0
306	2168	167	1.0
241	1779	96	1.0
431	3024	96	1.0
2592	2445	145	1.0
179	1305	15	1.0
4804	1317	167	1.0
75	637	0	1.0
323	2324	144	1.0
1222	884	10	1.0
220	1560	14	1.0
464	3277	133	1.0
3354	4042	112	1.0
87	732	66	1.0
2174	3678	67	1.0
439	3058	48	1.0
1871	299	74	1.0
2932	3280	67	1.0
573	3948	68	1.0
4145	1462	50	1.0
367	2623	118	1.0
160	1183	19	1.0
1737	51	108	1.0
4602	4130	92	1.0
267	1924	156	1.0
3851	114	12	1.0
2643	3114	91	1.0
406	2823	145	1.0
87	730	82	1.0
2561	577	70	1.0
1297	3108	87	1.0
330	2371	96	1.0
587	4043	167	1.0
801	1619	17	1.0
4394	284	25	1.0
663	4446	119	1.0
40	372	118	1.0
1631	2906	72	1.0
848	4039	157	1.0
3664	4477	156	1.0
1451	1132	139	1.0
3139	441	46	1.0
1527	1130	140	1.0
1964	3945	0	1.0
253	1854	58	1.0
800	1619	35	1.0
3059	3377	141	1.0
684	4538	0	1.0
184	1339	68	1.0
139	1053	22	1.0
189	1355	93	1.0
71	596	162	1.0
681	4515	82	1.0
10	124	0	1.0
198	1392	19	1.0
1977	3969	143	1.0
1889	3348	27	1.0
2821	2221	119	1.0
457	3230	17	1.0
1402	4654	24	1.0
450	3188	137	1.0
103	799	20	1.0
3813	2385	167	1.0
2921	3447	116	1.0
3138	1711	22	1.0
3881	1697	93	1.0
2250	4577	49	1.0
421	2723	109	1.0
88	739	92	1.0
291	2094	160	1.0
1340	733	18	1.0
292	2096	96	1.0
2124	3240	122	1.0
1998	1132	138	1.0
242	1785	72	1.0
523	3650	166	1.0
3989	372	120	1.0
459	3243	144	1.0
202	1422	72	1.0
406	2828	137	1.0
3875	1697	159	1.0
2181	1163	113	1.0
424	2997	119	1.0
3824	1047	65	1.0
2810	2659	50	1.0
1244	1470	57	1.0
162	1186	111	1.0
1763	3338	113	1.0
246	1807	69	1.0
547	3688	93	1.0
4869	247	89	1.0
800	1622	31	1.0
109	823	94	1.0
2679	1713	70	1.0
246	1804	0	1.0
1610	2992	118	1.0
34	308	17	1.0
381	2344	2	1.0
3172	4202	125	1.0
562	3872	72	1.0
1452	508	142	1.0
544	3772	32	1.0
408	2885	14	1.0
152	1130	130	1.0
2643	590	157	1.0
1804	3370	72	1.0
353	2545	119	1.0
295	2116	18	1.0
2714	2498	21	1.0
427	3008	18	1.0
585	4032	0	1.0
458	3236	0	1.0
3553	4406	66	1.0
4480	3128	144	1.0
446	3169	90	1.0
263	1903	0	1.0
266	1733	104	1.0
455	3213	25	1.0
526	3643	73	1.0
2689	575	109	1.0
1610	296	93	1.0
4604	2200	31	1.0
1481	2567	160	1.0
275	1975	96	1.0
310	2200	121	1.0
597	3221	25	1.0
424	2993	83	1.0
2680	96	91	1.0
2662	91	66	1.0
1009	4011	120	1.0
3565	3272	90	1.0
249	1816	104	1.0
14	168	89	1.0
1045	171	69	1.0
1647	3636	23	1.0
1140	1701	88	1.0
191	1368	119	1.0
251	1844	94	1.0
3751	3443	161	1.0
527	3676	147	1.0
72	613	18	1.0
46	410	67	1.0
462	64	143	1.0
1205	1195	144	1.0
2872	3864	138	1.0
32	301	46	1.0
1989	3800	142	1.0
403	2764	120	1.0
1298	1062	92	1.0
364	2591	33	1.0
275	1969	144	1.0
89	742	131	1.0
370	2638	90	1.0
654	4409	48	1.0
4274	944	42	1.0
370	2639	48	1.0
498	3491	92	1.0
568	3905	69	1.0
440	3077	112	1.0
3503	1217	0	1.0
3394	3324	72	1.0
460	3249	0	1.0
328	2362	94	1.0
2437	3465	50	1.0
294	2102	32	1.0
233	1541	117	1.0
123	949	113	1.0
464	3272	0	1.0
1213	253	7	1.0
490	3434	94	1.0
3358	544	93	1.0
4869	248	89	1.0
63	507	84	1.0
25	237	145	1.0
3239	2010	147	1.0
286	2068	22	1.0
3630	1146	154	1.0
1609	2649	41	1.0
2568	3462	41	1.0
339	1259	72	1.0
53	453	96	1.0
366	2602	49	1.0
699	4650	67	1.0
177	1282	45	1.0
3794	168	141	1.0
232	1539	94	1.0
206	1455	120	1.0
2013	1135	92	1.0
653	4405	48	1.0
2333	4053	72	1.0
524	3657	141	1.0
339	1423	18	1.0
1062	2773	90	1.0
412	2907	0	1.0
2689	1667	109	1.0
62	497	98	1.0
20	208	0	1.0
2595	3580	1	1.0
1013	1052	164	1.0
2643	3117	138	1.0
241	1772	166	1.0
267	1930	59	1.0
4296	826	44	1.0
418	2969	96	1.0
4790	3870	86	1.0
1652	243	62	1.0
569	3903	0	1.0
1303	4408	167	1.0
206	1451	163	1.0
587	4040	79	1.0
476	1792	56	1.0
1434	1472	138	1.0
3543	3240	112	1.0
409	2877	122	1.0
1249	1618	66	1.0
67	533	166	1.0
425	2997	144	1.0
49	433	114	1.0
800	1615	110	1.0
3389	841	48	1.0
120	912	132	1.0
603	1736	93	1.0
597	4124	39	1.0
535	3733	2	1.0
580	1824	1	1.0
2643	4326	157	1.0
12	159	64	1.0
1479	1158	96	1.0
1393	3884	70	1.0
464	3278	133	1.0
169	1235	96	1.0
526	3643	117	1.0
405	2792	114	1.0
309	2188	147	1.0
876	3317	58	1.0
1223	3663	0	1.0
691	4606	69	1.0
34	315	73	1.0
877	2469	160	1.0
680	4505	41	1.0
3961	2078	165	1.0
2688	120	144	1.0
2691	1689	120	1.0
119	906	144	1.0
1518	3661	0	1.0
596	4119	114	1.0
9	90	96	1.0
2280	789	72	1.0
170	1241	0	1.0
1668	1392	115	1.0
3205	1584	0	1.0
319	2292	94	1.0
2836	3054	46	1.0
437	461	122	1.0
4073	682	47	1.0
218	1548	57	1.0
1271	3664	73	1.0
358	2574	132	1.0
1998	1139	133	1.0
419	2968	142	1.0
2932	3276	24	1.0
678	4503	0	1.0
496	3463	0	1.0
662	4436	147	1.0
681	4513	34	1.0
251	1839	118	1.0
439	3062	97	1.0
1010	4012	21	1.0
476	3349	116	1.0
171	1250	45	1.0
2228	2992	133	1.0
4438	1682	160	1.0
1563	4144	140	1.0
3832	1697	114	1.0
24	234	8	1.0
2124	3238	24	1.0
2637	1682	115	1.0
71	578	166	1.0
2940	1446	39	1.0
375	2676	135	1.0
81	682	48	1.0
365	494	62	1.0
4485	3317	66	1.0
3200	1306	68	1.0
2255	4322	133	1.0
8	111	120	1.0
12	153	83	1.0
1568	3658	53	1.0
2147	3184	94	1.0
63	503	61	1.0
578	4007	117	1.0
634	2816	69	1.0
1084	281	72	1.0
255	1865	160	1.0
1411	928	121	1.0
2973	4606	95	1.0
3814	2388	48	1.0
3167	1618	167	1.0
34	312	143	1.0
3759	841	23	1.0
448	3178	164	1.0
1976	3942	122	1.0
1755	3220	0	1.0
972	3125	114	1.0
624	4238	46	1.0
504	3522	0	1.0
1527	1138	140	1.0
4146	308	87	1.0
2606	2463	118	1.0
3752	3440	141	1.0
296	2123	166	1.0
1830	3316	148	1.0
2245	2160	112	1.0
3391	839	140	1.0
3314	3845	42	1.0
3621	1263	162	1.0
9	105	46	1.0
4135	3867	129	1.0
2103	2956	151	1.0
1298	3116	24	1.0
371	2638	131	1.0
528	3681	93	1.0
87	731	69	1.0
2174	3676	120	1.0
483	3398	35	1.0
2561	122	15	1.0
468	3302	46	1.0
1610	299	166	1.0
475	3344	94	1.0
1491	3944	70	1.0
626	4256	90	1.0
1990	3800	96	1.0
4869	237	3	1.0
673	4481	71	1.0
415	2946	98	1.0
313	2243	163	1.0
324	2305	72	1.0
3383	2037	21	1.0
370	2643	99	1.0
2181	1163	26	1.0
1168	3903	63	1.0
3823	1675	163	1.0
664	4448	114	1.0
152	1135	19	1.0
1515	3940	71	1.0
684	2491	70	1.0
339	2438	20	1.0
3696	2004	24	1.0
251	1835	154	1.0
2852	3683	111	1.0
683	4546	89	1.0
3872	2946	123	1.0
4159	2858	49	1.0
2575	1593	120	1.0
89	742	0	1.0
198	1397	110	1.0
347	2503	68	1.0
269	1939	17	1.0
852	4343	167	1.0
2148	3191	10	1.0
3164	4555	44	1.0
4791	2946	48	1.0
1504	238	147	1.0
310	2204	1	1.0
122	917	138	1.0
681	4524	64	1.0
1098	784	144	1.0
198	1390	37	1.0
1461	2369	15	1.0
590	4070	167	1.0
198	1393	156	1.0
675	4490	96	1.0
361	2582	159	1.0
671	94	48	1.0
444	3121	15	1.0
1009	4011	0	1.0
1810	2821	24	1.0
217	1538	120	1.0
2537	1622	144	1.0
675	4491	48	1.0
82	700	85	1.0
2111	4044	107	1.0
361	741	93	1.0
452	3193	144	1.0
1183	3226	167	1.0
1078	79	167	1.0
876	3323	90	1.0
485	3416	118	1.0
568	3904	72	1.0
3503	1220	37	1.0
198	1391	110	1.0
1632	233	24	1.0
3874	1643	31	1.0
233	106	94	1.0
573	3942	41	1.0
2363	1484	10	1.0
641	120	69	1.0
345	2113	0	1.0
51	447	64	1.0
30	290	59	1.0
3823	4323	113	1.0
229	1654	161	1.0
100	788	62	1.0
2934	1541	98	1.0
1191	3556	159	1.0
3267	3683	110	1.0
476	3359	116	1.0
370	2640	99	1.0
24	236	22	1.0
219	1548	7	1.0
3852	1671	19	1.0
3664	4472	85	1.0
973	595	117	1.0
267	1927	18	1.0
3522	2908	24	1.0
666	4458	145	1.0
1668	1405	24	1.0
325	2341	50	1.0
641	4322	162	1.0
491	2399	144	1.0
4246	485	66	1.0
2089	142	15	1.0
3355	4041	69	1.0
251	1830	74	1.0
2688	91	19	1.0
3814	2388	1	1.0
232	1673	165	1.0
4423	3421	48	1.0
446	3165	75	1.0
4799	901	140	1.0
374	2663	0	1.0
1256	4047	69	1.0
404	2778	73	1.0
688	4582	0	1.0
4201	2147	96	1.0
440	3073	73	1.0
130	998	72	1.0
2347	4458	120	1.0
641	1535	68	1.0
3072	99	94	1.0
3454	3660	94	1.0
4869	247	72	1.0
328	2353	44	1.0
650	4356	15	1.0
2207	4573	33	1.0
251	1829	48	1.0
277	1983	24	1.0
2265	492	0	1.0
487	3422	22	1.0
234	1721	71	1.0
2473	3041	145	1.0
193	1374	151	1.0
509	3583	73	1.0
1763	641	112	1.0
2150	1114	70	1.0
1180	2387	0	1.0
607	4148	58	1.0
96	773	22	1.0
3971	4490	24	1.0
410	2898	72	1.0
344	2486	166	1.0
876	3320	108	1.0
233	94	120	1.0
1464	3862	96	1.0
613	4167	35	1.0
543	3758	0	1.0
3832	1674	119	1.0
1010	4005	93	1.0
4351	1453	0	1.0
2434	823	113	1.0
2214	2425	1	1.0
4076	2673	60	1.0
2515	149	162	1.0
2648	1709	94	1.0
181	1321	62	1.0
2973	4611	11	1.0
464	3272	147	1.0
573	3969	41	1.0
1528	4666	74	1.0
2437	3465	140	1.0
249	1817	106	1.0
923	2725	67	1.0
551	3797	1	1.0
2642	772	19	1.0
872	40	116	1.0
480	3372	97	1.0
3310	3275	22	1.0
2348	4376	0	1.0
2689	1659	109	1.0
2766	1540	141	1.0
1430	3117	141	1.0
1663	3277	24	1.0
411	2899	24	1.0
57	475	11	1.0
4047	4679	50	1.0
421	2983	121	1.0
2658	2223	0	1.0
602	4139	25	1.0
9	105	21	1.0
407	2821	76	1.0
4137	4112	25	1.0
2852	3675	111	1.0
184	1339	144	1.0
2847	1741	114	1.0
89	742	47	1.0
728	360	72	1.0
923	3748	42	1.0
672	4266	48	1.0
4682	2899	97	1.0
1631	2906	167	1.0
774	375	38	1.0
1854	4509	124	1.0
117	901	145	1.0
1141	120	116	1.0
1113	781	49	1.0
339	2430	49	1.0
304	2155	139	1.0
347	2505	38	1.0
631	4285	121	1.0
421	2977	96	1.0
4263	1660	43	1.0
2174	3679	24	1.0
295	2114	68	1.0
496	3466	41	1.0
1068	4684	118	1.0
2637	1677	42	1.0
2599	2701	106	1.0
219	1548	104	1.0
10	129	74	1.0
325	2334	0	1.0
1463	3847	137	1.0
559	3845	96	1.0
124	952	122	1.0
566	3889	143	1.0
647	4349	165	1.0
1977	3962	90	1.0
30	294	138	1.0
231	1663	19	1.0
3229	2993	22	1.0
3852	1691	92	1.0
1303	4412	165	1.0
8	106	69	1.0
692	4607	60	1.0
389	2715	24	1.0
1140	1667	0	1.0
270	1942	167	1.0
108	819	46	1.0
1135	2787	45	1.0
45	397	163	1.0
1559	4120	71	1.0
4796	256	0	1.0
2662	104	17	1.0
9	116	19	1.0
641	97	67	1.0
3696	2003	41	1.0
2601	917	142	1.0
464	3279	49	1.0
491	3449	123	1.0
573	3953	118	1.0
3661	3167	124	1.0
408	2888	14	1.0
45	400	24	1.0
4036	4669	45	1.0
478	3365	144	1.0
4466	2675	105	1.0
2684	3110	23	1.0
312	2227	0	1.0
3366	1958	24	1.0
3838	1697	113	1.0
1527	1136	123	1.0
9	94	143	1.0
2962	4208	116	1.0
1007	3868	72	1.0
3103	2447	109	1.0
152	1129	156	1.0
406	2848	48	1.0
1450	1129	48	1.0
1352	1485	0	1.0
402	2764	120	1.0
163	1190	40	1.0
864	3464	167	1.0
654	4406	120	1.0
3715	1429	120	1.0
604	1738	41	1.0
34	310	120	1.0
25	237	122	1.0
3873	1644	96	1.0
286	2067	163	1.0
1560	4125	166	1.0
421	2544	88	1.0
474	3337	122	1.0
2349	1988	26	1.0
4527	2140	116	1.0
1121	3642	44	1.0
2136	739	0	1.0
427	3006	11	1.0
323	2319	160	1.0
419	2967	122	1.0
204	1440	18	1.0
140	1069	90	1.0
193	1372	71	1.0
227	1647	81	1.0
2962	1176	158	1.0
687	4587	121	1.0
662	4443	16	1.0
2214	54	69	1.0
148	1120	64	1.0
2444	536	115	1.0
587	4042	94	1.0
2637	600	94	1.0
2684	3153	23	1.0
941	2365	25	1.0
574	3975	41	1.0
193	1375	162	1.0
2973	281	163	1.0
58	484	24	1.0
1951	3161	24	1.0
275	1982	110	1.0
41	377	120	1.0
1335	2603	97	1.0
2662	577	66	1.0
1009	4006	120	1.0
134	1028	110	1.0
1856	3266	157	1.0
225	1607	114	1.0
1129	3435	19	1.0
269	1937	116	1.0
3771	2198	147	1.0
2298	277	149	1.0
2931	485	115	1.0
625	4245	96	1.0
4869	238	45	1.0
1519	1299	143	1.0
3837	3120	60	1.0
1598	3945	21	1.0
609	4158	76	1.0
2727	2728	96	1.0
568	3911	72	1.0
1555	313	1	1.0
681	4530	133	1.0
220	1560	85	1.0
1650	4579	22	1.0
227	1636	74	1.0
947	169	120	1.0
311	2221	66	1.0
266	1733	31	1.0
445	3110	67	1.0
1129	1683	163	1.0
105	808	63	1.0
405	2791	114	1.0
216	1533	147	1.0
4064	3116	0	1.0
686	3970	67	1.0
4648	1329	0	1.0
2852	3681	111	1.0
404	2775	19	1.0
3825	1674	155	1.0
1504	231	1	1.0
2662	91	140	1.0
3840	1536	13	1.0
279	2003	41	1.0
602	4136	25	1.0
683	4542	155	1.0
769	4675	48	1.0
290	2075	145	1.0
255	1865	120	1.0
140	1063	85	1.0
4135	3857	29	1.0
4475	3445	166	1.0
340	2445	19	1.0
3814	2388	165	1.0
1507	836	103	1.0
652	4403	89	1.0
251	1830	3	1.0
476	3356	122	1.0
462	3267	167	1.0
368	2633	163	1.0
3229	2999	0	1.0
2950	580	26	1.0
39	365	5	1.0
311	2219	65	1.0
579	4016	71	1.0
4112	1592	144	1.0
3016	556	143	1.0
69	555	156	1.0
1929	1615	48	1.0
110	846	12	1.0
85	722	144	1.0
141	1073	0	1.0
572	3945	160	1.0
666	4461	74	1.0
635	4299	69	1.0
139	1061	0	1.0
822	1634	133	1.0
3848	2219	15	1.0
1964	3942	38	1.0
1135	4603	45	1.0
1369	3315	0	1.0
596	4115	114	1.0
75	646	132	1.0
686	3943	144	1.0
683	4539	42	1.0
4347	1708	70	1.0
531	3713	46	1.0
91	757	1	1.0
645	4347	112	1.0
2643	1664	138	1.0
3267	3678	23	1.0
4682	2906	1	1.0
4547	2650	24	1.0
1616	2049	80	1.0
2176	3641	0	1.0
1397	729	48	1.0
357	2573	134	1.0
3601	1412	138	1.0
1271	3659	117	1.0
2768	2376	0	1.0
431	3019	0	1.0
28	273	50	1.0
2864	3107	132	1.0
2561	113	15	1.0
2715	3815	164	1.0
3172	4202	96	1.0
227	1626	119	1.0
177	1283	28	1.0
4264	1656	90	1.0
604	1741	41	1.0
587	4038	0	1.0
192	1371	57	1.0
3641	3857	71	1.0
125	957	45	1.0
2813	2761	130	1.0
444	3109	94	1.0
1515	3965	20	1.0
214	1520	69	1.0
1248	1615	12	1.0
273	1952	47	1.0
1479	1650	88	1.0
1961	3158	1	1.0
257	1875	161	1.0
405	2810	0	1.0
1598	3940	159	1.0
153	1130	17	1.0
3205	3205	45	1.0
310	2205	121	1.0
4201	2147	43	1.0
71	582	0	1.0
4357	3271	116	1.0
1785	3537	0	1.0
4349	672	68	1.0
350	2527	0	1.0
201	1421	145	1.0
4034	4242	112	1.0
1211	3356	46	1.0
4636	257	1	1.0
237	1737	166	1.0
449	3181	67	1.0
1856	64	142	1.0
2177	3372	95	1.0
4145	1462	137	1.0
2580	521	25	1.0
37	347	89	1.0
200	1407	97	1.0
110	849	18	1.0
169	1230	94	1.0
2108	404	47	1.0
1334	2623	97	1.0
454	3207	167	1.0
168	1231	112	1.0
2856	3433	117	1.0
573	3955	120	1.0
184	1338	0	1.0
227	1644	147	1.0
1271	3666	23	1.0
599	2120	0	1.0
3851	114	44	1.0
237	1737	55	1.0
1639	2154	24	1.0
1084	281	0	1.0
3273	919	41	1.0
212	1506	72	1.0
645	4345	113	1.0
225	1613	79	1.0
2856	969	25	1.0
28	273	24	1.0
189	1353	48	1.0
680	4507	96	1.0
2931	485	72	1.0
320	2290	96	1.0
82	686	113	1.0
491	3438	24	1.0
440	3088	50	1.0
766	2979	148	1.0
527	3683	158	1.0
3825	1683	155	1.0
110	834	147	1.0
233	90	144	1.0
1357	3365	48	1.0
691	4607	56	1.0
4335	3774	15	1.0
3875	1658	64	1.0
474	3341	161	1.0
584	4031	83	1.0
2689	3112	109	1.0
375	2664	144	1.0
459	3241	26	1.0
3473	163	95	1.0
1567	3655	33	1.0
3493	3983	162	1.0
1337	1428	0	1.0
750	2451	65	1.0
2434	819	92	1.0
3366	1954	161	1.0
351	2529	0	1.0
515	3602	73	1.0
692	4610	0	1.0
4423	2233	41	1.0
238	1757	120	1.0
317	2271	144	1.0
446	3161	166	1.0
2689	3141	109	1.0
2985	4228	158	1.0
415	2956	115	1.0
2823	3869	166	1.0
548	1200	69	1.0
1336	3840	44	1.0
523	3649	0	1.0
2684	4326	23	1.0
3601	1417	91	1.0
341	2448	0	1.0
3172	4202	0	1.0
3614	3234	64	1.0
2896	285	144	1.0
4853	230	148	1.0
444	3120	17	1.0
113	881	137	1.0
3261	1813	0	1.0
1179	1420	119	1.0
2013	1138	120	1.0
594	4087	94	1.0
544	3772	80	1.0
1129	1683	11	1.0
444	590	17	1.0
3823	1714	113	1.0
294	2104	1	1.0
1835	4305	119	1.0
4239	1683	20	1.0
24	231	144	1.0
3179	3699	96	1.0
605	4141	157	1.0
1140	104	45	1.0
415	2935	123	1.0
217	123	45	1.0
3314	3837	138	1.0
2079	4674	47	1.0
315	2248	25	1.0
681	4514	0	1.0
1585	373	26	1.0
498	3492	24	1.0
415	2938	70	1.0
3144	398	82	1.0
444	3110	131	1.0
242	1786	0	1.0
2962	4206	129	1.0
63	499	96	1.0
2939	236	99	1.0
947	175	18	1.0
528	3678	42	1.0
3072	4325	66	1.0
1684	2303	0	1.0
3344	1404	48	1.0
2431	377	25	1.0
2638	3107	18	1.0
1302	4410	132	1.0
456	3223	25	1.0
69	552	49	1.0
306	2170	156	1.0
635	2801	19	1.0
1515	3964	144	1.0
2678	1667	35	1.0
2095	2838	145	1.0
414	2935	98	1.0
3696	2003	60	1.0
192	1371	33	1.0
418	2966	24	1.0
275	1968	0	1.0
1302	4406	24	1.0
506	3543	158	1.0
4811	4573	167	1.0
197	1386	48	1.0
229	1653	41	1.0
3751	3440	95	1.0
1584	739	129	1.0
267	1921	88	1.0
681	4519	83	1.0
3535	571	134	1.0
664	4454	155	1.0
1244	2562	55	1.0
528	3679	49	1.0
2127	2447	41	1.0
607	4147	36	1.0
51	446	37	1.0
2347	4459	48	1.0
681	4524	106	1.0
10	125	94	1.0
72	608	126	1.0
2669	3109	115	1.0
87	737	21	1.0
2236	1445	43	1.0
219	1550	144	1.0
204	1435	139	1.0
179	1303	12	1.0
37	353	80	1.0
339	2422	48	1.0
2280	789	0	1.0
478	3366	84	1.0
3565	3280	42	1.0
459	3239	73	1.0
607	4149	16	1.0
130	998	13	1.0
597	4122	132	1.0
2176	3664	44	1.0
595	193	98	1.0
1129	3435	43	1.0
83	701	35	1.0
3314	3839	141	1.0
334	2387	48	1.0
125	957	51	1.0
1093	1409	87	1.0
431	3020	0	1.0
1336	3843	48	1.0
3964	1997	63	1.0
1880	945	91	1.0
8	108	12	1.0
387	2709	96	1.0
266	1735	9	1.0
1652	243	114	1.0
3641	3857	140	1.0
3565	3271	111	1.0
298	2132	116	1.0
652	4378	162	1.0
2809	262	96	1.0
24	239	68	1.0
3035	3773	120	1.0
618	4194	138	1.0
3638	4671	121	1.0
222	1585	2	1.0
4640	1599	43	1.0
3871	833	73	1.0
1135	2787	0	1.0
3775	1002	37	1.0
3168	1078	27	1.0
2218	4233	0	1.0
652	4379	89	1.0
573	3963	20	1.0
319	2289	115	1.0
3267	3673	48	1.0
1671	1654	1	1.0
285	996	147	1.0
3960	3984	113	1.0
3035	2293	0	1.0
3267	3683	72	1.0
573	3943	91	1.0
1388	31	60	1.0
3205	3263	121	1.0
864	3464	0	1.0
493	2636	133	1.0
4701	292	162	1.0
2601	935	138	1.0
434	3040	144	1.0
200	1417	111	1.0
4599	1932	68	1.0
523	3650	38	1.0
425	2992	1	1.0
444	3137	67	1.0
1363	3608	120	1.0
522	3642	121	1.0
51	447	153	1.0
255	1866	66	1.0
356	2566	97	1.0
506	3547	71	1.0
446	3160	0	1.0
162	1184	120	1.0
1141	1541	79	1.0
2852	3693	45	1.0
3728	3352	121	1.0
3548	3222	17	1.0
777	30	114	1.0
294	2105	64	1.0
1045	167	47	1.0
215	1526	9	1.0
618	4184	0	1.0
498	3491	164	1.0
1860	2141	20	1.0
3503	1227	94	1.0
82	688	45	1.0
230	1661	46	1.0
227	1618	74	1.0
680	4506	47	1.0
2661	614	166	1.0
4532	2405	94	1.0
282	2018	156	1.0
3654	3863	120	1.0
3581	784	167	1.0
51	441	20	1.0
153	1132	157	1.0
162	1184	150	1.0
10	124	95	1.0
3641	3846	0	1.0
3964	2005	93	1.0
4246	3281	42	1.0
3319	4559	42	1.0
577	3994	24	1.0
4208	2426	122	1.0
3553	4406	108	1.0
568	3916	24	1.0
39	360	7	1.0
684	4561	92	1.0
527	3686	158	1.0
434	3041	22	1.0
473	3329	129	1.0
222	1584	164	1.0
423	2988	133	1.0
79	673	12	1.0
2961	519	144	1.0
643	4332	45	1.0
2250	4577	74	1.0
4429	560	35	1.0
263	1909	85	1.0
3823	1701	40	1.0
8	91	96	1.0
592	4077	72	1.0
616	4176	0	1.0
579	4011	24	1.0
210	1495	144	1.0
455	3214	73	1.0
189	1356	120	1.0
460	3253	111	1.0
4530	2374	73	1.0
3020	3069	62	1.0
2825	917	23	1.0
3399	2862	86	1.0
774	370	97	1.0
1029	524	76	1.0
1929	1630	89	1.0
158	1160	167	1.0
876	3319	90	1.0
1515	3945	90	1.0
2561	1541	15	1.0
619	4221	118	1.0
1967	4482	72	1.0
1491	3947	21	1.0
75	644	103	1.0
185	1340	72	1.0
181	1308	0	1.0
4109	1428	28	1.0
670	4478	167	1.0
130	1000	121	1.0
437	3052	45	1.0
4317	3377	48	1.0
72	609	119	1.0
125	966	45	1.0
77	664	10	1.0
2332	4053	24	1.0
490	3434	118	1.0
4429	559	109	1.0
590	4070	126	1.0
301	2149	0	1.0
165	1202	48	1.0
3148	2539	1	1.0
1140	1533	120	1.0
310	2210	120	1.0
4145	2305	48	1.0
319	2288	106	1.0
2939	236	141	1.0
3135	36	114	1.0
3829	1717	132	1.0
3344	1389	0	1.0
537	3746	96	1.0
43	386	94	1.0
73	627	135	1.0
1222	884	58	1.0
310	2202	2	1.0
30	291	27	1.0
1976	3964	108	1.0
425	282	14	1.0
25	241	49	1.0
506	3541	115	1.0
1301	2255	66	1.0
1976	3942	71	1.0
4694	1914	86	1.0
3840	3152	165	1.0
403	2764	144	1.0
878	738	37	1.0
4037	3602	48	1.0
505	3540	100	1.0
3127	3756	1	1.0
3146	382	4	1.0
10	126	79	1.0
4228	959	75	1.0
3112	3579	0	1.0
3490	2830	133	1.0
2228	282	80	1.0
264	1916	33	1.0
276	1967	48	1.0
242	1784	108	1.0
152	1131	143	1.0
1098	784	24	1.0
910	4687	47	1.0
1572	3162	98	1.0
32	303	46	1.0
193	1372	57	1.0
3139	448	115	1.0
3743	3652	0	1.0
468	3302	72	1.0
12	136	72	1.0
3743	3652	46	1.0
4869	242	115	1.0
3164	4555	140	1.0
142	1074	145	1.0
499	2268	121	1.0
986	470	124	1.0
2402	4046	59	1.0
2781	1150	88	1.0
542	3756	114	1.0
2303	1986	37	1.0
1997	1136	40	1.0
658	4421	144	1.0
506	3550	160	1.0
225	1610	145	1.0
1977	3955	120	1.0
1183	3221	88	1.0
563	3877	40	1.0
2623	1553	0	1.0
1190	1472	163	1.0
2662	578	41	1.0
4118	1971	0	1.0
331	2374	0	1.0
4825	2775	97	1.0
668	2960	0	1.0
2303	895	124	1.0
551	2567	116	1.0
684	4561	166	1.0
397	2735	12	1.0
1640	310	141	1.0
315	2251	94	1.0
406	2857	97	1.0
3267	3678	148	1.0
3825	1672	155	1.0
317	2264	160	1.0
1515	3962	66	1.0
2640	3107	46	1.0
461	3250	47	1.0
1126	3609	165	1.0
2689	3111	109	1.0
63	498	122	1.0
2940	1446	112	1.0
694	4631	73	1.0
3813	3224	48	1.0
71	599	17	1.0
509	2497	145	1.0
1078	79	1	1.0
625	4248	132	1.0
1504	237	49	1.0
2680	4327	41	1.0
2255	599	160	1.0
69	566	140	1.0
9	90	45	1.0
79	677	114	1.0
684	4563	91	1.0
658	4419	84	1.0
232	1678	94	1.0
246	1804	85	1.0
4149	2402	0	1.0
3080	3043	1	1.0
3254	1245	147	1.0
116	900	145	1.0
508	3573	57	1.0
4017	3615	41	1.0
690	2812	72	1.0
8	90	145	1.0
559	3840	45	1.0
250	1824	0	1.0
4612	79	0	1.0
4429	1625	26	1.0
3875	102	159	1.0
298	2130	0	1.0
1407	3204	24	1.0
4865	3848	0	1.0
4869	247	153	1.0
189	1355	10	1.0
15	179	0	1.0
4154	4605	24	1.0
666	4460	118	1.0
1297	1703	71	1.0
2570	4496	96	1.0
323	2331	144	1.0
2213	64	82	1.0
111	865	120	1.0
150	1123	72	1.0
510	9	0	1.0
357	2572	48	1.0
2484	4409	0	1.0
275	1971	160	1.0
444	3130	67	1.0
1608	2651	110	1.0
2637	1680	48	1.0
3794	165	38	1.0
615	4173	25	1.0
2561	1674	70	1.0
1224	3662	0	1.0
25	237	1	1.0
233	95	165	1.0
1287	4437	48	1.0
405	2789	114	1.0
4449	2399	90	1.0
2692	888	165	1.0
476	551	116	1.0
227	1630	157	1.0
4039	2366	82	1.0
4537	3328	1	1.0
3229	2994	24	1.0
1935	4063	121	1.0
1960	3163	144	1.0
242	1789	6	1.0
650	4372	66	1.0
3696	2004	60	1.0
1950	3162	73	1.0
3840	1655	46	1.0
3751	3447	142	1.0
1951	3161	136	1.0
3565	3268	114	1.0
52	450	122	1.0
588	4050	167	1.0
3971	4490	72	1.0
492	3450	90	1.0
476	3346	135	1.0
4592	2170	59	1.0
3464	2316	74	1.0
4279	2431	70	1.0
555	3817	167	1.0
4631	3986	0	1.0
947	169	57	1.0
929	3845	42	1.0
566	3898	139	1.0
1528	4666	25	1.0
1684	2365	91	1.0
573	3955	21	1.0
275	1968	24	1.0
242	1787	72	1.0
3251	310	144	1.0
526	3643	111	1.0
562	78	109	1.0
1608	2642	162	1.0
198	1400	110	1.0
1109	1721	0	1.0
1352	1485	130	1.0
823	459	17	1.0
3059	4668	142	1.0
198	1402	37	1.0
1249	1622	22	1.0
438	3059	25	1.0
2851	167	98	1.0
30	289	148	1.0
627	4257	109	1.0
1141	3117	167	1.0
2669	3157	162	1.0
82	685	23	1.0
475	3345	5	1.0
204	1444	24	1.0
4167	2199	96	1.0
669	4472	112	1.0
193	1372	82	1.0
3768	4311	20	1.0
3448	2829	167	1.0
3759	841	48	1.0
590	4070	100	1.0
611	4162	130	1.0
130	998	48	1.0
198	1403	117	1.0
3837	118	115	1.0
1726	1709	155	1.0
110	842	119	1.0
1363	3608	72	1.0
2671	1701	14	1.0
849	4042	42	1.0
68	538	39	1.0
2384	3077	14	1.0
2670	1673	44	1.0
318	2278	152	1.0
152	1132	133	1.0
2111	4044	49	1.0
615	4175	71	1.0
908	2652	96	1.0
4405	3821	70	1.0
692	282	83	1.0
2731	2262	131	1.0
181	1319	62	1.0
4055	3823	0	1.0
2963	3459	166	1.0
766	2979	132	1.0
310	2212	113	1.0
1964	3970	67	1.0
667	4460	48	1.0
1218	2449	88	1.0
1428	1097	141	1.0
463	3274	144	1.0
1633	239	115	1.0
2643	116	91	1.0
159	1176	162	1.0
2688	1674	68	1.0
340	2446	19	1.0
3836	1684	139	1.0
51	446	84	1.0
1336	3843	72	1.0
3267	3682	1	1.0
2661	3155	115	1.0
604	1735	43	1.0
629	4272	136	1.0
297	2127	167	1.0
1668	1395	18	1.0
2454	3642	71	1.0
231	108	19	1.0
577	3994	115	1.0
710	918	145	1.0
527	3688	25	1.0
2119	62	107	1.0
2671	589	40	1.0
456	3223	24	1.0
2118	2635	148	1.0
1826	1246	164	1.0
1527	1136	72	1.0
1889	3361	27	1.0
198	1398	37	1.0
233	99	46	1.0
156	1152	96	1.0
336	724	120	1.0
125	962	22	1.0
684	4536	165	1.0
218	1546	37	1.0
3477	3134	14	1.0
53	457	149	1.0
4093	3737	21	1.0
1147	2541	24	1.0
232	1710	94	1.0
330	2368	90	1.0
3164	4541	93	1.0
568	3909	96	1.0
1378	3990	50	1.0
212	1507	129	1.0
542	3756	23	1.0
1990	3796	134	1.0
2461	837	0	1.0
573	3961	68	1.0
460	3253	132	1.0
3314	3844	48	1.0
1515	3943	120	1.0
286	991	144	1.0
319	2287	24	1.0
464	3279	0	1.0
33	306	24	1.0
1718	932	92	1.0
619	4208	69	1.0
1871	280	9	1.0
22	228	71	1.0
1479	1151	65	1.0
164	1197	64	1.0
3819	17	37	1.0
694	4623	27	1.0
321	2295	48	1.0
314	2246	13	1.0
655	4414	24	1.0
1964	3959	8	1.0
1889	3355	50	1.0
2255	1703	112	1.0
666	4459	74	1.0
673	4484	104	1.0
1996	884	118	1.0
98	784	73	1.0
4238	1668	89	1.0
3167	1615	97	1.0
134	1023	40	1.0
2648	117	94	1.0
3454	3659	161	1.0
231	92	0	1.0
1451	1130	143	1.0
156	1154	97	1.0
3310	3275	84	1.0
315	2247	0	1.0
3977	3369	0	1.0
257	1878	164	1.0
24	242	166	1.0
2671	604	11	1.0
510	3589	21	1.0
1633	239	90	1.0
822	1634	165	1.0
240	1771	93	1.0
323	2311	144	1.0
3661	3158	4	1.0
167	1227	144	1.0
504	3536	167	1.0
3517	2979	157	1.0
210	1490	116	1.0
253	1855	131	1.0
455	3219	97	1.0
3	30	78	1.0
496	3469	67	1.0
2487	4470	110	1.0
631	4294	24	1.0
2988	1606	138	1.0
1429	1352	0	1.0
183	1334	120	1.0
3875	4328	159	1.0
929	3843	72	1.0
1336	3842	71	1.0
1990	3034	145	1.0
398	2754	91	1.0
33	306	72	1.0
493	2636	66	1.0
6	86	18	1.0
3743	569	88	1.0
3584	3268	48	1.0
304	2158	110	1.0
680	4507	122	1.0
1099	3607	25	1.0
676	4495	93	1.0
216	1535	14	1.0
1889	3355	121	1.0
492	3447	24	1.0
619	4216	101	1.0
135	1031	0	1.0
1843	616	23	1.0
2729	3910	69	1.0
579	4012	43	1.0
4869	246	72	1.0
3823	599	65	1.0
209	1480	112	1.0
3480	2201	1	1.0
702	969	47	1.0
301	2150	95	1.0
440	3070	87	1.0
3873	1622	0	1.0
405	2814	114	1.0
459	3237	144	1.0
129	989	0	1.0
253	1857	138	1.0
561	3859	94	1.0
2542	2478	48	1.0
4247	3270	70	1.0
109	820	139	1.0
904	234	70	1.0
2670	1673	11	1.0
199	1393	83	1.0
573	3943	68	1.0
587	4040	0	1.0
1053	4200	0	1.0
2990	2637	116	1.0
664	4454	130	1.0
12	144	114	1.0
90	748	95	1.0
2079	67	21	1.0
25	237	49	1.0
1527	1133	144	1.0
3794	172	44	1.0
1865	1340	0	1.0
452	3194	120	1.0
256	1870	44	1.0
1017	2821	116	1.0
2328	256	48	1.0
776	2418	42	1.0
41	377	96	1.0
1726	1696	155	1.0
309	2188	0	1.0
4830	4621	49	1.0
977	782	44	1.0
1140	592	72	1.0
8	94	144	1.0
2767	113	166	1.0
2136	739	45	1.0
3755	2233	95	1.0
4228	3628	3	1.0
228	1650	48	1.0
463	3271	91	1.0
4869	241	41	1.0
50	440	40	1.0
942	3279	0	1.0
1890	3345	73	1.0
370	2644	69	1.0
1871	291	37	1.0
4313	1338	0	1.0
4697	2139	96	1.0
3314	3843	142	1.0
200	1418	140	1.0
2679	576	119	1.0
728	359	0	1.0
628	4257	74	1.0
2684	1542	23	1.0
568	3916	69	1.0
1786	3107	67	1.0
2236	1446	120	1.0
204	1444	116	1.0
494	3454	57	1.0
4547	2650	114	1.0
1193	1793	58	1.0
643	4331	0	1.0
346	2499	157	1.0
595	193	38	1.0
227	1644	120	1.0
30	289	59	1.0
1191	3556	141	1.0
294	2109	86	1.0
1726	1665	45	1.0
2095	2827	36	1.0
2637	1668	0	1.0
3082	359	3	1.0
581	1828	86	1.0
486	3419	15	1.0
415	2946	7	1.0
315	2253	95	1.0
506	3545	132	1.0
3112	3394	74	1.0
490	1053	10	1.0
34	322	17	1.0
341	2455	51	1.0
269	1935	24	1.0
1248	1621	1	1.0
1726	1658	115	1.0
2	24	115	1.0
290	2082	139	1.0
1976	3960	134	1.0
167	1227	91	1.0
1870	2860	83	1.0
2973	4619	61	1.0
2031	90	140	1.0
2662	92	41	1.0
546	3681	72	1.0
18	197	69	1.0
605	4144	140	1.0
1002	2143	94	1.0
1527	1129	144	1.0
3823	1699	19	1.0
1336	3842	21	1.0
4774	3009	19	1.0
3314	3839	167	1.0
544	3772	8	1.0
141	1073	13	1.0
3875	106	40	1.0
140	1063	96	1.0
153	1130	0	1.0
2437	3465	52	1.0
123	932	24	1.0
2013	1134	22	1.0
393	2728	16	1.0
2609	254	53	1.0
539	299	121	1.0
2090	549	96	1.0
546	3694	91	1.0
535	3738	104	1.0
135	1032	85	1.0
165	1202	150	1.0
81	682	24	1.0
4661	4129	13	1.0
4475	3437	24	1.0
2580	528	72	1.0
939	4446	0	1.0
2561	3156	15	1.0
596	4118	167	1.0
547	3673	93	1.0
2756	2305	0	1.0
1491	3947	95	1.0
25	232	97	1.0
4523	3687	85	1.0
779	3352	143	1.0
701	4664	81	1.0
444	3124	114	1.0
3565	488	161	1.0
31	283	91	1.0
158	1162	96	1.0
373	2659	0	1.0
2688	1537	161	1.0
498	3498	68	1.0
138	1047	0	1.0
2666	600	157	1.0
3629	1428	0	1.0
681	4526	9	1.0
3205	1584	52	1.0
3319	4538	0	1.0
404	2785	24	1.0
664	4453	162	1.0
1113	787	46	1.0
671	91	156	1.0
560	3847	96	1.0
24	240	48	1.0
574	3973	144	1.0
2672	4327	45	1.0
1224	3662	61	1.0
3974	2082	114	1.0
3990	1624	76	1.0
292	2096	72	1.0
768	2096	48	1.0
199	1394	33	1.0
3875	93	159	1.0
4700	3750	95	1.0
508	3569	96	1.0
1977	3963	68	1.0
485	3416	120	1.0
271	1944	134	1.0
2701	4159	83	1.0
3164	4542	154	1.0
1726	117	45	1.0
122	921	167	1.0
4610	497	123	1.0
560	3849	2	1.0
404	2778	65	1.0
1726	1661	141	1.0
491	3447	24	1.0
2873	570	63	1.0
444	3117	157	1.0
90	748	96	1.0
4455	3417	37	1.0
3418	162	70	1.0
179	1299	71	1.0
200	1414	92	1.0
231	1538	0	1.0
3767	65	55	1.0
232	115	94	1.0
1252	309	0	1.0
208	1470	47	1.0
543	3759	48	1.0
25	240	122	1.0
183	1327	1	1.0
310	2211	150	1.0
520	3629	166	1.0
494	3452	0	1.0
690	4603	143	1.0
456	2387	25	1.0
4523	3687	19	1.0
2124	3243	154	1.0
4202	2245	48	1.0
439	3061	96	1.0
312	2232	96	1.0
188	1352	0	1.0
442	3092	166	1.0
751	322	158	1.0
491	3442	72	1.0
175	1278	87	1.0
339	2440	90	1.0
1518	3672	158	1.0
285	2050	136	1.0
590	4064	0	1.0
171	1255	47	1.0
1518	3661	147	1.0
8	91	115	1.0
627	4259	4	1.0
29	277	110	1.0
4418	1663	121	1.0
947	179	129	1.0
2626	1390	94	1.0
277	37	163	1.0
914	2488	137	1.0
2540	3312	48	1.0
1769	681	142	1.0
206	1452	78	1.0
518	3623	164	1.0
228	1648	0	1.0
249	1820	98	1.0
496	3480	67	1.0
3664	4472	140	1.0
8	104	120	1.0
568	3911	96	1.0
4433	3069	66	1.0
519	3624	92	1.0
3138	3150	0	1.0
2932	3274	0	1.0
200	1414	166	1.0
252	1848	24	1.0
3314	3844	142	1.0
408	2878	0	1.0
232	97	68	1.0
2691	1695	45	1.0
689	2788	144	1.0
99	785	46	1.0
3255	4462	1	1.0
168	1230	92	1.0
1889	551	3	1.0
1976	3949	47	1.0
4238	1700	16	1.0
402	2763	23	1.0
253	1851	0	1.0
489	3433	0	1.0
2648	104	67	1.0
212	1502	72	1.0
3873	1644	72	1.0
568	3904	166	1.0
683	4540	64	1.0
1140	1667	72	1.0
751	535	40	1.0
3612	819	76	1.0
102	795	141	1.0
3016	1616	0	1.0
548	1209	69	1.0
4830	4621	27	1.0
3872	2946	76	1.0
678	4503	165	1.0
3281	4485	25	1.0
2451	4232	145	1.0
3840	3112	88	1.0
409	2877	50	1.0
323	2310	144	1.0
221	1577	15	1.0
416	2963	25	1.0
2255	1703	139	1.0
598	4127	120	1.0
3971	4489	17	1.0
4357	3276	96	1.0
523	3651	48	1.0
703	4115	69	1.0
4494	842	96	1.0
2347	4466	65	1.0
1244	3989	55	1.0
4323	3379	1	1.0
529	3703	107	1.0
248	1809	0	1.0
2561	1537	15	1.0
4336	924	49	1.0
1515	3940	117	1.0
549	3783	160	1.0
2876	2461	149	1.0
126	968	50	1.0
71	602	43	1.0
640	93	20	1.0
1804	11	1	1.0
319	2284	121	1.0
3982	2562	72	1.0
1103	4232	110	1.0
281	2016	24	1.0
3267	3689	110	1.0
4	44	0	1.0
4830	4631	137	1.0
3825	109	12	1.0
3017	1195	127	1.0
1726	3121	141	1.0
806	1790	24	1.0
1352	3507	80	1.0
6	78	122	1.0
319	2285	63	1.0
2961	520	83	1.0
509	3585	143	1.0
1857	547	159	1.0
929	3844	48	1.0
46	426	94	1.0
275	1980	156	1.0
930	3839	48	1.0
564	3883	166	1.0
3628	2249	47	1.0
669	4473	34	1.0
640	108	65	1.0
285	2047	99	1.0
189	1357	93	1.0
681	4524	12	1.0
4152	284	73	1.0
169	1239	20	1.0
2498	4607	34	1.0
104	804	48	1.0
544	3772	56	1.0
97	769	163	1.0
8	91	159	1.0
573	3941	67	1.0
2561	114	15	1.0
1297	1541	67	1.0
1009	4003	48	1.0
688	4595	66	1.0
124	956	140	1.0
1168	3903	40	1.0
1598	3967	16	1.0
774	377	122	1.0
130	995	1	1.0
87	730	135	1.0
1249	1620	138	1.0
232	1687	165	1.0
641	1656	144	1.0
70	569	96	1.0
400	2757	107	1.0
520	2228	0	1.0
3960	3984	0	1.0
146	1107	55	1.0
335	2392	161	1.0
157	1150	84	1.0
371	2644	124	1.0
2540	3319	72	1.0
3255	4462	121	1.0
401	2762	106	1.0
2932	3275	11	1.0
631	4293	93	1.0
339	2425	0	1.0
628	4268	167	1.0
495	840	19	1.0
365	2600	145	1.0
1128	4542	70	1.0
357	2564	46	1.0
682	4525	46	1.0
253	1857	88	1.0
3314	3845	48	1.0
491	3443	45	1.0
1263	2979	66	1.0
1590	3846	159	1.0
418	2967	161	1.0
237	1734	85	1.0
3454	3641	96	1.0
2027	2955	30	1.0
3961	2078	65	1.0
1964	3944	117	1.0
590	4071	16	1.0
1527	1140	92	1.0
2454	3672	120	1.0
1871	290	24	1.0
508	3559	156	1.0
2171	1117	72	1.0
243	1794	61	1.0
1182	4544	137	1.0
373	2658	95	1.0
495	3457	84	1.0
4429	559	120	1.0
2931	3278	115	1.0
1219	2458	91	1.0
25	237	114	1.0
561	3852	47	1.0
1247	667	86	1.0
464	3281	147	1.0
38	358	0	1.0
30	291	12	1.0
83	705	10	1.0
490	1053	44	1.0
558	3839	138	1.0
698	4637	34	1.0
702	4681	145	1.0
487	3423	24	1.0
353	2540	25	1.0
236	1733	84	1.0
205	1449	72	1.0
56	470	0	1.0
1498	4439	0	1.0
69	566	117	1.0
579	4009	161	1.0
69	539	96	1.0
2264	2261	95	1.0
4694	1914	167	1.0
1451	1130	71	1.0
2124	3242	22	1.0
2561	1667	70	1.0
396	2732	142	1.0
482	3395	144	1.0
688	4582	66	1.0
3355	4043	22	1.0
232	1541	0	1.0
1654	4395	113	1.0
4446	3067	139	1.0
2637	115	48	1.0
4191	2113	164	1.0
255	1865	94	1.0
232	1658	165	1.0
2561	1537	119	1.0
44	392	0	1.0
506	3541	108	1.0
474	3338	113	1.0
483	3398	59	1.0
198	1387	120	1.0
481	3376	167	1.0
110	855	25	1.0
198	1402	115	1.0
561	3867	58	1.0
30	289	104	1.0
140	1068	96	1.0
110	857	86	1.0
3937	1456	125	1.0
3875	115	159	1.0
1461	542	14	1.0
356	2564	46	1.0
1518	3659	74	1.0
1989	3800	21	1.0
4347	1061	120	1.0
1599	3952	133	1.0
1527	1130	136	1.0
1191	3556	138	1.0
228	1652	21	1.0
503	3517	119	1.0
236	1733	166	1.0
403	2770	113	1.0
2973	4606	0	1.0
592	1204	81	1.0
90	745	154	1.0
3871	829	142	1.0
526	3665	0	1.0
543	3762	110	1.0
364	2596	142	1.0
81	687	67	1.0
3	40	165	1.0
3072	107	163	1.0
3069	4406	94	1.0
1297	3108	132	1.0
622	4228	108	1.0
3641	3857	161	1.0
206	1454	84	1.0
405	2808	123	1.0
2679	1717	159	1.0
2198	65	47	1.0
1686	3222	0	1.0
75	645	122	1.0
51	447	131	1.0
775	2135	162	1.0
142	1076	97	1.0
4246	487	0	1.0
923	3748	21	1.0
842	2752	94	1.0
2730	3907	164	1.0
3852	1715	166	1.0
3652	1809	159	1.0
123	946	22	1.0
439	3058	25	1.0
3167	1622	167	1.0
1644	496	38	1.0
3630	1146	90	1.0
2568	919	57	1.0
200	1407	24	1.0
597	4124	133	1.0
588	4050	24	1.0
573	3941	144	1.0
183	1336	120	1.0
4830	4622	65	1.0
3852	1689	92	1.0
1080	3877	113	1.0
782	3627	0	1.0
1856	3266	25	1.0
1080	3877	94	1.0
168	1231	15	1.0
1616	1804	24	1.0
616	4176	98	1.0
123	928	17	1.0
3454	3641	48	1.0
2684	1667	23	1.0
67	520	40	1.0
198	1399	14	1.0
2691	1689	41	1.0
497	3470	67	1.0
259	1885	6	1.0
253	1851	107	1.0
404	2785	75	1.0
3827	1698	142	1.0
4455	3068	147	1.0
599	4130	121	1.0
327	2345	121	1.0
2648	1709	160	1.0
2095	2827	93	1.0
675	4492	134	1.0
546	3675	24	1.0
847	4636	89	1.0
83	701	84	1.0
360	730	72	1.0
1223	3643	62	1.0
487	3423	96	1.0
2683	3134	45	1.0
8	94	117	1.0
4317	886	98	1.0
2643	3153	138	1.0
2719	1721	121	1.0
2293	3628	14	1.0
1790	3876	38	1.0
767	4182	0	1.0
2767	3108	67	1.0
2662	3113	19	1.0
3016	1628	22	1.0
2794	720	120	1.0
226	1626	96	1.0
4167	2516	68	1.0
2719	1721	51	1.0
452	3197	44	1.0
574	3973	41	1.0
1008	3868	120	1.0
1684	2303	147	1.0
179	1299	72	1.0
3503	1218	60	1.0
629	4271	24	1.0
290	2087	2	1.0
366	2603	143	1.0
3263	3777	24	1.0
570	3926	96	1.0
2714	1241	48	1.0
2492	1542	87	1.0
1113	782	135	1.0
1997	1136	142	1.0
2136	2583	28	1.0
1121	3639	167	1.0
4869	232	41	1.0
30	294	166	1.0
284	2039	134	1.0
3035	2291	94	1.0
319	2288	31	1.0
273	1960	132	1.0
497	3482	72	1.0
1949	1958	12	1.0
1889	1624	2	1.0
60	491	50	1.0
1140	1533	46	1.0
990	544	159	1.0
1951	3161	73	1.0
2561	1699	42	1.0
5	66	89	1.0
382	2083	132	1.0
4029	1276	29	1.0
1083	1790	36	1.0
215	1523	91	1.0
2398	1616	162	1.0
3630	1144	59	1.0
527	3697	93	1.0
2438	3481	19	1.0
522	3645	106	1.0
3755	2233	11	1.0
406	2841	48	1.0
1103	4229	0	1.0
1964	3964	132	1.0
495	3461	67	1.0
2178	2131	0	1.0
2255	122	90	1.0
1301	2254	91	1.0
1929	1642	96	1.0
1213	262	32	1.0
3052	1176	160	1.0
177	1288	24	1.0
3051	4201	136	1.0
4230	2826	81	1.0
230	1659	17	1.0
2031	103	143	1.0
130	995	106	1.0
652	4385	89	1.0
3843	1703	88	1.0
78	666	0	1.0
889	39	71	1.0
589	4062	87	1.0
37	346	73	1.0
12	158	164	1.0
537	3746	12	1.0
290	2085	145	1.0
1485	441	67	1.0
1632	233	50	1.0
487	3426	36	1.0
4335	2291	22	1.0
377	2680	129	1.0
1336	3842	72	1.0
2962	4201	117	1.0
231	92	43	1.0
2125	3242	44	1.0
1889	3095	116	1.0
2931	3281	123	1.0
672	4266	76	1.0
4357	3278	136	1.0
225	1598	36	1.0
222	1589	24	1.0
1444	2018	0	1.0
508	3569	107	1.0
199	1393	105	1.0
1724	2288	113	1.0
4335	3772	62	1.0
81	684	144	1.0
230	90	46	1.0
406	2838	48	1.0
273	1957	132	1.0
353	2545	72	1.0
44	394	144	1.0
1504	236	0	1.0
1949	1964	72	1.0
3837	3120	144	1.0
450	3184	46	1.0
323	2319	138	1.0
4156	2539	97	1.0
2214	1589	22	1.0
203	1432	49	1.0
99	781	48	1.0
6	87	120	1.0
1555	313	25	1.0
412	2907	165	1.0
163	1190	90	1.0
67	532	96	1.0
102	795	14	1.0
445	3106	66	1.0
56	470	66	1.0
205	1437	22	1.0
2586	343	34	1.0
1603	382	8	1.0
1721	1790	25	1.0
25	235	95	1.0
598	2387	98	1.0
3741	3205	18	1.0
171	1268	120	1.0
1515	3960	42	1.0
20	208	38	1.0
6	86	24	1.0
644	4339	23	1.0
3838	4326	138	1.0
4523	3781	19	1.0
3094	2023	143	1.0
81	685	148	1.0
332	2378	105	1.0
4660	2116	45	1.0
4767	3422	117	1.0
3085	181	34	1.0
493	2644	164	1.0
42	381	49	1.0
562	3872	12	1.0
123	929	132	1.0
461	3254	34	1.0
237	1734	166	1.0
3543	789	111	1.0
513	474	57	1.0
516	3607	121	1.0
2648	4323	94	1.0
6	80	167	1.0
627	4264	144	1.0
3751	3443	72	1.0
2643	119	157	1.0
134	1023	90	1.0
4869	231	96	1.0
3229	2995	15	1.0
168	1230	66	1.0
2053	487	21	1.0
3565	3278	72	1.0
3901	2877	49	1.0
574	3979	17	1.0
213	1501	66	1.0
681	4519	133	1.0
3832	1684	112	1.0
463	3274	0	1.0
570	3935	73	1.0
3535	569	144	1.0
750	2463	121	1.0
1572	3159	0	1.0
4263	92	22	1.0
232	1702	94	1.0
549	1201	96	1.0
2099	1316	57	1.0
4043	674	18	1.0
165	1206	17	1.0
2384	3077	86	1.0
3082	358	49	1.0
1147	2541	0	1.0
2847	1919	0	1.0
607	4147	12	1.0
130	993	25	1.0
1527	1135	69	1.0
4295	831	98	1.0
1964	3941	44	1.0
583	4023	86	1.0
2180	1163	96	1.0
1929	1645	91	1.0
605	4140	65	1.0
570	3926	60	1.0
471	3312	0	1.0
2662	590	41	1.0
263	1904	148	1.0
253	1851	134	1.0
2245	2160	116	1.0
536	3740	25	1.0
1940	281	120	1.0
660	4429	164	1.0
2782	1150	161	1.0
4336	3392	72	1.0
57	473	166	1.0
3985	287	8	1.0
702	836	47	1.0
183	1332	71	1.0
4053	388	25	1.0
222	1322	161	1.0
202	1426	74	1.0
230	114	122	1.0
4636	260	0	1.0
3964	1998	113	1.0
1180	3223	83	1.0
2864	113	134	1.0
341	2447	41	1.0
156	1152	9	1.0
3267	3676	23	1.0
1182	4558	21	1.0
1912	3609	0	1.0
3824	3106	115	1.0
3715	1431	131	1.0
3314	3838	144	1.0
677	4499	143	1.0
873	2381	40	1.0
676	4490	143	1.0
572	3950	130	1.0
531	3716	103	1.0
914	2484	11	1.0
729	368	149	1.0
672	4262	144	1.0
114	884	120	1.0
3752	3443	140	1.0
1180	3229	21	1.0
2358	1366	144	1.0
546	3688	91	1.0
654	4411	52	1.0
1248	1620	117	1.0
445	3157	67	1.0
306	2175	48	1.0
2248	2843	110	1.0
153	1136	24	1.0
751	329	17	1.0
1471	2	110	1.0
397	2737	161	1.0
424	2991	0	1.0
508	3558	64	1.0
3727	3346	135	1.0
214	1522	22	1.0
364	2595	89	1.0
590	4069	33	1.0
285	2047	121	1.0
4830	4631	90	1.0
3366	1955	16	1.0
684	4553	165	1.0
4697	2139	164	1.0
44	391	111	1.0
491	3439	165	1.0
485	3413	23	1.0
2688	1715	161	1.0
3565	485	67	1.0
4357	3276	48	1.0
136	1038	25	1.0
3124	3381	0	1.0
596	4111	14	1.0
1810	2821	142	1.0
74	632	48	1.0
487	3429	108	1.0
2637	1680	117	1.0
81	685	147	1.0
672	4266	113	1.0
3503	1156	20	1.0
437	3051	144	1.0
2089	3602	50	1.0
578	4003	161	1.0
3464	338	120	1.0
671	103	116	1.0
832	1244	64	1.0
1610	2991	155	1.0
1889	551	86	1.0
42	381	80	1.0
3394	3313	93	1.0
1263	561	65	1.0
3699	1882	14	1.0
230	114	119	1.0
399	2756	0	1.0
4523	3676	19	1.0
2255	1658	90	1.0
1800	2423	25	1.0
2127	1252	63	1.0
3584	3282	48	1.0
175	1276	17	1.0
362	2586	72	1.0
3314	3837	0	1.0
24	239	91	1.0
112	874	19	1.0
3267	3673	73	1.0
2104	4533	0	1.0
4246	3270	96	1.0
4869	241	29	1.0
2072	2227	45	1.0
96	774	95	1.0
2847	1734	93	1.0
1974	2979	104	1.0
3336	2821	16	1.0
3129	4344	20	1.0
130	1000	164	1.0
572	3942	41	1.0
46	422	122	1.0
1515	3943	113	1.0
2136	730	28	1.0
353	2544	19	1.0
208	1476	109	1.0
515	3602	97	1.0
872	37	34	1.0
257	1873	41	1.0
3663	4470	90	1.0
492	3451	25	1.0
3875	94	159	1.0
1668	1405	145	1.0
230	103	117	1.0
1628	537	0	1.0
481	32	22	1.0
1976	3959	45	1.0
198	1387	24	1.0
872	37	49	1.0
169	1233	145	1.0
4790	3870	159	1.0
1515	3959	167	1.0
2013	1135	22	1.0
2687	95	133	1.0
1686	3223	76	1.0
573	3947	120	1.0
397	2739	21	1.0
2688	120	113	1.0
2662	1535	140	1.0
172	1269	56	1.0
573	3967	70	1.0
2561	1708	15	1.0
3164	4542	65	1.0
2949	488	136	1.0
589	4052	69	1.0
472	3320	67	1.0
165	1199	155	1.0
493	2639	160	1.0
388	2712	145	1.0
1672	292	89	1.0
1960	3163	48	1.0
3937	1456	80	1.0
238	1755	73	1.0
1307	3425	14	1.0
2819	818	24	1.0
138	1048	70	1.0
669	4473	10	1.0
53	449	122	1.0
171	1254	44	1.0
3391	763	70	1.0
3852	1689	19	1.0
4697	2138	92	1.0
4543	2866	91	1.0
406	2835	48	1.0
2580	531	70	1.0
242	1785	71	1.0
3006	1150	51	1.0
492	3437	96	1.0
848	4039	96	1.0
366	2618	126	1.0
1787	803	160	1.0
590	4074	98	1.0
687	4584	48	1.0
456	3222	92	1.0
546	3687	91	1.0
662	4445	91	1.0
2540	3313	145	1.0
452	3195	147	1.0
681	4523	58	1.0
292	2096	24	1.0
3238	1595	113	1.0
414	2937	48	1.0
18	200	93	1.0
543	3766	22	1.0
3778	2220	162	1.0
43	386	67	1.0
253	1853	25	1.0
232	1663	165	1.0
73	627	144	1.0
528	3688	18	1.0
3431	1408	0	1.0
4276	2118	119	1.0
286	2063	131	1.0
2817	2149	160	1.0
4296	826	93	1.0
4869	231	158	1.0
3161	2285	0	1.0
4869	248	158	1.0
2580	520	44	1.0
171	1254	93	1.0
1811	1179	94	1.0
681	4516	12	1.0
560	3849	120	1.0
3378	3987	134	1.0
520	3629	156	1.0
71	600	162	1.0
2643	1694	157	1.0
102	795	157	1.0
694	4627	94	1.0
691	4607	12	1.0
269	1934	47	1.0
3205	3263	109	1.0
4246	3274	115	1.0
462	3262	96	1.0
508	3559	43	1.0
158	1169	71	1.0
2484	4408	20	1.0
694	4632	73	1.0
3468	4456	156	1.0
455	3215	67	1.0
459	2287	96	1.0
3164	4546	11	1.0
8	99	69	1.0
2851	167	0	1.0
40	371	17	1.0
408	2889	14	1.0
4335	3774	87	1.0
1989	3796	48	1.0
319	2291	134	1.0
2561	1665	70	1.0
625	4247	14	1.0
2823	3875	65	1.0
2082	2523	17	1.0
408	2880	0	1.0
2730	3908	0	1.0
3565	3277	115	1.0
646	4348	0	1.0
811	761	116	1.0
2	12	64	1.0
4515	4200	0	1.0
488	3432	46	1.0
355	2559	44	1.0
627	4257	24	1.0
255	390	24	1.0
452	3197	126	1.0
4395	284	11	1.0
3973	3328	123	1.0
2847	1733	0	1.0
585	748	70	1.0
431	3019	47	1.0
498	3491	96	1.0
555	3818	119	1.0
24	239	123	1.0
2573	134	94	1.0
4027	1008	120	1.0
410	2895	121	1.0
3615	338	112	1.0
300	2147	118	1.0
233	1719	162	1.0
42	380	0	1.0
1964	3964	94	1.0
2613	2132	167	1.0
98	781	73	1.0
4790	4236	144	1.0
592	1203	15	1.0
528	3683	68	1.0
526	3661	48	1.0
652	4375	89	1.0
742	4498	58	1.0
574	3974	143	1.0
3699	1887	12	1.0
4869	249	50	1.0
1626	961	14	1.0
2347	4467	54	1.0
2255	1708	135	1.0
3108	1453	26	1.0
2053	3277	45	1.0
1336	3838	68	1.0
2363	1496	160	1.0
2776	4102	164	1.0
701	4658	10	1.0
25	241	1	1.0
653	4405	26	1.0
277	1989	66	1.0
2052	487	137	1.0
1830	3320	72	1.0
1726	117	66	1.0
198	1388	115	1.0
2684	590	23	1.0
390	2723	89	1.0
1496	4256	161	1.0
2177	886	95	1.0
865	3469	93	1.0
1827	4679	48	1.0
1046	167	48	1.0
1630	2422	73	1.0
263	1907	16	1.0
558	3842	21	1.0
184	1339	139	1.0
3314	3840	71	1.0
130	991	164	1.0
551	3799	116	1.0
476	3348	22	1.0
3579	239	41	1.0
558	3839	144	1.0
3825	115	155	1.0
1964	3959	44	1.0
200	1410	24	1.0
2125	3242	149	1.0
563	3876	111	1.0
774	377	39	1.0
1964	3944	134	1.0
57	482	166	1.0
590	4065	121	1.0
3179	3677	68	1.0
2540	3322	2	1.0
156	1152	46	1.0
3985	287	108	1.0
1755	2021	73	1.0
95	767	108	1.0
406	2847	48	1.0
1261	4593	167	1.0
3579	242	21	1.0
320	2293	24	1.0
3367	32	0	1.0
472	3317	32	1.0
183	1335	46	1.0
1527	1130	69	1.0
1949	1964	158	1.0
2075	3108	0	1.0
550	3790	120	1.0
90	747	159	1.0
4146	537	95	1.0
2851	167	25	1.0
71	593	36	1.0
475	3344	120	1.0
200	1410	22	1.0
346	2496	133	1.0
1504	230	49	1.0
685	4580	139	1.0
3314	3843	48	1.0
529	3706	64	1.0
406	2834	167	1.0
2568	4342	161	1.0
1479	1153	96	1.0
694	4632	69	1.0
1224	3663	61	1.0
1961	3160	3	1.0
1112	787	50	1.0
2766	1540	114	1.0
3015	4284	72	1.0
687	4584	96	1.0
3124	1375	134	1.0
1515	3954	84	1.0
2150	1114	37	1.0
1516	3816	0	1.0
442	3104	144	1.0
464	3279	114	1.0
498	649	22	1.0
1584	730	159	1.0
84	713	0	1.0
2124	3238	48	1.0
1964	3940	120	1.0
2263	2250	119	1.0
973	3134	65	1.0
777	30	21	1.0
627	4258	108	1.0
100	788	130	1.0
3344	1404	91	1.0
2178	2431	24	1.0
251	1829	72	1.0
424	2993	105	1.0
4549	1470	44	1.0
237	1746	15	1.0
275	1970	156	1.0
370	2639	99	1.0
3823	3113	166	1.0
67	521	39	1.0
4465	2664	48	1.0
57	473	47	1.0
2643	590	138	1.0
1726	1659	67	1.0
774	373	2	1.0
2633	1687	120	1.0
2643	1672	138	1.0
3728	3352	0	1.0
612	4164	72	1.0
3832	1689	130	1.0
264	1913	34	1.0
323	2330	144	1.0
1083	1789	130	1.0
590	4065	0	1.0
263	1909	114	1.0
456	3224	48	1.0
2515	1878	56	1.0
584	4030	84	1.0
2662	577	144	1.0
20	212	47	1.0
3275	381	41	1.0
2013	1132	67	1.0
810	4018	81	1.0
8	104	44	1.0
568	3905	110	1.0
2092	4672	69	1.0
285	2052	32	1.0
2974	4605	62	1.0
560	3847	4	1.0
3973	3328	161	1.0
82	693	47	1.0
286	2066	152	1.0
4509	927	144	1.0
3881	576	0	1.0
543	3763	48	1.0
2674	1476	10	1.0
999	2404	167	1.0
4318	4147	48	1.0
99	787	46	1.0
4270	4026	164	1.0
780	1902	57	1.0
1083	1789	90	1.0
251	1829	1	1.0
212	1506	71	1.0
262	1902	0	1.0
2233	2430	91	1.0
257	1875	164	1.0
1727	1665	40	1.0
221	1576	38	1.0
364	2597	57	1.0
415	2950	78	1.0
4869	235	121	1.0
2662	119	140	1.0
795	1229	166	1.0
3464	1285	74	1.0
111	865	70	1.0
2671	100	17	1.0
668	2961	96	1.0
2715	1755	26	1.0
560	3846	94	1.0
153	1130	71	1.0
1527	1129	94	1.0
3823	4323	134	1.0
3006	1150	76	1.0
2561	1684	15	1.0
650	4367	44	1.0
3205	1584	109	1.0
988	2538	69	1.0
666	4459	96	1.0
320	2293	106	1.0
625	4249	96	1.0
1010	4005	158	1.0
579	4012	162	1.0
3663	4470	144	1.0
230	90	43	1.0
915	1872	95	1.0
568	3922	160	1.0
273	1961	66	1.0
435	3042	0	1.0
251	1831	24	1.0
2932	485	45	1.0
251	1831	144	1.0
3034	4579	11	1.0
49	439	166	1.0
1647	3636	44	1.0
2916	3307	44	1.0
624	4233	120	1.0
624	4232	67	1.0
692	4612	123	1.0
395	2730	143	1.0
4485	3317	9	1.0
1092	1824	3	1.0
295	2115	21	1.0
810	4018	165	1.0
566	3891	10	1.0
6	84	47	1.0
69	553	18	1.0
4830	4621	74	1.0
3169	4118	97	1.0
810	4018	0	1.0
4529	702	62	1.0
251	1828	1	1.0
2847	1733	166	1.0
328	2353	92	1.0
3535	569	111	1.0
487	2233	138	1.0
741	1808	144	1.0
3139	441	40	1.0
624	4243	144	1.0
4432	3422	25	1.0
69	540	134	1.0
134	1023	45	1.0
14	174	35	1.0
2648	1696	67	1.0
883	2832	154	1.0
4672	1802	14	1.0
1504	247	0	1.0
3108	1453	129	1.0
130	999	89	1.0
176	1279	0	1.0
254	1863	95	1.0
2148	3191	1	1.0
221	1575	111	1.0
1407	3204	120	1.0
140	1065	129	1.0
3355	4036	33	1.0
119	909	142	1.0
476	3360	137	1.0
3366	1962	155	1.0
1491	3944	46	1.0
587	4038	79	1.0
291	2094	24	1.0
339	1423	25	1.0
929	3843	142	1.0
365	2600	0	1.0
3155	4275	75	1.0
3251	310	74	1.0
573	3952	116	1.0
3937	1456	137	1.0
795	1228	92	1.0
233	91	70	1.0
2643	4322	157	1.0
406	2835	101	1.0
233	1719	142	1.0
1604	3788	164	1.0
90	745	131	1.0
2629	2444	86	1.0
472	3319	73	1.0
558	3839	49	1.0
8	91	0	1.0
3503	1227	96	1.0
3260	1809	81	1.0
2031	1656	143	1.0
1977	3968	120	1.0
3606	2657	85	1.0
57	474	19	1.0
3971	4490	2	1.0
406	2862	35	1.0
3124	1986	121	1.0
930	3844	72	1.0
2561	1538	70	1.0
2517	3408	160	1.0
530	3711	165	1.0
1950	3158	25	1.0
729	364	50	1.0
3875	3125	159	1.0
3767	4321	12	1.0
405	2798	0	1.0
527	3678	158	1.0
4869	232	115	1.0
335	2392	130	1.0
1632	233	0	1.0
375	2672	144	1.0
594	4082	2	1.0
461	3258	88	1.0
2236	1434	73	1.0
3448	2829	48	1.0
3601	4275	92	1.0
453	3204	72	1.0
2	12	40	1.0
162	1186	51	1.0
40	376	117	1.0
590	4074	96	1.0
501	3511	0	1.0
537	3743	64	1.0
4347	3123	166	1.0
1849	659	157	1.0
485	3409	118	1.0
3150	441	84	1.0
572	3943	8	1.0
3138	3117	24	1.0
4466	2675	94	1.0
2214	3994	68	1.0
1263	2371	72	1.0
977	786	47	1.0
4357	3271	41	1.0
558	3838	144	1.0
286	2044	157	1.0
1401	3525	1	1.0
1572	3163	3	1.0
9	94	96	1.0
573	3946	19	1.0
2662	606	66	1.0
1889	3354	3	1.0
2025	4621	95	1.0
189	1353	24	1.0
2484	4405	98	1.0
264	1913	104	1.0
4697	2142	21	1.0
2197	2201	25	1.0
44	392	85	1.0
1803	888	0	1.0
3336	2821	143	1.0
1515	3950	71	1.0
3171	952	164	1.0
623	4229	144	1.0
2951	1689	42	1.0
115	888	96	1.0
2637	94	0	1.0
1078	80	144	1.0
360	734	97	1.0
683	4550	90	1.0
604	1738	15	1.0
189	1360	48	1.0
750	308	0	1.0
109	828	63	1.0
372	2654	21	1.0
323	2312	44	1.0
1134	2140	117	1.0
79	669	120	1.0
924	4129	103	1.0
1929	1636	123	1.0
2236	1439	69	1.0
12	144	12	1.0
424	2996	121	1.0
1835	4305	84	1.0
3584	3271	48	1.0
3503	1225	120	1.0
1568	3655	89	1.0
2442	746	72	1.0
181	1317	115	1.0
800	1622	11	1.0
2671	122	14	1.0
167	1224	57	1.0
183	1330	14	1.0
304	2157	147	1.0
3989	372	72	1.0
596	196	63	1.0
1568	3657	39	1.0
2323	2289	49	1.0
3584	3283	37	1.0
632	4284	121	1.0
3314	3837	142	1.0
333	2380	67	1.0
3664	4472	36	1.0
370	2638	99	1.0
596	4104	1	1.0
328	2347	44	1.0
590	4075	61	1.0
2949	3278	139	1.0
265	1916	130	1.0
222	1584	96	1.0
30	293	96	1.0
657	4418	0	1.0
3943	550	97	1.0
22	223	136	1.0
82	694	138	1.0
624	4232	17	1.0
48	431	141	1.0
357	2570	104	1.0
1218	311	145	1.0
2784	2480	143	1.0
561	3855	161	1.0
484	3406	24	1.0
1960	3163	24	1.0
171	1247	0	1.0
72	605	119	1.0
44	393	0	1.0
1948	4507	42	1.0
281	2007	164	1.0
3852	3137	42	1.0
2063	48	24	1.0
3630	1146	12	1.0
124	954	134	1.0
698	4639	83	1.0
53	455	0	1.0
1726	117	141	1.0
1083	1789	152	1.0
573	3954	45	1.0
1848	652	25	1.0
317	2266	87	1.0
557	3832	72	1.0
667	4468	59	1.0
444	3111	115	1.0
95	768	0	1.0
3267	3682	68	1.0
2104	4527	72	1.0
4697	2148	20	1.0
2730	3910	162	1.0
3828	1684	17	1.0
619	4204	71	1.0
231	97	165	1.0
2831	4672	66	1.0
1010	4005	96	1.0
69	565	18	1.0
1987	1200	145	1.0
451	3191	72	1.0
2537	1621	11	1.0
12	143	68	1.0
6	78	160	1.0
405	2815	0	1.0
1193	1793	9	1.0
520	3629	14	1.0
12	137	0	1.0
226	1628	96	1.0
4450	3075	39	1.0
1479	1149	66	1.0
445	1705	67	1.0
654	4407	145	1.0
1318	423	64	1.0
487	3427	97	1.0
244	1800	0	1.0
2537	1615	0	1.0
406	2837	48	1.0
504	3528	9	1.0
82	681	50	1.0
106	813	157	1.0
947	174	158	1.0
155	1145	40	1.0
573	3941	60	1.0
444	3134	17	1.0
3837	1684	65	1.0
181	1319	149	1.0
82	681	145	1.0
252	1848	49	1.0
704	4118	144	1.0
2214	3994	96	1.0
1682	4154	41	1.0
3751	3446	161	1.0
277	888	1	1.0
27	263	47	1.0
2865	119	46	1.0
373	2661	20	1.0
401	2758	68	1.0
4529	2222	62	1.0
2643	1665	91	1.0
1610	2992	151	1.0
96	771	111	1.0
2831	4672	96	1.0
2163	1114	62	1.0
2255	1540	44	1.0
1303	4410	48	1.0
2689	3149	109	1.0
670	4477	96	1.0
1647	3640	0	1.0
549	1204	136	1.0
1106	550	94	1.0
298	2134	115	1.0
209	1480	93	1.0
679	4504	167	1.0
351	2534	162	1.0
442	3097	87	1.0
3616	3595	157	1.0
4475	3445	95	1.0
219	1548	41	1.0
2687	95	165	1.0
14	176	160	1.0
1977	3955	118	1.0
446	3160	25	1.0
4073	682	48	1.0
3605	429	24	1.0
448	3172	10	1.0
3699	1886	137	1.0
257	1881	164	1.0
930	3839	0	1.0
1355	81	167	1.0
947	174	89	1.0
2052	3271	137	1.0
558	3840	21	1.0
34	310	90	1.0
4353	2224	93	1.0
2766	1540	43	1.0
413	2914	18	1.0
1527	1131	144	1.0
514	3600	31	1.0
692	4605	0	1.0
546	3675	72	1.0
652	4382	134	1.0
4324	3463	74	1.0
2637	104	70	1.0
3824	3120	43	1.0
85	717	145	1.0
1303	4410	121	1.0
353	1786	41	1.0
1964	3963	164	1.0
1016	2824	0	1.0
3628	2249	66	1.0
4790	3882	120	1.0
1726	1661	66	1.0
2537	1616	107	1.0
295	2117	68	1.0
3824	3435	65	1.0
1113	787	145	1.0
519	3626	123	1.0
366	2602	0	1.0
2809	256	76	1.0
162	1186	2	1.0
596	204	131	1.0
468	3289	32	1.0
4480	1700	6	1.0
1515	3959	140	1.0
44	393	38	1.0
3971	4494	48	1.0
4062	2493	0	1.0
724	3821	0	1.0
842	3017	0	1.0
1190	3988	110	1.0
1598	3967	34	1.0
152	1132	116	1.0
2561	1710	15	1.0
319	2288	55	1.0
1964	3941	144	1.0
3836	1536	145	1.0
1632	233	74	1.0
1484	441	10	1.0
75	652	134	1.0
464	3274	49	1.0
156	1153	45	1.0
472	3320	98	1.0
198	1388	19	1.0
4153	284	77	1.0
166	1221	113	1.0
124	954	93	1.0
2796	284	0	1.0
1376	4024	165	1.0
650	4364	56	1.0
485	3411	144	1.0
75	650	58	1.0
345	2118	164	1.0
252	1849	164	1.0
1476	3831	51	1.0
3825	1657	155	1.0
323	2306	133	1.0
2248	2844	82	1.0
440	3087	135	1.0
572	3954	44	1.0
219	1554	18	1.0
444	3111	66	1.0
243	1791	144	1.0
4830	4627	140	1.0
4112	1592	20	1.0
918	4092	89	1.0
78	667	18	1.0
102	793	118	1.0
4039	2366	67	1.0
2163	1114	37	1.0
625	4253	140	1.0
2729	1232	69	1.0
290	2076	62	1.0
273	1957	39	1.0
12	158	118	1.0
69	565	164	1.0
547	3681	93	1.0
3959	3328	145	1.0
4470	1998	120	1.0
654	4409	0	1.0
359	2575	144	1.0
349	2524	18	1.0
527	3676	158	1.0
219	1549	43	1.0
574	3972	83	1.0
425	2999	81	1.0
464	3270	133	1.0
77	662	115	1.0
1717	4217	48	1.0
1144	3206	0	1.0
3794	174	17	1.0
184	1339	167	1.0
232	1671	165	1.0
266	1738	14	1.0
681	4521	60	1.0
1770	1229	48	1.0
3255	4461	121	1.0
4264	1656	11	1.0
1186	1971	68	1.0
181	1320	115	1.0
3825	99	155	1.0
34	311	17	1.0
491	3441	119	1.0
74	632	106	1.0
3715	2427	46	1.0
177	1281	58	1.0
1336	3841	43	1.0
241	1783	83	1.0
3843	119	118	1.0
662	4442	121	1.0
2954	763	16	1.0
79	673	59	1.0
2648	1709	67	1.0
178	1297	119	1.0
4043	4673	143	1.0
2801	2415	69	1.0
144	1096	141	1.0
2071	2220	161	1.0
641	1688	64	1.0
3384	1150	124	1.0
605	4144	158	1.0
4056	3829	22	1.0
217	1542	145	1.0
947	164	11	1.0
159	1174	157	1.0
3829	1684	64	1.0
2689	1667	94	1.0
2671	1676	14	1.0
158	1167	167	1.0
3661	3168	48	1.0
3630	1143	133	1.0
3714	3995	142	1.0
4487	4584	85	1.0
587	4040	48	1.0
590	4075	75	1.0
537	3744	147	1.0
390	2716	24	1.0
527	3695	25	1.0
2015	1617	74	1.0
2015	1617	117	1.0
1452	4109	69	1.0
2549	2168	23	1.0
1013	1053	157	1.0
67	519	96	1.0
4263	108	96	1.0
2649	1662	65	1.0
211	1498	72	1.0
2643	1665	157	1.0
151	1127	65	1.0
1141	1541	49	1.0
1102	4231	0	1.0
549	1207	122	1.0
136	1036	143	1.0
30	289	12	1.0
3862	3786	27	1.0
227	1645	97	1.0
654	4406	97	1.0
242	1789	78	1.0
1527	1138	116	1.0
2726	2220	65	1.0
243	1785	96	1.0
578	4004	133	1.0
3842	1536	67	1.0
1568	3658	120	1.0
183	1331	38	1.0
3825	93	155	1.0
220	1566	43	1.0
774	372	39	1.0
230	1660	17	1.0
219	1553	80	1.0
1380	4160	39	1.0
3639	1320	144	1.0
1450	1132	115	1.0
475	3344	0	1.0
2561	3113	15	1.0
2486	3353	65	1.0
312	2229	19	1.0
263	1904	69	1.0
4854	3937	95	1.0
1479	1152	96	1.0
241	1771	84	1.0
402	2763	120	1.0
130	1005	45	1.0
457	3222	18	1.0
476	3355	120	1.0
586	4036	56	1.0
3166	234	49	1.0
4229	1027	96	1.0
652	4378	109	1.0
364	2596	89	1.0
206	1450	106	1.0
418	2966	0	1.0
2515	457	25	1.0
308	2187	0	1.0
2071	2220	39	1.0
100	790	60	1.0
343	2471	71	1.0
2152	4622	117	1.0
440	3068	98	1.0
4735	2048	47	1.0
520	3631	11	1.0
1668	1402	47	1.0
1386	4256	130	1.0
84	714	10	1.0
8	91	135	1.0
652	4390	165	1.0
4205	2469	0	1.0
413	2917	18	1.0
1102	4232	74	1.0
2637	116	0	1.0
27	261	27	1.0
487	3428	48	1.0
1489	4093	72	1.0
1527	1134	157	1.0
573	3966	16	1.0
2071	2220	139	1.0
3776	1457	2	1.0
3267	3676	24	1.0
699	4645	3	1.0
686	3940	0	1.0
1205	2086	124	1.0
4588	1429	0	1.0
4700	292	47	1.0
464	487	95	1.0
1224	3659	97	1.0
285	2051	137	1.0
550	3791	167	1.0
297	2126	70	1.0
63	499	72	1.0
12	137	119	1.0
3138	3116	129	1.0
622	4228	160	1.0
526	3660	0	1.0
1271	3641	0	1.0
2363	1489	166	1.0
430	3018	63	1.0
4265	1846	25	1.0
1993	1138	91	1.0
339	2436	17	1.0
87	734	0	1.0
327	1784	90	1.0
1101	4009	0	1.0
366	2606	160	1.0
470	3311	71	1.0
564	836	0	1.0
640	4322	118	1.0
1451	1139	44	1.0
1256	2289	114	1.0
65	510	66	1.0
27	254	75	1.0
2561	3154	42	1.0
459	3240	73	1.0
1709	1191	141	1.0
438	3059	97	1.0
115	897	117	1.0
3016	1616	121	1.0
2484	4411	144	1.0
238	1763	119	1.0
1951	3161	96	1.0
2643	1715	138	1.0
3584	486	48	1.0
4869	4596	153	1.0
1087	1160	0	1.0
698	4638	158	1.0
1336	3840	142	1.0
397	2733	120	1.0
3800	1022	147	1.0
2	18	46	1.0
522	3642	67	1.0
1515	3955	141	1.0
3851	3106	13	1.0
682	4521	41	1.0
539	3750	166	1.0
313	2234	136	1.0
3615	3242	112	1.0
3825	118	12	1.0
493	2637	0	1.0
1786	3107	15	1.0
670	4477	157	1.0
63	502	38	1.0
3946	1190	51	1.0
211	1498	96	1.0
3002	536	92	1.0
3615	928	112	1.0
600	2120	94	1.0
1498	4439	160	1.0
643	4336	144	1.0
662	4437	48	1.0
507	1470	0	1.0
839	3831	48	1.0
330	2369	129	1.0
924	4129	13	1.0
481	3378	0	1.0
232	1678	165	1.0
3234	4349	10	1.0
2626	1392	111	1.0
447	3164	139	1.0
3926	2824	50	1.0
3873	1617	71	1.0
3218	3830	46	1.0
4480	3106	24	1.0
198	1395	90	1.0
1568	3658	107	1.0
2461	1294	119	1.0
4146	535	63	1.0
703	4593	24	1.0
200	1418	70	1.0
2960	519	67	1.0
1212	253	2	1.0
4433	1605	21	1.0
464	3280	133	1.0
4547	2650	48	1.0
2643	1681	91	1.0
563	3872	133	1.0
277	1984	48	1.0
253	1856	15	1.0
662	4442	149	1.0
729	363	49	1.0
421	2982	72	1.0
2398	1628	161	1.0
124	954	106	1.0
6	79	3	1.0
123	927	164	1.0
307	2178	0	1.0
775	2436	23	1.0
1464	3846	1	1.0
2042	3722	0	1.0
4869	232	3	1.0
2719	1721	158	1.0
341	2463	117	1.0
2454	3664	72	1.0
1379	2957	24	1.0
483	3398	11	1.0
3101	3887	107	1.0
1518	3672	121	1.0
564	3884	52	1.0
3873	1642	72	1.0
2430	3586	117	1.0
3163	684	39	1.0
1213	266	73	1.0
2679	3110	0	1.0
1013	1061	162	1.0
387	2708	50	1.0
533	3729	73	1.0
1320	819	72	1.0
445	1539	67	1.0
286	2069	163	1.0
218	1546	84	1.0
3082	359	49	1.0
683	4549	88	1.0
2662	1655	140	1.0
2671	1541	0	1.0
14	176	131	1.0
2845	4489	137	1.0
456	3222	25	1.0
3594	1620	64	1.0
422	2987	0	1.0
183	1331	160	1.0
4494	842	157	1.0
2682	2492	0	1.0
4286	953	0	1.0
286	996	131	1.0
4646	3773	112	1.0
82	686	145	1.0
6	81	145	1.0
484	3406	72	1.0
3876	92	46	1.0
216	1533	0	1.0
41	377	0	1.0
2671	1679	14	1.0
576	3992	71	1.0
425	2998	70	1.0
370	2642	99	1.0
512	3595	45	1.0
1515	3943	91	1.0
2856	969	44	1.0
3852	1678	166	1.0
290	2083	145	1.0
1014	308	51	1.0
424	2994	81	1.0
527	3695	158	1.0
1648	789	37	1.0
323	2318	143	1.0
41	373	0	1.0
241	1780	97	1.0
615	4175	17	1.0
291	2091	72	1.0
572	3950	143	1.0
496	3473	69	1.0
1515	3964	62	1.0
3394	3312	45	1.0
2104	4517	102	1.0
2691	1667	45	1.0
161	1181	96	1.0
198	1394	14	1.0
431	3020	48	1.0
4480	1671	147	1.0
24	231	102	1.0
440	3090	96	1.0
618	4193	145	1.0
634	4296	92	1.0
3715	1267	94	1.0
506	3544	96	1.0
4557	3984	0	1.0
642	4330	47	1.0
1889	3347	61	1.0
2640	3107	20	1.0
3731	2013	122	1.0
1102	4232	45	1.0
24	242	1	1.0
546	3681	109	1.0
446	3159	72	1.0
1179	1420	0	1.0
546	3675	109	1.0
729	363	26	1.0
8	103	46	1.0
2865	1690	22	1.0
3875	1661	159	1.0
184	1339	93	1.0
487	3429	96	1.0
2689	100	109	1.0
4029	1276	150	1.0
4798	3034	158	1.0
1078	79	98	1.0
2052	3281	137	1.0
405	2794	0	1.0
67	527	20	1.0
3827	108	44	1.0
34	307	0	1.0
4654	520	21	1.0
3072	107	65	1.0
2255	3117	70	1.0
1259	443	48	1.0
2013	1131	156	1.0
2561	1690	70	1.0
464	3281	133	1.0
4492	281	57	1.0
2580	521	143	1.0
328	2351	91	1.0
566	3892	162	1.0
4212	4501	120	1.0
123	927	0	1.0
267	1924	25	1.0
2769	2376	62	1.0
520	3633	167	1.0
324	2305	164	1.0
103	795	105	1.0
3584	3277	48	1.0
2051	4634	92	1.0
1263	3360	72	1.0
672	4262	50	1.0
24	237	1	1.0
3015	4284	0	1.0
2561	119	15	1.0
1951	3161	162	1.0
519	3624	85	1.0
303	2154	43	1.0
198	1402	86	1.0
81	683	0	1.0
662	4435	48	1.0
9	95	156	1.0
8	111	69	1.0
514	474	81	1.0
4523	3687	136	1.0
230	90	15	1.0
1835	4305	141	1.0
692	4610	97	1.0
531	3712	142	1.0
1994	1687	43	1.0
319	2285	38	1.0
701	4657	150	1.0
631	4294	122	1.0
233	103	46	1.0
102	794	47	1.0
2671	1700	14	1.0
375	2673	135	1.0
2431	371	120	1.0
2548	2312	144	1.0
307	2184	159	1.0
4475	3437	96	1.0
3543	3236	10	1.0
480	3374	97	1.0
2629	314	50	1.0
18	191	0	1.0
1726	3113	155	1.0
3292	3434	0	1.0
1113	780	24	1.0
290	2082	145	1.0
119	907	144	1.0
315	2250	95	1.0
249	1818	113	1.0
631	4286	96	1.0
1684	2975	120	1.0
2852	3688	121	1.0
3823	1699	113	1.0
4654	520	84	1.0
1638	3663	96	1.0
431	3028	167	1.0
1504	238	0	1.0
3054	4668	0	1.0
472	3314	137	1.0
2149	1122	0	1.0
635	4298	114	1.0
2662	92	140	1.0
1098	784	49	1.0
3852	1713	19	1.0
2540	3321	72	1.0
328	2353	144	1.0
2112	4039	40	1.0
1602	742	46	1.0
313	2240	21	1.0
3156	836	0	1.0
4429	559	144	1.0
27	262	5	1.0
702	4692	167	1.0
1515	3954	68	1.0
506	3540	66	1.0
294	2099	57	1.0
260	1895	0	1.0
608	4156	69	1.0
439	3058	120	1.0
442	3097	34	1.0
4825	2817	16	1.0
1647	3647	159	1.0
474	3337	48	1.0
232	1672	94	1.0
496	3480	91	1.0
4263	4325	143	1.0
72	613	75	1.0
1248	1644	117	1.0
1010	4008	162	1.0
219	1550	96	1.0
2629	537	17	1.0
3310	3270	142	1.0
3319	4568	144	1.0
406	2831	40	1.0
178	1292	71	1.0
593	4081	25	1.0
585	748	110	1.0
527	3685	93	1.0
4	52	19	1.0
2952	1484	0	1.0
152	1133	91	1.0
625	4244	142	1.0
681	4518	37	1.0
1499	4436	147	1.0
605	4143	43	1.0
768	2094	119	1.0
171	1257	15	1.0
498	3492	22	1.0
3709	2763	120	1.0
1492	331	73	1.0
70	569	0	1.0
2415	4178	118	1.0
573	3965	133	1.0
551	3795	162	1.0
2796	284	72	1.0
4756	2221	24	1.0
1599	3961	92	1.0
2974	4605	160	1.0
277	1992	24	1.0
348	2205	126	1.0
23	229	0	1.0
459	3239	98	1.0
4298	4674	44	1.0
1894	2219	129	1.0
24	232	147	1.0
806	1784	63	1.0
2831	1525	166	1.0
3230	688	17	1.0
339	2421	0	1.0
285	996	122	1.0
3794	170	157	1.0
4527	2140	93	1.0
1112	783	128	1.0
3825	1658	155	1.0
2662	612	41	1.0
3493	64	0	1.0
1567	3655	9	1.0
3310	3276	123	1.0
73	627	81	1.0
2031	1704	140	1.0
3794	174	84	1.0
1663	485	117	1.0
2236	1439	120	1.0
241	1780	72	1.0
2689	1661	109	1.0
610	2825	0	1.0
3715	73	67	1.0
4529	3069	12	1.0
557	3833	24	1.0
3699	1886	24	1.0
4446	3067	123	1.0
427	3005	24	1.0
4145	2305	162	1.0
2641	774	17	1.0
45	400	118	1.0
876	3324	69	1.0
370	2638	66	1.0
4433	3069	0	1.0
4210	3522	95	1.0
4602	4130	69	1.0
3823	3111	0	1.0
684	4566	70	1.0
976	781	69	1.0
4357	3276	25	1.0
1301	2251	91	1.0
1640	1165	18	1.0
4455	3068	121	1.0
123	946	97	1.0
237	1744	90	1.0
421	2982	118	1.0
2643	100	138	1.0
1244	2562	0	1.0
8	94	157	1.0
368	2628	45	1.0
456	3228	144	1.0
85	719	155	1.0
1303	4405	120	1.0
1248	1628	167	1.0
405	2804	44	1.0
1964	3966	120	1.0
82	698	27	1.0
6	85	15	1.0
231	92	69	1.0
3832	1704	40	1.0
445	3116	42	1.0
221	1561	34	1.0
424	2991	49	1.0
61	496	167	1.0
784	3378	33	1.0
2931	3279	139	1.0
590	4066	130	1.0
662	4444	48	1.0
4335	3776	144	1.0
359	2575	15	1.0
360	730	67	1.0
203	1429	49	1.0
348	2519	162	1.0
670	4477	141	1.0
1263	3094	158	1.0
631	4287	24	1.0
464	3269	147	1.0
498	3492	67	1.0
163	1194	28	1.0
134	1026	47	1.0
3823	3120	136	1.0
3843	3112	65	1.0
3138	1671	24	1.0
750	2449	26	1.0
1976	3940	60	1.0
1003	2512	157	1.0
487	3429	152	1.0
2730	3906	70	1.0
3615	928	19	1.0
839	3832	72	1.0
90	747	46	1.0
472	3316	137	1.0
3852	1691	42	1.0
371	2644	12	1.0
3989	372	48	1.0
231	104	165	1.0
3565	485	45	1.0
1479	1151	88	1.0
2932	3273	158	1.0
1726	1536	45	1.0
1555	2658	102	1.0
3336	2828	85	1.0
2125	3237	144	1.0
130	994	48	1.0
290	2075	2	1.0
464	3272	114	1.0
661	4432	1	1.0
4026	3508	110	1.0
668	2960	81	1.0
90	747	48	1.0
402	2763	24	1.0
3548	3222	63	1.0
2643	115	138	1.0
421	2980	120	1.0
166	1213	40	1.0
592	1200	48	1.0
683	4548	44	1.0
1086	243	20	1.0
3355	4041	145	1.0
1610	2992	120	1.0
1603	383	166	1.0
72	617	119	1.0
3503	1217	111	1.0
1584	739	93	1.0
4793	4233	97	1.0
52	449	120	1.0
573	3957	17	1.0
573	3952	21	1.0
464	484	147	1.0
2580	535	96	1.0
38	360	49	1.0
1079	79	144	1.0
3875	4326	64	1.0
444	3147	131	1.0
3540	647	141	1.0
1831	3317	130	1.0
1379	2965	72	1.0
71	578	119	1.0
30	280	120	1.0
45	399	119	1.0
493	2642	94	1.0
284	2036	145	1.0
243	1790	144	1.0
1020	1431	167	1.0
4064	3116	42	1.0
474	3335	26	1.0
1032	2467	26	1.0
1301	2247	0	1.0
519	2217	85	1.0
4523	3676	136	1.0
232	1683	165	1.0
2635	2412	95	1.0
20	219	63	1.0
440	3081	15	1.0
1256	4047	141	1.0
581	4017	106	1.0
2715	1765	161	1.0
4475	3447	72	1.0
163	1195	0	1.0
563	89	122	1.0
516	3618	74	1.0
673	4482	145	1.0
1244	3382	26	1.0
1016	2824	46	1.0
4869	238	153	1.0
496	3469	41	1.0
507	1470	113	1.0
191	1370	162	1.0
304	2158	2	1.0
2905	3359	13	1.0
2271	1040	64	1.0
1046	171	159	1.0
1046	166	72	1.0
169	1234	160	1.0
3823	4326	0	1.0
120	913	72	1.0
497	3469	72	1.0
3730	63	0	1.0
232	1539	69	1.0
40	373	0	1.0
267	1920	0	1.0
684	4555	92	1.0
2540	3318	74	1.0
86	726	95	1.0
603	1741	84	1.0
4246	3274	42	1.0
369	2634	91	1.0
4061	2823	115	1.0
3072	100	163	1.0
1163	3165	98	1.0
37	357	122	1.0
699	4646	37	1.0
1567	3651	96	1.0
435	3043	100	1.0
235	1722	71	1.0
446	3160	144	1.0
96	775	91	1.0
1266	3673	0	1.0
1375	2978	0	1.0
3103	329	68	1.0
563	3875	121	1.0
2569	4503	165	1.0
232	1690	94	1.0
3240	848	103	1.0
75	634	1	1.0
3759	841	160	1.0
1728	2715	48	1.0
811	1830	63	1.0
3150	448	106	1.0
351	2537	144	1.0
1989	587	48	1.0
662	4436	120	1.0
1352	1485	164	1.0
3825	1695	155	1.0
4869	239	100	1.0
3468	4456	158	1.0
1733	4018	144	1.0
483	3403	17	1.0
702	4687	47	1.0
1889	3356	27	1.0
1726	1539	155	1.0
232	1700	94	1.0
95	767	128	1.0
526	3660	24	1.0
3679	854	83	1.0
666	4462	96	1.0
686	3959	142	1.0
290	2090	139	1.0
193	1372	0	1.0
60	494	11	1.0
147	1112	97	1.0
115	36	94	1.0
546	3686	91	1.0
3267	3697	73	1.0
464	3277	147	1.0
3985	287	126	1.0
3825	118	144	1.0
273	1953	155	1.0
1213	261	48	1.0
1223	3663	158	1.0
2666	599	47	1.0
2689	3117	109	1.0
177	1286	115	1.0
3082	358	75	1.0
406	2836	166	1.0
2689	1542	109	1.0
4228	958	141	1.0
3068	4407	158	1.0
444	3136	167	1.0
284	2035	18	1.0
267	1928	91	1.0
1686	3221	167	1.0
1113	784	145	1.0
1598	3945	138	1.0
1515	3941	41	1.0
415	2942	49	1.0
410	2895	96	1.0
57	472	166	1.0
72	601	112	1.0
178	1292	167	1.0
485	3412	20	1.0
3535	565	134	1.0
2218	4233	25	1.0
4263	108	64	1.0
198	1394	43	1.0
551	3801	85	1.0
3873	1617	97	1.0
3455	1585	120	1.0
2809	262	75	1.0
2347	4463	111	1.0
574	3972	144	1.0
599	4129	121	1.0
1995	596	120	1.0
1074	4677	88	1.0
2960	521	135	1.0
496	3467	89	1.0
2255	91	70	1.0
3601	1412	118	1.0
3582	4117	43	1.0
461	3250	88	1.0
686	3940	91	1.0
1249	1621	24	1.0
2727	2728	113	1.0
3146	386	82	1.0
4697	2141	91	1.0
672	4267	22	1.0
1010	4005	121	1.0
328	2347	0	1.0
3767	65	0	1.0
3179	3676	72	1.0
520	3629	42	1.0
4509	2183	142	1.0
227	1643	47	1.0
493	2646	46	1.0
3961	2085	91	1.0
1010	4012	117	1.0
2610	257	24	1.0
570	3927	74	1.0
2962	408	0	1.0
1610	2991	127	1.0
25	236	41	1.0
527	3695	98	1.0
3873	1628	58	1.0
677	4496	120	1.0
113	880	82	1.0
570	3933	167	1.0
552	3811	48	1.0
324	2305	26	1.0
1112	783	161	1.0
2689	3113	109	1.0
2537	1630	89	1.0
269	1935	94	1.0
216	1533	112	1.0
2648	104	94	1.0
568	3918	69	1.0
3163	684	42	1.0
3693	4690	66	1.0
599	4132	45	1.0
1224	3659	43	1.0
3556	3007	144	1.0
4216	3847	97	1.0
193	1376	62	1.0
691	281	72	1.0
285	996	96	1.0
459	3244	26	1.0
27	254	121	1.0
1283	2371	22	1.0
2643	1541	138	1.0
269	1941	111	1.0
3601	1406	91	1.0
2075	1667	94	1.0
98	780	0	1.0
669	4469	0	1.0
3493	3984	116	1.0
4869	230	70	1.0
2236	1444	120	1.0
3493	974	145	1.0
3852	1672	92	1.0
456	3228	139	1.0
319	2286	93	1.0
1527	1131	139	1.0
549	1203	38	1.0
3699	1886	23	1.0
1889	551	116	1.0
109	826	87	1.0
3492	256	3	1.0
2104	4531	22	1.0
1427	1466	99	1.0
3141	1473	0	1.0
528	3686	93	1.0
294	2104	83	1.0
619	4200	0	1.0
4347	3118	120	1.0
683	4548	68	1.0
241	1782	82	1.0
495	3461	91	1.0
293	2098	0	1.0
419	2974	24	1.0
3579	230	51	1.0
246	1804	96	1.0
237	1741	83	1.0
3823	3141	113	1.0
212	1508	107	1.0
459	3237	120	1.0
878	737	42	1.0
1190	3565	96	1.0
468	3292	112	1.0
563	78	48	1.0
2733	3816	0	1.0
1140	1667	167	1.0
1515	3943	0	1.0
523	3651	39	1.0
4161	4201	0	1.0
3169	4107	69	1.0
3503	1222	92	1.0
363	2588	135	1.0
165	1207	35	1.0
1964	3963	117	1.0
229	1653	161	1.0
434	3041	48	1.0
2688	113	68	1.0
4206	2466	144	1.0
702	4676	145	1.0
3075	4037	72	1.0
3654	3865	164	1.0
2125	3243	163	1.0
323	2319	45	1.0
375	2674	48	1.0
1129	117	46	1.0
2974	281	60	1.0
1632	233	144	1.0
3832	1704	45	1.0
4869	247	115	1.0
3838	1662	13	1.0
3138	3106	120	1.0
3631	4670	0	1.0
1638	3665	70	1.0
3314	3837	49	1.0
2124	3240	75	1.0
3813	3224	162	1.0
3016	1615	137	1.0
440	3073	137	1.0
277	1992	69	1.0
171	1247	70	1.0
1238	2454	97	1.0
285	991	111	1.0
3512	1824	48	1.0
12	160	107	1.0
154	1141	48	1.0
2	8	114	1.0
2228	299	166	1.0
1763	649	121	1.0
4598	3166	48	1.0
2684	1667	144	1.0
1989	3800	72	1.0
3875	1720	159	1.0
341	2450	24	1.0
2498	4605	11	1.0
24	232	48	1.0
221	1572	85	1.0
3565	3280	135	1.0
263	1908	165	1.0
495	3457	138	1.0
3264	3675	69	1.0
2662	1672	19	1.0
1663	3270	157	1.0
2670	1708	44	1.0
225	1599	43	1.0
491	2399	96	1.0
225	1598	0	1.0
2384	276	26	1.0
522	3640	24	1.0
408	2881	0	1.0
6	85	90	1.0
25	232	121	1.0
4527	2146	45	1.0
678	4502	120	1.0
4790	4236	46	1.0
1025	4580	59	1.0
3103	329	120	1.0
696	388	0	1.0
3431	1408	48	1.0
2719	1721	7	1.0
3663	4476	42	1.0
249	1817	20	1.0
2669	3109	69	1.0
371	2642	118	1.0
3167	1628	167	1.0
2869	2087	95	1.0
503	920	143	1.0
361	733	135	1.0
226	1616	96	1.0
1640	1172	141	1.0
295	2112	68	1.0
3239	979	22	1.0
210	1492	114	1.0
177	1282	49	1.0
498	3489	148	1.0
277	1984	1	1.0
461	3257	48	1.0
69	539	49	1.0
694	4630	89	1.0
1594	756	70	1.0
27	260	51	1.0
255	1865	64	1.0
3230	683	49	1.0
450	3187	89	1.0
4869	246	153	1.0
3229	2998	122	1.0
1966	2044	41	1.0
212	1504	33	1.0
573	3945	159	1.0
4308	4506	35	1.0
3823	4326	113	1.0
157	1157	106	1.0
421	2977	145	1.0
58	484	0	1.0
57	474	113	1.0
476	3357	116	1.0
2934	592	48	1.0
2643	590	91	1.0
70	569	139	1.0
668	2960	96	1.0
414	2933	19	1.0
2932	3280	0	1.0
3503	1217	153	1.0
290	2081	145	1.0
424	2992	49	1.0
1383	2514	86	1.0
242	1784	142	1.0
568	3903	44	1.0
232	1680	94	1.0
3535	556	134	1.0
2564	3366	48	1.0
635	4300	96	1.0
1263	458	8	1.0
183	1336	148	1.0
2778	4572	95	1.0
2454	3664	0	1.0
292	2094	74	1.0
468	3294	73	1.0
652	4399	62	1.0
327	1784	24	1.0
3852	3155	120	1.0
300	2146	0	1.0
232	1717	94	1.0
2255	1679	90	1.0
572	3951	46	1.0
1533	28	95	1.0
1786	3106	67	1.0
4485	3320	113	1.0
115	889	131	1.0
2662	119	19	1.0
1889	3362	116	1.0
2648	1689	94	1.0
30	285	138	1.0
410	2903	24	1.0
556	3824	21	1.0
551	3802	44	1.0
573	3946	34	1.0
370	2647	161	1.0
3016	1616	33	1.0
338	2418	0	1.0
656	4417	93	1.0
4248	3561	44	1.0
3837	3111	39	1.0
325	2335	2	1.0
140	1069	66	1.0
930	3840	1	1.0
1724	2293	63	1.0
864	3471	66	1.0
259	1893	115	1.0
1355	81	0	1.0
2962	4209	41	1.0
1568	3653	74	1.0
116	899	145	1.0
516	3608	72	1.0
4870	231	44	1.0
692	282	97	1.0
405	2791	0	1.0
227	1630	25	1.0
3751	3443	69	1.0
267	1922	63	1.0
397	2742	72	1.0
2236	1439	96	1.0
4039	2366	10	1.0
253	1855	35	1.0
1063	2244	0	1.0
2677	1675	108	1.0
267	1924	58	1.0
339	2136	69	1.0
1889	3356	3	1.0
4167	2208	75	1.0
4534	2146	93	1.0
309	2190	96	1.0
3229	2995	97	1.0
4429	568	120	1.0
581	4018	137	1.0
397	2735	109	1.0
357	2572	72	1.0
1935	4064	0	1.0
401	2762	94	1.0
4869	238	72	1.0
570	3928	167	1.0
527	3690	158	1.0
75	653	81	1.0
2637	108	16	1.0
3581	784	143	1.0
572	3951	20	1.0
22	224	136	1.0
198	1398	21	1.0
3431	675	161	1.0
241	1781	67	1.0
208	1471	93	1.0
479	3367	35	1.0
3503	1220	167	1.0
1479	1149	163	1.0
3448	2829	131	1.0
206	1460	30	1.0
4572	242	120	1.0
1515	3945	72	1.0
3164	4536	40	1.0
459	2287	144	1.0
4246	485	90	1.0
2662	1542	144	1.0
1717	924	73	1.0
751	535	120	1.0
132	1016	132	1.0
1190	1470	24	1.0
1672	4500	69	1.0
3851	1684	44	1.0
261	1897	114	1.0
2363	392	163	1.0
1078	80	120	1.0
2053	485	121	1.0
1817	2979	141	1.0
451	3191	106	1.0
492	3447	113	1.0
4494	842	161	1.0
1340	739	0	1.0
2596	4467	74	1.0
227	1619	74	1.0
2988	2227	70	1.0
2795	3034	0	1.0
2174	3676	68	1.0
3875	99	159	1.0
6	79	101	1.0
1182	4537	0	1.0
1668	1405	138	1.0
406	2837	25	1.0
2677	1684	18	1.0
851	2480	69	1.0
2864	113	48	1.0
208	1475	109	1.0
344	2119	164	1.0
8	104	95	1.0
977	783	26	1.0
4624	74	161	1.0
495	3460	159	1.0
323	2330	154	1.0
4295	816	87	1.0
464	3283	43	1.0
646	4349	60	1.0
148	1113	54	1.0
24	240	1	1.0
2876	2457	74	1.0
1717	4671	49	1.0
124	956	64	1.0
3875	97	159	1.0
3714	3995	0	1.0
3852	3155	166	1.0
485	3413	156	1.0
947	170	69	1.0
464	3278	43	1.0
693	4625	166	1.0
562	85	21	1.0
3874	1627	129	1.0
2228	2992	91	1.0
669	4470	139	1.0
450	3183	163	1.0
2118	2635	123	1.0
3785	4151	12	1.0
1835	4305	43	1.0
3832	614	113	1.0
234	1721	147	1.0
406	2830	48	1.0
343	2468	0	1.0
572	3958	161	1.0
4238	1668	67	1.0
371	2649	44	1.0
4395	284	27	1.0
72	618	119	1.0
3108	1453	72	1.0
683	4551	158	1.0
200	1419	161	1.0
3837	1684	25	1.0
115	886	107	1.0
495	3461	42	1.0
4869	4596	3	1.0
177	1282	0	1.0
307	2178	96	1.0
1527	1138	158	1.0
1266	3677	107	1.0
4385	1356	71	1.0
233	91	144	1.0
4039	2366	105	1.0
2637	114	48	1.0
1129	1683	43	1.0
672	4266	73	1.0
366	2603	52	1.0
579	4012	117	1.0
666	4465	162	1.0
597	4124	89	1.0
4681	2906	24	1.0
2561	1665	15	1.0
310	2205	149	1.0
3764	845	93	1.0
496	3476	65	1.0
44	388	144	1.0
1411	928	62	1.0
4755	2226	97	1.0
1663	3277	0	1.0
531	3715	156	1.0
2823	3875	141	1.0
2864	1703	72	1.0
205	1437	25	1.0
669	4472	23	1.0
1451	1134	142	1.0
4869	4596	89	1.0
2552	3463	167	1.0
342	2466	0	1.0
3522	2908	70	1.0
304	2160	8	1.0
1365	122	22	1.0
429	3015	25	1.0
3601	1420	164	1.0
3827	108	166	1.0
3072	107	12	1.0
353	2547	119	1.0
37	339	64	1.0
1013	1052	6	1.0
135	1032	24	1.0
543	3767	66	1.0
415	2949	74	1.0
1103	4242	165	1.0
711	3017	0	1.0
1248	1628	120	1.0
1428	1099	48	1.0
1950	3161	0	1.0
1219	519	73	1.0
448	3174	90	1.0
144	1093	91	1.0
1017	2821	151	1.0
231	100	45	1.0
4064	3117	72	1.0
2960	537	23	1.0
157	1155	156	1.0
330	2368	97	1.0
174	1274	0	1.0
2845	4495	45	1.0
312	2231	92	1.0
572	3954	69	1.0
2643	4327	91	1.0
53	457	72	1.0
155	1148	120	1.0
1357	3365	35	1.0
2488	4472	52	1.0
3873	1644	1	1.0
459	2082	120	1.0
259	1884	30	1.0
490	1050	135	1.0
1113	780	145	1.0
217	1543	24	1.0
1929	1643	22	1.0
4526	2140	94	1.0
2931	3280	96	1.0
53	453	75	1.0
3064	2262	51	1.0
775	2422	0	1.0
2689	3435	109	1.0
4535	3206	47	1.0
642	4329	0	1.0
459	3243	15	1.0
243	1798	142	1.0
2596	2926	97	1.0
446	3161	72	1.0
75	641	81	1.0
566	3892	106	1.0
449	3179	88	1.0
2570	1150	92	1.0
3344	1400	24	1.0
2561	1539	70	1.0
290	2076	145	1.0
407	2821	102	1.0
3310	3279	111	1.0
889	1994	68	1.0
1663	485	66	1.0
4488	4582	75	1.0
171	1262	69	1.0
323	2305	71	1.0
1007	3868	48	1.0
527	3674	133	1.0
928	3537	119	1.0
52	450	65	1.0
1994	1695	72	1.0
2280	789	120	1.0
93	764	90	1.0
2864	1713	166	1.0
497	3486	67	1.0
568	3912	16	1.0
572	3940	0	1.0
459	3238	120	1.0
2637	1682	94	1.0
1134	2138	95	1.0
3072	97	19	1.0
629	4280	63	1.0
316	2263	50	1.0
459	3240	55	1.0
169	1239	119	1.0
3493	64	93	1.0
325	2343	132	1.0
1334	2623	167	1.0
273	1952	158	1.0
641	4325	46	1.0
669	4472	10	1.0
227	1616	139	1.0
1140	1533	48	1.0
600	4133	13	1.0
578	4006	71	1.0
561	3865	163	1.0
198	1404	63	1.0
416	2959	72	1.0
2934	614	138	1.0
294	2103	130	1.0
2580	521	0	1.0
208	1469	93	1.0
3851	104	69	1.0
14	164	106	1.0
3337	2862	165	1.0
3711	265	75	1.0
3852	1539	166	1.0
609	4158	0	1.0
1078	83	24	1.0
2637	94	117	1.0
3696	1999	49	1.0
393	2727	152	1.0
508	3375	23	1.0
666	4465	142	1.0
533	3727	145	1.0
532	3722	0	1.0
2255	1708	64	1.0
1109	1721	48	1.0
2580	2457	75	1.0
1	7	46	1.0
222	1584	64	1.0
45	403	49	1.0
492	3450	110	1.0
136	1035	142	1.0
291	2095	70	1.0
2688	91	71	1.0
434	3040	96	1.0
561	3863	110	1.0
142	1075	72	1.0
3699	1886	13	1.0
2985	4228	116	1.0
520	3634	107	1.0
320	2293	0	1.0
531	3712	43	1.0
682	4531	43	1.0
2671	1690	22	1.0
418	2966	122	1.0
577	3999	96	1.0
1479	1149	86	1.0
4761	956	135	1.0
136	1039	38	1.0
568	3905	72	1.0
425	2992	25	1.0
97	777	162	1.0
4137	4102	1	1.0
3035	3773	20	1.0
177	1286	18	1.0
1804	1995	1	1.0
3836	3113	129	1.0
1213	263	47	1.0
421	2978	69	1.0
387	2710	72	1.0
57	471	0	1.0
176	1281	80	1.0
242	1785	24	1.0
1464	3853	120	1.0
3654	3863	68	1.0
914	4562	11	1.0
37	347	42	1.0
361	734	57	1.0
168	1230	166	1.0
198	1398	116	1.0
3836	1701	118	1.0
71	587	1	1.0
153	1132	71	1.0
930	3838	48	1.0
3823	1675	116	1.0
4501	521	74	1.0
18	196	132	1.0
1964	3959	116	1.0
2104	4516	6	1.0
3990	1628	76	1.0
596	4099	88	1.0
2571	3234	24	1.0
366	2604	2	1.0
255	1868	120	1.0
4661	2116	92	1.0
380	2335	167	1.0
1266	3677	0	1.0
232	1689	94	1.0
4201	2142	45	1.0
157	1157	84	1.0
379	2687	157	1.0
551	3798	69	1.0
625	4247	35	1.0
444	3147	156	1.0
4655	3242	139	1.0
662	4441	160	1.0
677	4496	44	1.0
640	1667	45	1.0
4263	114	44	1.0
2526	4019	1	1.0
208	1472	47	1.0
464	3270	49	1.0
1336	3840	70	1.0
4547	2650	136	1.0
4429	1642	35	1.0
4492	281	98	1.0
3179	3677	132	1.0
865	3487	161	1.0
2689	576	109	1.0
2673	589	40	1.0
878	739	12	1.0
233	1719	67	1.0
688	4596	151	1.0
876	3320	90	1.0
1393	836	118	1.0
573	3942	72	1.0
3825	3156	155	1.0
4296	826	69	1.0
641	1535	163	1.0
348	2515	91	1.0
2876	2453	148	1.0
462	3266	141	1.0
431	3031	96	1.0
3366	1962	68	1.0
445	3116	6	1.0
472	3325	147	1.0
3015	4285	66	1.0
210	1483	115	1.0
1302	4406	48	1.0
506	3540	165	1.0
82	696	87	1.0
577	4002	165	1.0
259	1886	41	1.0
2778	1383	70	1.0
285	2047	48	1.0
563	3879	108	1.0
640	1539	157	1.0
351	2534	88	1.0
425	2992	89	1.0
156	1150	39	1.0
296	2119	94	1.0
304	2156	0	1.0
3082	358	24	1.0
2610	257	48	1.0
821	446	162	1.0
3771	2913	66	1.0
3138	1062	131	1.0
574	3973	83	1.0
6	77	24	1.0
1078	82	144	1.0
238	1759	49	1.0
50	444	104	1.0
102	794	84	1.0
1787	802	163	1.0
405	2805	0	1.0
2384	4436	48	1.0
3715	1259	94	1.0
50	440	0	1.0
431	3028	48	1.0
319	2286	166	1.0
232	1716	165	1.0
493	2643	130	1.0
2236	1447	96	1.0
39	366	23	1.0
284	2040	144	1.0
806	1789	44	1.0
9	95	135	1.0
3721	643	75	1.0
3814	2388	24	1.0
698	4638	34	1.0
36	333	24	1.0
1010	4007	96	1.0
2145	2190	49	1.0
82	682	88	1.0
4756	2221	112	1.0
1431	3124	162	1.0
24	238	22	1.0
1567	3651	0	1.0
72	621	119	1.0
1464	3855	24	1.0
1625	1879	45	1.0
670	4477	24	1.0
3832	1674	120	1.0
459	2082	0	1.0
169	1228	64	1.0
876	3324	90	1.0
275	1978	156	1.0
4869	242	89	1.0
2671	1680	22	1.0
153	1134	158	1.0
1951	3160	140	1.0
444	3139	15	1.0
275	1973	156	1.0
2961	528	27	1.0
1240	3006	36	1.0
487	3421	142	1.0
2845	4489	48	1.0
2983	3822	69	1.0
664	4449	48	1.0
4455	3068	24	1.0
914	2121	22	1.0
285	992	32	1.0
444	3125	17	1.0
4246	3278	145	1.0
606	4145	61	1.0
509	3582	147	1.0
2662	576	140	1.0
257	1873	111	1.0
497	3487	46	1.0
1179	1420	159	1.0
24	239	96	1.0
559	3840	20	1.0
1913	1516	153	1.0
1987	1204	61	1.0
290	2086	139	1.0
162	1190	17	1.0
2967	1459	71	1.0
577	3997	83	1.0
4869	248	121	1.0
2637	1686	48	1.0
651	4374	44	1.0
473	3331	44	1.0
2255	1683	40	1.0
4334	3774	8	1.0
91	752	0	1.0
3344	1389	63	1.0
154	1147	24	1.0
604	1741	87	1.0
182	1325	0	1.0
401	2760	46	1.0
152	1137	145	1.0
677	4498	143	1.0
102	792	132	1.0
217	1538	24	1.0
2	8	46	1.0
71	574	99	1.0
1496	4256	162	1.0
108	819	72	1.0
219	1552	132	1.0
568	3910	48	1.0
12	152	36	1.0
3875	3134	159	1.0
2766	113	144	1.0
20	212	120	1.0
426	3002	135	1.0
533	3725	1	1.0
658	4423	143	1.0
587	4049	106	1.0
2932	3271	142	1.0
2013	1130	40	1.0
3241	1842	47	1.0
1889	3354	150	1.0
20	215	44	1.0
889	2497	70	1.0
2052	3282	71	1.0
2451	4233	120	1.0
444	3121	12	1.0
573	3967	66	1.0
1464	3855	120	1.0
568	3910	100	1.0
577	3994	72	1.0
3852	1672	19	1.0
519	3625	38	1.0
3824	3120	14	1.0
4842	2248	19	1.0
561	3850	70	1.0
2643	116	138	1.0
3794	172	14	1.0
295	2117	47	1.0
220	1569	86	1.0
800	1615	58	1.0
1515	3964	20	1.0
988	2538	93	1.0
4771	312	65	1.0
34	323	119	1.0
306	2166	131	1.0
165	1206	73	1.0
3823	578	113	1.0
589	4056	118	1.0
761	4482	36	1.0
406	2857	48	1.0
88	737	21	1.0
34	324	73	1.0
1140	576	0	1.0
666	3234	121	1.0
319	2291	119	1.0
3664	4477	15	1.0
12	142	9	1.0
631	4293	157	1.0
2672	4327	13	1.0
1102	4242	118	1.0
283	2025	140	1.0
586	4036	165	1.0
418	2969	72	1.0
666	4459	48	1.0
4230	2830	81	1.0
4869	248	45	1.0
138	1056	94	1.0
3468	4456	134	1.0
928	3537	140	1.0
219	1552	41	1.0
25	231	41	1.0
1045	171	166	1.0
323	2306	26	1.0
471	3313	82	1.0
2031	105	46	1.0
3267	3674	48	1.0
1183	3221	70	1.0
225	1597	0	1.0
108	816	94	1.0
552	3813	121	1.0
1567	3651	48	1.0
4678	4237	46	1.0
1977	3968	144	1.0
3629	72	34	1.0
2026	2933	19	1.0
1430	3117	44	1.0
640	114	65	1.0
69	541	72	1.0
547	3696	93	1.0
476	3353	135	1.0
328	2350	115	1.0
806	1790	167	1.0
800	1627	134	1.0
618	4187	161	1.0
198	1398	63	1.0
3230	682	148	1.0
2522	540	134	1.0
3068	4407	139	1.0
20	210	70	1.0
31	299	88	1.0
406	2859	111	1.0
1113	784	140	1.0
4869	239	115	1.0
31	290	117	1.0
8	96	15	1.0
4246	3279	95	1.0
16	181	160	1.0
110	860	84	1.0
3441	2054	50	1.0
641	1667	69	1.0
3751	3437	72	1.0
163	1194	164	1.0
3840	1708	118	1.0
189	1353	144	1.0
2626	1405	140	1.0
3615	564	41	1.0
22	222	24	1.0
3824	3118	14	1.0
1938	4203	50	1.0
317	2270	16	1.0
1598	3962	68	1.0
81	691	94	1.0
1248	1636	12	1.0
275	1968	119	1.0
3469	4448	96	1.0
4438	1679	71	1.0
1552	4665	0	1.0
3516	1967	47	1.0
3961	2081	147	1.0
4	59	63	1.0
144	1093	106	1.0
1112	781	23	1.0
476	3362	135	1.0
1515	3948	21	1.0
4	44	157	1.0
2961	1185	145	1.0
873	2381	113	1.0
481	1991	166	1.0
1950	3158	21	1.0
1303	4408	116	1.0
3229	2994	12	1.0
683	4539	118	1.0
2852	3677	111	1.0
1568	3657	96	1.0
568	3922	52	1.0
667	4458	74	1.0
286	2054	48	1.0
1113	787	23	1.0
3267	3697	48	1.0
2671	1675	11	1.0
426	3001	72	1.0
416	2958	166	1.0
127	979	49	1.0
1014	308	1	1.0
640	108	42	1.0
413	2923	114	1.0
947	167	103	1.0
4810	3427	90	1.0
1929	1633	120	1.0
4529	996	42	1.0
491	3438	96	1.0
454	2131	0	1.0
626	4256	157	1.0
179	1299	0	1.0
8	98	158	1.0
1287	4437	136	1.0
1989	4228	158	1.0
4146	2451	36	1.0
1590	3853	167	1.0
417	2960	167	1.0
2633	1687	71	1.0
277	1989	45	1.0
3829	1684	135	1.0
403	2767	96	1.0
1464	3855	1	1.0
3875	1697	41	1.0
3454	3641	142	1.0
199	1392	93	1.0
2089	142	9	1.0
3503	1216	118	1.0
1244	2562	26	1.0
4869	235	3	1.0
4869	4596	45	1.0
1134	2140	140	1.0
2836	3054	166	1.0
232	117	165	1.0
4869	240	3	1.0
4790	78	90	1.0
4236	4216	71	1.0
410	2400	142	1.0
73	628	153	1.0
1527	1140	143	1.0
634	4297	71	1.0
531	1873	0	1.0
748	1020	60	1.0
155	1148	96	1.0
20	212	163	1.0
3199	3292	32	1.0
781	3624	130	1.0
1889	3352	27	1.0
2303	31	126	1.0
563	78	158	1.0
253	1855	15	1.0
415	2953	98	1.0
273	1965	95	1.0
1334	2623	52	1.0
286	2060	44	1.0
2020	3581	22	1.0
664	4449	162	1.0
1355	81	61	1.0
413	2922	134	1.0
410	2400	96	1.0
162	1192	24	1.0
173	1272	24	1.0
260	1895	114	1.0
4270	2031	72	1.0
296	2121	164	1.0
2568	1514	57	1.0
69	555	117	1.0
2013	1132	123	1.0
4771	16	122	1.0
2831	1530	136	1.0
4869	249	158	1.0
3852	1678	42	1.0
973	3125	47	1.0
1290	1048	48	1.0
419	2969	44	1.0
1893	2227	119	1.0
3852	1704	19	1.0
873	2381	23	1.0
82	699	40	1.0
527	3692	136	1.0
2013	1131	24	1.0
1307	3425	51	1.0
566	3897	70	1.0
590	4071	48	1.0
342	2467	107	1.0
252	1850	136	1.0
71	595	89	1.0
1068	4684	159	1.0
2218	4231	96	1.0
1103	4242	120	1.0
290	2090	145	1.0
2197	2200	25	1.0
37	339	79	1.0
750	521	1	1.0
539	289	156	1.0
1871	299	59	1.0
2085	3441	166	1.0
2643	578	157	1.0
545	3772	31	1.0
148	1120	87	1.0
1940	281	97	1.0
618	4189	41	1.0
664	4450	23	1.0
1527	1131	68	1.0
4654	537	147	1.0
1363	3602	96	1.0
480	1995	120	1.0
134	1028	113	1.0
424	2992	156	1.0
160	1183	115	1.0
1117	389	142	1.0
294	2103	39	1.0
4535	66	0	1.0
677	4496	59	1.0
3553	4406	92	1.0
162	1184	28	1.0
597	4122	94	1.0
3825	92	155	1.0
546	3681	1	1.0
548	3784	167	1.0
682	4515	71	1.0
364	2595	110	1.0
4735	2048	95	1.0
3664	4469	15	1.0
3344	1389	94	1.0
2561	1697	134	1.0
110	859	164	1.0
2561	1662	70	1.0
2613	66	26	1.0
3630	1141	144	1.0
558	3838	21	1.0
2488	4470	96	1.0
3462	4470	121	1.0
1263	3360	4	1.0
225	1600	0	1.0
3133	2915	116	1.0
107	814	135	1.0
2715	1755	149	1.0
1112	785	14	1.0
527	3677	158	1.0
2358	1366	143	1.0
3339	2003	96	1.0
1788	803	0	1.0
424	2992	124	1.0
375	2673	19	1.0
3664	4473	60	1.0
698	4640	72	1.0
1352	4389	117	1.0
4556	2675	120	1.0
347	2503	14	1.0
1430	3117	42	1.0
588	4050	97	1.0
4433	3069	157	1.0
323	2306	48	1.0
631	4290	157	1.0
1180	3223	61	1.0
232	1663	94	1.0
3933	3993	145	1.0
3792	429	47	1.0
109	827	139	1.0
22	228	87	1.0
62	497	72	1.0
619	4202	119	1.0
444	3116	6	1.0
2614	2426	48	1.0
545	3775	81	1.0
692	4613	120	1.0
493	2637	56	1.0
242	1784	0	1.0
37	352	64	1.0
214	1511	92	1.0
596	4104	167	1.0
319	2292	140	1.0
88	730	70	1.0
44	392	61	1.0
459	3240	0	1.0
2610	257	76	1.0
470	3310	23	1.0
9	118	165	1.0
3827	1698	9	1.0
3875	1697	18	1.0
3580	783	72	1.0
1036	371	145	1.0
1672	1654	24	1.0
3950	2408	167	1.0
196	1382	0	1.0
453	3204	120	1.0
177	1280	63	1.0
544	3771	0	1.0
4417	4579	41	1.0
127	978	95	1.0
4395	284	67	1.0
583	2015	45	1.0
699	4646	15	1.0
2561	1543	70	1.0
1112	781	24	1.0
132	1009	0	1.0
421	2979	120	1.0
1227	2969	120	1.0
1053	1169	71	1.0
2683	1697	41	1.0
2486	1620	96	1.0
114	884	167	1.0
177	1289	72	1.0
2236	1445	1	1.0
631	4285	97	1.0
3840	1536	114	1.0
1726	1534	155	1.0
12	143	141	1.0
317	2270	134	1.0
1515	3963	108	1.0
691	281	134	1.0
93	764	96	1.0
1964	3941	41	1.0
1668	1392	166	1.0
336	2405	118	1.0
2247	2843	12	1.0
3800	1022	103	1.0
53	456	26	1.0
3875	101	159	1.0
2127	1252	105	1.0
279	1996	24	1.0
525	3660	24	1.0
69	553	58	1.0
4492	281	96	1.0
1610	281	0	1.0
109	833	68	1.0
1183	2387	96	1.0
685	4578	140	1.0
444	3146	115	1.0
233	1542	145	1.0
4202	2245	98	1.0
2561	1676	15	1.0
2174	3676	24	1.0
419	2971	24	1.0
144	1089	166	1.0
459	3243	73	1.0
392	2726	19	1.0
425	282	127	1.0
658	4424	96	1.0
236	1737	0	1.0
193	1372	105	1.0
2622	1546	81	1.0
689	2788	118	1.0
198	1401	163	1.0
36	335	109	1.0
335	2392	66	1.0
3704	3740	147	1.0
878	735	131	1.0
1324	3551	122	1.0
3823	3120	165	1.0
452	3199	25	1.0
652	4378	0	1.0
3823	1664	113	1.0
2932	3276	67	1.0
231	104	139	1.0
1397	730	144	1.0
3709	2763	0	1.0
499	3507	118	1.0
3139	448	62	1.0
616	4176	145	1.0
1515	3940	24	1.0
1441	3829	0	1.0
551	3803	162	1.0
1464	3846	96	1.0
82	681	87	1.0
219	1557	147	1.0
472	3324	67	1.0
31	299	0	1.0
335	2392	17	1.0
2515	4483	47	1.0
369	2634	0	1.0
3336	2841	90	1.0
685	4573	0	1.0
3072	99	1	1.0
3943	563	15	1.0
3654	3863	43	1.0
1686	3223	25	1.0
355	2558	44	1.0
464	3275	48	1.0
3832	1701	40	1.0
1565	2261	0	1.0
526	3672	120	1.0
652	4401	160	1.0
1786	3156	165	1.0
25	242	1	1.0
329	2363	91	1.0
395	2730	165	1.0
1527	1138	69	1.0
966	4149	60	1.0
2107	1513	0	1.0
672	4261	89	1.0
2730	3906	0	1.0
494	3455	34	1.0
1307	3425	108	1.0
1638	3662	24	1.0
1297	113	145	1.0
333	2383	68	1.0
537	3744	7	1.0
57	477	166	1.0
168	1232	121	1.0
424	2992	107	1.0
241	1780	18	1.0
4861	3555	26	1.0
1083	1795	163	1.0
3229	2991	110	1.0
2643	1698	138	1.0
702	2659	145	1.0
3230	688	97	1.0
872	1984	0	1.0
685	4579	116	1.0
79	670	88	1.0
388	2713	73	1.0
3139	448	21	1.0
3825	575	155	1.0
28	273	23	1.0
225	1603	117	1.0
4152	284	25	1.0
570	3928	21	1.0
3943	557	15	1.0
4347	1051	120	1.0
4869	240	121	1.0
481	3389	45	1.0
428	3013	96	1.0
3144	398	96	1.0
3278	2488	136	1.0
764	207	45	1.0
211	1498	167	1.0
123	923	24	1.0
677	4496	0	1.0
4202	2245	0	1.0
3615	928	34	1.0
3516	1967	163	1.0
365	494	32	1.0
2255	3155	90	1.0
676	4490	134	1.0
6	79	73	1.0
2766	1540	11	1.0
87	730	144	1.0
3493	3385	118	1.0
45	398	94	1.0
543	3766	45	1.0
87	735	158	1.0
2079	2435	144	1.0
497	3466	42	1.0
581	1824	96	1.0
2277	4310	124	1.0
165	441	20	1.0
3336	2835	62	1.0
4095	3984	0	1.0
323	2307	73	1.0
205	1437	96	1.0
490	1050	118	1.0
3794	167	111	1.0
1515	3957	70	1.0
1990	3800	89	1.0
9	90	95	1.0
596	4104	50	1.0
405	2793	0	1.0
1589	968	167	1.0
572	3945	138	1.0
4790	78	59	1.0
421	2977	0	1.0
4682	2906	97	1.0
181	1322	114	1.0
658	4427	123	1.0
939	4446	144	1.0
463	3269	0	1.0
205	1434	61	1.0
22	221	0	1.0
1964	3941	69	1.0
3627	2222	59	1.0
405	2819	0	1.0
544	3773	121	1.0
776	2418	48	1.0
440	3080	135	1.0
650	4359	14	1.0
4869	235	158	1.0
872	40	126	1.0
351	2527	163	1.0
1303	4411	45	1.0
801	1615	139	1.0
4334	3776	22	1.0
547	3686	93	1.0
304	2156	69	1.0
3179	3676	0	1.0
393	2677	0	1.0
579	4006	96	1.0
2989	3088	50	1.0
2236	1443	48	1.0
142	1074	96	1.0
1135	2787	118	1.0
627	4258	48	1.0
3267	3674	73	1.0
124	956	114	1.0
2990	2637	144	1.0
1961	3160	99	1.0
442	3099	91	1.0
3177	2389	145	1.0
2626	1392	60	1.0
24	237	48	1.0
1997	1136	157	1.0
1479	1154	53	1.0
212	1500	10	1.0
1889	3364	98	1.0
3693	844	69	1.0
1683	2979	34	1.0
2561	1663	70	1.0
157	1153	84	1.0
309	2195	99	1.0
65	513	163	1.0
421	2979	144	1.0
1496	4256	45	1.0
4334	3774	86	1.0
728	359	81	1.0
515	3601	71	1.0
200	1414	42	1.0
3175	1593	117	1.0
414	2941	122	1.0
208	1469	69	1.0
561	3865	134	1.0
1195	1721	72	1.0
4853	230	1	1.0
2988	1606	148	1.0
2662	3113	66	1.0
568	3905	160	1.0
406	2856	151	1.0
225	1604	39	1.0
4230	2830	29	1.0
3350	4207	58	1.0
653	4408	71	1.0
3276	311	0	1.0
3543	3236	157	1.0
2151	4623	112	1.0
556	3826	71	1.0
2626	1390	63	1.0
2823	3870	59	1.0
977	787	73	1.0
237	1740	1	1.0
4830	4621	95	1.0
323	2327	144	1.0
110	852	98	1.0
2643	1533	138	1.0
73	627	0	1.0
526	3666	121	1.0
1771	924	49	1.0
570	3926	123	1.0
4713	2422	5	1.0
12	136	107	1.0
3402	4676	0	1.0
550	3037	144	1.0
53	464	166	1.0
4598	3166	25	1.0
3267	3674	148	1.0
171	1253	142	1.0
1186	1971	20	1.0
2561	1701	70	1.0
142	1082	70	1.0
318	2282	131	1.0
198	1396	14	1.0
1103	4229	88	1.0
3836	1701	17	1.0
1647	3647	121	1.0
2845	4492	6	1.0
2960	528	61	1.0
2224	4667	73	1.0
1997	1131	41	1.0
448	3172	63	1.0
403	2769	48	1.0
2228	282	52	1.0
4465	2673	149	1.0
573	3946	72	1.0
3264	3695	47	1.0
624	4237	77	1.0
4246	485	160	1.0
2684	4323	144	1.0
1515	3940	19	1.0
426	2230	22	1.0
2	26	165	1.0
50	444	134	1.0
2648	98	94	1.0
232	1701	17	1.0
105	807	156	1.0
734	1942	167	1.0
91	756	93	1.0
67	525	16	1.0
353	2543	71	1.0
6	81	25	1.0
684	4555	67	1.0
18	192	93	1.0
275	1981	95	1.0
579	4006	120	1.0
3172	4204	95	1.0
2974	4607	160	1.0
563	3874	86	1.0
947	176	47	1.0
73	628	105	1.0
947	168	69	1.0
872	3378	3	1.0
418	2969	18	1.0
359	2575	84	1.0
3852	604	19	1.0
2629	2444	24	1.0
3138	3142	69	1.0
2687	1667	165	1.0
226	1624	96	1.0
127	972	119	1.0
2858	303	0	1.0
2213	2135	134	1.0
1451	1138	69	1.0
4516	2023	14	1.0
508	3563	20	1.0
3391	924	49	1.0
3751	3443	142	1.0
313	2237	12	1.0
3172	4210	125	1.0
3894	822	31	1.0
2629	311	17	1.0
2110	1689	127	1.0
3368	8	107	1.0
2204	308	17	1.0
601	4135	0	1.0
2637	1673	93	1.0
531	3721	156	1.0
2484	4411	109	1.0
1860	2141	118	1.0
1464	3853	73	1.0
269	1934	85	1.0
146	1100	56	1.0
4290	849	165	1.0
170	1246	92	1.0
4528	485	116	1.0
3168	1721	49	1.0
144	1091	16	1.0
140	1071	72	1.0
542	3755	0	1.0
3840	3120	44	1.0
408	2879	0	1.0
766	2979	24	1.0
2680	1682	70	1.0
4357	3276	123	1.0
3584	3268	93	1.0
201	1409	64	1.0
1249	1621	0	1.0
914	2490	89	1.0
371	2642	94	1.0
1598	3967	114	1.0
1190	1470	34	1.0
374	2662	107	1.0
1010	4004	71	1.0
69	561	85	1.0
590	4076	120	1.0
2990	2638	68	1.0
2648	3153	67	1.0
328	2351	115	1.0
4475	3438	148	1.0
3344	1404	42	1.0
243	1791	120	1.0
3937	1456	2	1.0
3971	4494	157	1.0
2951	1689	48	1.0
1129	1683	141	1.0
420	2975	24	1.0
527	3674	148	1.0
3901	2877	153	1.0
407	2821	28	1.0
2876	2449	73	1.0
1598	3940	120	1.0
1726	92	66	1.0
1444	976	49	1.0
2662	92	66	1.0
3101	2444	113	1.0
53	454	0	1.0
405	2778	114	1.0
198	1389	67	1.0
123	919	161	1.0
589	4058	86	1.0
122	917	72	1.0
153	1139	116	1.0
1803	3377	0	1.0
225	1614	137	1.0
2229	2020	72	1.0
1046	166	48	1.0
3319	4568	88	1.0
90	748	160	1.0
1765	4623	67	1.0
872	40	94	1.0
591	4065	0	1.0
1464	3853	96	1.0
4682	2903	23	1.0
4212	4500	44	1.0
2666	604	22	1.0
323	2312	19	1.0
611	4162	96	1.0
51	443	107	1.0
614	4172	93	1.0
28	271	99	1.0
686	3955	68	1.0
1504	231	48	1.0
2310	1994	68	1.0
527	3677	93	1.0
215	1525	112	1.0
4682	2897	141	1.0
806	1787	0	1.0
226	1618	96	1.0
2013	1130	113	1.0
2670	99	66	1.0
2917	3580	145	1.0
464	485	49	1.0
410	2895	72	1.0
2218	4231	71	1.0
1450	1138	160	1.0
654	4406	84	1.0
425	282	155	1.0
165	1206	71	1.0
2052	3277	137	1.0
2236	1435	69	1.0
98	780	69	1.0
1016	2824	119	1.0
3630	1144	120	1.0
207	1468	81	1.0
277	895	69	1.0
677	4496	72	1.0
1315	2133	60	1.0
30	279	104	1.0
749	1029	94	1.0
2549	1489	144	1.0
2823	3870	141	1.0
403	2767	95	1.0
2643	96	157	1.0
2347	4466	96	1.0
568	3905	23	1.0
1725	2285	0	1.0
763	207	167	1.0
444	3142	15	1.0
2571	3234	0	1.0
4553	4394	41	1.0
4251	1804	42	1.0
636	236	68	1.0
144	1097	46	1.0
2042	3722	29	1.0
3208	1694	6	1.0
330	2364	0	1.0
309	2191	2	1.0
158	1160	0	1.0
1967	4482	121	1.0
3023	680	24	1.0
406	2825	156	1.0
1112	785	63	1.0
492	3437	24	1.0
677	4498	61	1.0
2662	104	41	1.0
506	3541	130	1.0
578	4003	117	1.0
1297	4326	116	1.0
523	3649	141	1.0
4793	4233	167	1.0
1987	1201	145	1.0
3852	1684	166	1.0
355	2552	156	1.0
1126	3833	48	1.0
682	4520	91	1.0
1987	1199	145	1.0
2691	1684	22	1.0
464	3280	49	1.0
64	204	41	1.0
227	1642	0	1.0
601	4136	48	1.0
1010	4015	70	1.0
374	2662	24	1.0
572	3958	44	1.0
1976	3940	121	1.0
2669	1694	141	1.0
2537	1616	17	1.0
3696	2000	36	1.0
262	1902	165	1.0
528	3699	148	1.0
3964	1997	24	1.0
233	108	133	1.0
2561	116	70	1.0
304	2159	7	1.0
876	3312	74	1.0
243	1794	96	1.0
27	260	75	1.0
1598	3945	118	1.0
3016	1620	167	1.0
336	2402	70	1.0
3463	1553	134	1.0
4869	239	45	1.0
2339	4673	85	1.0
4053	388	59	1.0
127	976	48	1.0
89	742	115	1.0
3620	4628	46	1.0
34	320	17	1.0
3280	2606	16	1.0
115	887	82	1.0
4011	4149	20	1.0
431	3021	0	1.0
73	628	16	1.0
462	67	87	1.0
2258	4646	14	1.0
2851	166	43	1.0
459	2287	120	1.0
2568	4687	42	1.0
3480	2204	25	1.0
2052	3279	137	1.0
200	1416	140	1.0
1263	3360	158	1.0
1977	3957	90	1.0
626	4255	75	1.0
230	90	22	1.0
1335	2603	0	1.0
251	1831	96	1.0
1092	1824	97	1.0
480	1995	97	1.0
1785	3537	72	1.0
222	1584	24	1.0
206	1450	156	1.0
2691	1697	69	1.0
630	4283	56	1.0
2662	612	17	1.0
2001	1654	167	1.0
596	4112	40	1.0
236	1738	62	1.0
83	702	35	1.0
572	3944	117	1.0
595	4088	50	1.0
1394	3884	65	1.0
631	4286	134	1.0
230	1657	22	1.0
4735	1030	90	1.0
615	4173	131	1.0
311	2220	47	1.0
169	1238	145	1.0
2767	1683	163	1.0
3504	4116	161	1.0
4869	248	50	1.0
375	2662	48	1.0
406	2846	157	1.0
371	2638	33	1.0
476	1792	167	1.0
69	564	20	1.0
1224	3662	158	1.0
3579	232	149	1.0
371	2636	1	1.0
615	4173	63	1.0
200	1409	144	1.0
291	2092	48	1.0
1990	3797	24	1.0
3394	3319	75	1.0
445	3106	92	1.0
2982	3832	72	1.0
543	3766	136	1.0
127	971	50	1.0
2558	303	115	1.0
294	2106	86	1.0
219	1549	142	1.0
2171	1114	156	1.0
77	665	47	1.0
146	1105	55	1.0
1863	3183	117	1.0
1889	3350	50	1.0
3768	53	33	1.0
692	4614	160	1.0
71	574	75	1.0
165	1198	43	1.0
166	1213	154	1.0
4600	3253	111	1.0
508	3565	46	1.0
75	640	32	1.0
647	4350	165	1.0
751	2451	111	1.0
181	1313	14	1.0
162	1187	2	1.0
533	3723	147	1.0
328	2354	120	1.0
4663	260	25	1.0
2561	1690	89	1.0
2669	3157	93	1.0
539	289	48	1.0
414	2930	97	1.0
4453	1318	71	1.0
6	77	38	1.0
269	1938	24	1.0
2118	1878	24	1.0
641	1662	157	1.0
805	1480	103	1.0
208	1479	131	1.0
325	2341	49	1.0
1994	1695	112	1.0
4239	3436	20	1.0
30	280	59	1.0
3836	1708	113	1.0
3218	3376	0	1.0
4660	4133	0	1.0
1336	3840	1	1.0
528	3683	1	1.0
363	2587	96	1.0
479	3367	0	1.0
4611	499	163	1.0
111	868	49	1.0
3493	3983	0	1.0
486	3419	133	1.0
1190	1472	0	1.0
29	276	26	1.0
2684	1541	144	1.0
596	4113	65	1.0
527	3682	20	1.0
4308	2167	72	1.0
4790	4236	10	1.0
670	4475	133	1.0
572	3942	46	1.0
260	1896	12	1.0
91	754	34	1.0
3852	1689	166	1.0
27	265	79	1.0
468	3296	22	1.0
317	2264	137	1.0
125	957	72	1.0
1129	1544	45	1.0
939	4446	48	1.0
2231	2650	24	1.0
178	1293	119	1.0
138	1047	70	1.0
1668	1387	24	1.0
681	4522	86	1.0
2053	3277	67	1.0
155	1142	46	1.0
366	2616	48	1.0
286	2052	156	1.0
4394	284	60	1.0
3072	105	94	1.0
2670	93	20	1.0
4287	2064	43	1.0
627	4267	136	1.0
513	3597	0	1.0
1527	1139	141	1.0
662	4437	26	1.0
217	1541	72	1.0
3852	1704	68	1.0
1733	4018	48	1.0
99	785	48	1.0
238	1762	73	1.0
105	806	93	1.0
1320	819	149	1.0
522	3638	67	1.0
44	388	0	1.0
496	3475	40	1.0
1626	954	0	1.0
14	167	142	1.0
33	306	120	1.0
444	3117	140	1.0
3542	789	88	1.0
3876	3112	48	1.0
241	1771	36	1.0
261	1899	165	1.0
2648	1664	67	1.0
810	850	87	1.0
3172	4202	39	1.0
2638	1713	93	1.0
3314	3844	120	1.0
1394	4019	97	1.0
4205	2469	159	1.0
2648	1687	160	1.0
404	2780	97	1.0
82	696	112	1.0
525	3660	0	1.0
198	1387	156	1.0
3961	2076	147	1.0
174	1274	145	1.0
1572	3162	140	1.0
2173	661	111	1.0
589	4054	121	1.0
522	3637	19	1.0
51	445	155	1.0
97	778	159	1.0
1785	3537	62	1.0
431	3023	24	1.0
1612	3498	141	1.0
219	1554	39	1.0
2561	1703	69	1.0
271	1943	0	1.0
295	2117	89	1.0
364	2592	142	1.0
558	3840	142	1.0
318	2276	1	1.0
444	3145	43	1.0
3852	3155	68	1.0
486	3417	120	1.0
4120	1030	0	1.0
1608	2637	66	1.0
1356	86	92	1.0
667	4460	0	1.0
1244	719	28	1.0
2231	2650	89	1.0
4202	2245	73	1.0
351	2530	121	1.0
3	36	160	1.0
3155	4275	51	1.0
1871	299	96	1.0
873	2381	64	1.0
2492	1542	46	1.0
3814	3229	144	1.0
2939	236	145	1.0
2730	3910	24	1.0
3794	165	0	1.0
423	2990	167	1.0
371	2646	47	1.0
2637	1672	48	1.0
269	1937	0	1.0
516	3619	90	1.0
163	1195	9	1.0
241	1775	61	1.0
1726	1656	155	1.0
3829	1717	42	1.0
384	2701	0	1.0
1728	2715	84	1.0
235	1723	86	1.0
167	1215	122	1.0
406	2842	48	1.0
81	684	162	1.0
4433	3417	117	1.0
8	104	69	1.0
568	3914	161	1.0
1504	242	24	1.0
371	2639	48	1.0
440	3073	49	1.0
166	1218	127	1.0
3876	1535	115	1.0
673	4484	79	1.0
4335	3771	161	1.0
1572	3162	71	1.0
1835	4307	70	1.0
4449	2399	0	1.0
487	3424	92	1.0
53	465	21	1.0
406	2822	167	1.0
69	561	14	1.0
236	1734	61	1.0
1598	3945	40	1.0
321	2298	70	1.0
98	785	69	1.0
459	3237	98	1.0
2670	599	67	1.0
1175	314	1	1.0
4485	3317	43	1.0
3878	90	158	1.0
596	4101	16	1.0
3663	4476	160	1.0
2072	2227	48	1.0
686	3953	20	1.0
1585	371	144	1.0
319	2288	10	1.0
2236	1434	24	1.0
81	686	72	1.0
75	654	58	1.0
453	3204	114	1.0
578	4005	43	1.0
594	4087	92	1.0
283	2023	94	1.0
4475	3447	24	1.0
285	2044	147	1.0
200	1409	48	1.0
590	4064	122	1.0
1163	3165	0	1.0
3620	4628	48	1.0
3852	1678	92	1.0
440	3084	97	1.0
291	2094	138	1.0
4517	2492	107	1.0
650	4362	166	1.0
812	493	67	1.0
645	4346	113	1.0
506	3543	96	1.0
30	285	166	1.0
2236	1446	96	1.0
250	1825	55	1.0
616	4176	25	1.0
678	4502	144	1.0
1726	1540	155	1.0
658	4426	124	1.0
4333	2137	71	1.0
5	71	14	1.0
415	2932	96	1.0
2662	4327	119	1.0
3336	2855	147	1.0
666	4463	87	1.0
408	2881	74	1.0
3139	448	48	1.0
1113	787	140	1.0
237	1743	80	1.0
425	2992	110	1.0
496	3474	18	1.0
204	1441	68	1.0
1356	554	92	1.0
122	926	121	1.0
3431	1408	164	1.0
598	3222	87	1.0
3752	3443	70	1.0
4295	831	166	1.0
2071	2220	0	1.0
658	4426	148	1.0
487	3429	47	1.0
1993	1138	116	1.0
2952	1484	46	1.0
538	3743	156	1.0
4167	2208	71	1.0
310	2208	114	1.0
252	1849	24	1.0
69	555	49	1.0
1515	3951	36	1.0
4046	2132	0	1.0
4235	4306	68	1.0
4480	3108	48	1.0
3814	3229	96	1.0
181	1323	164	1.0
676	4492	121	1.0
1301	2251	121	1.0
487	3422	25	1.0
468	3303	63	1.0
73	628	56	1.0
923	3742	47	1.0
2626	1394	17	1.0
1787	802	40	1.0
4660	4133	43	1.0
115	885	118	1.0
984	3004	81	1.0
309	2195	121	1.0
2932	3278	67	1.0
929	3839	48	1.0
568	3910	90	1.0
370	2641	90	1.0
592	3784	96	1.0
681	4520	34	1.0
3825	1699	46	1.0
2228	282	131	1.0
286	1005	43	1.0
3964	2603	3	1.0
3753	4377	84	1.0
3963	569	19	1.0
1163	1195	147	1.0
397	2733	109	1.0
351	2526	136	1.0
456	3222	46	1.0
277	1991	20	1.0
528	3683	43	1.0
169	1237	109	1.0
285	2045	138	1.0
218	1548	10	1.0
763	207	48	1.0
1135	4603	118	1.0
3168	1721	0	1.0
282	2021	117	1.0
1444	2018	96	1.0
1570	216	19	1.0
4534	2146	19	1.0
4527	2146	139	1.0
474	3336	0	1.0
588	4050	122	1.0
259	1883	154	1.0
381	2694	120	1.0
631	4289	24	1.0
148	1116	76	1.0
81	684	72	1.0
316	2248	49	1.0
4869	4596	50	1.0
356	2563	144	1.0
1976	3942	113	1.0
385	2706	67	1.0
4523	3698	135	1.0
266	1919	9	1.0
2769	2380	72	1.0
1830	3316	0	1.0
1303	4408	120	1.0
1515	3940	91	1.0
232	1695	94	1.0
232	1697	94	1.0
640	4324	158	1.0
729	358	166	1.0
217	1544	45	1.0
312	2232	17	1.0
1190	3563	24	1.0
930	3844	142	1.0
528	3683	110	1.0
91	757	58	1.0
381	2693	166	1.0
410	2898	24	1.0
597	3221	120	1.0
2	25	119	1.0
1249	1615	137	1.0
9	121	20	1.0
4247	3270	157	1.0
2649	91	135	1.0
1431	600	21	1.0
671	114	43	1.0
3893	16	59	1.0
635	4299	93	1.0
208	1469	108	1.0
2028	659	66	1.0
2213	2435	107	1.0
1865	1340	72	1.0
573	3943	120	1.0
2767	1700	46	1.0
483	3404	71	1.0
483	3398	107	1.0
233	1719	72	1.0
2684	3115	23	1.0
484	3406	96	1.0
2934	614	161	1.0
3040	2979	22	1.0
1098	784	96	1.0
669	4473	24	1.0
3851	4480	68	1.0
468	3300	40	1.0
1726	3121	115	1.0
4428	1208	61	1.0
1668	1399	117	1.0
1224	3659	67	1.0
287	2073	42	1.0
319	2287	14	1.0
647	4350	87	1.0
2845	4495	115	1.0
188	1352	79	1.0
4660	2116	92	1.0
592	1200	96	1.0
2641	772	19	1.0
2561	1697	88	1.0
3263	3695	96	1.0
3163	684	69	1.0
526	3662	73	1.0
2864	4326	144	1.0
468	3300	120	1.0
1260	508	24	1.0
200	1406	44	1.0
25	232	13	1.0
157	1155	24	1.0
1533	29	143	1.0
405	2807	114	1.0
459	3244	100	1.0
4334	3776	81	1.0
579	4005	96	1.0
3663	1547	21	1.0
3177	2389	6	1.0
2670	114	42	1.0
539	3750	99	1.0
275	1970	0	1.0
283	2026	144	1.0
773	371	82	1.0
339	64	0	1.0
3229	282	120	1.0
1271	3639	119	1.0
284	2035	88	1.0
1556	421	64	1.0
568	3920	69	1.0
561	3853	0	1.0
183	1328	0	1.0
285	1008	164	1.0
204	1436	14	1.0
251	1828	141	1.0
681	4524	34	1.0
370	2641	3	1.0
4197	719	25	1.0
199	1392	21	1.0
4357	3278	68	1.0
2662	1535	66	1.0
2013	1138	113	1.0
1847	3453	95	1.0
2637	1539	93	1.0
1988	282	0	1.0
2695	4588	130	1.0
1136	65	49	1.0
321	2298	121	1.0
227	1618	157	1.0
1610	296	56	1.0
476	3351	56	1.0
3200	1317	43	1.0
1950	3158	72	1.0
226	1625	96	1.0
218	1549	69	1.0
2561	1693	70	1.0
445	3110	120	1.0
3168	1078	96	1.0
2236	1440	1	1.0
1450	1136	164	1.0
472	3320	1	1.0
4146	519	0	1.0
2960	521	83	1.0
3823	1683	19	1.0
318	2275	145	1.0
372	2654	94	1.0
2688	1715	142	1.0
445	3106	0	1.0
318	2276	144	1.0
316	2248	23	1.0
598	2387	167	1.0
939	4439	147	1.0
3961	2076	143	1.0
2341	378	48	1.0
3948	1624	75	1.0
219	1555	153	1.0
568	3904	112	1.0
319	2289	137	1.0
51	441	34	1.0
528	3682	138	1.0
782	3627	24	1.0
1977	3959	160	1.0
1834	4305	42	1.0
2445	536	74	1.0
2791	824	113	1.0
464	3268	133	1.0
226	1629	96	1.0
3240	847	42	1.0
4357	3271	73	1.0
406	2849	48	1.0
405	2778	71	1.0
1358	3366	0	1.0
470	3309	95	1.0
205	1437	144	1.0
1286	4446	25	1.0
476	3349	164	1.0
3602	2141	118	1.0
1168	3918	145	1.0
683	4554	42	1.0
3832	4326	119	1.0
331	2373	0	1.0
682	4525	97	1.0
165	1199	22	1.0
3926	2824	42	1.0
463	3274	25	1.0
4637	2435	108	1.0
230	1657	144	1.0
214	1512	166	1.0
2638	1062	18	1.0
3260	1809	96	1.0
1266	3679	142	1.0
2484	4410	140	1.0
572	3954	117	1.0
87	735	81	1.0
271	1947	115	1.0
2823	3875	83	1.0
3049	2236	38	1.0
847	4636	150	1.0
629	4273	38	1.0
2218	4231	88	1.0
225	1606	106	1.0
504	3530	167	1.0
171	1249	165	1.0
2990	2638	44	1.0
3016	1622	144	1.0
1479	1153	88	1.0
751	1185	120	1.0
271	1944	89	1.0
459	3233	144	1.0
4246	485	22	1.0
1572	3163	50	1.0
587	4047	82	1.0
766	2979	91	1.0
386	1721	104	1.0
14	164	58	1.0
12	157	81	1.0
410	2895	0	1.0
332	2379	105	1.0
476	3348	39	1.0
1515	3959	113	1.0
2151	4630	110	1.0
652	4376	134	1.0
2484	4408	108	1.0
318	2275	0	1.0
319	2285	20	1.0
2125	3243	149	1.0
199	1388	0	1.0
3138	3106	0	1.0
4543	2828	164	1.0
634	4299	72	1.0
405	2788	140	1.0
97	779	163	1.0
4429	1625	48	1.0
3852	586	19	1.0
38	358	1	1.0
232	1696	94	1.0
3113	1768	165	1.0
3112	3580	49	1.0
3638	4671	24	1.0
1863	3183	44	1.0
1	6	162	1.0
468	3290	12	1.0
1527	1134	0	1.0
225	1602	110	1.0
1174	1315	144	1.0
2961	2451	3	1.0
256	1870	155	1.0
581	1824	120	1.0
1974	4274	85	1.0
3186	495	45	1.0
69	549	64	1.0
4335	3771	107	1.0
1303	4412	97	1.0
130	999	14	1.0
4149	2402	112	1.0
3239	971	121	1.0
2680	1674	67	1.0
614	4169	93	1.0
237	1740	36	1.0
336	2403	118	1.0
2974	4620	160	1.0
697	4636	144	1.0
273	1960	116	1.0
2085	3437	148	1.0
226	1616	0	1.0
230	1656	120	1.0
4248	2567	94	1.0
20	218	160	1.0
346	2498	140	1.0
1787	808	20	1.0
177	1282	142	1.0
2891	3515	60	1.0
641	117	141	1.0
440	3086	18	1.0
2296	3159	144	1.0
25	232	38	1.0
3164	4536	43	1.0
4357	3268	114	1.0
3491	3333	0	1.0
2561	1673	10	1.0
508	3375	24	1.0
506	3546	40	1.0
54	468	144	1.0
623	4229	143	1.0
323	2322	154	1.0
3313	2005	93	1.0
408	2881	144	1.0
1770	1229	68	1.0
159	1179	156	1.0
374	2667	14	1.0
549	3784	167	1.0
446	3159	118	1.0
2013	1129	40	1.0
4527	2140	140	1.0
253	1849	72	1.0
1977	3940	46	1.0
1428	1097	119	1.0
279	1999	62	1.0
932	3796	121	1.0
544	3771	162	1.0
653	4406	71	1.0
3794	179	34	1.0
2614	44	48	1.0
507	1470	44	1.0
4480	3108	24	1.0
4334	3775	106	1.0
2218	4231	0	1.0
227	1645	65	1.0
77	664	96	1.0
2691	104	120	1.0
596	4097	132	1.0
4838	2877	0	1.0
90	748	143	1.0
1135	2775	144	1.0
627	4267	111	1.0
232	1667	98	1.0
1306	3425	20	1.0
30	279	120	1.0
3164	4536	64	1.0
67	527	68	1.0
49	434	14	1.0
20	205	119	1.0
691	281	0	1.0
472	3313	73	1.0
294	2107	8	1.0
1908	4581	164	1.0
468	3296	118	1.0
445	1062	91	1.0
3663	4470	91	1.0
604	1735	41	1.0
3535	572	134	1.0
2824	3008	85	1.0
3743	569	47	1.0
176	1280	87	1.0
4621	390	0	1.0
2501	306	48	1.0
221	1569	41	1.0
2236	1441	69	1.0
544	3774	89	1.0
865	3481	161	1.0
4865	4589	130	1.0
3615	3242	139	1.0
2218	4233	94	1.0
3985	287	150	1.0
236	1738	110	1.0
1878	661	72	1.0
298	2131	97	1.0
75	645	55	1.0
1989	3796	120	1.0
3119	3792	96	1.0
152	1134	90	1.0
3852	586	166	1.0
3752	3440	45	1.0
53	459	143	1.0
204	1437	142	1.0
347	2503	109	1.0
3550	1857	161	1.0
3840	1684	40	1.0
409	2877	73	1.0
4546	4216	96	1.0
3852	1704	42	1.0
445	3156	67	1.0
652	4393	23	1.0
4073	682	88	1.0
2637	4323	46	1.0
4465	2662	121	1.0
2684	96	144	1.0
1499	4438	71	1.0
3775	1002	84	1.0
1765	4632	158	1.0
4869	230	1	1.0
4347	592	120	1.0
285	2050	72	1.0
1393	3884	25	1.0
662	4441	89	1.0
2597	1793	36	1.0
68	536	14	1.0
528	3688	121	1.0
529	3707	94	1.0
323	2306	0	1.0
119	903	0	1.0
1324	3551	115	1.0
3040	3241	22	1.0
809	2672	74	1.0
309	2193	121	1.0
226	1621	64	1.0
312	2230	81	1.0
3267	3679	23	1.0
204	1444	14	1.0
418	2966	68	1.0
237	1742	9	1.0
3072	107	131	1.0
441	3091	95	1.0
221	1564	13	1.0
4480	3110	129	1.0
2785	1411	167	1.0
520	2228	85	1.0
2601	917	17	1.0
2561	1710	70	1.0
3230	681	73	1.0
1609	2649	66	1.0
39	367	166	1.0
4201	2143	24	1.0
45	399	48	1.0
4455	3068	73	1.0
2025	4621	0	1.0
355	2554	136	1.0
2641	773	12	1.0
515	3602	145	1.0
3016	543	74	1.0
211	1498	48	1.0
3058	197	19	1.0
4429	559	24	1.0
2540	3322	36	1.0
402	2763	167	1.0
243	1793	106	1.0
2537	1633	110	1.0
1810	4158	0	1.0
1266	3679	144	1.0
3852	116	166	1.0
115	891	107	1.0
205	1437	90	1.0
199	1393	48	1.0
3291	1711	23	1.0
4869	235	96	1.0
1202	333	23	1.0
659	3105	138	1.0
684	4540	70	1.0
328	2351	156	1.0
25	238	145	1.0
2310	40	165	1.0
1461	1190	14	1.0
4566	4672	73	1.0
672	4269	0	1.0
413	2927	139	1.0
681	4527	133	1.0
566	3890	48	1.0
638	4311	12	1.0
2662	578	17	1.0
2540	3318	140	1.0
138	1054	95	1.0
685	4573	41	1.0
485	3412	48	1.0
253	1849	69	1.0
2083	3848	100	1.0
165	1203	17	1.0
561	3865	92	1.0
339	1475	1	1.0
2874	3094	24	1.0
3840	3112	40	1.0
93	767	82	1.0
232	1688	68	1.0
232	1677	165	1.0
1504	236	147	1.0
2179	1114	51	1.0
1374	675	69	1.0
1025	747	108	1.0
1818	3655	139	1.0
684	4565	67	1.0
140	1070	71	1.0
1718	932	21	1.0
271	1944	59	1.0
540	3752	137	1.0
3605	4574	0	1.0
4263	108	141	1.0
3006	1150	149	1.0
4492	281	83	1.0
25	242	49	1.0
351	2532	49	1.0
349	2523	137	1.0
14	165	86	1.0
526	3665	48	1.0
3825	3129	155	1.0
258	1882	0	1.0
3172	4202	65	1.0
1297	4326	0	1.0
157	1155	59	1.0
2149	1115	0	1.0
414	2936	120	1.0
3366	1957	154	1.0
14	166	89	1.0
522	3638	90	1.0
456	2387	121	1.0
800	1619	109	1.0
1098	784	75	1.0
2852	3691	111	1.0
3630	1144	157	1.0
4317	3378	18	1.0
4247	485	160	1.0
89	743	116	1.0
3630	1148	106	1.0
4163	3072	15	1.0
566	3900	81	1.0
162	1189	135	1.0
257	1873	164	1.0
2189	3523	66	1.0
491	3438	0	1.0
2255	1703	11	1.0
3187	490	117	1.0
1357	3367	0	1.0
189	1354	104	1.0
631	4285	62	1.0
249	1815	61	1.0
371	2644	109	1.0
240	1770	72	1.0
2648	115	67	1.0
4541	4201	71	1.0
129	989	48	1.0
232	1670	165	1.0
196	1382	48	1.0
3829	1684	138	1.0
110	858	43	1.0
558	3838	0	1.0
314	2244	140	1.0
3873	1619	11	1.0
1515	3945	48	1.0
30	287	27	1.0
4566	4672	65	1.0
2691	96	71	1.0
3663	4470	105	1.0
1107	3589	115	1.0
266	1733	56	1.0
3480	2514	0	1.0
1849	659	37	1.0
4397	2674	72	1.0
217	1541	48	1.0
1112	787	165	1.0
445	1671	15	1.0
432	3032	0	1.0
4264	1656	44	1.0
456	3224	93	1.0
115	888	84	1.0
557	3829	50	1.0
2932	3274	96	1.0
341	537	115	1.0
4467	50	17	1.0
135	1030	163	1.0
667	4467	73	1.0
2845	4491	99	1.0
266	1733	91	1.0
3901	2877	14	1.0
209	1480	0	1.0
3851	1683	44	1.0
3124	838	121	1.0
3836	1696	139	1.0
2767	1672	67	1.0
115	887	34	1.0
2824	2227	96	1.0
483	3400	11	1.0
516	3615	38	1.0
4385	1356	1	1.0
616	4174	76	1.0
1608	2639	43	1.0
619	4214	100	1.0
526	3661	96	1.0
2569	4503	96	1.0
444	3114	13	1.0
4494	842	72	1.0
1787	807	40	1.0
332	2376	43	1.0
619	4204	72	1.0
166	1225	44	1.0
71	594	166	1.0
2236	1437	75	1.0
1938	4203	167	1.0
380	2335	94	1.0
4032	4450	3	1.0
2960	2451	23	1.0
751	2454	160	1.0
1242	2379	96	1.0
448	3178	134	1.0
2178	3205	0	1.0
631	4288	126	1.0
160	1183	164	1.0
610	2825	71	1.0
1092	4018	0	1.0
3112	3377	50	1.0
589	4051	24	1.0
2031	1707	142	1.0
1227	1980	144	1.0
233	1719	44	1.0
364	2593	16	1.0
627	4258	0	1.0
4286	953	62	1.0
1223	3663	96	1.0
40	373	44	1.0
1515	3960	92	1.0
431	3029	106	1.0
82	681	24	1.0
3162	681	72	1.0
44	394	111	1.0
1849	659	1	1.0
269	1935	167	1.0
400	2757	0	1.0
3628	2249	16	1.0
4791	2946	125	1.0
676	4494	0	1.0
232	1716	94	1.0
4645	3168	77	1.0
669	4469	107	1.0
1297	4326	78	1.0
400	2757	94	1.0
2461	4576	130	1.0
3840	1684	95	1.0
4728	104	45	1.0
4869	239	89	1.0
1248	1636	117	1.0
210	1483	0	1.0
312	2230	10	1.0
371	2639	144	1.0
323	2308	144	1.0
319	2284	72	1.0
774	372	72	1.0
198	1403	63	1.0
2961	2451	64	1.0
3709	2763	96	1.0
30	292	59	1.0
2515	162	151	1.0
2606	2444	115	1.0
2573	134	24	1.0
1113	787	74	1.0
1009	4016	96	1.0
144	1096	117	1.0
2643	1698	157	1.0
1933	4595	118	1.0
687	4582	121	1.0
801	1619	39	1.0
4212	4502	63	1.0
115	888	167	1.0
801	1636	39	1.0
2111	4044	30	1.0
222	1322	164	1.0
459	3244	15	1.0
3143	540	0	1.0
2743	2094	162	1.0
2690	93	43	1.0
1380	2825	15	1.0
4475	3437	120	1.0
1239	310	137	1.0
2084	1276	72	1.0
2213	72	58	1.0
30	287	150	1.0
3875	1681	159	1.0
506	3544	131	1.0
2662	578	65	1.0
604	1737	88	1.0
627	4257	93	1.0
3752	3446	141	1.0
2824	2227	24	1.0
2666	600	93	1.0
3699	1891	14	1.0
503	3516	47	1.0
211	1499	11	1.0
385	2707	167	1.0
304	2163	87	1.0
561	3863	94	1.0
108	821	2	1.0
223	1593	24	1.0
572	3949	142	1.0
3267	3676	144	1.0
1889	1624	27	1.0
2643	115	157	1.0
2949	3279	145	1.0
410	2898	1	1.0
491	3440	144	1.0
1527	1134	72	1.0
271	1944	10	1.0
1224	3663	10	1.0
1831	3316	84	1.0
263	1903	140	1.0
2642	772	112	1.0
328	2359	19	1.0
338	2420	119	1.0
574	3977	165	1.0
351	2526	96	1.0
375	2664	162	1.0
4433	1605	157	1.0
27	259	76	1.0
570	3926	0	1.0
58	485	72	1.0
493	2651	11	1.0
1140	113	0	1.0
3228	733	58	1.0
142	1084	121	1.0
1515	3945	46	1.0
510	3588	166	1.0
198	1387	91	1.0
345	2113	69	1.0
592	4078	24	1.0
184	1339	72	1.0
1786	121	45	1.0
81	682	118	1.0
241	1783	64	1.0
22	227	120	1.0
2851	167	48	1.0
2652	2200	136	1.0
75	648	58	1.0
3900	1479	46	1.0
3366	1962	24	1.0
1977	3961	96	1.0
1976	3959	117	1.0
4869	248	153	1.0
275	1975	94	1.0
141	1073	63	1.0
1336	3839	48	1.0
485	3407	26	1.0
8	91	95	1.0
3751	3446	45	1.0
2561	577	15	1.0
25	239	1	1.0
4773	2227	107	1.0
1248	1642	141	1.0
573	3966	118	1.0
9	120	114	1.0
165	1199	24	1.0
1648	789	50	1.0
39	367	26	1.0
682	4527	72	1.0
495	3461	44	1.0
165	1204	82	1.0
1357	3367	96	1.0
493	2639	120	1.0
1626	954	80	1.0
3792	2428	49	1.0
3075	4037	70	1.0
389	2715	123	1.0
356	2567	160	1.0
526	3659	157	1.0
218	1551	96	1.0
3175	1593	35	1.0
595	193	49	1.0
421	2977	48	1.0
371	2643	87	1.0
4392	1341	110	1.0
251	1840	123	1.0
428	3012	2	1.0
320	2290	73	1.0
2516	3406	160	1.0
914	2121	46	1.0
1163	3165	47	1.0
1976	3943	157	1.0
267	1920	120	1.0
491	3448	144	1.0
412	2908	39	1.0
165	1202	87	1.0
686	3959	45	1.0
681	4520	166	1.0
1515	3945	144	1.0
316	2255	73	1.0
1353	1512	0	1.0
1983	4340	121	1.0
587	4037	94	1.0
374	2665	166	1.0
427	3008	83	1.0
214	1520	162	1.0
4246	3270	95	1.0
524	3658	135	1.0
221	1577	89	1.0
2327	860	98	1.0
49	432	93	1.0
628	4260	73	1.0
2669	1694	9	1.0
3826	1681	144	1.0
193	1378	147	1.0
2535	3785	161	1.0
3812	706	83	1.0
2310	3394	141	1.0
2939	1439	145	1.0
255	1866	162	1.0
3377	4224	120	1.0
664	4449	23	1.0
1329	1485	43	1.0
4697	2148	121	1.0
4465	2662	72	1.0
136	1037	24	1.0
559	3839	144	1.0
2274	1499	64	1.0
2540	3321	2	1.0
672	4262	120	1.0
140	1068	73	1.0
671	94	145	1.0
98	780	115	1.0
1129	1720	70	1.0
251	1833	154	1.0
119	910	156	1.0
4438	1682	0	1.0
878	737	19	1.0
3442	2173	113	1.0
2224	3562	21	1.0
447	3160	25	1.0
249	1816	72	1.0
1515	3940	120	1.0
590	4076	99	1.0
568	3906	69	1.0
3840	3117	68	1.0
4441	66	0	1.0
2684	589	144	1.0
285	2047	73	1.0
212	1500	48	1.0
45	396	0	1.0
1633	246	120	1.0
764	207	0	1.0
459	3238	144	1.0
1949	1964	65	1.0
341	2451	113	1.0
474	3332	135	1.0
327	1784	120	1.0
1929	1625	65	1.0
2347	4466	120	1.0
4663	260	99	1.0
686	3963	22	1.0
241	1777	85	1.0
87	735	139	1.0
608	4154	139	1.0
549	1207	158	1.0
1112	781	50	1.0
433	3033	0	1.0
3584	3275	24	1.0
4796	264	19	1.0
668	2965	0	1.0
1175	2660	22	1.0
4509	3876	144	1.0
2177	886	0	1.0
2637	1664	48	1.0
683	4552	91	1.0
675	4493	17	1.0
300	2148	47	1.0
378	2685	72	1.0
381	2696	45	1.0
75	643	73	1.0
221	1577	111	1.0
513	3598	14	1.0
109	828	87	1.0
2847	1740	167	1.0
259	1886	66	1.0
1568	3653	54	1.0
1889	3346	104	1.0
408	2887	145	1.0
1527	1134	133	1.0
72	617	167	1.0
138	1053	15	1.0
527	3687	93	1.0
402	2764	48	1.0
83	701	0	1.0
3823	3112	113	1.0
294	2111	86	1.0
675	4490	46	1.0
2974	4607	36	1.0
132	1011	24	1.0
1256	2289	66	1.0
3852	1671	42	1.0
925	2115	162	1.0
1718	921	16	1.0
537	3743	41	1.0
2236	1444	43	1.0
440	3086	99	1.0
4475	3446	22	1.0
3584	3268	72	1.0
2689	3129	109	1.0
750	2451	122	1.0
547	3678	93	1.0
82	681	16	1.0
2988	3812	25	1.0
8	92	43	1.0
362	2586	24	1.0
1889	1792	116	1.0
371	2644	165	1.0
104	803	122	1.0
206	1452	63	1.0
3630	1143	109	1.0
581	536	68	1.0
2228	3000	98	1.0
528	3673	92	1.0
8	94	141	1.0
1990	3800	70	1.0
228	1650	23	1.0
2637	1664	94	1.0
3842	3112	112	1.0
261	1900	96	1.0
4248	1270	71	1.0
1515	3963	144	1.0
2561	1713	70	1.0
2580	521	144	1.0
662	4437	161	1.0
4532	2405	2	1.0
2778	720	119	1.0
341	537	147	1.0
265	1917	0	1.0
3319	4559	11	1.0
30	288	165	1.0
655	4414	19	1.0
685	4574	158	1.0
221	1578	36	1.0
3964	2603	147	1.0
1266	3673	69	1.0
4429	560	118	1.0
4347	3128	120	1.0
2052	3270	71	1.0
70	569	72	1.0
3064	2249	15	1.0
3161	4050	24	1.0
539	291	121	1.0
2013	1138	156	1.0
1441	3831	0	1.0
297	2129	97	1.0
652	4393	24	1.0
1527	1135	144	1.0
2578	2612	21	1.0
2082	2203	1	1.0
158	1161	20	1.0
1491	3943	134	1.0
4681	2898	93	1.0
4528	3281	116	1.0
371	2642	163	1.0
83	708	37	1.0
25	231	114	1.0
634	2782	165	1.0
178	1292	0	1.0
2255	1537	140	1.0
249	1812	0	1.0
2640	3110	24	1.0
3615	338	139	1.0
348	2517	147	1.0
444	1062	21	1.0
2661	3155	21	1.0
4217	3855	142	1.0
310	2214	95	1.0
53	454	98	1.0
3106	2605	158	1.0
3989	378	41	1.0
528	3688	145	1.0
2641	775	17	1.0
925	2115	158	1.0
473	3328	25	1.0
3826	1689	41	1.0
1515	3960	72	1.0
2637	1539	117	1.0
469	3306	0	1.0
1078	80	0	1.0
4869	240	50	1.0
170	1245	139	1.0
661	4433	70	1.0
125	963	123	1.0
522	3645	91	1.0
1103	4229	46	1.0
456	3220	0	1.0
504	3535	167	1.0
497	3466	90	1.0
2662	3113	140	1.0
1940	281	166	1.0
4485	3316	9	1.0
459	2287	78	1.0
1083	1790	12	1.0
2845	4492	46	1.0
39	366	69	1.0
2424	1472	98	1.0
1964	3941	91	1.0
71	594	96	1.0
2932	3278	142	1.0
287	2071	0	1.0
351	2530	40	1.0
694	4631	27	1.0
1515	3955	62	1.0
2669	1695	141	1.0
573	3961	120	1.0
2561	1658	164	1.0
412	2908	95	1.0
3112	3580	1	1.0
1827	3984	17	1.0
1301	2261	25	1.0
1002	2148	21	1.0
3229	2998	157	1.0
1491	3940	15	1.0
2962	4204	69	1.0
3187	490	69	1.0
2662	612	65	1.0
2561	3153	70	1.0
8	95	161	1.0
2310	4654	48	1.0
2935	720	22	1.0
3661	3167	145	1.0
581	1828	144	1.0
317	2267	39	1.0
19	204	145	1.0
3103	1177	140	1.0
1352	3507	69	1.0
2104	4531	70	1.0
4228	1021	133	1.0
652	4377	89	1.0
377	2680	10	1.0
703	4593	11	1.0
232	1672	165	1.0
453	3204	24	1.0
3314	3845	141	1.0
506	3544	108	1.0
1786	3149	143	1.0
3639	2916	73	1.0
666	4461	96	1.0
549	1209	48	1.0
113	876	31	1.0
3020	3419	45	1.0
1929	1644	66	1.0
789	835	60	1.0
599	4131	68	1.0
404	2782	73	1.0
2689	1699	109	1.0
1929	1643	48	1.0
279	1996	59	1.0
4028	1276	102	1.0
168	1232	19	1.0
267	1920	25	1.0
579	4016	163	1.0
664	4447	46	1.0
12	160	72	1.0
309	2194	115	1.0
2643	96	138	1.0
235	1724	0	1.0
834	451	62	1.0
3825	1700	155	1.0
125	965	121	1.0
87	729	45	1.0
2637	1671	0	1.0
121	915	72	1.0
371	2651	167	1.0
1083	1795	64	1.0
1129	1533	46	1.0
4773	2224	9	1.0
1598	3945	68	1.0
235	1729	48	1.0
328	2361	45	1.0
3543	3240	157	1.0
406	2845	25	1.0
286	991	0	1.0
2511	2605	157	1.0
568	3907	69	1.0
2515	1877	166	1.0
437	461	117	1.0
1301	2252	69	1.0
406	2828	89	1.0
3251	310	133	1.0
2931	3278	72	1.0
3239	971	144	1.0
2743	2096	27	1.0
3230	683	44	1.0
38	358	69	1.0
3794	172	157	1.0
4697	2142	96	1.0
355	2550	92	1.0
531	3713	142	1.0
37	345	19	1.0
3875	1677	159	1.0
204	1435	120	1.0
6	84	161	1.0
253	1858	167	1.0
316	2261	48	1.0
596	4107	68	1.0
450	3185	1	1.0
371	2576	46	1.0
2104	4535	70	1.0
627	4261	136	1.0
497	3482	0	1.0
539	292	99	1.0
38	360	94	1.0
1909	450	0	1.0
3161	4050	57	1.0
189	1362	104	1.0
69	551	89	1.0
3875	90	18	1.0
152	1137	15	1.0
684	2117	165	1.0
391	2724	166	1.0
568	3911	94	1.0
1287	4437	43	1.0
4167	2201	0	1.0
940	2367	123	1.0
3825	118	165	1.0
2974	4607	109	1.0
2637	115	93	1.0
2688	119	68	1.0
3823	577	0	1.0
2962	933	116	1.0
123	930	0	1.0
3144	398	144	1.0
507	3552	162	1.0
473	3328	153	1.0
405	2779	114	1.0
474	3334	0	1.0
487	3422	117	1.0
414	2930	43	1.0
490	3435	43	1.0
2626	1392	92	1.0
684	4557	0	1.0
4316	3370	20	1.0
415	2932	123	1.0
187	1350	136	1.0
168	1231	42	1.0
527	3680	158	1.0
1498	4439	71	1.0
51	447	36	1.0
3201	205	63	1.0
81	683	43	1.0
2431	373	48	1.0
142	1082	165	1.0
1786	121	67	1.0
8	91	70	1.0
3852	1677	92	1.0
3701	2467	42	1.0
130	992	163	1.0
1598	3940	43	1.0
3229	2996	161	1.0
1726	1656	66	1.0
3743	569	70	1.0
408	2883	147	1.0
4319	1516	107	1.0
290	2080	145	1.0
4869	237	89	1.0
1977	3942	67	1.0
2347	4467	128	1.0
1386	4256	64	1.0
290	2084	139	1.0
232	1670	94	1.0
237	1737	0	1.0
110	863	155	1.0
2940	1439	121	1.0
4073	684	65	1.0
27	260	96	1.0
71	596	11	1.0
401	2760	91	1.0
1014	308	98	1.0
4324	3484	113	1.0
526	3672	145	1.0
4528	3281	73	1.0
682	4520	96	1.0
2640	3116	134	1.0
207	1468	111	1.0
1218	2450	61	1.0
284	2043	144	1.0
2648	576	67	1.0
523	3651	120	1.0
559	3837	144	1.0
2569	4497	40	1.0
240	1770	165	1.0
30	289	120	1.0
942	3268	114	1.0
3059	4668	144	1.0
